195.0 201.0 206.0 212.0 218.0 225.0 231.0 238.0 245.0 252.0 260.0 267.0 274.0 282.0 290.0 297.0 305.0 313.0 321.0 328.0 336.0 344.0 352.0 359.0 367.0 27.0 33.0 39.0 44.0 49.0 53.0 57.0 61.0 65.0 69.0 72.0 76.0 79.0 81.0 84.0 86.0 89.0 91.0 92.0 94.0 96.0 97.0 98.0 99.0 100.0 0.0 1781304012.225780
196.0 201.0 206.0 212.0 218.0 225.0 231.0 238.0 245.0 252.0 259.0 267.0 274.0 282.0 289.0 297.0 305.0 313.0 321.0 328.0 336.0 344.0 352.0 359.0 367.0 27.0 33.0 39.0 44.0 49.0 53.0 58.0 62.0 66.0 69.0 73.0 76.0 79.0 82.0 84.0 87.0 89.0 91.0 93.0 95.0 96.0 98.0 99.0 100.0 101.0 1.0 1781304012.241427
196.0 201.0 206.0 212.0 218.0 224.0 231.0 238.0 244.0 251.0 259.0 266.0 273.0 281.0 289.0 296.0 304.0 312.0 320.0 327.0 335.0 343.0 351.0 358.0 366.0 27.0 33.0 39.0 44.0 49.0 54.0 58.0 62.0 66.0 70.0 73.0 77.0 80.0 82.0 85.0 87.0 90.0 92.0 94.0 96.0 97.0 99.0 100.0 101.0 102.0 2.0 1781304012.256840
196.0 201.0 206.0 212.0 218.0 224.0 230.0 237.0 244.0 251.0 258.0 265.0 273.0 280.0 288.0 296.0 303.0 311.0 319.0 327.0 334.0 342.0 350.0 357.0 365.0 27.0 33.0 39.0 44.0 49.0 54.0 58.0 62.0 67.0 70.0 74.0 77.0 80.0 83.0 86.0 88.0 90.0 93.0 95.0 97.0 98.0 100.0 101.0 102.0 104.0 3.0 1781304012.267185
196.0 201.0 206.0 211.0 217.0 223.0 229.0 236.0 243.0 250.0 257.0 264.0 271.0 279.0 286.0 294.0 301.0 309.0 317.0 325.0 332.0 340.0 348.0 355.0 363.0 27.0 33.0 39.0 45.0 50.0 54.0 59.0 64.0 68.0 71.0 75.0 78.0 82.0 84.0 87.0 90.0 92.0 95.0 97.0 99.0 100.0 102.0 104.0 105.0 106.0 4.0 1781304012.282541
196.0 200.0 205.0 210.0 216.0 222.0 228.0 234.0 241.0 248.0 255.0 263.0 270.0 277.0 285.0 292.0 300.0 307.0 315.0 322.0 330.0 337.0 345.0 353.0 360.0 27.0 33.0 39.0 45.0 50.0 56.0 60.0 65.0 69.0 73.0 76.0 80.0 83.0 86.0 89.0 92.0 94.0 97.0 99.0 101.0 103.0 105.0 106.0 108.0 109.0 5.0 1781304012.292922
197.0 200.0 204.0 210.0 215.0 220.0 226.0 233.0 239.0 246.0 253.0 260.0 268.0 275.0 282.0 290.0 297.0 305.0 312.0 320.0 328.0 335.0 343.0 351.0 358.0 26.0 34.0 40.0 46.0 51.0 57.0 62.0 66.0 70.0 74.0 78.0 81.0 85.0 88.0 91.0 94.0 96.0 99.0 101.0 104.0 106.0 108.0 110.0 111.0 112.0 6.0 1781304012.303117
197.0 200.0 204.0 209.0 214.0 219.0 225.0 231.0 237.0 244.0 251.0 258.0 265.0 273.0 280.0 288.0 295.0 303.0 311.0 318.0 326.0 333.0 340.0 348.0 355.0 26.0 33.0 40.0 47.0 52.0 58.0 63.0 68.0 72.0 76.0 80.0 84.0 88.0 91.0 94.0 96.0 99.0 102.0 104.0 107.0 109.0 111.0 113.0 115.0 117.0 7.0 1781304012.318597
197.0 201.0 204.0 208.0 212.0 218.0 223.0 228.0 235.0 241.0 248.0 255.0 262.0 269.0 277.0 284.0 292.0 299.0 307.0 315.0 322.0 329.0 337.0 344.0 351.0 25.0 33.0 41.0 47.0 54.0 59.0 65.0 70.0 75.0 79.0 83.0 87.0 91.0 94.0 97.0 100.0 103.0 106.0 108.0 111.0 113.0 115.0 118.0 120.0 123.0 8.0 1781304012.334184
198.0 201.0 204.0 207.0 211.0 216.0 221.0 226.0 232.0 238.0 244.0 251.0 258.0 266.0 273.0 280.0 288.0 295.0 302.0 310.0 317.0 325.0 332.0 340.0 346.0 24.0 33.0 40.0 48.0 54.0 61.0 67.0 72.0 77.0 82.0 86.0 90.0 94.0 98.0 101.0 104.0 107.0 110.0 113.0 115.0 118.0 120.0 123.0 126.0 128.0 9.0 1781304012.344539
199.0 201.0 203.0 206.0 210.0 214.0 218.0 223.0 228.0 233.0 239.0 246.0 252.0 259.0 266.0 273.0 280.0 287.0 294.0 302.0 309.0 317.0 324.0 331.0 339.0 24.0 32.0 41.0 48.0 55.0 62.0 68.0 75.0 80.0 85.0 91.0 95.0 99.0 104.0 108.0 112.0 116.0 118.0 122.0 125.0 128.0 131.0 134.0 136.0 139.0 10.0 1781304012.370178
200.0 201.0 203.0 205.0 208.0 212.0 215.0 220.0 224.0 229.0 234.0 239.0 245.0 251.0 257.0 263.0 270.0 277.0 283.0 290.0 297.0 304.0 312.0 319.0 326.0 25.0 33.0 41.0 48.0 56.0 62.0 69.0 76.0 82.0 88.0 94.0 99.0 105.0 110.0 115.0 120.0 124.0 128.0 132.0 136.0 139.0 142.0 145.0 148.0 151.0 11.0 1781304012.385487
199.0 201.0 203.0 205.0 208.0 211.0 214.0 218.0 221.0 226.0 230.0 235.0 240.0 245.0 250.0 256.0 262.0 268.0 274.0 281.0 288.0 294.0 301.0 309.0 316.0 26.0 33.0 41.0 48.0 56.0 63.0 70.0 77.0 83.0 91.0 97.0 103.0 109.0 115.0 120.0 126.0 131.0 136.0 140.0 144.0 148.0 152.0 155.0 158.0 161.0 12.0 1781304012.395813
199.0 201.0 203.0 205.0 208.0 210.0 213.0 216.0 219.0 223.0 227.0 230.0 235.0 239.0 243.0 248.0 253.0 259.0 265.0 270.0 277.0 283.0 290.0 296.0 304.0 26.0 33.0 41.0 49.0 56.0 63.0 71.0 78.0 85.0 92.0 100.0 106.0 113.0 119.0 126.0 132.0 138.0 143.0 148.0 153.0 157.0 162.0 166.0 170.0 173.0 13.0 1781304012.411674
199.0 201.0 203.0 205.0 207.0 210.0 212.0 214.0 217.0 219.0 223.0 226.0 229.0 232.0 236.0 240.0 244.0 249.0 253.0 258.0 264.0 269.0 275.0 281.0 287.0 26.0 33.0 41.0 49.0 56.0 64.0 72.0 79.0 87.0 94.0 101.0 108.0 115.0 123.0 129.0 136.0 143.0 149.0 155.0 161.0 166.0 172.0 177.0 182.0 187.0 14.0 1781304012.426771
200.0 201.0 203.0 205.0 206.0 208.0 210.0 212.0 214.0 216.0 218.0 221.0 223.0 226.0 229.0 232.0 235.0 238.0 242.0 246.0 249.0 253.0 257.0 262.0 266.0 26.0 34.0 41.0 49.0 57.0 64.0 72.0 80.0 87.0 95.0 103.0 110.0 118.0 125.0 132.0 140.0 146.0 154.0 161.0 167.0 174.0 181.0 187.0 193.0 199.0 15.0 1781304012.442362
200.0 200.0 202.0 203.0 205.0 206.0 208.0 209.0 210.0 213.0 214.0 216.0 218.0 220.0 222.0 224.0 226.0 228.0 230.0 232.0 234.0 236.0 237.0 239.0 241.0 26.0 34.0 41.0 49.0 57.0 65.0 73.0 80.0 88.0 96.0 103.0 111.0 119.0 126.0 134.0 142.0 149.0 157.0 164.0 171.0 178.0 186.0 193.0 200.0 208.0 16.0 1781304012.457828
200.0 200.0 201.0 202.0 203.0 204.0 205.0 206.0 208.0 209.0 210.0 211.0 213.0 214.0 215.0 216.0 216.0 217.0 217.0 217.0 217.0 217.0 216.0 215.0 214.0 26.0 34.0 41.0 49.0 57.0 65.0 73.0 81.0 89.0 96.0 104.0 112.0 120.0 128.0 136.0 143.0 151.0 159.0 167.0 174.0 181.0 189.0 196.0 204.0 211.0 17.0 1781304012.473119
200.0 200.0 201.0 202.0 203.0 203.0 204.0 204.0 205.0 205.0 206.0 206.0 206.0 206.0 206.0 206.0 205.0 204.0 203.0 202.0 200.0 198.0 196.0 193.0 190.0 26.0 34.0 41.0 49.0 57.0 65.0 73.0 81.0 89.0 97.0 105.0 113.0 121.0 129.0 137.0 144.0 152.0 160.0 167.0 174.0 182.0 189.0 197.0 203.0 210.0 18.0 1781304012.483588
199.0 200.0 201.0 201.0 202.0 202.0 202.0 203.0 202.0 202.0 202.0 201.0 201.0 200.0 199.0 197.0 195.0 193.0 191.0 188.0 186.0 182.0 179.0 175.0 171.0 26.0 33.0 41.0 49.0 57.0 65.0 74.0 82.0 90.0 98.0 105.0 113.0 121.0 129.0 137.0 144.0 152.0 159.0 167.0 174.0 181.0 188.0 195.0 202.0 208.0 19.0 1781304012.499055
199.0 200.0 201.0 201.0 201.0 201.0 201.0 200.0 199.0 198.0 196.0 195.0 193.0 191.0 189.0 186.0 184.0 181.0 177.0 174.0 170.0 166.0 162.0 157.0 153.0 25.0 33.0 41.0 49.0 57.0 65.0 74.0 81.0 89.0 97.0 105.0 113.0 120.0 128.0 135.0 143.0 150.0 157.0 164.0 171.0 178.0 185.0 191.0 198.0 205.0 20.0 1781304012.514494
199.0 200.0 200.0 200.0 199.0 199.0 198.0 196.0 195.0 193.0 190.0 188.0 185.0 182.0 179.0 175.0 172.0 168.0 164.0 159.0 155.0 151.0 146.0 141.0 136.0 25.0 33.0 41.0 50.0 58.0 65.0 73.0 81.0 89.0 96.0 104.0 111.0 119.0 126.0 133.0 140.0 147.0 154.0 161.0 167.0 174.0 181.0 187.0 193.0 199.0 21.0 1781304012.524646
200.0 200.0 200.0 199.0 198.0 197.0 195.0 193.0 190.0 188.0 185.0 182.0 178.0 174.0 170.0 166.0 161.0 157.0 152.0 148.0 143.0 138.0 133.0 129.0 124.0 25.0 33.0 41.0 50.0 58.0 65.0 73.0 81.0 88.0 96.0 103.0 110.0 117.0 124.0 131.0 137.0 144.0 151.0 157.0 164.0 170.0 176.0 182.0 189.0 195.0 22.0 1781304012.540329
200.0 200.0 199.0 198.0 196.0 194.0 192.0 189.0 186.0 182.0 179.0 175.0 171.0 167.0 162.0 157.0 153.0 147.0 143.0 138.0 133.0 128.0 123.0 118.0 113.0 25.0 33.0 41.0 49.0 57.0 65.0 73.0 80.0 87.0 94.0 102.0 108.0 115.0 121.0 128.0 135.0 141.0 147.0 154.0 160.0 166.0 172.0 178.0 184.0 191.0 23.0 1781304012.550933
201.0 200.0 198.0 196.0 194.0 191.0 187.0 184.0 180.0 176.0 172.0 168.0 163.0 158.0 154.0 148.0 143.0 138.0 133.0 127.0 122.0 117.0 112.0 107.0 101.0 26.0 34.0 41.0 49.0 57.0 64.0 71.0 78.0 85.0 92.0 99.0 105.0 112.0 118.0 125.0 131.0 137.0 143.0 149.0 155.0 161.0 167.0 173.0 179.0 186.0 24.0 1781304012.576190
202.0 200.0 196.0 194.0 190.0 186.0 182.0 177.0 173.0 168.0 163.0 158.0 153.0 148.0 142.0 137.0 132.0 126.0 121.0 115.0 110.0 104.0 99.0 94.0 88.0 26.0 33.0 40.0 48.0 55.0 62.0 68.0 75.0 81.0 88.0 93.0 100.0 106.0 112.0 118.0 124.0 130.0 136.0 142.0 148.0 154.0 160.0 165.0 171.0 177.0 25.0 1781304012.591816
203.0 199.0 196.0 192.0 187.0 183.0 178.0 173.0 167.0 162.0 156.0 151.0 145.0 140.0 134.0 129.0 123.0 117.0 112.0 106.0 101.0 95.0 89.0 84.0 78.0 27.0 34.0 40.0 47.0 53.0 59.0 66.0 71.0 78.0 83.0 89.0 94.0 100.0 106.0 112.0 118.0 124.0 130.0 135.0 141.0 147.0 152.0 158.0 163.0 169.0 26.0 1781304012.607176
203.0 200.0 196.0 191.0 186.0 181.0 175.0 170.0 164.0 158.0 152.0 146.0 140.0 134.0 129.0 123.0 117.0 111.0 105.0 100.0 94.0 88.0 82.0 76.0 71.0 27.0 33.0 40.0 46.0 52.0 58.0 64.0 69.0 75.0 80.0 85.0 91.0 96.0 102.0 108.0 113.0 118.0 124.0 130.0 135.0 141.0 147.0 153.0 158.0 163.0 27.0 1781304012.617807
204.0 200.0 196.0 191.0 186.0 180.0 174.0 168.0 162.0 155.0 149.0 142.0 137.0 130.0 124.0 118.0 112.0 106.0 100.0 94.0 88.0 82.0 77.0 71.0 65.0 27.0 33.0 40.0 46.0 52.0 57.0 62.0 68.0 73.0 78.0 83.0 87.0 92.0 97.0 103.0 108.0 113.0 119.0 124.0 130.0 135.0 141.0 146.0 152.0 158.0 28.0 1781304012.633055
204.0 200.0 196.0 191.0 186.0 180.0 175.0 168.0 162.0 155.0 148.0 141.0 134.0 128.0 120.0 114.0 108.0 101.0 95.0 89.0 83.0 77.0 72.0 66.0 61.0 26.0 33.0 40.0 46.0 52.0 57.0 62.0 67.0 72.0 76.0 80.0 85.0 89.0 93.0 98.0 102.0 108.0 112.0 118.0 123.0 129.0 134.0 140.0 145.0 152.0 29.0 1781304012.653755
204.0 201.0 197.0 192.0 187.0 181.0 175.0 169.0 162.0 154.0 148.0 140.0 133.0 126.0 119.0 112.0 105.0 99.0 93.0 86.0 80.0 74.0 69.0 63.0 58.0 25.0 33.0 41.0 47.0 52.0 57.0 63.0 67.0 71.0 75.0 79.0 83.0 87.0 91.0 95.0 99.0 104.0 108.0 113.0 118.0 124.0 129.0 135.0 141.0 147.0 30.0 1781304012.659164
204.0 201.0 197.0 192.0 187.0 182.0 176.0 169.0 162.0 155.0 148.0 141.0 133.0 126.0 119.0 112.0 105.0 98.0 92.0 85.0 79.0 73.0 67.0 61.0 56.0 25.0 33.0 40.0 47.0 53.0 58.0 63.0 67.0 72.0 75.0 79.0 83.0 86.0 90.0 94.0 98.0 102.0 106.0 111.0 115.0 121.0 126.0 132.0 138.0 144.0 31.0 1781304012.674299
203.0 201.0 197.0 193.0 188.0 182.0 177.0 170.0 163.0 156.0 149.0 141.0 134.0 126.0 119.0 112.0 105.0 98.0 91.0 84.0 78.0 72.0 66.0 60.0 55.0 25.0 33.0 41.0 47.0 53.0 58.0 63.0 68.0 72.0 76.0 79.0 83.0 86.0 90.0 93.0 97.0 101.0 105.0 109.0 113.0 119.0 123.0 129.0 135.0 141.0 32.0 1781304012.684571
203.0 201.0 198.0 193.0 188.0 183.0 177.0 171.0 164.0 157.0 150.0 142.0 135.0 127.0 120.0 113.0 105.0 98.0 91.0 84.0 77.0 71.0 65.0 59.0 53.0 24.0 33.0 41.0 47.0 54.0 59.0 64.0 69.0 73.0 77.0 80.0 84.0 87.0 90.0 93.0 97.0 101.0 104.0 108.0 112.0 116.0 121.0 126.0 131.0 137.0 33.0 1781304012.699961
203.0 201.0 198.0 194.0 189.0 184.0 179.0 172.0 166.0 159.0 152.0 144.0 137.0 130.0 122.0 114.0 106.0 99.0 92.0 84.0 77.0 71.0 64.0 57.0 51.0 24.0 33.0 41.0 48.0 54.0 60.0 66.0 70.0 75.0 79.0 83.0 86.0 89.0 92.0 96.0 99.0 102.0 105.0 108.0 112.0 115.0 119.0 123.0 127.0 132.0 34.0 1781304012.715347
203.0 201.0 198.0 194.0 189.0 185.0 179.0 173.0 167.0 161.0 154.0 146.0 139.0 132.0 124.0 116.0 108.0 101.0 93.0 86.0 78.0 71.0 64.0 57.0 50.0 24.0 33.0 41.0 48.0 55.0 61.0 67.0 72.0 76.0 81.0 85.0 88.0 92.0 95.0 98.0 101.0 104.0 107.0 110.0 112.0 115.0 118.0 121.0 124.0 128.0 35.0 1781304012.725884
203.0 200.0 197.0 194.0 190.0 185.0 181.0 175.0 169.0 163.0 156.0 149.0 142.0 135.0 128.0 120.0 112.0 105.0 97.0 89.0 81.0 74.0 66.0 58.0 51.0 24.0 32.0 40.0 48.0 55.0 61.0 68.0 73.0 78.0 83.0 88.0 92.0 95.0 99.0 102.0 105.0 107.0 110.0 112.0 115.0 116.0 118.0 119.0 121.0 122.0 36.0 1781304012.741161
202.0 200.0 197.0 194.0 190.0 186.0 182.0 176.0 171.0 165.0 159.0 153.0 146.0 139.0 131.0 124.0 117.0 109.0 101.0 92.0 85.0 77.0 69.0 61.0 53.0 25.0 33.0 40.0 48.0 55.0 62.0 68.0 74.0 80.0 86.0 90.0 95.0 100.0 103.0 107.0 110.0 112.0 115.0 116.0 118.0 119.0 119.0 120.0 119.0 119.0 37.0 1781304012.751436
202.0 200.0 197.0 194.0 191.0 187.0 183.0 178.0 174.0 168.0 163.0 156.0 150.0 143.0 136.0 129.0 122.0 114.0 106.0 98.0 90.0 82.0 73.0 65.0 58.0 26.0 33.0 40.0 48.0 55.0 62.0 69.0 75.0 82.0 88.0 93.0 99.0 103.0 108.0 111.0 115.0 117.0 119.0 121.0 122.0 122.0 122.0 121.0 120.0 119.0 38.0 1781304012.772008
202.0 200.0 198.0 195.0 192.0 189.0 184.0 181.0 176.0 172.0 166.0 161.0 155.0 149.0 142.0 135.0 128.0 120.0 112.0 104.0 96.0 87.0 79.0 71.0 64.0 27.0 33.0 41.0 48.0 55.0 62.0 69.0 77.0 83.0 90.0 96.0 102.0 107.0 112.0 116.0 120.0 122.0 124.0 126.0 127.0 127.0 127.0 126.0 124.0 123.0 39.0 1781304012.787740
201.0 200.0 198.0 196.0 193.0 190.0 187.0 183.0 179.0 175.0 170.0 164.0 159.0 153.0 147.0 139.0 132.0 125.0 117.0 109.0 101.0 93.0 84.0 76.0 69.0 26.0 33.0 41.0 48.0 55.0 63.0 70.0 78.0 85.0 91.0 98.0 104.0 110.0 115.0 119.0 123.0 126.0 129.0 130.0 131.0 132.0 131.0 130.0 129.0 127.0 40.0 1781304012.797817
201.0 200.0 198.0 197.0 194.0 192.0 189.0 186.0 182.0 178.0 173.0 168.0 163.0 157.0 151.0 144.0 137.0 130.0 122.0 114.0 106.0 98.0 90.0 81.0 73.0 26.0 33.0 41.0 48.0 56.0 64.0 72.0 79.0 86.0 93.0 100.0 106.0 112.0 117.0 122.0 126.0 130.0 132.0 135.0 136.0 137.0 137.0 136.0 135.0 133.0 41.0 1781304012.808151
200.0 200.0 199.0 198.0 196.0 195.0 192.0 189.0 187.0 183.0 179.0 174.0 169.0 164.0 158.0 152.0 145.0 138.0 131.0 123.0 115.0 108.0 100.0 92.0 84.0 26.0 33.0 41.0 49.0 57.0 65.0 72.0 80.0 87.0 95.0 101.0 108.0 114.0 120.0 125.0 129.0 133.0 137.0 140.0 143.0 144.0 146.0 147.0 148.0 148.0 42.0 1781304012.828862
200.0 200.0 199.0 198.0 198.0 196.0 194.0 192.0 190.0 186.0 183.0 179.0 174.0 169.0 164.0 158.0 151.0 145.0 137.0 131.0 123.0 116.0 108.0 102.0 94.0 26.0 33.0 41.0 49.0 57.0 65.0 73.0 80.0 88.0 96.0 103.0 109.0 116.0 121.0 127.0 132.0 137.0 141.0 144.0 148.0 151.0 154.0 157.0 159.0 161.0 43.0 1781304012.838979
200.0 200.0 200.0 200.0 199.0 198.0 197.0 195.0 192.0 190.0 186.0 182.0 178.0 173.0 168.0 163.0 157.0 151.0 145.0 139.0 133.0 126.0 119.0 113.0 107.0 25.0 33.0 41.0 49.0 57.0 65.0 73.0 81.0 89.0 96.0 103.0 110.0 117.0 123.0 129.0 134.0 140.0 145.0 150.0 155.0 159.0 163.0 168.0 171.0 175.0 44.0 1781304012.854284
199.0 200.0 200.0 200.0 200.0 199.0 198.0 196.0 194.0 191.0 188.0 185.0 181.0 177.0 173.0 169.0 164.0 159.0 154.0 149.0 144.0 138.0 133.0 129.0 124.0 25.0 33.0 41.0 50.0 58.0 66.0 74.0 81.0 89.0 97.0 104.0 111.0 118.0 125.0 131.0 138.0 144.0 150.0 156.0 162.0 168.0 173.0 179.0 184.0 190.0 45.0 1781304012.869712
200.0 200.0 200.0 200.0 199.0 198.0 197.0 195.0 193.0 191.0 189.0 187.0 184.0 181.0 178.0 174.0 171.0 168.0 164.0 160.0 157.0 154.0 150.0 147.0 144.0 25.0 33.0 41.0 49.0 57.0 65.0 73.0 81.0 89.0 97.0 104.0 112.0 119.0 126.0 134.0 140.0 148.0 155.0 162.0 168.0 175.0 182.0 188.0 195.0 201.0 46.0 1781304012.885251
201.0 200.0 199.0 198.0 197.0 196.0 194.0 193.0 192.0 191.0 189.0 187.0 186.0 184.0 182.0 181.0 179.0 177.0 176.0 174.0 172.0 171.0 169.0 168.0 166.0 26.0 34.0 41.0 49.0 57.0 65.0 73.0 81.0 88.0 96.0 104.0 112.0 119.0 127.0 135.0 142.0 150.0 157.0 165.0 172.0 179.0 187.0 194.0 202.0 209.0 47.0 1781304012.900824
202.0 200.0 199.0 197.0 195.0 194.0 193.0 192.0 191.0 190.0 190.0 189.0 188.0 188.0 188.0 187.0 187.0 188.0 188.0 188.0 188.0 188.0 189.0 190.0 190.0 26.0 33.0 41.0 49.0 57.0 65.0 73.0 80.0 88.0 96.0 104.0 112.0 120.0 128.0 135.0 143.0 150.0 158.0 166.0 173.0 181.0 188.0 196.0 203.0 211.0 48.0 1781304012.916384
203.0 200.0 198.0 197.0 195.0 194.0 192.0 192.0 191.0 191.0 190.0 190.0 191.0 191.0 192.0 194.0 195.0 196.0 198.0 200.0 202.0 204.0 206.0 208.0 210.0 26.0 33.0 41.0 49.0 57.0 65.0 73.0 81.0 89.0 97.0 104.0 112.0 120.0 128.0 135.0 143.0 151.0 158.0 165.0 173.0 180.0 188.0 195.0 202.0 209.0 49.0 1781304012.926985
202.0 200.0 199.0 197.0 196.0 194.0 193.0 192.0 192.0 192.0 192.0 193.0 194.0 195.0 197.0 199.0 201.0 204.0 207.0 210.0 214.0 217.0 220.0 224.0 228.0 26.0 33.0 41.0 49.0 57.0 65.0 73.0 81.0 89.0 97.0 105.0 112.0 120.0 128.0 135.0 143.0 150.0 158.0 165.0 172.0 179.0 186.0 192.0 199.0 206.0 50.0 1781304012.936914
202.0 200.0 199.0 198.0 197.0 196.0 195.0 194.0 194.0 194.0 195.0 196.0 197.0 200.0 202.0 205.0 208.0 212.0 216.0 220.0 224.0 228.0 233.0 238.0 243.0 26.0 33.0 41.0 49.0 57.0 65.0 73.0 81.0 89.0 97.0 105.0 113.0 120.0 128.0 135.0 142.0 149.0 156.0 163.0 170.0 176.0 182.0 189.0 195.0 201.0 51.0 1781304012.947399
201.0 200.0 200.0 199.0 199.0 198.0 198.0 198.0 198.0 198.0 200.0 201.0 203.0 206.0 209.0 212.0 217.0 221.0 226.0 231.0 236.0 241.0 247.0 253.0 258.0 26.0 33.0 41.0 49.0 57.0 65.0 73.0 81.0 89.0 97.0 105.0 113.0 120.0 128.0 135.0 142.0 148.0 155.0 161.0 167.0 173.0 178.0 183.0 188.0 194.0 52.0 1781304012.962772
200.0 201.0 201.0 201.0 202.0 202.0 202.0 203.0 204.0 206.0 207.0 210.0 212.0 215.0 219.0 223.0 227.0 232.0 237.0 243.0 249.0 255.0 262.0 269.0 275.0 26.0 33.0 41.0 49.0 57.0 65.0 72.0 80.0 89.0 97.0 104.0 112.0 119.0 126.0 134.0 140.0 146.0 152.0 157.0 163.0 168.0 172.0 177.0 181.0 184.0 53.0 1781304012.983141
199.0 201.0 202.0 203.0 204.0 205.0 206.0 208.0 210.0 212.0 214.0 217.0 220.0 223.0 227.0 231.0 236.0 241.0 247.0 253.0 259.0 266.0 273.0 280.0 288.0 26.0 33.0 41.0 49.0 56.0 64.0 72.0 80.0 87.0 95.0 102.0 110.0 118.0 125.0 131.0 137.0 144.0 149.0 155.0 159.0 164.0 168.0 172.0 175.0 178.0 54.0 1781304012.993487
199.0 201.0 203.0 204.0 206.0 208.0 210.0 212.0 214.0 217.0 220.0 223.0 227.0 231.0 235.0 239.0 244.0 249.0 255.0 262.0 268.0 275.0 282.0 290.0 297.0 26.0 33.0 41.0 48.0 56.0 64.0 71.0 79.0 86.0 94.0 101.0 109.0 116.0 122.0 129.0 135.0 141.0 147.0 152.0 157.0 161.0 165.0 168.0 171.0 173.0 55.0 1781304012.998525
199.0 201.0 203.0 205.0 207.0 210.0 213.0 216.0 219.0 222.0 226.0 230.0 233.0 237.0 242.0 247.0 252.0 257.0 263.0 269.0 276.0 283.0 290.0 297.0 305.0 26.0 34.0 41.0 48.0 56.0 63.0 71.0 78.0 85.0 92.0 100.0 107.0 113.0 120.0 127.0 133.0 139.0 144.0 149.0 154.0 158.0 162.0 165.0 168.0 172.0 56.0 1781304013.014407
199.0 201.0 203.0 206.0 209.0 212.0 216.0 220.0 223.0 228.0 232.0 236.0 241.0 245.0 250.0 256.0 261.0 267.0 273.0 279.0 285.0 291.0 298.0 305.0 311.0 26.0 33.0 41.0 48.0 56.0 63.0 70.0 76.0 84.0 90.0 97.0 104.0 110.0 117.0 122.0 128.0 134.0 139.0 144.0 149.0 154.0 158.0 163.0 167.0 170.0 57.0 1781304013.034794
198.0 201.0 204.0 208.0 211.0 215.0 219.0 224.0 229.0 233.0 238.0 244.0 249.0 254.0 260.0 265.0 271.0 277.0 282.0 288.0 294.0 299.0 305.0 310.0 314.0 26.0 33.0 41.0 48.0 55.0 61.0 68.0 74.0 81.0 87.0 93.0 99.0 105.0 110.0 116.0 122.0 127.0 132.0 138.0 143.0 148.0 154.0 159.0 165.0 171.0 58.0 1781304013.050232
198.0 201.0 205.0 208.0 213.0 217.0 222.0 227.0 233.0 238.0 244.0 250.0 255.0 262.0 267.0 273.0 278.0 284.0 290.0 294.0 300.0 305.0 309.0 313.0 317.0 26.0 34.0 41.0 48.0 54.0 60.0 66.0 72.0 77.0 83.0 88.0 93.0 99.0 104.0 109.0 115.0 121.0 126.0 131.0 138.0 143.0 150.0 156.0 162.0 169.0 59.0 1781304013.065922
198.0 201.0 205.0 209.0 214.0 219.0 225.0 230.0 236.0 243.0 249.0 255.0 261.0 267.0 273.0 279.0 284.0 290.0 295.0 299.0 304.0 308.0 312.0 315.0 319.0 26.0 34.0 41.0 47.0 53.0 59.0 64.0 69.0 74.0 79.0 84.0 89.0 93.0 99.0 104.0 109.0 115.0 120.0 126.0 133.0 139.0 146.0 153.0 160.0 167.0 60.0 1781304013.081599
198.0 201.0 205.0 210.0 214.0 220.0 226.0 232.0 239.0 245.0 252.0 258.0 265.0 271.0 277.0 283.0 288.0 293.0 298.0 303.0 307.0 311.0 314.0 318.0 321.0 26.0 34.0 41.0 47.0 53.0 58.0 63.0 67.0 72.0 76.0 81.0 85.0 89.0 94.0 99.0 104.0 110.0 116.0 122.0 129.0 136.0 142.0 150.0 156.0 164.0 61.0 1781304013.096703
198.0 201.0 205.0 210.0 215.0 221.0 227.0 234.0 240.0 247.0 254.0 261.0 267.0 274.0 279.0 285.0 290.0 296.0 300.0 305.0 309.0 312.0 316.0 319.0 323.0 26.0 34.0 40.0 46.0 52.0 57.0 62.0 66.0 70.0 74.0 78.0 82.0 87.0 91.0 96.0 101.0 107.0 113.0 120.0 127.0 133.0 140.0 147.0 154.0 162.0 62.0 1781304013.106930
198.0 201.0 205.0 210.0 215.0 221.0 227.0 234.0 241.0 248.0 255.0 261.0 268.0 275.0 281.0 287.0 292.0 297.0 301.0 306.0 310.0 313.0 317.0 321.0 324.0 26.0 34.0 40.0 46.0 52.0 57.0 62.0 66.0 69.0 73.0 78.0 81.0 85.0 90.0 95.0 100.0 106.0 112.0 118.0 125.0 132.0 139.0 146.0 153.0 161.0 63.0 1781304013.117068
198.0 201.0 205.0 210.0 215.0 221.0 227.0 234.0 241.0 248.0 255.0 262.0 269.0 275.0 281.0 287.0 292.0 297.0 302.0 306.0 311.0 314.0 318.0 321.0 325.0 26.0 34.0 40.0 46.0 52.0 57.0 61.0 66.0 69.0 73.0 77.0 81.0 85.0 89.0 94.0 100.0 105.0 111.0 118.0 125.0 131.0 138.0 145.0 152.0 160.0 64.0 1781304013.127546
198.0 201.0 205.0 210.0 215.0 221.0 227.0 234.0 241.0 248.0 255.0 262.0 269.0 275.0 281.0 287.0 292.0 298.0 303.0 307.0 312.0 316.0 320.0 323.0 327.0 26.0 34.0 41.0 47.0 52.0 57.0 62.0 66.0 70.0 74.0 78.0 82.0 86.0 90.0 95.0 100.0 106.0 112.0 118.0 125.0 131.0 138.0 144.0 151.0 159.0 65.0 1781304013.147924
198.0 201.0 205.0 209.0 214.0 220.0 226.0 233.0 240.0 247.0 253.0 260.0 267.0 274.0 280.0 286.0 292.0 298.0 303.0 308.0 313.0 317.0 322.0 326.0 330.0 26.0 34.0 40.0 47.0 53.0 57.0 62.0 67.0 71.0 75.0 79.0 83.0 87.0 92.0 97.0 102.0 107.0 112.0 118.0 125.0 131.0 137.0 144.0 150.0 157.0 66.0 1781304013.158557
198.0 201.0 204.0 209.0 214.0 219.0 225.0 231.0 237.0 244.0 251.0 257.0 264.0 270.0 277.0 284.0 290.0 296.0 302.0 308.0 313.0 319.0 324.0 329.0 333.0 26.0 33.0 40.0 47.0 53.0 58.0 64.0 69.0 73.0 78.0 83.0 87.0 91.0 96.0 101.0 105.0 110.0 115.0 121.0 126.0 132.0 138.0 143.0 149.0 156.0 67.0 1781304013.174123
198.0 201.0 204.0 209.0 213.0 218.0 224.0 229.0 235.0 241.0 247.0 253.0 260.0 266.0 273.0 279.0 286.0 292.0 299.0 305.0 312.0 318.0 324.0 330.0 336.0 25.0 33.0 40.0 47.0 53.0 60.0 65.0 71.0 76.0 81.0 86.0 91.0 96.0 100.0 105.0 110.0 115.0 119.0 124.0 129.0 133.0 138.0 143.0 148.0 153.0 68.0 1781304013.189517
198.0 201.0 204.0 208.0 212.0 216.0 222.0 226.0 232.0 237.0 243.0 249.0 256.0 262.0 269.0 275.0 281.0 288.0 295.0 302.0 309.0 315.0 322.0 329.0 336.0 26.0 33.0 40.0 47.0 54.0 60.0 67.0 72.0 78.0 84.0 89.0 95.0 100.0 105.0 110.0 114.0 119.0 123.0 128.0 132.0 136.0 139.0 143.0 146.0 150.0 69.0 1781304013.194699
198.0 201.0 204.0 208.0 211.0 215.0 220.0 224.0 229.0 235.0 240.0 246.0 252.0 258.0 264.0 270.0 277.0 284.0 291.0 298.0 305.0 313.0 320.0 328.0 336.0 26.0 33.0 41.0 47.0 54.0 61.0 68.0 74.0 81.0 86.0 92.0 98.0 103.0 109.0 114.0 118.0 123.0 127.0 131.0 135.0 138.0 141.0 144.0 146.0 147.0 70.0 1781304013.209950
198.0 200.0 204.0 206.0 209.0 213.0 217.0 221.0 225.0 230.0 235.0 240.0 245.0 251.0 257.0 263.0 270.0 277.0 284.0 292.0 299.0 307.0 315.0 323.0 331.0 26.0 33.0 41.0 48.0 55.0 62.0 69.0 76.0 83.0 90.0 96.0 102.0 108.0 113.0 119.0 124.0 128.0 132.0 135.0 139.0 141.0 143.0 145.0 146.0 147.0 71.0 1781304013.230482
199.0 200.0 203.0 205.0 207.0 210.0 213.0 216.0 220.0 224.0 228.0 233.0 238.0 243.0 249.0 255.0 262.0 268.0 275.0 282.0 290.0 298.0 306.0 314.0 322.0 26.0 33.0 41.0 48.0 56.0 63.0 71.0 78.0 85.0 92.0 99.0 105.0 111.0 117.0 122.0 127.0 131.0 136.0 139.0 142.0 145.0 147.0 149.0 150.0 150.0 72.0 1781304013.240796
199.0 201.0 202.0 204.0 206.0 208.0 210.0 213.0 216.0 219.0 223.0 227.0 231.0 236.0 242.0 248.0 254.0 261.0 268.0 275.0 283.0 291.0 298.0 307.0 314.0 26.0 33.0 41.0 48.0 56.0 64.0 71.0 79.0 86.0 94.0 101.0 107.0 113.0 120.0 125.0 130.0 135.0 139.0 143.0 146.0 148.0 151.0 153.0 154.0 155.0 73.0 1781304013.256259
200.0 201.0 202.0 203.0 204.0 205.0 207.0 209.0 212.0 214.0 217.0 221.0 225.0 230.0 235.0 240.0 247.0 253.0 260.0 267.0 275.0 282.0 290.0 298.0 306.0 26.0 33.0 41.0 49.0 57.0 64.0 72.0 80.0 88.0 95.0 102.0 110.0 116.0 122.0 128.0 133.0 138.0 142.0 146.0 150.0 153.0 156.0 158.0 160.0 162.0 74.0 1781304013.271660
200.0 200.0 201.0 201.0 201.0 202.0 204.0 204.0 206.0 208.0 210.0 214.0 218.0 222.0 227.0 232.0 238.0 244.0 250.0 257.0 264.0 271.0 278.0 285.0 292.0 26.0 33.0 41.0 49.0 57.0 65.0 73.0 81.0 89.0 97.0 104.0 111.0 118.0 125.0 131.0 137.0 142.0 147.0 152.0 156.0 161.0 164.0 168.0 171.0 174.0 75.0 1781304013.292288
201.0 200.0 200.0 200.0 200.0 200.0 201.0 201.0 203.0 204.0 206.0 208.0 212.0 215.0 219.0 224.0 229.0 235.0 240.0 246.0 252.0 258.0 265.0 271.0 277.0 25.0 33.0 41.0 49.0 58.0 66.0 74.0 81.0 89.0 97.0 105.0 112.0 120.0 126.0 133.0 139.0 145.0 152.0 157.0 163.0 168.0 172.0 177.0 181.0 186.0 76.0 1781304013.312880
202.0 201.0 199.0 199.0 199.0 199.0 199.0 200.0 200.0 201.0 203.0 205.0 207.0 210.0 213.0 217.0 221.0 225.0 230.0 234.0 239.0 244.0 249.0 254.0 260.0 25.0 33.0 41.0 50.0 58.0 66.0 74.0 82.0 90.0 98.0 105.0 113.0 121.0 128.0 135.0 142.0 149.0 156.0 162.0 169.0 175.0 181.0 187.0 192.0 198.0 77.0 1781304013.318392
201.0 201.0 200.0 199.0 199.0 199.0 199.0 199.0 200.0 201.0 201.0 203.0 205.0 207.0 209.0 212.0 214.0 217.0 221.0 224.0 228.0 231.0 235.0 239.0 244.0 25.0 34.0 42.0 50.0 58.0 66.0 74.0 82.0 90.0 98.0 106.0 114.0 122.0 129.0 137.0 145.0 152.0 159.0 166.0 173.0 180.0 187.0 194.0 201.0 207.0 78.0 1781304013.333545
201.0 200.0 200.0 200.0 200.0 201.0 200.0 201.0 201.0 201.0 201.0 202.0 203.0 204.0 205.0 206.0 207.0 209.0 210.0 212.0 214.0 216.0 218.0 220.0 222.0 25.0 34.0 42.0 50.0 58.0 66.0 74.0 82.0 90.0 98.0 106.0 114.0 122.0 130.0 138.0 146.0 153.0 161.0 169.0 176.0 184.0 191.0 198.0 206.0 213.0 79.0 1781304013.349056
200.0 200.0 201.0 201.0 201.0 202.0 202.0 202.0 202.0 202.0 202.0 202.0 201.0 201.0 202.0 202.0 202.0 201.0 202.0 202.0 202.0 202.0 202.0 203.0 203.0 25.0 33.0 42.0 50.0 58.0 66.0 74.0 82.0 90.0 98.0 106.0 114.0 122.0 130.0 138.0 146.0 154.0 162.0 169.0 177.0 185.0 193.0 200.0 208.0 216.0 80.0 1781304013.359852
199.0 200.0 201.0 201.0 202.0 203.0 203.0 203.0 203.0 203.0 202.0 201.0 200.0 199.0 198.0 197.0 195.0 194.0 192.0 190.0 189.0 187.0 185.0 183.0 181.0 25.0 33.0 41.0 50.0 58.0 66.0 74.0 82.0 90.0 98.0 106.0 114.0 121.0 129.0 138.0 145.0 153.0 160.0 168.0 176.0 183.0 190.0 198.0 205.0 212.0 81.0 1781304013.374784
199.0 200.0 201.0 202.0 203.0 203.0 203.0 203.0 203.0 202.0 201.0 200.0 199.0 197.0 195.0 192.0 190.0 187.0 184.0 181.0 178.0 174.0 171.0 167.0 163.0 25.0 33.0 41.0 49.0 57.0 66.0 74.0 82.0 90.0 98.0 106.0 114.0 121.0 129.0 137.0 144.0 151.0 159.0 166.0 173.0 180.0 187.0 194.0 200.0 207.0 82.0 1781304013.385087
199.0 200.0 201.0 202.0 202.0 203.0 203.0 202.0 202.0 202.0 200.0 198.0 197.0 194.0 192.0 188.0 185.0 181.0 177.0 173.0 168.0 164.0 158.0 153.0 148.0 26.0 33.0 41.0 49.0 57.0 66.0 74.0 82.0 90.0 98.0 106.0 113.0 121.0 129.0 136.0 143.0 150.0 157.0 164.0 170.0 176.0 182.0 188.0 194.0 200.0 83.0 1781304013.395476
199.0 200.0 201.0 201.0 202.0 202.0 202.0 202.0 201.0 200.0 199.0 196.0 194.0 191.0 188.0 184.0 180.0 175.0 170.0 165.0 160.0 154.0 148.0 142.0 136.0 26.0 33.0 41.0 49.0 57.0 66.0 74.0 82.0 90.0 98.0 106.0 113.0 121.0 128.0 135.0 142.0 149.0 155.0 161.0 167.0 172.0 177.0 182.0 187.0 191.0 84.0 1781304013.405770
200.0 200.0 200.0 201.0 200.0 200.0 200.0 199.0 198.0 196.0 194.0 192.0 189.0 186.0 181.0 177.0 172.0 167.0 161.0 155.0 149.0 142.0 135.0 129.0 121.0 26.0 33.0 41.0 49.0 57.0 65.0 73.0 81.0 89.0 97.0 105.0 112.0 120.0 127.0 133.0 139.0 145.0 151.0 156.0 161.0 166.0 170.0 174.0 177.0 180.0 85.0 1781304013.426309
200.0 200.0 200.0 200.0 199.0 198.0 197.0 196.0 194.0 192.0 190.0 186.0 183.0 179.0 175.0 169.0 165.0 159.0 153.0 146.0 139.0 132.0 125.0 117.0 109.0 26.0 33.0 41.0 49.0 57.0 65.0 73.0 81.0 89.0 96.0 104.0 111.0 118.0 124.0 130.0 137.0 142.0 147.0 152.0 156.0 160.0 163.0 166.0 169.0 171.0 86.0 1781304013.441903
200.0 200.0 199.0 199.0 198.0 196.0 195.0 192.0 190.0 188.0 184.0 181.0 176.0 172.0 167.0 162.0 156.0 150.0 144.0 137.0 130.0 123.0 115.0 107.0 99.0 26.0 33.0 41.0 49.0 57.0 64.0 72.0 80.0 88.0 95.0 102.0 109.0 116.0 122.0 128.0 134.0 139.0 143.0 147.0 152.0 155.0 158.0 160.0 162.0 164.0 87.0 1781304013.457386
201.0 200.0 199.0 198.0 196.0 194.0 192.0 190.0 187.0 183.0 180.0 176.0 171.0 167.0 161.0 155.0 150.0 144.0 137.0 130.0 123.0 115.0 108.0 100.0 92.0 26.0 33.0 41.0 49.0 56.0 64.0 72.0 79.0 87.0 94.0 101.0 108.0 114.0 120.0 125.0 131.0 135.0 140.0 144.0 148.0 151.0 154.0 156.0 158.0 159.0 88.0 1781304013.467644
201.0 200.0 199.0 197.0 195.0 192.0 190.0 186.0 183.0 179.0 174.0 170.0 165.0 160.0 154.0 148.0 142.0 136.0 129.0 122.0 115.0 108.0 100.0 93.0 85.0 25.0 33.0 41.0 49.0 56.0 64.0 71.0 78.0 85.0 93.0 99.0 105.0 111.0 117.0 122.0 127.0 132.0 137.0 140.0 144.0 147.0 150.0 153.0 156.0 157.0 89.0 1781304013.482798
201.0 200.0 198.0 196.0 193.0 190.0 187.0 183.0 178.0 174.0 169.0 164.0 159.0 153.0 147.0 141.0 135.0 128.0 122.0 115.0 108.0 101.0 94.0 87.0 79.0 25.0 33.0 41.0 49.0 56.0 63.0 70.0 77.0 84.0 90.0 96.0 103.0 108.0 113.0 119.0 124.0 128.0 133.0 137.0 141.0 145.0 148.0 152.0 154.0 157.0 90.0 1781304013.493031
202.0 200.0 197.0 195.0 191.0 188.0 184.0 179.0 175.0 170.0 165.0 159.0 153.0 147.0 142.0 135.0 129.0 123.0 116.0 110.0 103.0 96.0 89.0 83.0 76.0 25.0 33.0 41.0 49.0 56.0 63.0 70.0 76.0 82.0 89.0 94.0 100.0 105.0 111.0 116.0 121.0 125.0 130.0 135.0 139.0 143.0 147.0 151.0 154.0 158.0 91.0 1781304013.509216
202.0 200.0 197.0 194.0 190.0 186.0 181.0 176.0 171.0 166.0 160.0 154.0 149.0 143.0 136.0 130.0 124.0 118.0 111.0 105.0 99.0 93.0 87.0 81.0 75.0 26.0 34.0 41.0 48.0 55.0 62.0 68.0 74.0 80.0 86.0 91.0 97.0 102.0 107.0 112.0 117.0 122.0 126.0 131.0 136.0 140.0 145.0 150.0 155.0 159.0 92.0 1781304013.524309
203.0 200.0 196.0 193.0 188.0 184.0 179.0 174.0 168.0 162.0 157.0 150.0 144.0 138.0 132.0 126.0 120.0 114.0 108.0 102.0 96.0 91.0 85.0 80.0 75.0 26.0 34.0 41.0 48.0 54.0 60.0 67.0 72.0 78.0 83.0 88.0 94.0 98.0 103.0 108.0 113.0 118.0 123.0 128.0 133.0 139.0 144.0 149.0 155.0 161.0 93.0 1781304013.539746
203.0 200.0 196.0 192.0 187.0 183.0 177.0 171.0 166.0 160.0 154.0 147.0 141.0 135.0 129.0 123.0 117.0 112.0 105.0 100.0 95.0 90.0 85.0 80.0 76.0 26.0 34.0 41.0 47.0 54.0 59.0 65.0 71.0 75.0 81.0 86.0 91.0 95.0 100.0 105.0 111.0 115.0 121.0 126.0 132.0 138.0 143.0 150.0 156.0 163.0 94.0 1781304013.550425
203.0 199.0 196.0 192.0 187.0 182.0 176.0 170.0 164.0 158.0 152.0 146.0 140.0 134.0 128.0 122.0 116.0 110.0 105.0 99.0 94.0 90.0 85.0 80.0 76.0 26.0 34.0 40.0 47.0 53.0 59.0 64.0 70.0 74.0 79.0 84.0 89.0 94.0 99.0 104.0 109.0 114.0 120.0 125.0 131.0 138.0 144.0 150.0 157.0 163.0 95.0 1781304013.560358
203.0 199.0 196.0 191.0 187.0 181.0 175.0 169.0 164.0 158.0 151.0 145.0 139.0 133.0 127.0 121.0 115.0 110.0 104.0 99.0 95.0 90.0 85.0 81.0 77.0 26.0 34.0 40.0 47.0 53.0 58.0 64.0 69.0 73.0 78.0 83.0 88.0 92.0 97.0 102.0 108.0 113.0 119.0 125.0 131.0 137.0 144.0 150.0 157.0 164.0 96.0 1781304013.570578
203.0 199.0 196.0 191.0 186.0 181.0 175.0 169.0 163.0 157.0 151.0 144.0 138.0 132.0 126.0 121.0 115.0 110.0 105.0 100.0 95.0 91.0 86.0 82.0 78.0 26.0 34.0 40.0 47.0 53.0 58.0 63.0 68.0 73.0 78.0 82.0 87.0 92.0 97.0 102.0 107.0 113.0 119.0 125.0 131.0 138.0 144.0 151.0 158.0 165.0 97.0 1781304013.580772
203.0 200.0 196.0 191.0 186.0 181.0 175.0 169.0 163.0 157.0 151.0 144.0 138.0 132.0 126.0 121.0 115.0 110.0 105.0 100.0 96.0 91.0 87.0 83.0 80.0 26.0 34.0 40.0 47.0 52.0 58.0 63.0 68.0 72.0 78.0 82.0 87.0 92.0 96.0 102.0 107.0 113.0 119.0 125.0 131.0 138.0 145.0 152.0 159.0 166.0 98.0 1781304013.591097
203.0 200.0 196.0 191.0 187.0 181.0 175.0 169.0 163.0 157.0 151.0 144.0 138.0 132.0 127.0 121.0 116.0 111.0 106.0 101.0 97.0 93.0 89.0 85.0 81.0 26.0 34.0 40.0 47.0 53.0 58.0 63.0 68.0 73.0 78.0 82.0 87.0 92.0 97.0 102.0 108.0 114.0 120.0 126.0 132.0 139.0 146.0 152.0 160.0 167.0 99.0 1781304013.606816
203.0 200.0 196.0 192.0 187.0 182.0 176.0 171.0 165.0 158.0 152.0 146.0 139.0 134.0 128.0 123.0 118.0 113.0 108.0 103.0 99.0 95.0 91.0 87.0 84.0 26.0 34.0 41.0 47.0 53.0 58.0 64.0 69.0 74.0 79.0 83.0 88.0 93.0 98.0 104.0 109.0 115.0 121.0 128.0 134.0 141.0 147.0 154.0 162.0 169.0 100.0 1781304013.617352
202.0 200.0 196.0 192.0 188.0 184.0 178.0 173.0 167.0 162.0 156.0 150.0 144.0 138.0 132.0 127.0 121.0 116.0 111.0 107.0 103.0 98.0 95.0 91.0 88.0 26.0 33.0 41.0 47.0 53.0 60.0 65.0 71.0 76.0 81.0 87.0 92.0 97.0 103.0 108.0 114.0 119.0 125.0 131.0 137.0 144.0 151.0 158.0 165.0 173.0 101.0 1781304013.637476
202.0 200.0 197.0 193.0 190.0 185.0 181.0 176.0 171.0 165.0 160.0 154.0 149.0 143.0 138.0 132.0 127.0 121.0 116.0 111.0 107.0 102.0 98.0 94.0 91.0 26.0 33.0 41.0 48.0 54.0 61.0 67.0 73.0 79.0 85.0 90.0 96.0 102.0 107.0 112.0 118.0 124.0 130.0 136.0 142.0 149.0 155.0 161.0 169.0 175.0 102.0 1781304013.653091
202.0 200.0 197.0 194.0 191.0 187.0 183.0 178.0 174.0 169.0 164.0 159.0 153.0 148.0 143.0 137.0 132.0 127.0 122.0 117.0 111.0 107.0 102.0 97.0 93.0 25.0 33.0 41.0 48.0 55.0 62.0 69.0 74.0 81.0 87.0 93.0 99.0 105.0 111.0 116.0 122.0 128.0 134.0 140.0 146.0 152.0 158.0 164.0 170.0 177.0 103.0 1781304013.663334
201.0 200.0 197.0 195.0 192.0 189.0 185.0 182.0 177.0 174.0 169.0 164.0 160.0 154.0 149.0 145.0 140.0 134.0 129.0 123.0 118.0 113.0 107.0 102.0 96.0 26.0 33.0 41.0 48.0 56.0 62.0 70.0 76.0 83.0 89.0 96.0 102.0 108.0 115.0 121.0 127.0 132.0 139.0 144.0 150.0 155.0 161.0 166.0 172.0 177.0 104.0 1781304013.678692
201.0 200.0 198.0 196.0 193.0 191.0 188.0 185.0 182.0 178.0 174.0 171.0 166.0 162.0 157.0 152.0 148.0 142.0 137.0 132.0 126.0 120.0 114.0 108.0 102.0 26.0 33.0 41.0 48.0 56.0 63.0 71.0 78.0 85.0 92.0 99.0 106.0 112.0 119.0 125.0 131.0 137.0 143.0 149.0 154.0 160.0 165.0 170.0 174.0 179.0 105.0 1781304013.694271
201.0 200.0 199.0 197.0 195.0 193.0 191.0 189.0 185.0 183.0 179.0 176.0 172.0 168.0 164.0 160.0 155.0 150.0 145.0 139.0 134.0 128.0 121.0 115.0 108.0 26.0 33.0 41.0 49.0 56.0 64.0 71.0 79.0 87.0 93.0 101.0 108.0 115.0 121.0 128.0 135.0 141.0 147.0 153.0 158.0 163.0 168.0 173.0 177.0 181.0 106.0 1781304013.704500
201.0 200.0 199.0 198.0 197.0 195.0 194.0 192.0 190.0 188.0 185.0 183.0 179.0 176.0 172.0 168.0 164.0 159.0 154.0 149.0 143.0 137.0 131.0 124.0 116.0 26.0 33.0 41.0 49.0 57.0 64.0 72.0 80.0 88.0 95.0 103.0 110.0 117.0 124.0 131.0 138.0 144.0 150.0 156.0 162.0 167.0 172.0 177.0 181.0 185.0 107.0 1781304013.720053
200.0 200.0 199.0 199.0 198.0 197.0 196.0 195.0 193.0 192.0 190.0 188.0 185.0 182.0 179.0 176.0 172.0 167.0 162.0 157.0 151.0 146.0 140.0 133.0 126.0 26.0 33.0 41.0 49.0 57.0 65.0 73.0 80.0 88.0 96.0 103.0 111.0 118.0 126.0 132.0 139.0 146.0 153.0 159.0 165.0 170.0 175.0 180.0 185.0 189.0 108.0 1781304013.735310
200.0 200.0 200.0 200.0 200.0 200.0 199.0 199.0 198.0 197.0 196.0 194.0 192.0 189.0 187.0 183.0 180.0 176.0 172.0 167.0 162.0 156.0 151.0 145.0 138.0 26.0 33.0 41.0 49.0 57.0 65.0 73.0 81.0 89.0 96.0 104.0 112.0 119.0 127.0 134.0 141.0 148.0 155.0 161.0 168.0 174.0 180.0 185.0 190.0 196.0 109.0 1781304013.745854
199.0 200.0 200.0 202.0 202.0 202.0 202.0 202.0 202.0 201.0 200.0 199.0 197.0 196.0 193.0 191.0 188.0 185.0 181.0 178.0 173.0 169.0 164.0 159.0 154.0 25.0 33.0 41.0 49.0 57.0 65.0 73.0 81.0 89.0 97.0 104.0 112.0 120.0 127.0 135.0 142.0 149.0 156.0 164.0 170.0 177.0 184.0 190.0 196.0 202.0 110.0 1781304013.756083
198.0 200.0 201.0 202.0 203.0 204.0 204.0 205.0 204.0 204.0 204.0 203.0 202.0 200.0 199.0 197.0 195.0 193.0 190.0 187.0 184.0 181.0 177.0 173.0 169.0 26.0 33.0 41.0 49.0 57.0 65.0 73.0 81.0 89.0 97.0 105.0 112.0 120.0 128.0 135.0 143.0 151.0 158.0 166.0 173.0 180.0 187.0 194.0 201.0 208.0 111.0 1781304013.772079
198.0 200.0 202.0 203.0 204.0 205.0 206.0 206.0 206.0 206.0 206.0 206.0 205.0 205.0 204.0 203.0 202.0 201.0 199.0 198.0 196.0 194.0 192.0 191.0 188.0 26.0 33.0 41.0 49.0 57.0 65.0 73.0 81.0 89.0 97.0 105.0 112.0 120.0 128.0 136.0 144.0 152.0 160.0 167.0 175.0 183.0 190.0 198.0 205.0 212.0 112.0 1781304013.787680
199.0 200.0 201.0 202.0 204.0 205.0 205.0 206.0 207.0 208.0 208.0 208.0 209.0 209.0 209.0 210.0 209.0 209.0 210.0 209.0 210.0 210.0 210.0 209.0 209.0 26.0 33.0 41.0 49.0 57.0 65.0 73.0 81.0 89.0 97.0 105.0 113.0 121.0 128.0 136.0 144.0 152.0 160.0 168.0 175.0 183.0 191.0 198.0 206.0 214.0 113.0 1781304013.802473
200.0 200.0 201.0 202.0 203.0 204.0 205.0 206.0 207.0 208.0 210.0 211.0 212.0 214.0 215.0 217.0 218.0 220.0 222.0 224.0 226.0 228.0 230.0 232.0 234.0 25.0 33.0 41.0 49.0 57.0 65.0 73.0 81.0 89.0 97.0 105.0 112.0 120.0 128.0 135.0 143.0 151.0 158.0 166.0 173.0 181.0 188.0 195.0 202.0 210.0 114.0 1781304013.817806
200.0 201.0 201.0 201.0 202.0 203.0 204.0 205.0 207.0 209.0 211.0 213.0 215.0 217.0 220.0 222.0 225.0 228.0 231.0 234.0 238.0 241.0 245.0 248.0 252.0 25.0 33.0 41.0 50.0 58.0 66.0 73.0 81.0 89.0 97.0 104.0 112.0 120.0 127.0 135.0 142.0 149.0 157.0 163.0 171.0 178.0 185.0 191.0 198.0 204.0 115.0 1781304013.833432
201.0 201.0 201.0 201.0 202.0 203.0 204.0 206.0 208.0 209.0 212.0 214.0 218.0 221.0 224.0 227.0 231.0 235.0 239.0 243.0 248.0 252.0 257.0 262.0 266.0 25.0 33.0 41.0 50.0 58.0 66.0 73.0 81.0 89.0 96.0 104.0 112.0 119.0 126.0 133.0 140.0 147.0 154.0 161.0 167.0 174.0 180.0 186.0 192.0 198.0 116.0 1781304013.838533
201.0 201.0 201.0 201.0 202.0 203.0 205.0 206.0 208.0 211.0 213.0 217.0 220.0 224.0 228.0 232.0 237.0 241.0 246.0 251.0 256.0 262.0 267.0 272.0 278.0 25.0 33.0 41.0 50.0 58.0 66.0 74.0 81.0 89.0 96.0 104.0 111.0 118.0 125.0 132.0 139.0 145.0 152.0 158.0 164.0 169.0 175.0 181.0 186.0 191.0 117.0 1781304013.853989
201.0 201.0 201.0 202.0 202.0 203.0 205.0 208.0 210.0 212.0 216.0 219.0 223.0 227.0 232.0 237.0 241.0 247.0 252.0 258.0 264.0 270.0 275.0 282.0 288.0 25.0 33.0 41.0 49.0 57.0 65.0 73.0 81.0 88.0 96.0 104.0 111.0 118.0 124.0 131.0 137.0 143.0 149.0 155.0 160.0 165.0 170.0 175.0 180.0 184.0 118.0 1781304013.864564
200.0 201.0 201.0 202.0 203.0 205.0 207.0 209.0 212.0 215.0 219.0 223.0 227.0 231.0 236.0 242.0 247.0 253.0 259.0 265.0 271.0 278.0 285.0 291.0 298.0 25.0 33.0 41.0 49.0 57.0 65.0 73.0 80.0 88.0 96.0 103.0 109.0 116.0 123.0 129.0 135.0 141.0 146.0 151.0 156.0 161.0 165.0 169.0 172.0 176.0 119.0 1781304013.879610
200.0 201.0 202.0 203.0 205.0 206.0 209.0 212.0 215.0 219.0 222.0 227.0 232.0 236.0 242.0 247.0 253.0 259.0 265.0 272.0 279.0 285.0 293.0 300.0 308.0 25.0 33.0 41.0 49.0 57.0 65.0 73.0 80.0 87.0 94.0 101.0 108.0 115.0 121.0 126.0 132.0 138.0 143.0 147.0 152.0 156.0 159.0 162.0 165.0 168.0 120.0 1781304013.900197
200.0 201.0 202.0 204.0 206.0 209.0 212.0 215.0 218.0 222.0 227.0 231.0 236.0 241.0 247.0 253.0 259.0 265.0 272.0 279.0 285.0 293.0 300.0 308.0 316.0 25.0 33.0 41.0 49.0 57.0 64.0 72.0 79.0 86.0 93.0 100.0 106.0 112.0 118.0 124.0 129.0 134.0 139.0 143.0 147.0 151.0 154.0 157.0 159.0 161.0 121.0 1781304013.905524
199.0 201.0 203.0 205.0 208.0 210.0 214.0 218.0 221.0 225.0 230.0 235.0 240.0 246.0 251.0 257.0 264.0 270.0 277.0 284.0 292.0 299.0 307.0 315.0 323.0 25.0 33.0 40.0 49.0 56.0 64.0 71.0 78.0 85.0 92.0 98.0 105.0 111.0 117.0 122.0 127.0 132.0 137.0 140.0 144.0 147.0 150.0 152.0 155.0 156.0 122.0 1781304013.926092
199.0 201.0 203.0 206.0 209.0 212.0 216.0 220.0 224.0 229.0 233.0 239.0 244.0 250.0 256.0 262.0 269.0 276.0 283.0 290.0 297.0 304.0 312.0 321.0 328.0 25.0 33.0 40.0 48.0 56.0 63.0 70.0 77.0 84.0 90.0 96.0 102.0 108.0 114.0 119.0 124.0 129.0 133.0 137.0 141.0 144.0 147.0 149.0 151.0 153.0 123.0 1781304013.936292
198.0 200.0 203.0 206.0 209.0 213.0 217.0 221.0 226.0 231.0 236.0 242.0 248.0 253.0 259.0 266.0 273.0 280.0 287.0 294.0 301.0 309.0 316.0 324.0 332.0 25.0 33.0 40.0 48.0 55.0 62.0 69.0 76.0 82.0 89.0 95.0 101.0 106.0 111.0 116.0 122.0 126.0 131.0 134.0 138.0 142.0 145.0 147.0 150.0 152.0 124.0 1781304013.946632
198.0 200.0 203.0 207.0 210.0 214.0 219.0 223.0 228.0 233.0 239.0 245.0 251.0 257.0 263.0 270.0 277.0 284.0 291.0 298.0 305.0 312.0 320.0 327.0 335.0 25.0 33.0 40.0 48.0 55.0 61.0 68.0 75.0 81.0 87.0 93.0 98.0 104.0 109.0 114.0 119.0 123.0 128.0 132.0 135.0 139.0 143.0 146.0 149.0 152.0 125.0 1781304013.956990
197.0 200.0 203.0 207.0 211.0 215.0 220.0 224.0 230.0 235.0 241.0 247.0 253.0 260.0 266.0 273.0 280.0 287.0 294.0 301.0 308.0 314.0 322.0 328.0 335.0 25.0 33.0 40.0 47.0 54.0 61.0 68.0 74.0 80.0 86.0 92.0 97.0 102.0 107.0 112.0 117.0 121.0 126.0 130.0 134.0 138.0 142.0 146.0 150.0 153.0 126.0 1781304013.972546
197.0 200.0 203.0 207.0 211.0 216.0 221.0 226.0 231.0 237.0 243.0 249.0 255.0 262.0 268.0 275.0 282.0 289.0 296.0 303.0 309.0 316.0 323.0 329.0 335.0 25.0 33.0 40.0 48.0 54.0 61.0 67.0 73.0 79.0 84.0 90.0 95.0 100.0 105.0 110.0 115.0 119.0 124.0 128.0 133.0 137.0 142.0 146.0 151.0 155.0 127.0 1781304013.987797
197.0 200.0 204.0 208.0 212.0 217.0 222.0 227.0 232.0 238.0 244.0 251.0 257.0 263.0 270.0 276.0 283.0 290.0 297.0 303.0 309.0 316.0 322.0 328.0 334.0 26.0 34.0 41.0 48.0 54.0 61.0 67.0 73.0 78.0 84.0 89.0 94.0 99.0 104.0 108.0 113.0 118.0 122.0 127.0 132.0 137.0 142.0 147.0 152.0 157.0 128.0 1781304014.003314
198.0 201.0 204.0 208.0 212.0 217.0 222.0 227.0 233.0 239.0 245.0 252.0 258.0 264.0 271.0 278.0 284.0 291.0 297.0 303.0 309.0 316.0 321.0 327.0 332.0 26.0 34.0 41.0 48.0 54.0 61.0 67.0 73.0 78.0 83.0 88.0 93.0 98.0 103.0 108.0 113.0 117.0 122.0 127.0 132.0 137.0 142.0 148.0 153.0 159.0 129.0 1781304014.018861
198.0 201.0 204.0 208.0 212.0 217.0 222.0 228.0 234.0 240.0 246.0 252.0 258.0 265.0 271.0 278.0 284.0 291.0 297.0 303.0 309.0 315.0 321.0 326.0 331.0 26.0 34.0 41.0 48.0 54.0 61.0 66.0 72.0 78.0 83.0 88.0 93.0 98.0 103.0 107.0 112.0 117.0 122.0 127.0 132.0 138.0 143.0 149.0 154.0 161.0 130.0 1781304014.029154
198.0 201.0 204.0 208.0 213.0 217.0 222.0 228.0 234.0 240.0 246.0 252.0 258.0 265.0 271.0 278.0 284.0 290.0 296.0 302.0 308.0 314.0 319.0 324.0 329.0 26.0 34.0 41.0 48.0 54.0 61.0 66.0 72.0 78.0 83.0 88.0 93.0 98.0 103.0 108.0 113.0 118.0 123.0 128.0 133.0 139.0 144.0 151.0 156.0 163.0 131.0 1781304014.044742
198.0 201.0 204.0 208.0 213.0 218.0 223.0 228.0 234.0 240.0 246.0 252.0 258.0 264.0 270.0 277.0 283.0 289.0 295.0 301.0 306.0 311.0 317.0 322.0 327.0 26.0 34.0 41.0 48.0 54.0 60.0 66.0 72.0 78.0 83.0 88.0 94.0 99.0 104.0 109.0 114.0 119.0 125.0 130.0 135.0 141.0 147.0 153.0 159.0 166.0 132.0 1781304014.054869
197.0 201.0 204.0 208.0 213.0 217.0 222.0 228.0 233.0 238.0 244.0 250.0 256.0 262.0 268.0 274.0 280.0 285.0 291.0 297.0 302.0 308.0 313.0 318.0 323.0 26.0 34.0 41.0 48.0 54.0 61.0 67.0 73.0 79.0 85.0 90.0 95.0 101.0 106.0 112.0 117.0 123.0 128.0 134.0 140.0 146.0 151.0 158.0 164.0 170.0 133.0 1781304014.075579
198.0 201.0 204.0 208.0 212.0 217.0 221.0 226.0 231.0 236.0 242.0 247.0 253.0 259.0 264.0 270.0 275.0 281.0 287.0 292.0 298.0 303.0 308.0 313.0 318.0 26.0 34.0 41.0 48.0 55.0 61.0 67.0 74.0 80.0 86.0 92.0 98.0 104.0 110.0 116.0 121.0 127.0 133.0 139.0 144.0 150.0 156.0 162.0 168.0 174.0 134.0 1781304014.080697
198.0 201.0 204.0 208.0 212.0 216.0 221.0 225.0 229.0 235.0 240.0 245.0 250.0 256.0 261.0 267.0 272.0 278.0 283.0 289.0 294.0 299.0 305.0 310.0 315.0 26.0 34.0 41.0 48.0 55.0 62.0 68.0 75.0 81.0 88.0 93.0 100.0 106.0 112.0 118.0 124.0 130.0 136.0 142.0 148.0 153.0 159.0 165.0 171.0 177.0 135.0 1781304014.090894
198.0 201.0 203.0 207.0 210.0 214.0 218.0 222.0 226.0 231.0 235.0 240.0 245.0 250.0 255.0 260.0 266.0 271.0 276.0 282.0 287.0 293.0 298.0 304.0 309.0 26.0 33.0 41.0 48.0 55.0 62.0 70.0 76.0 83.0 90.0 96.0 102.0 109.0 115.0 121.0 128.0 134.0 140.0 146.0 152.0 157.0 163.0 169.0 175.0 181.0 136.0 1781304014.111700
199.0 201.0 203.0 206.0 209.0 211.0 215.0 219.0 223.0 226.0 231.0 235.0 240.0 244.0 248.0 254.0 258.0 264.0 269.0 274.0 280.0 285.0 290.0 296.0 301.0 25.0 33.0 41.0 49.0 56.0 63.0 71.0 78.0 85.0 92.0 99.0 105.0 112.0 119.0 125.0 132.0 138.0 144.0 150.0 157.0 163.0 169.0 175.0 180.0 186.0 137.0 1781304014.126879
199.0 201.0 202.0 204.0 207.0 209.0 212.0 215.0 218.0 222.0 225.0 229.0 233.0 237.0 241.0 246.0 250.0 255.0 260.0 265.0 270.0 275.0 281.0 286.0 291.0 25.0 33.0 41.0 49.0 57.0 64.0 72.0 79.0 87.0 93.0 101.0 108.0 114.0 122.0 129.0 136.0 141.0 148.0 155.0 161.0 167.0 173.0 179.0 185.0 191.0 138.0 1781304014.142375
200.0 201.0 202.0 203.0 205.0 207.0 210.0 212.0 215.0 217.0 221.0 224.0 227.0 231.0 235.0 239.0 244.0 248.0 252.0 257.0 262.0 267.0 272.0 277.0 283.0 25.0 33.0 41.0 49.0 57.0 65.0 72.0 80.0 88.0 95.0 102.0 110.0 117.0 124.0 131.0 138.0 145.0 152.0 158.0 164.0 171.0 177.0 184.0 190.0 195.0 139.0 1781304014.152768
200.0 201.0 201.0 203.0 203.0 205.0 207.0 209.0 211.0 214.0 216.0 219.0 222.0 226.0 229.0 233.0 237.0 241.0 245.0 249.0 254.0 259.0 264.0 269.0 274.0 25.0 33.0 41.0 50.0 58.0 65.0 73.0 80.0 88.0 96.0 104.0 111.0 118.0 125.0 133.0 140.0 147.0 154.0 161.0 168.0 174.0 181.0 187.0 193.0 200.0 140.0 1781304014.163456
201.0 201.0 201.0 202.0 202.0 204.0 205.0 206.0 208.0 210.0 212.0 214.0 217.0 219.0 222.0 226.0 228.0 232.0 236.0 240.0 244.0 248.0 252.0 257.0 262.0 25.0 33.0 41.0 50.0 58.0 66.0 73.0 81.0 89.0 97.0 104.0 112.0 120.0 127.0 135.0 142.0 149.0 157.0 164.0 171.0 178.0 184.0 191.0 198.0 204.0 141.0 1781304014.173704
201.0 201.0 201.0 201.0 202.0 202.0 203.0 204.0 205.0 206.0 208.0 210.0 212.0 214.0 216.0 219.0 221.0 224.0 227.0 231.0 234.0 238.0 242.0 246.0 250.0 25.0 33.0 41.0 50.0 58.0 66.0 74.0 82.0 90.0 97.0 105.0 113.0 120.0 128.0 136.0 144.0 151.0 158.0 166.0 173.0 180.0 187.0 195.0 201.0 208.0 142.0 1781304014.189098
201.0 201.0 201.0 201.0 201.0 201.0 201.0 202.0 202.0 203.0 204.0 205.0 206.0 208.0 210.0 211.0 213.0 215.0 217.0 220.0 223.0 226.0 229.0 232.0 236.0 25.0 33.0 41.0 49.0 58.0 66.0 74.0 82.0 90.0 98.0 106.0 113.0 121.0 129.0 137.0 145.0 152.0 160.0 167.0 175.0 183.0 190.0 197.0 205.0 212.0 143.0 1781304014.204259
200.0 200.0 200.0 200.0 200.0 200.0 200.0 200.0 200.0 200.0 200.0 201.0 201.0 201.0 202.0 203.0 203.0 204.0 205.0 206.0 208.0 209.0 211.0 213.0 215.0 25.0 33.0 41.0 49.0 57.0 65.0 73.0 81.0 89.0 97.0 105.0 113.0 121.0 129.0 137.0 145.0 153.0 160.0 168.0 176.0 184.0 191.0 199.0 207.0 214.0 144.0 1781304014.224932
200.0 200.0 200.0 200.0 199.0 199.0 198.0 198.0 197.0 197.0 196.0 196.0 196.0 195.0 195.0 194.0 194.0 194.0 194.0 194.0 193.0 194.0 194.0 194.0 195.0 25.0 33.0 41.0 49.0 57.0 65.0 73.0 81.0 89.0 97.0 105.0 113.0 121.0 129.0 136.0 144.0 152.0 160.0 168.0 176.0 183.0 191.0 199.0 207.0 215.0 145.0 1781304014.240533
200.0 200.0 200.0 200.0 199.0 198.0 197.0 196.0 195.0 194.0 193.0 192.0 190.0 189.0 187.0 186.0 185.0 183.0 181.0 180.0 178.0 176.0 175.0 173.0 171.0 25.0 33.0 41.0 49.0 57.0 65.0 73.0 81.0 89.0 97.0 105.0 113.0 120.0 128.0 135.0 143.0 151.0 159.0 166.0 174.0 181.0 189.0 196.0 203.0 211.0 146.0 1781304014.261554
200.0 200.0 200.0 199.0 198.0 197.0 196.0 194.0 193.0 191.0 189.0 187.0 185.0 183.0 181.0 179.0 176.0 173.0 170.0 167.0 165.0 161.0 158.0 155.0 151.0 25.0 33.0 41.0 49.0 57.0 65.0 73.0 81.0 88.0 96.0 104.0 112.0 119.0 127.0 134.0 142.0 149.0 156.0 164.0 171.0 178.0 185.0 192.0 199.0 205.0 147.0 1781304014.276619
201.0 200.0 199.0 198.0 197.0 196.0 194.0 192.0 191.0 189.0 187.0 184.0 182.0 178.0 175.0 173.0 169.0 166.0 162.0 158.0 154.0 150.0 146.0 142.0 137.0 25.0 33.0 41.0 49.0 57.0 65.0 73.0 80.0 88.0 96.0 103.0 110.0 118.0 125.0 133.0 140.0 146.0 154.0 161.0 167.0 174.0 180.0 187.0 193.0 199.0 148.0 1781304014.286799
201.0 200.0 199.0 198.0 197.0 195.0 193.0 191.0 189.0 186.0 184.0 181.0 178.0 175.0 171.0 167.0 164.0 159.0 155.0 151.0 146.0 141.0 136.0 131.0 126.0 25.0 33.0 41.0 49.0 57.0 64.0 72.0 80.0 87.0 95.0 102.0 109.0 117.0 124.0 131.0 138.0 144.0 151.0 158.0 164.0 171.0 176.0 183.0 188.0 194.0 149.0 1781304014.297128
201.0 200.0 199.0 198.0 196.0 194.0 192.0 190.0 187.0 184.0 181.0 178.0 174.0 170.0 166.0 162.0 157.0 153.0 148.0 143.0 138.0 132.0 127.0 121.0 116.0 25.0 33.0 41.0 49.0 57.0 64.0 72.0 79.0 87.0 94.0 101.0 108.0 116.0 122.0 129.0 135.0 142.0 148.0 154.0 160.0 166.0 172.0 177.0 183.0 187.0 150.0 1781304014.307641
201.0 200.0 199.0 197.0 195.0 193.0 191.0 188.0 185.0 181.0 178.0 174.0 170.0 166.0 162.0 157.0 152.0 147.0 141.0 136.0 131.0 125.0 119.0 114.0 107.0 25.0 33.0 41.0 49.0 56.0 64.0 72.0 79.0 86.0 93.0 100.0 107.0 114.0 120.0 127.0 133.0 139.0 146.0 151.0 157.0 163.0 168.0 173.0 178.0 182.0 151.0 1781304014.322960
201.0 200.0 199.0 197.0 195.0 192.0 189.0 186.0 183.0 179.0 175.0 171.0 167.0 162.0 157.0 152.0 147.0 141.0 136.0 131.0 125.0 119.0 113.0 107.0 101.0 25.0 33.0 41.0 49.0 56.0 64.0 71.0 78.0 86.0 92.0 99.0 106.0 112.0 119.0 125.0 131.0 137.0 143.0 149.0 154.0 159.0 164.0 169.0 174.0 178.0 152.0 1781304014.333332
201.0 200.0 198.0 196.0 194.0 191.0 188.0 185.0 181.0 177.0 173.0 168.0 163.0 158.0 153.0 148.0 143.0 137.0 131.0 125.0 119.0 114.0 107.0 101.0 96.0 25.0 33.0 41.0 49.0 56.0 64.0 71.0 78.0 85.0 92.0 98.0 105.0 111.0 117.0 123.0 129.0 135.0 140.0 146.0 151.0 156.0 161.0 165.0 170.0 175.0 153.0 1781304014.343430
201.0 200.0 198.0 196.0 193.0 190.0 187.0 183.0 179.0 175.0 170.0 166.0 161.0 155.0 150.0 145.0 139.0 133.0 127.0 121.0 115.0 109.0 103.0 97.0 91.0 25.0 33.0 41.0 49.0 56.0 64.0 71.0 78.0 84.0 91.0 97.0 104.0 110.0 116.0 121.0 127.0 132.0 138.0 143.0 148.0 153.0 158.0 162.0 167.0 171.0 154.0 1781304014.353868
201.0 200.0 198.0 196.0 192.0 189.0 186.0 181.0 177.0 172.0 167.0 162.0 157.0 151.0 146.0 140.0 134.0 128.0 122.0 116.0 110.0 104.0 98.0 92.0 87.0 25.0 33.0 41.0 49.0 56.0 63.0 70.0 76.0 83.0 89.0 95.0 101.0 107.0 113.0 118.0 124.0 129.0 134.0 139.0 144.0 149.0 154.0 158.0 163.0 168.0 155.0 1781304014.374391
202.0 200.0 198.0 195.0 192.0 188.0 184.0 180.0 175.0 170.0 165.0 160.0 154.0 148.0 142.0 136.0 130.0 124.0 118.0 113.0 107.0 101.0 95.0 89.0 83.0 25.0 33.0 41.0 48.0 56.0 62.0 69.0 76.0 82.0 88.0 93.0 100.0 105.0 111.0 116.0 121.0 126.0 131.0 136.0 141.0 146.0 151.0 155.0 160.0 165.0 156.0 1781304014.379728
202.0 200.0 197.0 194.0 191.0 187.0 183.0 179.0 174.0 169.0 164.0 158.0 152.0 146.0 141.0 135.0 129.0 123.0 117.0 110.0 104.0 99.0 93.0 87.0 82.0 25.0 33.0 41.0 48.0 55.0 62.0 69.0 75.0 81.0 87.0 93.0 99.0 104.0 110.0 115.0 120.0 125.0 130.0 134.0 139.0 144.0 149.0 154.0 159.0 164.0 157.0 1781304014.390249
202.0 200.0 197.0 194.0 191.0 186.0 182.0 177.0 172.0 167.0 162.0 156.0 150.0 144.0 138.0 132.0 127.0 121.0 114.0 108.0 102.0 97.0 91.0 85.0 80.0 25.0 33.0 41.0 48.0 55.0 62.0 68.0 74.0 80.0 86.0 92.0 97.0 102.0 108.0 113.0 118.0 123.0 128.0 132.0 137.0 142.0 147.0 152.0 157.0 162.0 158.0 1781304014.410449
203.0 200.0 197.0 194.0 190.0 186.0 181.0 177.0 172.0 166.0 161.0 155.0 149.0 143.0 137.0 131.0 125.0 119.0 113.0 107.0 101.0 95.0 89.0 84.0 79.0 26.0 33.0 41.0 48.0 54.0 61.0 68.0 74.0 79.0 85.0 91.0 96.0 102.0 107.0 112.0 117.0 122.0 127.0 131.0 136.0 141.0 146.0 151.0 156.0 161.0 159.0 1781304014.430859
203.0 200.0 197.0 193.0 190.0 186.0 181.0 176.0 171.0 166.0 161.0 155.0 149.0 143.0 137.0 131.0 125.0 119.0 112.0 106.0 101.0 95.0 89.0 84.0 79.0 26.0 33.0 41.0 48.0 54.0 61.0 68.0 74.0 79.0 85.0 91.0 96.0 101.0 106.0 111.0 116.0 121.0 126.0 131.0 136.0 141.0 146.0 151.0 156.0 161.0 160.0 1781304014.446357
203.0 200.0 197.0 193.0 190.0 186.0 181.0 176.0 171.0 166.0 160.0 155.0 149.0 143.0 137.0 131.0 125.0 119.0 112.0 106.0 101.0 95.0 89.0 84.0 79.0 26.0 33.0 41.0 48.0 54.0 61.0 67.0 73.0 79.0 85.0 90.0 96.0 101.0 106.0 111.0 116.0 121.0 126.0 131.0 136.0 141.0 146.0 151.0 156.0 162.0 161.0 1781304014.451562
203.0 200.0 197.0 193.0 190.0 185.0 181.0 176.0 171.0 166.0 160.0 155.0 149.0 143.0 137.0 131.0 125.0 119.0 112.0 106.0 101.0 95.0 89.0 84.0 79.0 26.0 33.0 41.0 48.0 54.0 61.0 67.0 74.0 79.0 85.0 91.0 96.0 101.0 106.0 111.0 116.0 121.0 126.0 131.0 136.0 141.0 146.0 152.0 157.0 162.0 162.0 1781304014.467091
203.0 200.0 197.0 193.0 190.0 186.0 181.0 176.0 171.0 166.0 160.0 155.0 149.0 143.0 137.0 131.0 125.0 119.0 113.0 107.0 101.0 96.0 90.0 85.0 80.0 26.0 33.0 41.0 48.0 55.0 61.0 68.0 74.0 79.0 85.0 91.0 96.0 102.0 107.0 112.0 117.0 122.0 127.0 132.0 137.0 142.0 147.0 152.0 158.0 163.0 163.0 1781304014.477300
202.0 200.0 197.0 194.0 190.0 186.0 182.0 177.0 172.0 167.0 161.0 156.0 150.0 144.0 138.0 133.0 127.0 121.0 114.0 109.0 103.0 97.0 91.0 86.0 81.0 26.0 33.0 41.0 48.0 55.0 61.0 68.0 74.0 80.0 86.0 91.0 97.0 103.0 108.0 113.0 118.0 123.0 128.0 133.0 138.0 144.0 149.0 154.0 159.0 165.0 164.0 1781304014.482316
202.0 200.0 197.0 194.0 191.0 187.0 183.0 178.0 173.0 168.0 163.0 158.0 152.0 146.0 140.0 135.0 129.0 123.0 117.0 111.0 105.0 100.0 94.0 89.0 84.0 25.0 33.0 41.0 48.0 55.0 62.0 68.0 75.0 81.0 87.0 93.0 98.0 104.0 109.0 114.0 120.0 125.0 130.0 135.0 141.0 146.0 151.0 156.0 162.0 167.0 165.0 1781304014.498228
202.0 200.0 198.0 195.0 191.0 187.0 184.0 179.0 175.0 170.0 165.0 160.0 154.0 149.0 143.0 137.0 131.0 125.0 119.0 114.0 108.0 102.0 97.0 92.0 86.0 25.0 33.0 41.0 48.0 55.0 62.0 69.0 75.0 82.0 88.0 94.0 99.0 105.0 111.0 116.0 122.0 127.0 132.0 138.0 143.0 148.0 154.0 159.0 165.0 170.0 166.0 1781304014.508437
202.0 200.0 198.0 195.0 192.0 189.0 185.0 181.0 177.0 172.0 167.0 162.0 157.0 152.0 146.0 141.0 135.0 130.0 124.0 118.0 112.0 107.0 101.0 96.0 91.0 25.0 33.0 41.0 49.0 56.0 63.0 69.0 76.0 83.0 89.0 95.0 101.0 107.0 113.0 119.0 124.0 130.0 136.0 141.0 147.0 152.0 158.0 163.0 168.0 174.0 167.0 1781304014.523666
202.0 200.0 198.0 196.0 193.0 190.0 186.0 183.0 179.0 175.0 170.0 166.0 161.0 156.0 151.0 146.0 140.0 135.0 129.0 124.0 118.0 112.0 107.0 101.0 96.0 25.0 33.0 41.0 49.0 56.0 63.0 70.0 77.0 84.0 90.0 97.0 103.0 110.0 116.0 121.0 128.0 134.0 139.0 145.0 150.0 156.0 162.0 167.0 172.0 178.0 168.0 1781304014.539438
201.0 200.0 198.0 196.0 194.0 191.0 188.0 185.0 181.0 178.0 174.0 169.0 165.0 160.0 156.0 151.0 146.0 141.0 136.0 130.0 125.0 119.0 114.0 108.0 103.0 25.0 33.0 41.0 49.0 56.0 64.0 71.0 78.0 85.0 92.0 99.0 105.0 112.0 118.0 125.0 131.0 137.0 143.0 149.0 155.0 160.0 166.0 171.0 177.0 182.0 169.0 1781304014.554685
201.0 200.0 198.0 197.0 195.0 192.0 190.0 187.0 184.0 181.0 177.0 173.0 169.0 165.0 160.0 156.0 152.0 147.0 142.0 137.0 132.0 126.0 121.0 115.0 110.0 25.0 33.0 41.0 49.0 56.0 64.0 71.0 79.0 86.0 93.0 100.0 107.0 113.0 120.0 127.0 133.0 140.0 146.0 152.0 158.0 164.0 170.0 176.0 181.0 187.0 170.0 1781304014.565086
201.0 200.0 199.0 197.0 195.0 193.0 191.0 189.0 186.0 183.0 180.0 177.0 174.0 170.0 166.0 162.0 158.0 153.0 149.0 144.0 140.0 135.0 130.0 125.0 119.0 25.0 33.0 41.0 49.0 56.0 64.0 72.0 79.0 87.0 94.0 101.0 108.0 116.0 123.0 129.0 136.0 143.0 150.0 156.0 163.0 169.0 175.0 181.0 187.0 193.0 171.0 1781304014.580485
201.0 200.0 199.0 198.0 196.0 195.0 193.0 191.0 189.0 187.0 184.0 181.0 178.0 175.0 172.0 169.0 165.0 161.0 157.0 153.0 149.0 145.0 140.0 136.0 131.0 25.0 33.0 41.0 49.0 57.0 65.0 72.0 80.0 87.0 95.0 103.0 110.0 117.0 124.0 132.0 139.0 146.0 153.0 160.0 167.0 173.0 180.0 186.0 193.0 199.0 172.0 1781304014.596167
200.0 200.0 199.0 198.0 198.0 196.0 195.0 194.0 192.0 190.0 189.0 186.0 184.0 182.0 179.0 177.0 174.0 171.0 168.0 165.0 162.0 158.0 155.0 152.0 148.0 25.0 33.0 41.0 49.0 57.0 65.0 73.0 81.0 88.0 96.0 104.0 111.0 119.0 126.0 134.0 141.0 149.0 156.0 163.0 171.0 178.0 185.0 192.0 200.0 206.0 173.0 1781304014.616796
200.0 200.0 200.0 199.0 198.0 198.0 197.0 196.0 194.0 193.0 192.0 190.0 189.0 187.0 185.0 183.0 181.0 179.0 177.0 175.0 172.0 170.0 168.0 165.0 163.0 25.0 33.0 41.0 49.0 57.0 65.0 73.0 81.0 89.0 96.0 104.0 112.0 120.0 128.0 135.0 143.0 150.0 158.0 166.0 173.0 181.0 189.0 196.0 204.0 211.0 174.0 1781304014.626855
200.0 200.0 200.0 200.0 199.0 199.0 198.0 197.0 197.0 196.0 195.0 194.0 193.0 192.0 191.0 190.0 189.0 188.0 187.0 185.0 184.0 183.0 182.0 181.0 180.0 25.0 33.0 41.0 49.0 57.0 65.0 73.0 81.0 89.0 97.0 105.0 113.0 121.0 128.0 136.0 144.0 152.0 160.0 167.0 175.0 183.0 191.0 199.0 206.0 214.0 175.0 1781304014.642232
200.0 200.0 200.0 200.0 200.0 200.0 200.0 199.0 199.0 199.0 199.0 198.0 198.0 197.0 197.0 197.0 197.0 197.0 197.0 197.0 197.0 197.0 197.0 197.0 198.0 25.0 33.0 42.0 49.0 57.0 65.0 73.0 81.0 89.0 97.0 105.0 113.0 121.0 129.0 137.0 145.0 153.0 161.0 169.0 177.0 185.0 192.0 200.0 208.0 216.0 176.0 1781304014.663480
200.0 200.0 200.0 201.0 201.0 201.0 201.0 201.0 201.0 202.0 202.0 203.0 203.0 203.0 204.0 204.0 205.0 206.0 207.0 208.0 209.0 211.0 212.0 214.0 215.0 25.0 33.0 42.0 50.0 58.0 66.0 74.0 82.0 90.0 98.0 106.0 113.0 121.0 129.0 137.0 145.0 153.0 161.0 168.0 176.0 184.0 192.0 200.0 208.0 215.0 177.0 1781304014.668186
200.0 200.0 201.0 201.0 201.0 202.0 202.0 203.0 203.0 205.0 205.0 206.0 207.0 208.0 210.0 211.0 213.0 214.0 216.0 218.0 220.0 222.0 224.0 227.0 230.0 25.0 33.0 41.0 49.0 57.0 65.0 73.0 81.0 89.0 97.0 105.0 113.0 121.0 129.0 137.0 145.0 152.0 160.0 168.0 175.0 183.0 190.0 198.0 206.0 213.0 178.0 1781304014.683654
200.0 201.0 201.0 201.0 202.0 203.0 203.0 205.0 206.0 207.0 209.0 211.0 212.0 214.0 216.0 218.0 220.0 223.0 226.0 228.0 231.0 234.0 237.0 241.0 244.0 25.0 33.0 41.0 49.0 57.0 65.0 73.0 81.0 89.0 97.0 105.0 113.0 121.0 128.0 136.0 144.0 151.0 158.0 166.0 174.0 181.0 188.0 196.0 203.0 210.0 179.0 1781304014.699089
200.0 201.0 201.0 202.0 203.0 204.0 205.0 206.0 208.0 210.0 212.0 214.0 217.0 219.0 221.0 224.0 227.0 231.0 234.0 237.0 240.0 244.0 248.0 252.0 256.0 25.0 33.0 41.0 49.0 57.0 65.0 73.0 81.0 89.0 97.0 105.0 112.0 120.0 128.0 135.0 142.0 150.0 157.0 165.0 172.0 179.0 186.0 193.0 200.0 207.0 180.0 1781304014.709477
200.0 201.0 201.0 202.0 204.0 205.0 207.0 209.0 211.0 214.0 216.0 219.0 222.0 225.0 228.0 231.0 235.0 238.0 242.0 246.0 250.0 254.0 259.0 263.0 268.0 25.0 33.0 41.0 49.0 57.0 65.0 73.0 81.0 89.0 96.0 104.0 111.0 118.0 126.0 133.0 140.0 148.0 155.0 162.0 169.0 176.0 183.0 189.0 195.0 203.0 181.0 1781304014.724699
200.0 201.0 202.0 204.0 205.0 208.0 210.0 212.0 215.0 218.0 221.0 224.0 228.0 232.0 235.0 240.0 243.0 248.0 252.0 257.0 261.0 266.0 271.0 275.0 280.0 25.0 33.0 41.0 49.0 57.0 65.0 72.0 80.0 87.0 95.0 102.0 110.0 117.0 123.0 130.0 138.0 144.0 151.0 158.0 165.0 171.0 178.0 184.0 190.0 196.0 182.0 1781304014.745255
199.0 201.0 202.0 204.0 207.0 209.0 212.0 215.0 218.0 222.0 225.0 229.0 233.0 237.0 241.0 246.0 250.0 255.0 260.0 264.0 269.0 275.0 279.0 284.0 290.0 26.0 33.0 41.0 49.0 57.0 64.0 72.0 79.0 86.0 93.0 101.0 108.0 115.0 121.0 128.0 135.0 142.0 148.0 154.0 161.0 167.0 173.0 179.0 186.0 192.0 183.0 1781304014.755786
199.0 201.0 203.0 205.0 208.0 211.0 214.0 218.0 221.0 225.0 228.0 232.0 237.0 241.0 246.0 251.0 256.0 260.0 265.0 271.0 276.0 281.0 286.0 291.0 297.0 26.0 33.0 41.0 49.0 56.0 64.0 71.0 78.0 85.0 92.0 99.0 106.0 113.0 120.0 126.0 132.0 139.0 146.0 152.0 158.0 164.0 170.0 176.0 182.0 188.0 184.0 1781304014.766222
198.0 201.0 203.0 206.0 209.0 212.0 216.0 220.0 224.0 228.0 232.0 237.0 241.0 246.0 251.0 256.0 261.0 266.0 272.0 277.0 282.0 288.0 293.0 298.0 303.0 26.0 34.0 41.0 49.0 56.0 63.0 70.0 77.0 84.0 91.0 98.0 104.0 111.0 117.0 124.0 130.0 136.0 142.0 148.0 154.0 161.0 166.0 172.0 178.0 184.0 185.0 1781304014.781367
198.0 201.0 204.0 207.0 210.0 214.0 218.0 222.0 226.0 230.0 235.0 240.0 245.0 250.0 256.0 260.0 266.0 271.0 277.0 282.0 287.0 293.0 298.0 304.0 309.0 26.0 34.0 41.0 48.0 55.0 63.0 69.0 76.0 83.0 90.0 96.0 102.0 108.0 115.0 121.0 127.0 133.0 139.0 145.0 151.0 157.0 163.0 168.0 174.0 180.0 186.0 1781304014.797053
198.0 201.0 204.0 207.0 211.0 215.0 219.0 223.0 228.0 233.0 238.0 243.0 249.0 254.0 259.0 265.0 271.0 276.0 281.0 287.0 292.0 298.0 303.0 308.0 313.0 26.0 34.0 41.0 48.0 55.0 62.0 68.0 75.0 82.0 88.0 94.0 101.0 106.0 112.0 118.0 124.0 130.0 136.0 141.0 147.0 153.0 159.0 165.0 171.0 177.0 187.0 1781304014.817386
198.0 201.0 204.0 208.0 211.0 215.0 220.0 225.0 229.0 234.0 240.0 245.0 251.0 256.0 262.0 268.0 274.0 280.0 285.0 291.0 296.0 302.0 307.0 312.0 317.0 26.0 34.0 41.0 48.0 55.0 62.0 68.0 74.0 81.0 87.0 93.0 99.0 105.0 110.0 116.0 121.0 127.0 133.0 139.0 144.0 150.0 156.0 162.0 168.0 174.0 188.0 1781304014.827632
198.0 201.0 204.0 208.0 212.0 216.0 220.0 225.0 230.0 235.0 241.0 247.0 252.0 258.0 264.0 270.0 276.0 282.0 288.0 293.0 299.0 304.0 310.0 315.0 320.0 26.0 34.0 41.0 48.0 55.0 61.0 68.0 74.0 81.0 87.0 92.0 98.0 104.0 109.0 115.0 120.0 126.0 131.0 137.0 142.0 148.0 154.0 160.0 166.0 172.0 189.0 1781304014.843096
198.0 201.0 204.0 208.0 211.0 216.0 220.0 225.0 230.0 236.0 241.0 247.0 253.0 259.0 264.0 270.0 277.0 283.0 289.0 294.0 300.0 306.0 311.0 316.0 321.0 26.0 34.0 41.0 48.0 55.0 61.0 68.0 74.0 80.0 86.0 92.0 97.0 103.0 108.0 114.0 119.0 124.0 130.0 136.0 141.0 146.0 152.0 158.0 164.0 170.0 190.0 1781304014.853502
198.0 201.0 204.0 207.0 211.0 216.0 220.0 225.0 230.0 236.0 241.0 247.0 253.0 259.0 265.0 271.0 277.0 283.0 289.0 295.0 300.0 306.0 311.0 317.0 321.0 26.0 34.0 41.0 48.0 55.0 61.0 68.0 74.0 80.0 86.0 92.0 97.0 103.0 108.0 114.0 119.0 124.0 129.0 135.0 140.0 146.0 152.0 157.0 163.0 169.0 191.0 1781304014.869237
198.0 201.0 204.0 207.0 211.0 215.0 220.0 225.0 230.0 236.0 241.0 247.0 253.0 259.0 265.0 271.0 277.0 283.0 289.0 295.0 301.0 307.0 312.0 317.0 322.0 26.0 34.0 41.0 48.0 55.0 62.0 68.0 74.0 80.0 86.0 92.0 97.0 103.0 108.0 114.0 119.0 124.0 129.0 135.0 140.0 145.0 151.0 157.0 162.0 168.0 192.0 1781304014.884303
198.0 201.0 204.0 207.0 211.0 215.0 220.0 224.0 230.0 235.0 241.0 246.0 252.0 258.0 264.0 271.0 277.0 283.0 289.0 295.0 301.0 307.0 312.0 318.0 323.0 26.0 34.0 41.0 48.0 55.0 62.0 69.0 75.0 81.0 87.0 92.0 98.0 103.0 109.0 114.0 119.0 124.0 130.0 135.0 140.0 145.0 151.0 156.0 162.0 167.0 193.0 1781304014.899698
198.0 201.0 204.0 207.0 211.0 215.0 219.0 224.0 229.0 234.0 240.0 245.0 251.0 257.0 263.0 269.0 276.0 282.0 288.0 294.0 300.0 306.0 312.0 317.0 323.0 26.0 34.0 41.0 48.0 55.0 62.0 69.0 75.0 81.0 87.0 93.0 99.0 104.0 110.0 115.0 120.0 125.0 130.0 136.0 141.0 146.0 151.0 156.0 161.0 166.0 194.0 1781304014.910116
199.0 201.0 203.0 207.0 210.0 214.0 218.0 223.0 228.0 233.0 238.0 244.0 250.0 256.0 262.0 268.0 274.0 280.0 286.0 293.0 299.0 305.0 311.0 317.0 323.0 25.0 33.0 41.0 49.0 56.0 63.0 69.0 76.0 82.0 88.0 94.0 100.0 106.0 111.0 117.0 122.0 127.0 132.0 137.0 142.0 146.0 152.0 156.0 161.0 166.0 195.0 1781304014.920520
199.0 201.0 203.0 206.0 210.0 213.0 217.0 221.0 226.0 230.0 236.0 241.0 247.0 252.0 258.0 264.0 270.0 276.0 283.0 289.0 295.0 301.0 308.0 314.0 320.0 25.0 33.0 41.0 49.0 56.0 63.0 70.0 77.0 84.0 90.0 96.0 102.0 108.0 114.0 119.0 124.0 130.0 135.0 140.0 144.0 149.0 154.0 158.0 163.0 166.0 196.0 1781304014.935963
199.0 201.0 203.0 206.0 209.0 212.0 216.0 220.0 224.0 228.0 233.0 238.0 244.0 249.0 255.0 261.0 267.0 273.0 279.0 285.0 292.0 298.0 304.0 311.0 317.0 25.0 33.0 41.0 49.0 56.0 64.0 71.0 77.0 84.0 91.0 97.0 104.0 109.0 115.0 121.0 127.0 132.0 137.0 142.0 147.0 152.0 156.0 160.0 164.0 168.0 197.0 1781304014.946108
199.0 201.0 203.0 205.0 208.0 211.0 214.0 218.0 222.0 226.0 231.0 235.0 240.0 246.0 251.0 256.0 262.0 268.0 274.0 280.0 287.0 293.0 300.0 306.0 313.0 25.0 33.0 41.0 49.0 56.0 64.0 71.0 78.0 85.0 92.0 99.0 105.0 111.0 118.0 124.0 129.0 135.0 140.0 145.0 150.0 155.0 159.0 164.0 168.0 171.0 198.0 1781304014.956592
199.0 201.0 202.0 205.0 207.0 210.0 213.0 216.0 220.0 224.0 228.0 233.0 237.0 242.0 247.0 253.0 258.0 264.0 270.0 276.0 282.0 288.0 295.0 302.0 309.0 25.0 33.0 41.0 49.0 57.0 64.0 72.0 79.0 86.0 93.0 100.0 107.0 113.0 119.0 126.0 132.0 137.0 143.0 148.0 153.0 158.0 163.0 167.0 171.0 174.0 199.0 1781304014.972180
200.0 201.0 202.0 204.0 206.0 209.0 211.0 214.0 217.0 221.0 225.0 229.0 233.0 238.0 243.0 248.0 253.0 259.0 264.0 270.0 276.0 282.0 288.0 295.0 301.0 25.0 33.0 41.0 49.0 57.0 65.0 72.0 80.0 87.0 94.0 101.0 108.0 115.0 121.0 127.0 134.0 140.0 145.0 151.0 156.0 161.0 166.0 171.0 175.0 180.0 200.0 1781304014.982391
200.0 201.0 202.0 203.0 205.0 207.0 209.0 212.0 215.0 218.0 222.0 226.0 230.0 234.0 238.0 243.0 248.0 253.0 259.0 264.0 269.0 275.0 281.0 288.0 294.0 25.0 33.0 41.0 49.0 57.0 65.0 72.0 80.0 87.0 94.0 101.0 109.0 116.0 123.0 129.0 135.0 142.0 148.0 153.0 159.0 165.0 170.0 175.0 180.0 185.0 201.0 1781304014.997767
200.0 201.0 202.0 203.0 204.0 206.0 208.0 211.0 213.0 216.0 219.0 222.0 226.0 230.0 234.0 238.0 243.0 247.0 252.0 257.0 262.0 267.0 273.0 278.0 284.0 25.0 33.0 41.0 49.0 57.0 65.0 72.0 80.0 88.0 95.0 102.0 110.0 117.0 124.0 130.0 138.0 144.0 150.0 157.0 163.0 169.0 175.0 180.0 186.0 191.0 202.0 1781304015.013230
200.0 201.0 201.0 202.0 204.0 206.0 207.0 209.0 212.0 214.0 216.0 220.0 223.0 227.0 230.0 234.0 237.0 242.0 246.0 250.0 254.0 259.0 264.0 269.0 274.0 25.0 33.0 41.0 49.0 57.0 65.0 73.0 81.0 88.0 96.0 103.0 110.0 118.0 125.0 132.0 139.0 146.0 153.0 159.0 166.0 172.0 179.0 185.0 191.0 197.0 203.0 1781304015.023643
200.0 200.0 201.0 202.0 203.0 205.0 206.0 208.0 210.0 212.0 214.0 216.0 219.0 222.0 224.0 227.0 230.0 233.0 237.0 240.0 243.0 247.0 251.0 255.0 259.0 25.0 33.0 41.0 49.0 57.0 65.0 73.0 81.0 88.0 96.0 104.0 111.0 119.0 126.0 133.0 141.0 148.0 155.0 163.0 170.0 177.0 184.0 191.0 198.0 204.0 204.0 1781304015.044052
199.0 200.0 201.0 202.0 203.0 204.0 206.0 207.0 208.0 210.0 211.0 214.0 215.0 217.0 219.0 221.0 223.0 225.0 227.0 230.0 232.0 234.0 236.0 239.0 241.0 26.0 34.0 41.0 49.0 57.0 65.0 73.0 81.0 88.0 96.0 104.0 112.0 120.0 127.0 135.0 143.0 150.0 158.0 165.0 173.0 180.0 188.0 195.0 203.0 210.0 205.0 1781304015.059511
199.0 200.0 201.0 202.0 203.0 204.0 205.0 207.0 208.0 209.0 210.0 211.0 212.0 214.0 215.0 216.0 217.0 218.0 219.0 221.0 222.0 223.0 224.0 225.0 227.0 26.0 33.0 41.0 49.0 57.0 65.0 73.0 81.0 89.0 97.0 104.0 112.0 120.0 128.0 136.0 144.0 151.0 159.0 167.0 174.0 182.0 190.0 198.0 205.0 213.0 206.0 1781304015.069958
199.0 200.0 201.0 202.0 203.0 204.0 205.0 206.0 207.0 207.0 208.0 208.0 209.0 210.0 210.0 211.0 212.0 212.0 212.0 212.0 213.0 213.0 213.0 213.0 213.0 26.0 33.0 41.0 49.0 57.0 65.0 73.0 81.0 89.0 97.0 105.0 113.0 120.0 128.0 136.0 144.0 152.0 159.0 167.0 175.0 183.0 191.0 199.0 207.0 214.0 207.0 1781304015.074905
199.0 200.0 201.0 202.0 203.0 204.0 205.0 205.0 205.0 206.0 206.0 206.0 207.0 206.0 206.0 206.0 206.0 205.0 205.0 205.0 204.0 204.0 203.0 202.0 201.0 25.0 33.0 41.0 49.0 57.0 65.0 73.0 81.0 89.0 97.0 105.0 113.0 121.0 128.0 136.0 144.0 152.0 160.0 168.0 176.0 184.0 191.0 199.0 207.0 214.0 208.0 1781304015.085068
199.0 200.0 201.0 202.0 203.0 203.0 204.0 204.0 204.0 204.0 204.0 204.0 203.0 203.0 202.0 201.0 201.0 200.0 199.0 197.0 195.0 194.0 192.0 191.0 189.0 25.0 33.0 41.0 49.0 57.0 65.0 73.0 81.0 89.0 97.0 105.0 113.0 121.0 129.0 137.0 144.0 152.0 160.0 168.0 175.0 183.0 191.0 198.0 206.0 214.0 209.0 1781304015.105731
200.0 200.0 201.0 201.0 201.0 201.0 202.0 201.0 201.0 200.0 200.0 199.0 198.0 197.0 196.0 194.0 193.0 191.0 189.0 187.0 184.0 182.0 179.0 176.0 172.0 25.0 33.0 41.0 49.0 57.0 65.0 73.0 81.0 89.0 97.0 105.0 113.0 120.0 128.0 136.0 143.0 151.0 159.0 167.0 174.0 182.0 189.0 196.0 204.0 211.0 210.0 1781304015.121591
200.0 200.0 200.0 200.0 200.0 200.0 199.0 199.0 198.0 197.0 195.0 194.0 193.0 191.0 189.0 187.0 185.0 182.0 179.0 176.0 173.0 170.0 166.0 162.0 158.0 25.0 33.0 41.0 49.0 57.0 65.0 73.0 81.0 88.0 96.0 104.0 112.0 120.0 128.0 135.0 142.0 150.0 157.0 165.0 172.0 179.0 187.0 193.0 200.0 207.0 211.0 1781304015.136638
200.0 200.0 200.0 200.0 199.0 198.0 197.0 196.0 195.0 193.0 192.0 190.0 188.0 185.0 183.0 181.0 178.0 174.0 171.0 168.0 164.0 160.0 156.0 151.0 147.0 26.0 33.0 41.0 49.0 57.0 65.0 73.0 80.0 88.0 96.0 104.0 111.0 119.0 127.0 134.0 142.0 149.0 156.0 163.0 171.0 177.0 184.0 191.0 198.0 204.0 212.0 1781304015.147043
200.0 200.0 199.0 199.0 198.0 196.0 195.0 194.0 192.0 190.0 188.0 186.0 183.0 181.0 178.0 175.0 172.0 168.0 165.0 160.0 156.0 152.0 148.0 143.0 138.0 26.0 33.0 41.0 49.0 57.0 64.0 72.0 80.0 88.0 96.0 103.0 111.0 118.0 126.0 133.0 140.0 148.0 155.0 162.0 168.0 175.0 182.0 188.0 195.0 201.0 213.0 1781304015.157686
201.0 200.0 199.0 198.0 196.0 194.0 193.0 190.0 188.0 186.0 183.0 180.0 177.0 174.0 170.0 167.0 163.0 159.0 155.0 151.0 147.0 143.0 138.0 133.0 128.0 26.0 33.0 41.0 49.0 56.0 64.0 72.0 80.0 87.0 94.0 102.0 109.0 117.0 124.0 131.0 138.0 145.0 152.0 159.0 165.0 172.0 178.0 185.0 191.0 197.0 214.0 1781304015.178199
201.0 200.0 198.0 197.0 195.0 192.0 190.0 187.0 184.0 181.0 178.0 175.0 171.0 167.0 163.0 159.0 155.0 151.0 147.0 143.0 138.0 134.0 129.0 125.0 121.0 26.0 33.0 41.0 49.0 56.0 64.0 71.0 79.0 86.0 93.0 101.0 107.0 114.0 121.0 129.0 135.0 142.0 148.0 155.0 162.0 169.0 175.0 182.0 188.0 194.0 215.0 1781304015.188287
202.0 200.0 198.0 196.0 193.0 191.0 188.0 185.0 181.0 178.0 174.0 170.0 166.0 162.0 158.0 154.0 149.0 145.0 141.0 136.0 132.0 127.0 123.0 119.0 115.0 26.0 33.0 41.0 48.0 56.0 63.0 71.0 78.0 85.0 92.0 99.0 106.0 112.0 119.0 126.0 133.0 139.0 146.0 153.0 159.0 166.0 172.0 179.0 186.0 192.0 216.0 1781304015.204009
202.0 200.0 198.0 195.0 192.0 189.0 186.0 182.0 178.0 174.0 170.0 166.0 162.0 157.0 152.0 148.0 144.0 139.0 134.0 130.0 126.0 122.0 118.0 114.0 110.0 26.0 33.0 41.0 48.0 56.0 63.0 70.0 77.0 84.0 91.0 97.0 103.0 110.0 117.0 123.0 130.0 136.0 143.0 149.0 156.0 162.0 169.0 176.0 183.0 190.0 217.0 1781304015.214593
202.0 200.0 197.0 194.0 192.0 188.0 184.0 180.0 176.0 172.0 167.0 163.0 158.0 153.0 148.0 144.0 139.0 135.0 130.0 126.0 121.0 117.0 113.0 109.0 106.0 26.0 34.0 41.0 48.0 55.0 62.0 69.0 76.0 82.0 89.0 95.0 102.0 108.0 114.0 121.0 127.0 134.0 140.0 147.0 153.0 160.0 167.0 173.0 180.0 187.0 218.0 1781304015.229789
203.0 200.0 197.0 194.0 191.0 187.0 183.0 179.0 174.0 169.0 164.0 159.0 154.0 150.0 145.0 140.0 135.0 130.0 125.0 121.0 117.0 113.0 109.0 105.0 102.0 26.0 34.0 41.0 48.0 55.0 62.0 68.0 75.0 81.0 88.0 94.0 100.0 107.0 113.0 119.0 125.0 131.0 137.0 144.0 150.0 157.0 164.0 171.0 178.0 185.0 219.0 1781304015.244908
203.0 200.0 197.0 194.0 190.0 186.0 182.0 177.0 173.0 168.0 162.0 157.0 152.0 147.0 142.0 137.0 132.0 127.0 122.0 118.0 114.0 110.0 106.0 102.0 98.0 26.0 34.0 41.0 48.0 55.0 61.0 68.0 74.0 81.0 87.0 93.0 99.0 105.0 111.0 117.0 123.0 129.0 135.0 142.0 148.0 155.0 162.0 169.0 176.0 183.0 220.0 1781304015.260725
203.0 200.0 197.0 193.0 190.0 186.0 181.0 176.0 171.0 167.0 161.0 156.0 151.0 146.0 140.0 135.0 130.0 125.0 120.0 116.0 111.0 107.0 103.0 99.0 96.0 26.0 34.0 41.0 48.0 54.0 61.0 67.0 74.0 80.0 86.0 92.0 98.0 104.0 110.0 116.0 122.0 128.0 134.0 140.0 147.0 153.0 160.0 167.0 174.0 181.0 221.0 1781304015.281063
203.0 200.0 197.0 193.0 190.0 185.0 181.0 176.0 171.0 166.0 161.0 156.0 151.0 145.0 140.0 135.0 130.0 124.0 119.0 115.0 110.0 106.0 101.0 98.0 94.0 26.0 34.0 41.0 48.0 54.0 61.0 67.0 74.0 80.0 86.0 92.0 98.0 104.0 110.0 116.0 121.0 127.0 133.0 140.0 146.0 152.0 159.0 166.0 172.0 179.0 222.0 1781304015.291324
203.0 200.0 197.0 193.0 190.0 186.0 181.0 176.0 172.0 167.0 161.0 156.0 151.0 145.0 140.0 135.0 130.0 124.0 119.0 114.0 109.0 105.0 100.0 96.0 92.0 26.0 34.0 41.0 48.0 54.0 61.0 67.0 74.0 80.0 86.0 92.0 98.0 104.0 110.0 116.0 121.0 127.0 133.0 139.0 146.0 152.0 158.0 165.0 171.0 178.0 223.0 1781304015.306837
203.0 200.0 197.0 194.0 190.0 186.0 182.0 177.0 172.0 167.0 162.0 157.0 152.0 146.0 140.0 135.0 130.0 124.0 119.0 114.0 109.0 104.0 99.0 95.0 91.0 26.0 34.0 41.0 48.0 55.0 61.0 68.0 74.0 80.0 86.0 93.0 98.0 104.0 110.0 116.0 122.0 127.0 133.0 139.0 145.0 151.0 158.0 164.0 170.0 177.0 224.0 1781304015.322307
202.0 200.0 197.0 194.0 191.0 187.0 183.0 178.0 174.0 169.0 163.0 158.0 153.0 147.0 142.0 136.0 131.0 125.0 120.0 115.0 109.0 104.0 99.0 94.0 90.0 26.0 33.0 41.0 48.0 55.0 62.0 69.0 75.0 81.0 87.0 93.0 99.0 105.0 111.0 117.0 123.0 128.0 134.0 140.0 146.0 151.0 157.0 163.0 169.0 175.0 225.0 1781304015.342762
202.0 200.0 198.0 195.0 192.0 188.0 184.0 180.0 176.0 171.0 166.0 161.0 156.0 151.0 145.0 140.0 134.0 128.0 122.0 117.0 111.0 105.0 100.0 95.0 89.0 26.0 33.0 41.0 48.0 56.0 63.0 70.0 76.0 83.0 89.0 95.0 101.0 107.0 113.0 119.0 125.0 131.0 136.0 141.0 147.0 152.0 158.0 163.0 168.0 173.0 226.0 1781304015.353112
201.0 200.0 198.0 195.0 193.0 189.0 185.0 182.0 178.0 173.0 168.0 163.0 158.0 153.0 148.0 142.0 136.0 130.0 124.0 119.0 113.0 107.0 101.0 95.0 90.0 25.0 33.0 41.0 49.0 56.0 63.0 70.0 78.0 84.0 90.0 97.0 103.0 109.0 115.0 121.0 127.0 132.0 138.0 143.0 148.0 153.0 159.0 164.0 168.0 173.0 227.0 1781304015.363414
201.0 200.0 198.0 196.0 194.0 191.0 188.0 184.0 180.0 176.0 172.0 167.0 162.0 157.0 151.0 146.0 140.0 135.0 129.0 122.0 116.0 111.0 104.0 98.0 92.0 25.0 33.0 41.0 49.0 57.0 64.0 71.0 78.0 86.0 92.0 98.0 105.0 111.0 118.0 123.0 129.0 135.0 140.0 145.0 151.0 155.0 160.0 165.0 169.0 173.0 228.0 1781304015.378954
201.0 200.0 199.0 197.0 195.0 192.0 190.0 186.0 183.0 179.0 175.0 170.0 166.0 161.0 156.0 150.0 145.0 139.0 134.0 128.0 121.0 115.0 109.0 103.0 96.0 25.0 33.0 41.0 49.0 57.0 65.0 72.0 79.0 87.0 94.0 100.0 107.0 113.0 120.0 126.0 132.0 137.0 143.0 148.0 153.0 158.0 163.0 167.0 171.0 175.0 229.0 1781304015.389418
200.0 200.0 199.0 198.0 196.0 194.0 191.0 188.0 186.0 182.0 178.0 174.0 170.0 165.0 160.0 155.0 150.0 144.0 138.0 132.0 126.0 120.0 114.0 107.0 100.0 25.0 33.0 41.0 49.0 57.0 65.0 73.0 80.0 87.0 94.0 102.0 109.0 115.0 121.0 127.0 134.0 140.0 146.0 151.0 156.0 161.0 165.0 169.0 174.0 178.0 230.0 1781304015.399638
200.0 200.0 199.0 198.0 196.0 195.0 193.0 190.0 187.0 184.0 180.0 177.0 173.0 168.0 164.0 159.0 154.0 149.0 143.0 137.0 131.0 125.0 118.0 112.0 105.0 25.0 33.0 41.0 49.0 57.0 65.0 73.0 81.0 88.0 95.0 102.0 109.0 116.0 123.0 129.0 135.0 142.0 148.0 153.0 158.0 163.0 168.0 173.0 177.0 181.0 231.0 1781304015.415479
200.0 200.0 199.0 198.0 197.0 196.0 194.0 192.0 189.0 186.0 183.0 179.0 176.0 172.0 168.0 163.0 158.0 153.0 147.0 142.0 136.0 130.0 124.0 117.0 110.0 25.0 33.0 41.0 49.0 57.0 65.0 73.0 81.0 88.0 96.0 103.0 110.0 117.0 124.0 131.0 137.0 143.0 149.0 155.0 161.0 166.0 171.0 176.0 181.0 185.0 232.0 1781304015.420324
200.0 200.0 199.0 199.0 198.0 197.0 195.0 193.0 191.0 188.0 186.0 183.0 179.0 176.0 172.0 168.0 163.0 159.0 154.0 149.0 143.0 138.0 132.0 126.0 119.0 25.0 33.0 41.0 49.0 57.0 65.0 73.0 81.0 88.0 96.0 103.0 111.0 118.0 125.0 132.0 139.0 145.0 152.0 157.0 164.0 170.0 175.0 180.0 186.0 190.0 233.0 1781304015.440914
200.0 200.0 200.0 199.0 199.0 197.0 196.0 195.0 193.0 190.0 188.0 185.0 182.0 179.0 176.0 172.0 168.0 164.0 159.0 155.0 150.0 145.0 139.0 134.0 128.0 25.0 33.0 41.0 49.0 57.0 65.0 73.0 81.0 88.0 96.0 104.0 111.0 118.0 126.0 133.0 140.0 147.0 154.0 160.0 167.0 173.0 179.0 185.0 190.0 196.0 234.0 1781304015.451294
200.0 200.0 200.0 199.0 199.0 198.0 196.0 195.0 194.0 192.0 190.0 188.0 185.0 183.0 180.0 176.0 174.0 170.0 166.0 162.0 158.0 154.0 149.0 145.0 140.0 25.0 33.0 41.0 49.0 57.0 65.0 73.0 81.0 89.0 97.0 104.0 112.0 119.0 127.0 134.0 142.0 149.0 156.0 163.0 170.0 177.0 184.0 190.0 196.0 203.0 235.0 1781304015.466900
200.0 200.0 200.0 199.0 199.0 198.0 197.0 196.0 195.0 194.0 192.0 190.0 189.0 187.0 185.0 182.0 180.0 178.0 175.0 173.0 170.0 167.0 164.0 161.0 158.0 26.0 33.0 41.0 49.0 57.0 65.0 73.0 81.0 89.0 97.0 105.0 113.0 120.0 128.0 136.0 143.0 151.0 159.0 166.0 173.0 180.0 188.0 195.0 202.0 209.0 236.0 1781304015.487159
201.0 200.0 200.0 199.0 199.0 198.0 198.0 197.0 195.0 195.0 194.0 193.0 191.0 190.0 190.0 188.0 187.0 186.0 184.0 183.0 182.0 180.0 179.0 177.0 176.0 26.0 33.0 41.0 49.0 57.0 65.0 73.0 81.0 89.0 97.0 105.0 113.0 121.0 128.0 136.0 144.0 152.0 160.0 167.0 175.0 183.0 190.0 198.0 206.0 213.0 237.0 1781304015.502514
201.0 200.0 200.0 199.0 199.0 198.0 198.0 197.0 196.0 196.0 195.0 194.0 194.0 193.0 193.0 192.0 192.0 192.0 192.0 191.0 191.0 192.0 192.0 192.0 192.0 26.0 33.0 41.0 49.0 57.0 65.0 73.0 81.0 89.0 97.0 105.0 113.0 121.0 129.0 137.0 145.0 153.0 161.0 169.0 176.0 184.0 192.0 199.0 207.0 215.0 238.0 1781304015.513039
201.0 201.0 200.0 199.0 199.0 198.0 198.0 197.0 197.0 197.0 196.0 197.0 197.0 197.0 198.0 198.0 198.0 199.0 200.0 201.0 202.0 204.0 205.0 207.0 209.0 25.0 33.0 41.0 49.0 57.0 65.0 73.0 81.0 89.0 97.0 106.0 114.0 122.0 130.0 138.0 146.0 153.0 161.0 169.0 176.0 184.0 192.0 199.0 207.0 215.0 239.0 1781304015.523201
201.0 201.0 200.0 199.0 199.0 198.0 198.0 198.0 198.0 198.0 198.0 199.0 199.0 201.0 201.0 202.0 204.0 205.0 207.0 209.0 211.0 214.0 216.0 219.0 223.0 25.0 33.0 41.0 49.0 57.0 66.0 74.0 82.0 90.0 98.0 106.0 113.0 121.0 129.0 137.0 145.0 153.0 160.0 168.0 176.0 183.0 191.0 198.0 206.0 213.0 240.0 1781304015.533466
201.0 201.0 200.0 200.0 199.0 199.0 199.0 199.0 200.0 200.0 201.0 201.0 202.0 204.0 205.0 207.0 209.0 211.0 213.0 216.0 219.0 223.0 226.0 230.0 234.0 25.0 33.0 41.0 49.0 57.0 66.0 74.0 82.0 90.0 97.0 105.0 113.0 121.0 129.0 137.0 145.0 152.0 160.0 167.0 175.0 182.0 189.0 196.0 203.0 210.0 241.0 1781304015.543803
201.0 201.0 200.0 200.0 200.0 200.0 200.0 201.0 201.0 202.0 203.0 204.0 206.0 207.0 210.0 212.0 214.0 217.0 220.0 223.0 227.0 231.0 235.0 240.0 245.0 25.0 33.0 41.0 49.0 58.0 66.0 74.0 82.0 90.0 97.0 105.0 113.0 121.0 129.0 136.0 144.0 152.0 159.0 166.0 173.0 180.0 187.0 194.0 201.0 207.0 242.0 1781304015.559709
200.0 201.0 200.0 201.0 201.0 202.0 202.0 203.0 204.0 206.0 207.0 209.0 211.0 213.0 216.0 219.0 222.0 226.0 229.0 233.0 238.0 242.0 247.0 252.0 257.0 25.0 33.0 41.0 49.0 57.0 65.0 73.0 81.0 89.0 97.0 105.0 113.0 120.0 128.0 135.0 142.0 150.0 157.0 164.0 171.0 178.0 184.0 191.0 197.0 203.0 243.0 1781304015.579819
200.0 201.0 201.0 202.0 202.0 203.0 205.0 206.0 208.0 210.0 211.0 214.0 216.0 220.0 223.0 226.0 229.0 234.0 237.0 242.0 247.0 251.0 257.0 263.0 268.0 25.0 33.0 41.0 49.0 57.0 65.0 73.0 81.0 89.0 96.0 104.0 111.0 119.0 126.0 134.0 141.0 148.0 154.0 161.0 168.0 174.0 181.0 187.0 193.0 198.0 244.0 1781304015.595269
200.0 201.0 202.0 203.0 204.0 206.0 207.0 210.0 211.0 214.0 216.0 220.0 222.0 226.0 229.0 233.0 237.0 241.0 246.0 251.0 255.0 260.0 265.0 271.0 277.0 26.0 33.0 41.0 49.0 57.0 65.0 73.0 80.0 88.0 95.0 102.0 110.0 118.0 125.0 131.0 138.0 145.0 152.0 159.0 165.0 171.0 177.0 183.0 189.0 195.0 245.0 1781304015.610855
199.0 201.0 202.0 203.0 206.0 207.0 210.0 212.0 215.0 217.0 221.0 224.0 227.0 231.0 235.0 239.0 243.0 248.0 252.0 257.0 262.0 267.0 272.0 278.0 283.0 26.0 33.0 41.0 49.0 57.0 64.0 72.0 79.0 87.0 94.0 101.0 108.0 116.0 123.0 130.0 137.0 143.0 150.0 156.0 162.0 169.0 175.0 181.0 187.0 193.0 246.0 1781304015.621553
199.0 201.0 202.0 205.0 207.0 209.0 212.0 215.0 218.0 222.0 225.0 229.0 233.0 237.0 241.0 245.0 250.0 254.0 259.0 264.0 269.0 274.0 278.0 283.0 288.0 26.0 33.0 41.0 49.0 56.0 64.0 71.0 79.0 86.0 93.0 100.0 107.0 114.0 121.0 127.0 134.0 141.0 147.0 154.0 160.0 167.0 173.0 179.0 185.0 191.0 247.0 1781304015.641759
199.0 201.0 203.0 206.0 208.0 212.0 215.0 219.0 222.0 226.0 230.0 235.0 238.0 243.0 248.0 252.0 256.0 261.0 266.0 270.0 275.0 280.0 284.0 289.0 293.0 26.0 34.0 41.0 49.0 56.0 63.0 70.0 77.0 84.0 91.0 98.0 104.0 111.0 118.0 124.0 131.0 138.0 144.0 151.0 157.0 163.0 170.0 177.0 183.0 189.0 248.0 1781304015.652040
198.0 201.0 204.0 206.0 210.0 213.0 218.0 221.0 226.0 230.0 234.0 239.0 243.0 248.0 253.0 258.0 262.0 267.0 272.0 276.0 280.0 284.0 289.0 292.0 297.0 26.0 34.0 41.0 48.0 55.0 62.0 69.0 76.0 83.0 89.0 96.0 102.0 109.0 115.0 122.0 128.0 134.0 141.0 147.0 154.0 161.0 168.0 174.0 181.0 188.0 249.0 1781304015.672702
198.0 201.0 204.0 207.0 211.0 215.0 219.0 223.0 228.0 232.0 237.0 242.0 247.0 251.0 256.0 261.0 266.0 270.0 275.0 279.0 283.0 288.0 292.0 295.0 299.0 26.0 34.0 41.0 48.0 55.0 61.0 68.0 75.0 81.0 88.0 95.0 101.0 107.0 113.0 119.0 126.0 132.0 139.0 145.0 152.0 158.0 165.0 172.0 180.0 186.0 250.0 1781304015.682943
198.0 201.0 204.0 208.0 211.0 215.0 220.0 225.0 229.0 234.0 239.0 244.0 249.0 254.0 259.0 264.0 269.0 273.0 278.0 282.0 286.0 290.0 294.0 297.0 301.0 26.0 34.0 41.0 48.0 55.0 61.0 68.0 74.0 80.0 86.0 93.0 99.0 105.0 111.0 117.0 123.0 130.0 136.0 143.0 149.0 156.0 163.0 170.0 178.0 185.0 251.0 1781304015.698427
198.0 201.0 204.0 208.0 212.0 216.0 220.0 225.0 230.0 235.0 240.0 245.0 250.0 255.0 260.0 265.0 270.0 274.0 279.0 283.0 287.0 291.0 295.0 299.0 302.0 26.0 34.0 41.0 48.0 54.0 61.0 68.0 74.0 80.0 86.0 92.0 98.0 104.0 110.0 117.0 123.0 129.0 135.0 142.0 148.0 155.0 162.0 169.0 177.0 184.0 252.0 1781304015.708927
198.0 201.0 204.0 208.0 211.0 216.0 220.0 225.0 230.0 235.0 240.0 245.0 251.0 256.0 261.0 266.0 271.0 275.0 280.0 284.0 288.0 293.0 296.0 300.0 303.0 26.0 34.0 41.0 48.0 55.0 61.0 67.0 74.0 80.0 86.0 92.0 98.0 104.0 110.0 116.0 122.0 129.0 135.0 142.0 148.0 155.0 162.0 169.0 176.0 183.0 253.0 1781304015.729235
198.0 201.0 204.0 207.0 211.0 216.0 220.0 225.0 230.0 235.0 240.0 245.0 250.0 256.0 261.0 266.0 271.0 276.0 280.0 285.0 289.0 293.0 297.0 300.0 304.0 26.0 34.0 41.0 48.0 55.0 61.0 68.0 74.0 80.0 86.0 92.0 98.0 104.0 110.0 116.0 122.0 128.0 135.0 141.0 147.0 154.0 161.0 168.0 176.0 183.0 254.0 1781304015.739539
198.0 201.0 204.0 207.0 211.0 215.0 220.0 224.0 229.0 235.0 240.0 245.0 250.0 255.0 260.0 266.0 271.0 275.0 280.0 285.0 289.0 293.0 298.0 301.0 305.0 26.0 34.0 41.0 48.0 55.0 61.0 68.0 74.0 80.0 86.0 92.0 98.0 104.0 110.0 117.0 122.0 128.0 135.0 141.0 147.0 154.0 161.0 168.0 175.0 182.0 255.0 1781304015.760321
198.0 201.0 204.0 207.0 211.0 215.0 219.0 223.0 228.0 233.0 238.0 243.0 248.0 253.0 258.0 264.0 269.0 274.0 279.0 284.0 289.0 293.0 298.0 302.0 306.0 26.0 34.0 41.0 48.0 55.0 62.0 68.0 75.0 81.0 87.0 93.0 99.0 105.0 111.0 117.0 123.0 129.0 136.0 142.0 148.0 154.0 161.0 167.0 174.0 181.0 256.0 1781304015.770864
199.0 201.0 203.0 206.0 210.0 213.0 217.0 221.0 226.0 231.0 235.0 240.0 245.0 250.0 255.0 261.0 266.0 271.0 276.0 281.0 287.0 292.0 297.0 302.0 307.0 26.0 33.0 41.0 48.0 55.0 62.0 69.0 76.0 82.0 89.0 95.0 102.0 108.0 114.0 120.0 125.0 132.0 138.0 144.0 149.0 155.0 161.0 167.0 173.0 179.0 257.0 1781304015.786484
199.0 201.0 203.0 206.0 209.0 213.0 217.0 220.0 225.0 229.0 234.0 239.0 243.0 248.0 253.0 259.0 264.0 270.0 275.0 280.0 286.0 291.0 297.0 302.0 307.0 26.0 33.0 41.0 49.0 56.0 63.0 70.0 77.0 83.0 90.0 96.0 103.0 109.0 115.0 121.0 127.0 133.0 139.0 145.0 150.0 156.0 162.0 167.0 173.0 178.0 258.0 1781304015.791131
199.0 201.0 203.0 206.0 208.0 211.0 215.0 218.0 222.0 226.0 230.0 235.0 240.0 244.0 249.0 254.0 260.0 265.0 271.0 277.0 282.0 288.0 294.0 300.0 305.0 26.0 33.0 41.0 49.0 56.0 63.0 70.0 77.0 85.0 91.0 98.0 104.0 111.0 117.0 123.0 129.0 135.0 141.0 147.0 152.0 157.0 163.0 168.0 173.0 178.0 259.0 1781304015.806665
199.0 201.0 203.0 205.0 207.0 210.0 213.0 216.0 219.0 223.0 227.0 231.0 236.0 240.0 245.0 250.0 256.0 261.0 266.0 272.0 278.0 284.0 290.0 297.0 303.0 26.0 33.0 41.0 49.0 56.0 64.0 71.0 79.0 86.0 93.0 100.0 107.0 113.0 119.0 126.0 132.0 138.0 144.0 149.0 155.0 160.0 165.0 170.0 174.0 178.0 260.0 1781304015.822410
200.0 201.0 202.0 204.0 206.0 208.0 211.0 214.0 216.0 220.0 224.0 228.0 232.0 237.0 241.0 246.0 251.0 256.0 262.0 268.0 274.0 280.0 287.0 293.0 300.0 25.0 33.0 41.0 49.0 57.0 65.0 72.0 79.0 87.0 94.0 102.0 108.0 115.0 122.0 128.0 135.0 141.0 146.0 152.0 157.0 162.0 167.0 171.0 176.0 179.0 261.0 1781304015.832415
200.0 201.0 202.0 203.0 205.0 207.0 209.0 211.0 214.0 217.0 221.0 224.0 227.0 232.0 236.0 241.0 246.0 251.0 257.0 263.0 269.0 275.0 281.0 288.0 294.0 25.0 33.0 41.0 49.0 57.0 65.0 73.0 80.0 87.0 95.0 102.0 110.0 117.0 123.0 130.0 136.0 142.0 149.0 154.0 159.0 164.0 169.0 174.0 178.0 182.0 262.0 1781304015.842718
201.0 201.0 201.0 202.0 203.0 205.0 207.0 209.0 211.0 214.0 217.0 220.0 223.0 227.0 231.0 236.0 240.0 245.0 250.0 256.0 261.0 267.0 273.0 280.0 287.0 25.0 33.0 41.0 49.0 57.0 65.0 73.0 81.0 88.0 96.0 103.0 110.0 118.0 125.0 132.0 138.0 144.0 150.0 156.0 162.0 167.0 173.0 178.0 182.0 187.0 263.0 1781304015.868629
201.0 201.0 201.0 201.0 202.0 203.0 205.0 206.0 208.0 211.0 213.0 216.0 219.0 222.0 226.0 230.0 234.0 239.0 243.0 248.0 254.0 259.0 265.0 271.0 278.0 25.0 33.0 41.0 49.0 57.0 65.0 73.0 81.0 89.0 96.0 104.0 111.0 119.0 126.0 133.0 139.0 146.0 153.0 159.0 165.0 171.0 177.0 182.0 187.0 192.0 264.0 1781304015.878753
201.0 201.0 201.0 201.0 202.0 202.0 203.0 205.0 206.0 208.0 210.0 212.0 215.0 218.0 221.0 224.0 228.0 232.0 236.0 240.0 245.0 250.0 255.0 261.0 267.0 25.0 33.0 41.0 49.0 57.0 65.0 73.0 81.0 89.0 97.0 104.0 112.0 119.0 127.0 134.0 141.0 148.0 155.0 162.0 168.0 175.0 181.0 187.0 193.0 199.0 265.0 1781304015.894286
201.0 201.0 201.0 201.0 201.0 202.0 203.0 204.0 205.0 206.0 208.0 210.0 212.0 214.0 217.0 219.0 222.0 225.0 229.0 232.0 235.0 240.0 244.0 248.0 253.0 25.0 33.0 41.0 49.0 57.0 65.0 73.0 81.0 89.0 97.0 105.0 112.0 120.0 128.0 135.0 143.0 150.0 157.0 164.0 172.0 178.0 185.0 192.0 198.0 205.0 266.0 1781304015.909739
200.0 200.0 201.0 201.0 201.0 202.0 202.0 203.0 204.0 205.0 207.0 208.0 209.0 211.0 213.0 215.0 217.0 219.0 222.0 224.0 227.0 230.0 234.0 237.0 241.0 25.0 33.0 41.0 49.0 57.0 65.0 73.0 81.0 89.0 97.0 105.0 113.0 121.0 128.0 136.0 144.0 152.0 159.0 166.0 174.0 181.0 189.0 196.0 203.0 210.0 267.0 1781304015.920017
200.0 200.0 201.0 201.0 202.0 202.0 203.0 203.0 203.0 205.0 205.0 206.0 207.0 207.0 208.0 210.0 211.0 212.0 213.0 214.0 216.0 217.0 219.0 221.0 222.0 25.0 33.0 41.0 49.0 57.0 65.0 73.0 81.0 89.0 97.0 105.0 113.0 121.0 129.0 137.0 144.0 152.0 160.0 168.0 176.0 184.0 191.0 198.0 206.0 213.0 268.0 1781304015.940580
199.0 200.0 201.0 202.0 202.0 202.0 203.0 203.0 203.0 204.0 204.0 204.0 204.0 204.0 204.0 204.0 204.0 204.0 204.0 204.0 204.0 204.0 204.0 204.0 204.0 25.0 33.0 41.0 49.0 57.0 65.0 73.0 81.0 89.0 97.0 105.0 113.0 121.0 129.0 137.0 145.0 153.0 161.0 169.0 176.0 184.0 192.0 199.0 207.0 214.0 269.0 1781304015.955982
199.0 200.0 201.0 202.0 202.0 203.0 203.0 203.0 203.0 203.0 203.0 202.0 202.0 202.0 201.0 200.0 199.0 198.0 197.0 196.0 194.0 193.0 192.0 190.0 188.0 25.0 33.0 41.0 49.0 57.0 65.0 73.0 81.0 89.0 97.0 105.0 113.0 121.0 129.0 137.0 145.0 152.0 160.0 168.0 176.0 183.0 191.0 199.0 206.0 214.0 270.0 1781304015.966327
199.0 200.0 201.0 201.0 202.0 202.0 202.0 202.0 202.0 201.0 201.0 200.0 199.0 198.0 197.0 195.0 194.0 192.0 189.0 188.0 185.0 182.0 179.0 177.0 173.0 25.0 33.0 41.0 49.0 57.0 65.0 73.0 81.0 89.0 97.0 105.0 113.0 121.0 128.0 136.0 144.0 152.0 160.0 167.0 174.0 182.0 189.0 196.0 204.0 211.0 271.0 1781304015.981716
199.0 200.0 200.0 201.0 201.0 202.0 202.0 201.0 200.0 200.0 199.0 198.0 197.0 195.0 193.0 191.0 189.0 186.0 183.0 180.0 177.0 173.0 169.0 165.0 161.0 25.0 33.0 41.0 49.0 57.0 65.0 73.0 81.0 89.0 97.0 105.0 113.0 121.0 128.0 136.0 144.0 151.0 159.0 166.0 173.0 180.0 187.0 194.0 201.0 208.0 272.0 1781304015.992180
199.0 200.0 200.0 201.0 201.0 201.0 200.0 200.0 199.0 198.0 196.0 195.0 193.0 191.0 189.0 186.0 184.0 180.0 177.0 174.0 169.0 165.0 161.0 156.0 151.0 25.0 33.0 41.0 49.0 57.0 65.0 73.0 81.0 89.0 97.0 105.0 113.0 120.0 128.0 136.0 143.0 151.0 158.0 165.0 172.0 179.0 185.0 192.0 198.0 204.0 273.0 1781304016.002357
200.0 200.0 200.0 200.0 200.0 200.0 199.0 198.0 197.0 196.0 194.0 193.0 190.0 188.0 185.0 182.0 179.0 176.0 172.0 168.0 163.0 159.0 153.0 148.0 142.0 25.0 33.0 41.0 49.0 57.0 65.0 73.0 81.0 89.0 97.0 104.0 112.0 120.0 128.0 135.0 142.0 149.0 156.0 164.0 170.0 177.0 183.0 189.0 195.0 201.0 274.0 1781304016.012746
200.0 200.0 200.0 200.0 199.0 199.0 198.0 197.0 195.0 193.0 192.0 190.0 187.0 185.0 181.0 178.0 175.0 171.0 167.0 162.0 157.0 152.0 147.0 141.0 135.0 25.0 33.0 41.0 49.0 57.0 65.0 73.0 81.0 88.0 96.0 104.0 112.0 119.0 127.0 134.0 141.0 148.0 155.0 162.0 168.0 175.0 181.0 187.0 192.0 197.0 275.0 1781304016.023373
200.0 200.0 200.0 199.0 198.0 197.0 196.0 194.0 192.0 190.0 188.0 186.0 183.0 180.0 176.0 173.0 169.0 164.0 160.0 155.0 150.0 145.0 139.0 133.0 127.0 25.0 33.0 41.0 49.0 57.0 65.0 73.0 80.0 88.0 96.0 104.0 111.0 118.0 126.0 133.0 140.0 147.0 154.0 160.0 166.0 172.0 179.0 184.0 189.0 194.0 276.0 1781304016.038473
200.0 200.0 199.0 198.0 197.0 196.0 194.0 192.0 189.0 187.0 184.0 181.0 178.0 174.0 171.0 167.0 162.0 158.0 154.0 149.0 144.0 138.0 133.0 127.0 120.0 25.0 33.0 41.0 49.0 57.0 64.0 72.0 80.0 88.0 95.0 102.0 110.0 117.0 124.0 131.0 138.0 144.0 151.0 157.0 164.0 170.0 176.0 181.0 187.0 192.0 277.0 1781304016.048878
201.0 200.0 199.0 197.0 196.0 194.0 192.0 189.0 187.0 184.0 181.0 177.0 173.0 170.0 166.0 161.0 157.0 153.0 148.0 143.0 138.0 133.0 127.0 121.0 116.0 25.0 33.0 41.0 49.0 57.0 64.0 72.0 79.0 87.0 94.0 102.0 109.0 116.0 122.0 129.0 136.0 143.0 150.0 156.0 162.0 168.0 174.0 180.0 185.0 191.0 278.0 1781304016.064226
201.0 200.0 199.0 197.0 195.0 192.0 189.0 186.0 183.0 180.0 176.0 172.0 168.0 164.0 160.0 155.0 151.0 146.0 141.0 136.0 132.0 127.0 122.0 117.0 112.0 26.0 33.0 41.0 49.0 56.0 64.0 72.0 79.0 86.0 93.0 100.0 107.0 114.0 120.0 127.0 134.0 140.0 147.0 153.0 159.0 166.0 172.0 178.0 184.0 190.0 279.0 1781304016.084832
202.0 200.0 198.0 196.0 193.0 190.0 187.0 184.0 181.0 176.0 172.0 169.0 164.0 159.0 155.0 151.0 146.0 142.0 137.0 132.0 127.0 123.0 118.0 114.0 109.0 26.0 33.0 41.0 48.0 56.0 63.0 71.0 78.0 85.0 92.0 98.0 105.0 112.0 119.0 125.0 132.0 138.0 145.0 151.0 158.0 164.0 170.0 177.0 184.0 190.0 280.0 1781304016.095107
202.0 200.0 198.0 195.0 192.0 189.0 186.0 182.0 178.0 174.0 170.0 165.0 161.0 156.0 152.0 147.0 142.0 138.0 133.0 128.0 124.0 120.0 115.0 111.0 108.0 26.0 33.0 41.0 48.0 56.0 63.0 70.0 77.0 84.0 91.0 97.0 104.0 111.0 117.0 124.0 130.0 137.0 143.0 150.0 156.0 162.0 169.0 176.0 183.0 190.0 281.0 1781304016.105366
202.0 200.0 197.0 195.0 191.0 188.0 184.0 180.0 176.0 171.0 167.0 162.0 158.0 153.0 148.0 143.0 138.0 134.0 130.0 125.0 121.0 117.0 113.0 110.0 107.0 26.0 33.0 41.0 48.0 55.0 63.0 69.0 76.0 82.0 89.0 96.0 103.0 109.0 115.0 122.0 128.0 135.0 141.0 148.0 155.0 161.0 168.0 175.0 182.0 189.0 282.0 1781304016.121089
203.0 200.0 197.0 194.0 191.0 187.0 183.0 179.0 174.0 170.0 165.0 160.0 156.0 151.0 146.0 141.0 137.0 132.0 128.0 123.0 119.0 116.0 112.0 109.0 106.0 26.0 34.0 41.0 48.0 55.0 62.0 68.0 75.0 81.0 88.0 95.0 101.0 107.0 114.0 120.0 126.0 133.0 140.0 147.0 153.0 160.0 167.0 174.0 181.0 189.0 283.0 1781304016.136560
203.0 200.0 197.0 194.0 190.0 186.0 182.0 178.0 174.0 169.0 164.0 159.0 155.0 150.0 145.0 140.0 135.0 131.0 127.0 122.0 119.0 115.0 112.0 108.0 106.0 26.0 34.0 41.0 48.0 55.0 62.0 68.0 75.0 81.0 87.0 94.0 100.0 107.0 113.0 120.0 126.0 133.0 139.0 146.0 152.0 159.0 167.0 174.0 181.0 189.0 284.0 1781304016.141649
203.0 200.0 197.0 194.0 190.0 186.0 182.0 178.0 173.0 169.0 164.0 159.0 154.0 149.0 144.0 139.0 135.0 130.0 126.0 122.0 118.0 115.0 111.0 108.0 106.0 26.0 34.0 41.0 48.0 54.0 61.0 68.0 75.0 81.0 87.0 94.0 100.0 106.0 112.0 119.0 125.0 132.0 139.0 145.0 152.0 159.0 166.0 173.0 180.0 188.0 285.0 1781304016.156931
203.0 200.0 197.0 194.0 190.0 186.0 182.0 178.0 173.0 168.0 163.0 158.0 154.0 149.0 144.0 139.0 135.0 130.0 126.0 122.0 118.0 114.0 111.0 108.0 105.0 26.0 34.0 41.0 48.0 55.0 61.0 68.0 74.0 81.0 87.0 93.0 100.0 106.0 112.0 119.0 125.0 132.0 138.0 145.0 152.0 159.0 166.0 173.0 180.0 188.0 286.0 1781304016.177547
203.0 200.0 197.0 194.0 190.0 186.0 182.0 178.0 173.0 168.0 164.0 159.0 154.0 149.0 144.0 139.0 135.0 130.0 126.0 122.0 118.0 114.0 111.0 108.0 105.0 26.0 34.0 41.0 48.0 55.0 61.0 68.0 75.0 81.0 87.0 94.0 100.0 106.0 113.0 119.0 125.0 132.0 138.0 145.0 152.0 159.0 166.0 173.0 180.0 188.0 287.0 1781304016.192933
203.0 200.0 197.0 194.0 191.0 187.0 183.0 178.0 174.0 170.0 165.0 160.0 155.0 150.0 146.0 141.0 136.0 132.0 127.0 123.0 119.0 115.0 112.0 108.0 105.0 26.0 34.0 41.0 48.0 55.0 62.0 69.0 75.0 82.0 88.0 95.0 101.0 107.0 114.0 120.0 127.0 133.0 140.0 146.0 153.0 160.0 167.0 174.0 181.0 188.0 288.0 1781304016.209051
202.0 200.0 197.0 195.0 191.0 188.0 184.0 180.0 176.0 172.0 167.0 163.0 158.0 153.0 149.0 144.0 139.0 134.0 130.0 125.0 121.0 117.0 113.0 109.0 106.0 26.0 33.0 41.0 48.0 55.0 62.0 69.0 76.0 83.0 89.0 96.0 102.0 109.0 115.0 122.0 128.0 135.0 141.0 147.0 154.0 161.0 168.0 174.0 181.0 189.0 289.0 1781304016.213962
202.0 200.0 198.0 195.0 192.0 189.0 186.0 182.0 178.0 174.0 170.0 165.0 161.0 156.0 152.0 147.0 142.0 137.0 133.0 128.0 124.0 119.0 115.0 110.0 107.0 25.0 33.0 41.0 49.0 56.0 63.0 70.0 77.0 84.0 91.0 98.0 104.0 110.0 117.0 123.0 130.0 136.0 143.0 149.0 156.0 162.0 169.0 175.0 182.0 188.0 290.0 1781304016.229236
202.0 200.0 198.0 196.0 194.0 190.0 188.0 184.0 181.0 177.0 173.0 169.0 165.0 161.0 156.0 151.0 147.0 142.0 137.0 132.0 128.0 123.0 118.0 113.0 109.0 25.0 33.0 41.0 49.0 56.0 63.0 71.0 78.0 85.0 92.0 99.0 105.0 112.0 119.0 126.0 132.0 139.0 145.0 151.0 157.0 164.0 170.0 176.0 182.0 189.0 291.0 1781304016.239380
201.0 200.0 198.0 197.0 195.0 192.0 190.0 187.0 184.0 181.0 177.0 173.0 169.0 165.0 161.0 157.0 152.0 147.0 143.0 138.0 132.0 127.0 122.0 117.0 112.0 25.0 33.0 41.0 49.0 56.0 64.0 71.0 79.0 86.0 93.0 100.0 107.0 114.0 121.0 128.0 134.0 141.0 147.0 154.0 160.0 166.0 172.0 178.0 184.0 189.0 292.0 1781304016.260165
201.0 200.0 199.0 198.0 196.0 194.0 192.0 190.0 187.0 184.0 181.0 178.0 174.0 171.0 166.0 162.0 158.0 154.0 149.0 144.0 139.0 134.0 128.0 123.0 117.0 25.0 33.0 41.0 49.0 57.0 65.0 72.0 80.0 87.0 94.0 102.0 109.0 116.0 123.0 129.0 136.0 143.0 149.0 156.0 162.0 168.0 174.0 180.0 185.0 190.0 293.0 1781304016.275475
200.0 200.0 199.0 198.0 197.0 196.0 194.0 192.0 190.0 188.0 185.0 182.0 179.0 176.0 172.0 168.0 164.0 160.0 155.0 150.0 145.0 140.0 134.0 129.0 123.0 25.0 33.0 41.0 49.0 57.0 65.0 72.0 80.0 87.0 95.0 103.0 110.0 117.0 124.0 131.0 138.0 145.0 152.0 158.0 164.0 170.0 177.0 182.0 187.0 193.0 294.0 1781304016.290921
200.0 200.0 200.0 199.0 198.0 198.0 196.0 195.0 192.0 191.0 189.0 186.0 183.0 180.0 177.0 173.0 170.0 165.0 161.0 156.0 151.0 146.0 141.0 135.0 129.0 25.0 33.0 41.0 49.0 57.0 65.0 73.0 80.0 88.0 96.0 103.0 111.0 118.0 126.0 133.0 140.0 146.0 153.0 160.0 166.0 173.0 179.0 184.0 190.0 195.0 295.0 1781304016.296062
200.0 200.0 200.0 200.0 199.0 199.0 198.0 196.0 195.0 194.0 191.0 189.0 187.0 184.0 181.0 178.0 174.0 170.0 167.0 162.0 157.0 152.0 147.0 141.0 135.0 25.0 33.0 41.0 49.0 57.0 65.0 73.0 81.0 89.0 97.0 104.0 111.0 119.0 126.0 134.0 141.0 148.0 155.0 161.0 168.0 175.0 181.0 187.0 193.0 198.0 296.0 1781304016.306401
199.0 200.0 200.0 200.0 200.0 200.0 199.0 198.0 197.0 196.0 194.0 193.0 190.0 188.0 186.0 183.0 180.0 176.0 173.0 169.0 165.0 160.0 155.0 150.0 145.0 25.0 33.0 41.0 49.0 57.0 65.0 73.0 81.0 89.0 97.0 104.0 112.0 120.0 127.0 135.0 142.0 149.0 156.0 163.0 171.0 177.0 184.0 190.0 197.0 203.0 297.0 1781304016.326814
199.0 200.0 200.0 201.0 201.0 201.0 200.0 200.0 199.0 198.0 197.0 196.0 194.0 192.0 190.0 188.0 185.0 183.0 180.0 177.0 173.0 170.0 166.0 162.0 157.0 25.0 33.0 41.0 49.0 57.0 65.0 73.0 81.0 89.0 97.0 105.0 113.0 120.0 128.0 136.0 143.0 151.0 158.0 165.0 173.0 180.0 187.0 193.0 201.0 207.0 298.0 1781304016.342275
199.0 200.0 201.0 201.0 201.0 201.0 201.0 201.0 200.0 199.0 199.0 198.0 197.0 196.0 194.0 192.0 190.0 188.0 186.0 184.0 181.0 178.0 175.0 172.0 169.0 25.0 33.0 41.0 49.0 57.0 65.0 73.0 81.0 89.0 97.0 105.0 113.0 121.0 129.0 136.0 144.0 152.0 159.0 167.0 174.0 182.0 189.0 196.0 204.0 211.0 299.0 1781304016.352699
200.0 200.0 201.0 201.0 201.0 201.0 202.0 201.0 201.0 201.0 201.0 200.0 200.0 199.0 199.0 197.0 197.0 196.0 194.0 193.0 192.0 191.0 190.0 188.0 186.0 25.0 33.0 41.0 49.0 57.0 65.0 73.0 81.0 89.0 97.0 105.0 113.0 121.0 129.0 137.0 144.0 152.0 160.0 168.0 176.0 184.0 191.0 199.0 206.0 214.0 300.0 1781304016.373464
200.0 200.0 200.0 201.0 201.0 201.0 201.0 202.0 201.0 202.0 202.0 202.0 202.0 203.0 203.0 203.0 203.0 203.0 203.0 203.0 203.0 203.0 203.0 204.0 204.0 25.0 33.0 41.0 49.0 57.0 65.0 73.0 81.0 89.0 97.0 105.0 113.0 121.0 129.0 137.0 145.0 153.0 161.0 168.0 176.0 184.0 191.0 199.0 207.0 214.0 301.0 1781304016.388963
200.0 200.0 200.0 200.0 201.0 201.0 201.0 202.0 202.0 202.0 203.0 203.0 204.0 205.0 206.0 207.0 207.0 208.0 209.0 211.0 212.0 213.0 215.0 216.0 218.0 25.0 33.0 41.0 49.0 57.0 65.0 73.0 81.0 89.0 97.0 105.0 113.0 121.0 129.0 137.0 144.0 152.0 160.0 168.0 175.0 183.0 191.0 199.0 206.0 214.0 302.0 1781304016.404340
201.0 201.0 201.0 201.0 201.0 201.0 202.0 202.0 203.0 204.0 205.0 206.0 207.0 209.0 210.0 212.0 214.0 216.0 218.0 221.0 223.0 226.0 228.0 232.0 235.0 25.0 33.0 41.0 49.0 57.0 65.0 73.0 81.0 89.0 97.0 105.0 112.0 120.0 128.0 136.0 144.0 151.0 159.0 166.0 174.0 181.0 188.0 195.0 203.0 210.0 303.0 1781304016.419734
201.0 201.0 201.0 201.0 201.0 202.0 202.0 203.0 204.0 205.0 206.0 208.0 210.0 212.0 214.0 216.0 219.0 222.0 225.0 228.0 232.0 235.0 239.0 243.0 248.0 25.0 33.0 41.0 49.0 57.0 65.0 73.0 81.0 89.0 97.0 105.0 112.0 120.0 128.0 135.0 143.0 150.0 157.0 165.0 172.0 179.0 186.0 193.0 199.0 206.0 304.0 1781304016.430507
201.0 201.0 201.0 201.0 201.0 202.0 203.0 204.0 205.0 207.0 209.0 210.0 213.0 215.0 218.0 221.0 224.0 228.0 231.0 236.0 240.0 244.0 249.0 254.0 259.0 25.0 33.0 41.0 49.0 57.0 65.0 73.0 81.0 88.0 96.0 104.0 112.0 120.0 127.0 134.0 141.0 149.0 156.0 162.0 169.0 176.0 183.0 189.0 195.0 201.0 305.0 1781304016.440720
201.0 201.0 201.0 201.0 202.0 203.0 204.0 206.0 207.0 209.0 211.0 213.0 216.0 219.0 222.0 226.0 229.0 233.0 237.0 242.0 246.0 252.0 257.0 263.0 268.0 25.0 33.0 41.0 49.0 57.0 65.0 73.0 81.0 88.0 96.0 104.0 111.0 119.0 126.0 133.0 140.0 147.0 154.0 161.0 167.0 174.0 180.0 185.0 192.0 197.0 306.0 1781304016.455927
200.0 201.0 201.0 202.0 203.0 205.0 206.0 208.0 210.0 212.0 214.0 218.0 221.0 224.0 228.0 231.0 236.0 240.0 245.0 249.0 255.0 260.0 266.0 272.0 278.0 25.0 33.0 41.0 49.0 57.0 65.0 73.0 80.0 88.0 96.0 103.0 111.0 118.0 125.0 132.0 139.0 146.0 152.0 158.0 165.0 171.0 176.0 182.0 187.0 192.0 307.0 1781304016.476541
200.0 201.0 202.0 203.0 204.0 206.0 208.0 210.0 213.0 215.0 218.0 222.0 225.0 229.0 233.0 237.0 242.0 246.0 251.0 256.0 262.0 268.0 273.0 279.0 286.0 26.0 33.0 41.0 49.0 57.0 64.0 72.0 80.0 88.0 95.0 102.0 110.0 116.0 123.0 131.0 137.0 144.0 150.0 156.0 162.0 168.0 174.0 179.0 184.0 189.0 308.0 1781304016.491775
200.0 201.0 202.0 204.0 206.0 208.0 210.0 213.0 216.0 219.0 222.0 226.0 230.0 234.0 238.0 243.0 247.0 252.0 257.0 263.0 268.0 274.0 280.0 285.0 291.0 26.0 33.0 41.0 49.0 56.0 64.0 72.0 79.0 87.0 94.0 101.0 108.0 115.0 122.0 129.0 135.0 142.0 148.0 154.0 160.0 165.0 171.0 176.0 182.0 186.0 309.0 1781304016.507560
199.0 201.0 202.0 204.0 207.0 209.0 212.0 215.0 219.0 222.0 226.0 230.0 234.0 238.0 242.0 247.0 252.0 257.0 263.0 268.0 273.0 278.0 284.0 290.0 295.0 26.0 33.0 41.0 49.0 56.0 64.0 71.0 79.0 86.0 92.0 100.0 107.0 113.0 120.0 126.0 133.0 139.0 146.0 152.0 157.0 163.0 169.0 174.0 180.0 185.0 310.0 1781304016.522857
199.0 201.0 203.0 205.0 208.0 211.0 214.0 218.0 221.0 225.0 229.0 233.0 238.0 243.0 247.0 252.0 257.0 262.0 267.0 272.0 277.0 283.0 288.0 293.0 298.0 26.0 33.0 41.0 48.0 56.0 63.0 70.0 78.0 85.0 91.0 98.0 105.0 112.0 118.0 125.0 131.0 137.0 143.0 150.0 156.0 162.0 168.0 174.0 179.0 185.0 311.0 1781304016.538301
198.0 201.0 203.0 206.0 209.0 212.0 215.0 219.0 223.0 227.0 231.0 236.0 241.0 246.0 250.0 255.0 260.0 265.0 270.0 275.0 280.0 285.0 290.0 295.0 299.0 26.0 33.0 41.0 48.0 56.0 63.0 70.0 77.0 84.0 90.0 97.0 104.0 110.0 117.0 123.0 130.0 136.0 142.0 148.0 154.0 160.0 167.0 173.0 179.0 185.0 312.0 1781304016.543476
198.0 201.0 203.0 206.0 209.0 213.0 216.0 220.0 224.0 229.0 233.0 237.0 242.0 247.0 252.0 257.0 262.0 267.0 272.0 276.0 281.0 286.0 291.0 296.0 300.0 26.0 33.0 41.0 48.0 55.0 63.0 69.0 77.0 83.0 90.0 96.0 103.0 110.0 116.0 122.0 129.0 135.0 141.0 148.0 154.0 160.0 166.0 173.0 179.0 185.0 313.0 1781304016.553802
198.0 201.0 203.0 206.0 210.0 213.0 217.0 221.0 225.0 230.0 234.0 239.0 244.0 249.0 254.0 259.0 263.0 268.0 273.0 278.0 283.0 287.0 292.0 296.0 300.0 26.0 34.0 41.0 48.0 55.0 62.0 69.0 76.0 83.0 89.0 96.0 102.0 109.0 115.0 121.0 128.0 134.0 140.0 147.0 153.0 160.0 166.0 172.0 179.0 186.0 314.0 1781304016.569577
198.0 201.0 203.0 207.0 210.0 214.0 218.0 222.0 226.0 231.0 235.0 240.0 245.0 250.0 255.0 260.0 264.0 269.0 274.0 279.0 283.0 287.0 292.0 296.0 299.0 26.0 34.0 41.0 48.0 55.0 62.0 69.0 76.0 82.0 89.0 95.0 102.0 108.0 114.0 121.0 127.0 134.0 140.0 146.0 152.0 159.0 166.0 172.0 180.0 186.0 315.0 1781304016.589802
198.0 201.0 204.0 207.0 210.0 214.0 218.0 222.0 226.0 231.0 236.0 241.0 246.0 250.0 255.0 260.0 265.0 270.0 274.0 279.0 283.0 287.0 292.0 295.0 299.0 26.0 34.0 41.0 48.0 55.0 62.0 69.0 76.0 82.0 88.0 95.0 101.0 107.0 114.0 120.0 127.0 133.0 139.0 146.0 152.0 159.0 166.0 172.0 180.0 187.0 316.0 1781304016.605572
198.0 201.0 204.0 207.0 210.0 214.0 218.0 223.0 227.0 231.0 236.0 241.0 246.0 251.0 255.0 260.0 265.0 270.0 274.0 279.0 283.0 287.0 291.0 295.0 298.0 26.0 34.0 41.0 48.0 55.0 62.0 69.0 76.0 82.0 88.0 95.0 101.0 107.0 114.0 120.0 127.0 133.0 140.0 146.0 152.0 159.0 166.0 173.0 180.0 187.0 317.0 1781304016.615910
198.0 201.0 204.0 207.0 211.0 214.0 218.0 223.0 227.0 231.0 236.0 241.0 246.0 251.0 256.0 260.0 265.0 270.0 274.0 279.0 283.0 287.0 291.0 295.0 298.0 26.0 34.0 41.0 48.0 55.0 62.0 69.0 75.0 82.0 88.0 95.0 101.0 107.0 114.0 120.0 127.0 133.0 140.0 146.0 153.0 159.0 166.0 173.0 180.0 187.0 318.0 1781304016.620870
198.0 201.0 203.0 206.0 210.0 214.0 218.0 222.0 226.0 231.0 235.0 240.0 245.0 250.0 254.0 259.0 264.0 268.0 273.0 277.0 282.0 286.0 290.0 293.0 297.0 26.0 34.0 41.0 48.0 55.0 62.0 69.0 76.0 82.0 89.0 96.0 102.0 108.0 115.0 121.0 128.0 134.0 141.0 147.0 154.0 161.0 167.0 174.0 182.0 189.0 319.0 1781304016.641599
199.0 201.0 203.0 206.0 210.0 213.0 216.0 221.0 225.0 229.0 233.0 237.0 242.0 247.0 251.0 256.0 260.0 265.0 270.0 274.0 278.0 283.0 287.0 291.0 294.0 26.0 33.0 41.0 49.0 56.0 63.0 70.0 76.0 83.0 90.0 97.0 103.0 110.0 116.0 123.0 130.0 136.0 143.0 150.0 156.0 163.0 170.0 176.0 183.0 190.0 320.0 1781304016.657061
199.0 201.0 203.0 206.0 209.0 212.0 215.0 219.0 223.0 227.0 231.0 235.0 240.0 244.0 248.0 253.0 257.0 262.0 267.0 271.0 275.0 279.0 284.0 288.0 292.0 26.0 33.0 41.0 49.0 56.0 63.0 70.0 77.0 84.0 91.0 98.0 105.0 112.0 118.0 125.0 131.0 138.0 144.0 151.0 157.0 164.0 171.0 178.0 185.0 191.0 321.0 1781304016.667164
199.0 201.0 203.0 205.0 208.0 210.0 214.0 217.0 220.0 224.0 228.0 231.0 236.0 240.0 244.0 248.0 253.0 257.0 262.0 266.0 271.0 275.0 280.0 284.0 289.0 26.0 33.0 41.0 49.0 56.0 63.0 71.0 78.0 85.0 92.0 99.0 106.0 113.0 120.0 127.0 134.0 140.0 147.0 154.0 160.0 167.0 173.0 179.0 186.0 193.0 322.0 1781304016.682418
199.0 201.0 202.0 204.0 206.0 209.0 212.0 214.0 218.0 220.0 224.0 227.0 231.0 235.0 239.0 243.0 247.0 252.0 256.0 261.0 266.0 270.0 275.0 280.0 285.0 25.0 33.0 41.0 49.0 56.0 64.0 71.0 79.0 86.0 94.0 101.0 108.0 115.0 122.0 129.0 136.0 142.0 149.0 156.0 162.0 169.0 175.0 182.0 188.0 194.0 323.0 1781304016.697754
199.0 201.0 202.0 204.0 205.0 207.0 210.0 212.0 215.0 218.0 220.0 224.0 227.0 231.0 235.0 239.0 243.0 247.0 251.0 256.0 260.0 265.0 270.0 275.0 280.0 26.0 33.0 41.0 49.0 57.0 64.0 72.0 80.0 87.0 94.0 102.0 109.0 117.0 123.0 130.0 137.0 144.0 151.0 158.0 165.0 171.0 177.0 184.0 190.0 196.0 324.0 1781304016.708130
200.0 201.0 202.0 203.0 204.0 206.0 207.0 209.0 211.0 214.0 216.0 219.0 222.0 225.0 228.0 232.0 236.0 240.0 244.0 248.0 253.0 258.0 262.0 268.0 273.0 25.0 33.0 41.0 49.0 57.0 65.0 73.0 80.0 88.0 96.0 103.0 111.0 118.0 125.0 133.0 140.0 147.0 154.0 160.0 167.0 174.0 181.0 187.0 193.0 199.0 325.0 1781304016.728826
200.0 201.0 201.0 202.0 203.0 204.0 205.0 207.0 208.0 210.0 212.0 214.0 217.0 220.0 222.0 226.0 229.0 232.0 237.0 240.0 244.0 249.0 254.0 259.0 265.0 25.0 33.0 41.0 49.0 57.0 65.0 73.0 81.0 89.0 96.0 104.0 112.0 120.0 127.0 134.0 141.0 149.0 156.0 163.0 170.0 176.0 183.0 190.0 196.0 202.0 326.0 1781304016.744498
201.0 201.0 201.0 201.0 202.0 202.0 203.0 204.0 206.0 206.0 209.0 210.0 212.0 214.0 217.0 219.0 222.0 225.0 229.0 232.0 236.0 240.0 244.0 249.0 254.0 25.0 33.0 41.0 49.0 57.0 65.0 73.0 81.0 89.0 97.0 105.0 112.0 120.0 128.0 136.0 143.0 150.0 158.0 165.0 172.0 179.0 186.0 193.0 200.0 206.0 327.0 1781304016.759845
201.0 201.0 200.0 200.0 201.0 201.0 202.0 203.0 203.0 204.0 206.0 207.0 209.0 210.0 212.0 214.0 216.0 219.0 222.0 225.0 228.0 232.0 236.0 240.0 244.0 25.0 33.0 41.0 50.0 58.0 66.0 74.0 82.0 90.0 98.0 105.0 113.0 121.0 128.0 136.0 144.0 152.0 159.0 166.0 174.0 181.0 189.0 195.0 203.0 210.0 328.0 1781304016.770197
201.0 200.0 200.0 200.0 200.0 201.0 201.0 201.0 202.0 202.0 203.0 204.0 205.0 207.0 208.0 210.0 212.0 214.0 216.0 219.0 221.0 225.0 227.0 231.0 234.0 25.0 33.0 41.0 50.0 58.0 66.0 74.0 82.0 90.0 98.0 106.0 114.0 122.0 129.0 137.0 145.0 152.0 160.0 168.0 175.0 183.0 190.0 198.0 205.0 212.0 329.0 1781304016.780370
201.0 200.0 200.0 200.0 200.0 200.0 200.0 200.0 200.0 201.0 201.0 202.0 203.0 204.0 205.0 206.0 207.0 209.0 211.0 212.0 214.0 217.0 219.0 221.0 225.0 25.0 33.0 41.0 49.0 57.0 66.0 74.0 82.0 90.0 98.0 106.0 114.0 122.0 130.0 138.0 145.0 153.0 161.0 168.0 176.0 184.0 192.0 199.0 207.0 214.0 330.0 1781304016.785783
201.0 200.0 200.0 200.0 200.0 199.0 199.0 199.0 199.0 199.0 200.0 200.0 200.0 200.0 201.0 202.0 202.0 203.0 204.0 205.0 206.0 207.0 208.0 210.0 211.0 25.0 33.0 41.0 49.0 57.0 65.0 73.0 81.0 89.0 97.0 105.0 113.0 121.0 129.0 137.0 145.0 153.0 161.0 169.0 177.0 185.0 193.0 201.0 209.0 216.0 331.0 1781304016.801143
200.0 200.0 200.0 200.0 200.0 199.0 199.0 199.0 199.0 198.0 198.0 198.0 197.0 198.0 197.0 197.0 198.0 197.0 197.0 198.0 198.0 198.0 199.0 199.0 200.0 25.0 33.0 42.0 50.0 58.0 66.0 74.0 82.0 90.0 98.0 106.0 114.0 122.0 130.0 138.0 146.0 153.0 161.0 170.0 178.0 186.0 193.0 201.0 209.0 217.0 332.0 1781304016.816633
200.0 200.0 200.0 200.0 200.0 199.0 199.0 198.0 198.0 198.0 197.0 196.0 196.0 195.0 194.0 194.0 193.0 193.0 192.0 191.0 190.0 190.0 189.0 189.0 188.0 25.0 33.0 41.0 50.0 58.0 66.0 73.0 81.0 89.0 97.0 105.0 113.0 121.0 129.0 137.0 145.0 153.0 161.0 169.0 177.0 185.0 193.0 201.0 209.0 216.0 333.0 1781304016.826625
200.0 200.0 200.0 200.0 199.0 199.0 199.0 198.0 197.0 196.0 195.0 194.0 193.0 192.0 190.0 189.0 188.0 186.0 184.0 183.0 181.0 179.0 177.0 175.0 173.0 25.0 33.0 41.0 49.0 57.0 65.0 73.0 81.0 89.0 97.0 105.0 113.0 121.0 129.0 137.0 144.0 152.0 160.0 167.0 175.0 183.0 191.0 198.0 206.0 213.0 334.0 1781304016.852760
200.0 200.0 200.0 200.0 199.0 199.0 198.0 197.0 196.0 195.0 193.0 192.0 190.0 188.0 186.0 184.0 182.0 179.0 177.0 174.0 171.0 168.0 166.0 162.0 159.0 25.0 33.0 41.0 49.0 57.0 65.0 73.0 81.0 89.0 97.0 105.0 113.0 120.0 128.0 135.0 143.0 151.0 158.0 166.0 173.0 180.0 188.0 195.0 202.0 209.0 335.0 1781304016.863181
200.0 200.0 200.0 200.0 199.0 198.0 197.0 196.0 194.0 193.0 191.0 189.0 187.0 185.0 182.0 179.0 176.0 173.0 170.0 167.0 163.0 159.0 155.0 151.0 147.0 25.0 33.0 41.0 49.0 57.0 65.0 73.0 81.0 89.0 96.0 104.0 112.0 119.0 127.0 134.0 142.0 149.0 156.0 163.0 171.0 178.0 184.0 191.0 198.0 205.0 336.0 1781304016.878336
200.0 200.0 200.0 199.0 199.0 198.0 196.0 194.0 193.0 191.0 189.0 186.0 183.0 181.0 178.0 175.0 171.0 167.0 163.0 159.0 155.0 151.0 146.0 141.0 137.0 25.0 33.0 41.0 49.0 57.0 65.0 73.0 81.0 88.0 96.0 104.0 111.0 118.0 126.0 133.0 140.0 147.0 154.0 161.0 168.0 174.0 181.0 187.0 193.0 199.0 337.0 1781304016.893851
200.0 200.0 199.0 199.0 198.0 197.0 195.0 193.0 191.0 189.0 186.0 184.0 181.0 177.0 175.0 171.0 167.0 163.0 158.0 154.0 149.0 144.0 140.0 134.0 129.0 25.0 33.0 41.0 49.0 57.0 65.0 72.0 80.0 88.0 95.0 103.0 110.0 118.0 125.0 132.0 139.0 145.0 153.0 159.0 165.0 172.0 178.0 184.0 190.0 196.0 338.0 1781304016.904430
200.0 200.0 199.0 198.0 197.0 196.0 194.0 192.0 190.0 187.0 184.0 181.0 178.0 174.0 171.0 167.0 163.0 158.0 154.0 149.0 144.0 139.0 134.0 128.0 122.0 25.0 33.0 41.0 49.0 57.0 65.0 72.0 80.0 87.0 95.0 102.0 110.0 117.0 124.0 131.0 138.0 144.0 151.0 158.0 164.0 170.0 176.0 182.0 187.0 193.0 339.0 1781304016.914625
201.0 200.0 199.0 198.0 197.0 195.0 192.0 191.0 188.0 185.0 182.0 179.0 175.0 171.0 167.0 163.0 158.0 154.0 149.0 144.0 139.0 134.0 128.0 123.0 117.0 25.0 33.0 41.0 49.0 57.0 65.0 72.0 80.0 87.0 95.0 102.0 109.0 116.0 122.0 130.0 136.0 143.0 149.0 155.0 161.0 167.0 173.0 180.0 185.0 191.0 340.0 1781304016.929977
201.0 200.0 199.0 197.0 195.0 193.0 191.0 188.0 185.0 182.0 178.0 175.0 171.0 167.0 162.0 158.0 153.0 149.0 144.0 139.0 134.0 128.0 123.0 118.0 112.0 25.0 33.0 41.0 49.0 57.0 64.0 72.0 79.0 86.0 94.0 101.0 107.0 114.0 121.0 128.0 135.0 141.0 147.0 153.0 159.0 165.0 171.0 177.0 183.0 189.0 341.0 1781304016.950423
201.0 200.0 198.0 197.0 194.0 192.0 189.0 186.0 182.0 179.0 176.0 171.0 167.0 163.0 159.0 154.0 149.0 144.0 139.0 134.0 129.0 124.0 119.0 114.0 109.0 25.0 33.0 41.0 49.0 56.0 64.0 71.0 78.0 86.0 92.0 99.0 106.0 113.0 120.0 126.0 133.0 139.0 145.0 152.0 158.0 164.0 170.0 176.0 181.0 187.0 342.0 1781304016.965950
202.0 200.0 198.0 196.0 194.0 191.0 187.0 184.0 181.0 177.0 173.0 169.0 164.0 160.0 155.0 151.0 146.0 141.0 136.0 131.0 126.0 121.0 117.0 111.0 107.0 25.0 33.0 41.0 49.0 56.0 63.0 71.0 78.0 85.0 92.0 98.0 105.0 112.0 118.0 124.0 131.0 137.0 144.0 150.0 156.0 162.0 168.0 175.0 181.0 187.0 343.0 1781304016.981306
202.0 200.0 198.0 196.0 193.0 190.0 186.0 183.0 179.0 175.0 171.0 167.0 162.0 158.0 153.0 148.0 143.0 138.0 134.0 129.0 124.0 119.0 115.0 110.0 106.0 26.0 33.0 41.0 48.0 56.0 63.0 70.0 77.0 84.0 91.0 97.0 104.0 111.0 117.0 123.0 130.0 136.0 143.0 149.0 155.0 161.0 168.0 174.0 180.0 187.0 344.0 1781304016.996851
202.0 200.0 198.0 195.0 192.0 190.0 186.0 182.0 178.0 174.0 170.0 166.0 161.0 156.0 152.0 147.0 142.0 137.0 133.0 128.0 123.0 119.0 114.0 110.0 106.0 26.0 33.0 41.0 48.0 56.0 63.0 70.0 77.0 84.0 90.0 97.0 104.0 110.0 117.0 123.0 129.0 136.0 142.0 148.0 155.0 161.0 168.0 174.0 181.0 187.0 345.0 1781304017.013729
202.0 200.0 198.0 195.0 192.0 189.0 185.0 181.0 178.0 173.0 169.0 165.0 160.0 156.0 151.0 146.0 141.0 136.0 132.0 127.0 123.0 119.0 114.0 110.0 106.0 26.0 33.0 41.0 48.0 56.0 63.0 70.0 77.0 83.0 90.0 97.0 103.0 110.0 116.0 122.0 129.0 135.0 142.0 148.0 155.0 161.0 168.0 174.0 181.0 188.0 346.0 1781304017.022731
202.0 200.0 198.0 195.0 192.0 189.0 185.0 181.0 177.0 173.0 169.0 164.0 160.0 155.0 151.0 146.0 141.0 136.0 132.0 127.0 123.0 119.0 114.0 111.0 107.0 26.0 33.0 41.0 48.0 55.0 62.0 70.0 76.0 83.0 90.0 97.0 103.0 109.0 116.0 122.0 129.0 135.0 142.0 148.0 155.0 161.0 168.0 174.0 181.0 188.0 347.0 1781304017.033107
202.0 200.0 198.0 195.0 192.0 189.0 185.0 181.0 177.0 173.0 169.0 164.0 160.0 155.0 150.0 146.0 141.0 136.0 132.0 128.0 123.0 119.0 115.0 111.0 108.0 26.0 33.0 41.0 48.0 55.0 62.0 69.0 76.0 83.0 90.0 96.0 103.0 109.0 116.0 122.0 129.0 135.0 142.0 148.0 155.0 161.0 168.0 175.0 182.0 189.0 348.0 1781304017.048477
202.0 200.0 198.0 195.0 192.0 189.0 185.0 181.0 177.0 173.0 169.0 165.0 160.0 156.0 151.0 146.0 142.0 137.0 133.0 129.0 125.0 120.0 117.0 113.0 109.0 26.0 33.0 41.0 48.0 55.0 63.0 70.0 76.0 83.0 90.0 97.0 103.0 110.0 116.0 122.0 129.0 136.0 142.0 149.0 156.0 162.0 169.0 176.0 183.0 190.0 349.0 1781304017.068934
202.0 200.0 198.0 195.0 192.0 189.0 186.0 182.0 179.0 174.0 170.0 166.0 162.0 158.0 153.0 149.0 145.0 140.0 136.0 132.0 128.0 124.0 120.0 117.0 113.0 26.0 33.0 41.0 48.0 56.0 63.0 70.0 77.0 84.0 90.0 97.0 104.0 111.0 118.0 124.0 131.0 137.0 144.0 151.0 158.0 164.0 171.0 178.0 185.0 192.0 350.0 1781304017.084522
202.0 200.0 198.0 195.0 193.0 190.0 187.0 183.0 180.0 176.0 172.0 168.0 164.0 160.0 156.0 152.0 148.0 143.0 139.0 135.0 131.0 127.0 123.0 120.0 117.0 26.0 33.0 41.0 48.0 56.0 63.0 70.0 77.0 84.0 91.0 98.0 105.0 112.0 119.0 125.0 132.0 139.0 145.0 152.0 159.0 166.0 173.0 180.0 186.0 193.0 351.0 1781304017.094646
201.0 200.0 198.0 196.0 193.0 191.0 188.0 185.0 182.0 179.0 175.0 171.0 167.0 164.0 160.0 155.0 152.0 148.0 144.0 140.0 136.0 132.0 128.0 125.0 121.0 25.0 33.0 41.0 49.0 56.0 63.0 71.0 78.0 85.0 92.0 99.0 106.0 113.0 120.0 127.0 133.0 140.0 147.0 154.0 161.0 168.0 175.0 182.0 188.0 195.0 352.0 1781304017.110081
201.0 200.0 198.0 197.0 194.0 192.0 190.0 186.0 184.0 181.0 177.0 174.0 170.0 167.0 163.0 159.0 155.0 151.0 147.0 144.0 140.0 136.0 132.0 128.0 124.0 25.0 33.0 41.0 49.0 56.0 64.0 71.0 79.0 86.0 93.0 100.0 107.0 114.0 121.0 128.0 135.0 142.0 149.0 156.0 163.0 170.0 177.0 184.0 190.0 197.0 353.0 1781304017.120951
201.0 200.0 199.0 197.0 195.0 194.0 191.0 189.0 186.0 183.0 181.0 177.0 174.0 171.0 167.0 164.0 160.0 157.0 153.0 149.0 145.0 141.0 137.0 133.0 129.0 25.0 33.0 41.0 49.0 57.0 64.0 72.0 79.0 87.0 94.0 101.0 109.0 116.0 123.0 130.0 137.0 144.0 151.0 158.0 165.0 172.0 179.0 186.0 192.0 199.0 354.0 1781304017.135917
201.0 200.0 199.0 198.0 197.0 195.0 193.0 191.0 189.0 187.0 184.0 181.0 179.0 175.0 172.0 169.0 166.0 162.0 159.0 155.0 151.0 147.0 143.0 140.0 135.0 25.0 33.0 41.0 49.0 57.0 64.0 72.0 80.0 87.0 95.0 102.0 110.0 117.0 124.0 132.0 139.0 146.0 153.0 160.0 168.0 174.0 181.0 188.0 195.0 202.0 355.0 1781304017.151307
200.0 200.0 199.0 199.0 198.0 196.0 195.0 193.0 192.0 190.0 188.0 185.0 183.0 180.0 178.0 175.0 172.0 169.0 165.0 162.0 158.0 155.0 151.0 147.0 143.0 25.0 33.0 41.0 49.0 57.0 65.0 73.0 80.0 88.0 96.0 103.0 111.0 118.0 126.0 133.0 141.0 148.0 155.0 162.0 170.0 177.0 184.0 190.0 197.0 204.0 356.0 1781304017.167217
200.0 200.0 200.0 199.0 199.0 198.0 197.0 196.0 194.0 193.0 191.0 190.0 187.0 185.0 183.0 181.0 178.0 175.0 173.0 169.0 166.0 163.0 159.0 155.0 151.0 25.0 33.0 41.0 49.0 57.0 65.0 73.0 81.0 89.0 96.0 104.0 112.0 119.0 127.0 135.0 142.0 150.0 157.0 164.0 172.0 179.0 186.0 193.0 200.0 207.0 357.0 1781304017.182422
200.0 200.0 200.0 200.0 199.0 199.0 199.0 198.0 197.0 196.0 195.0 193.0 192.0 190.0 189.0 187.0 184.0 182.0 180.0 177.0 174.0 172.0 169.0 165.0 162.0 25.0 33.0 41.0 49.0 57.0 65.0 73.0 81.0 89.0 97.0 105.0 112.0 120.0 128.0 136.0 143.0 151.0 159.0 166.0 173.0 181.0 188.0 196.0 203.0 210.0 358.0 1781304017.192759
200.0 200.0 200.0 200.0 200.0 200.0 200.0 200.0 199.0 198.0 198.0 197.0 196.0 195.0 194.0 192.0 191.0 190.0 187.0 186.0 184.0 181.0 179.0 177.0 174.0 25.0 33.0 41.0 49.0 57.0 65.0 73.0 81.0 89.0 97.0 105.0 113.0 120.0 128.0 136.0 144.0 152.0 160.0 167.0 175.0 182.0 190.0 198.0 206.0 213.0 359.0 1781304017.213327
200.0 200.0 201.0 201.0 201.0 201.0 201.0 201.0 201.0 201.0 201.0 201.0 200.0 200.0 199.0 198.0 198.0 197.0 196.0 194.0 193.0 192.0 191.0 189.0 187.0 26.0 33.0 41.0 49.0 57.0 65.0 73.0 81.0 89.0 97.0 105.0 113.0 121.0 129.0 137.0 144.0 152.0 160.0 168.0 176.0 184.0 192.0 199.0 207.0 214.0 360.0 1781304017.228782
200.0 200.0 201.0 201.0 202.0 202.0 202.0 203.0 203.0 203.0 203.0 204.0 203.0 204.0 204.0 204.0 204.0 204.0 204.0 203.0 203.0 203.0 202.0 202.0 202.0 26.0 34.0 41.0 49.0 57.0 65.0 73.0 81.0 89.0 97.0 105.0 113.0 121.0 129.0 137.0 145.0 153.0 161.0 169.0 176.0 184.0 192.0 200.0 208.0 216.0 361.0 1781304017.244130
200.0 200.0 201.0 201.0 202.0 202.0 203.0 204.0 204.0 204.0 205.0 206.0 206.0 207.0 208.0 208.0 209.0 209.0 210.0 211.0 211.0 212.0 212.0 213.0 213.0 26.0 33.0 41.0 49.0 57.0 65.0 73.0 81.0 89.0 97.0 105.0 113.0 121.0 129.0 137.0 145.0 152.0 160.0 168.0 176.0 184.0 192.0 200.0 208.0 215.0 362.0 1781304017.254784
200.0 200.0 201.0 202.0 202.0 203.0 204.0 205.0 205.0 207.0 208.0 209.0 210.0 211.0 212.0 214.0 215.0 217.0 218.0 220.0 222.0 224.0 225.0 227.0 229.0 25.0 33.0 41.0 49.0 57.0 65.0 73.0 81.0 89.0 97.0 105.0 112.0 120.0 128.0 136.0 144.0 152.0 160.0 167.0 175.0 183.0 191.0 198.0 206.0 213.0 363.0 1781304017.270091
200.0 200.0 201.0 202.0 203.0 204.0 205.0 206.0 207.0 208.0 210.0 211.0 213.0 215.0 216.0 218.0 220.0 222.0 225.0 227.0 229.0 232.0 234.0 237.0 240.0 25.0 33.0 41.0 49.0 57.0 65.0 73.0 81.0 89.0 96.0 104.0 112.0 120.0 128.0 136.0 143.0 151.0 158.0 166.0 174.0 181.0 189.0 196.0 204.0 211.0 364.0 1781304017.285330
200.0 200.0 201.0 202.0 203.0 204.0 205.0 206.0 208.0 210.0 211.0 213.0 215.0 217.0 220.0 222.0 225.0 227.0 230.0 233.0 236.0 240.0 243.0 246.0 250.0 25.0 33.0 41.0 49.0 57.0 65.0 73.0 81.0 89.0 96.0 104.0 112.0 120.0 127.0 135.0 142.0 150.0 157.0 165.0 172.0 179.0 187.0 194.0 201.0 208.0 365.0 1781304017.295681
200.0 201.0 201.0 202.0 203.0 204.0 206.0 208.0 209.0 211.0 213.0 215.0 218.0 221.0 223.0 227.0 229.0 233.0 236.0 239.0 243.0 247.0 251.0 255.0 259.0 25.0 33.0 41.0 49.0 57.0 65.0 73.0 81.0 88.0 96.0 104.0 112.0 119.0 127.0 134.0 141.0 149.0 156.0 164.0 171.0 177.0 184.0 192.0 198.0 205.0 366.0 1781304017.306216
200.0 201.0 201.0 202.0 204.0 205.0 207.0 209.0 211.0 213.0 215.0 218.0 221.0 224.0 227.0 230.0 234.0 237.0 241.0 245.0 249.0 254.0 258.0 262.0 267.0 25.0 33.0 41.0 49.0 57.0 65.0 73.0 80.0 88.0 96.0 104.0 111.0 119.0 126.0 133.0 140.0 147.0 155.0 162.0 169.0 175.0 182.0 189.0 195.0 201.0 367.0 1781304017.321591
200.0 201.0 201.0 203.0 204.0 206.0 208.0 210.0 212.0 215.0 218.0 220.0 224.0 227.0 230.0 234.0 238.0 242.0 247.0 250.0 255.0 260.0 264.0 270.0 275.0 25.0 33.0 41.0 49.0 57.0 65.0 72.0 80.0 88.0 96.0 103.0 110.0 118.0 125.0 132.0 139.0 146.0 153.0 160.0 166.0 173.0 180.0 186.0 192.0 198.0 368.0 1781304017.336796
200.0 201.0 202.0 203.0 205.0 207.0 209.0 211.0 214.0 216.0 219.0 223.0 226.0 230.0 234.0 238.0 242.0 246.0 251.0 255.0 260.0 265.0 270.0 275.0 280.0 25.0 33.0 41.0 49.0 57.0 64.0 72.0 80.0 87.0 95.0 102.0 109.0 117.0 124.0 130.0 138.0 144.0 151.0 158.0 164.0 170.0 177.0 183.0 189.0 195.0 369.0 1781304017.347270
200.0 201.0 202.0 203.0 205.0 208.0 210.0 212.0 215.0 219.0 222.0 225.0 229.0 233.0 237.0 241.0 246.0 251.0 255.0 260.0 265.0 270.0 275.0 280.0 286.0 25.0 33.0 41.0 49.0 57.0 64.0 72.0 79.0 87.0 94.0 101.0 109.0 116.0 123.0 130.0 136.0 143.0 149.0 156.0 162.0 169.0 174.0 180.0 187.0 192.0 370.0 1781304017.362850
199.0 201.0 202.0 204.0 206.0 209.0 211.0 214.0 217.0 221.0 224.0 228.0 232.0 236.0 241.0 245.0 250.0 255.0 260.0 265.0 270.0 275.0 280.0 285.0 291.0 25.0 33.0 41.0 49.0 57.0 64.0 72.0 79.0 87.0 94.0 101.0 108.0 115.0 121.0 128.0 135.0 142.0 148.0 154.0 160.0 166.0 172.0 178.0 184.0 190.0 371.0 1781304017.372935
199.0 201.0 202.0 205.0 207.0 209.0 212.0 215.0 218.0 222.0 226.0 230.0 234.0 239.0 243.0 248.0 253.0 258.0 263.0 267.0 272.0 278.0 283.0 288.0 294.0 25.0 33.0 41.0 49.0 57.0 64.0 71.0 79.0 86.0 93.0 100.0 107.0 114.0 120.0 127.0 133.0 140.0 146.0 153.0 159.0 165.0 171.0 177.0 183.0 189.0 372.0 1781304017.388543
199.0 201.0 203.0 205.0 207.0 210.0 213.0 216.0 219.0 223.0 227.0 231.0 236.0 240.0 244.0 249.0 254.0 259.0 264.0 269.0 274.0 280.0 285.0 290.0 295.0 26.0 33.0 41.0 49.0 56.0 64.0 71.0 78.0 86.0 93.0 100.0 107.0 113.0 120.0 127.0 133.0 140.0 146.0 152.0 158.0 164.0 170.0 176.0 182.0 188.0 373.0 1781304017.393428
199.0 201.0 203.0 205.0 207.0 210.0 214.0 217.0 220.0 224.0 229.0 233.0 237.0 241.0 246.0 251.0 256.0 261.0 266.0 271.0 276.0 281.0 286.0 291.0 297.0 26.0 33.0 41.0 49.0 56.0 64.0 71.0 78.0 85.0 92.0 99.0 106.0 112.0 119.0 126.0 132.0 139.0 145.0 151.0 157.0 163.0 169.0 175.0 181.0 187.0 374.0 1781304017.414443
198.0 200.0 203.0 205.0 208.0 211.0 214.0 218.0 221.0 226.0 230.0 234.0 239.0 243.0 248.0 253.0 258.0 262.0 267.0 272.0 277.0 283.0 288.0 293.0 298.0 26.0 33.0 41.0 49.0 56.0 63.0 70.0 78.0 85.0 92.0 98.0 105.0 112.0 118.0 125.0 131.0 138.0 144.0 150.0 156.0 163.0 168.0 174.0 181.0 187.0 375.0 1781304017.424434
198.0 200.0 203.0 205.0 208.0 211.0 215.0 218.0 222.0 226.0 230.0 235.0 240.0 244.0 249.0 254.0 259.0 263.0 268.0 273.0 278.0 283.0 288.0 293.0 298.0 26.0 33.0 41.0 48.0 56.0 63.0 70.0 77.0 84.0 91.0 98.0 105.0 111.0 118.0 124.0 131.0 137.0 143.0 150.0 156.0 162.0 168.0 174.0 181.0 187.0 376.0 1781304017.434549
198.0 200.0 203.0 206.0 208.0 211.0 215.0 219.0 222.0 227.0 231.0 235.0 240.0 245.0 249.0 254.0 259.0 264.0 269.0 274.0 279.0 284.0 289.0 294.0 298.0 26.0 33.0 41.0 48.0 56.0 63.0 70.0 77.0 84.0 91.0 98.0 105.0 111.0 117.0 124.0 130.0 137.0 143.0 149.0 156.0 162.0 168.0 174.0 181.0 187.0 377.0 1781304017.450343
198.0 200.0 203.0 206.0 209.0 212.0 215.0 219.0 223.0 227.0 231.0 236.0 240.0 245.0 250.0 255.0 260.0 264.0 269.0 274.0 279.0 284.0 289.0 293.0 298.0 26.0 33.0 41.0 48.0 56.0 63.0 70.0 77.0 84.0 91.0 98.0 104.0 111.0 117.0 124.0 130.0 137.0 143.0 149.0 155.0 162.0 168.0 174.0 181.0 187.0 378.0 1781304017.465744
198.0 200.0 203.0 206.0 209.0 212.0 215.0 219.0 223.0 227.0 231.0 236.0 240.0 245.0 250.0 255.0 259.0 264.0 269.0 274.0 279.0 283.0 288.0 293.0 297.0 26.0 33.0 41.0 48.0 56.0 63.0 70.0 77.0 84.0 91.0 98.0 104.0 111.0 117.0 124.0 130.0 137.0 143.0 149.0 156.0 162.0 168.0 175.0 181.0 188.0 379.0 1781304017.486316
198.0 200.0 203.0 206.0 208.0 212.0 215.0 219.0 223.0 227.0 231.0 235.0 240.0 245.0 249.0 254.0 259.0 264.0 268.0 273.0 278.0 282.0 287.0 292.0 296.0 26.0 33.0 41.0 49.0 56.0 63.0 70.0 77.0 84.0 91.0 98.0 105.0 111.0 118.0 124.0 131.0 137.0 144.0 150.0 157.0 163.0 169.0 176.0 182.0 189.0 380.0 1781304017.496516
199.0 201.0 203.0 205.0 208.0 211.0 215.0 218.0 221.0 225.0 230.0 234.0 238.0 242.0 247.0 251.0 256.0 260.0 265.0 270.0 274.0 278.0 283.0 287.0 291.0 26.0 33.0 41.0 49.0 56.0 63.0 71.0 78.0 85.0 91.0 98.0 105.0 112.0 119.0 126.0 132.0 139.0 145.0 152.0 159.0 165.0 172.0 178.0 185.0 191.0 381.0 1781304017.522123
199.0 201.0 202.0 205.0 208.0 210.0 213.0 216.0 220.0 223.0 227.0 231.0 235.0 239.0 243.0 247.0 252.0 256.0 260.0 264.0 268.0 273.0 277.0 281.0 285.0 26.0 33.0 41.0 49.0 56.0 64.0 71.0 78.0 85.0 93.0 100.0 107.0 114.0 120.0 127.0 135.0 141.0 148.0 155.0 161.0 168.0 175.0 182.0 188.0 195.0 382.0 1781304017.537650
199.0 200.0 202.0 205.0 207.0 209.0 212.0 215.0 218.0 221.0 224.0 227.0 231.0 235.0 238.0 243.0 247.0 250.0 254.0 259.0 263.0 267.0 271.0 276.0 280.0 26.0 33.0 41.0 49.0 57.0 64.0 72.0 79.0 86.0 94.0 101.0 108.0 115.0 122.0 129.0 136.0 143.0 150.0 157.0 164.0 171.0 178.0 184.0 191.0 198.0 383.0 1781304017.553486
199.0 201.0 202.0 204.0 206.0 208.0 210.0 213.0 215.0 218.0 221.0 224.0 228.0 231.0 234.0 238.0 241.0 245.0 249.0 253.0 257.0 261.0 264.0 269.0 273.0 25.0 33.0 41.0 49.0 57.0 64.0 72.0 79.0 87.0 95.0 102.0 109.0 117.0 124.0 131.0 138.0 146.0 153.0 160.0 167.0 173.0 180.0 187.0 194.0 201.0 384.0 1781304017.568841
199.0 201.0 202.0 203.0 205.0 207.0 209.0 211.0 213.0 215.0 218.0 221.0 223.0 226.0 229.0 232.0 236.0 239.0 242.0 246.0 250.0 254.0 257.0 262.0 266.0 25.0 33.0 41.0 49.0 57.0 65.0 72.0 80.0 88.0 95.0 103.0 110.0 118.0 126.0 133.0 140.0 147.0 155.0 162.0 169.0 176.0 183.0 190.0 197.0 204.0 385.0 1781304017.584367
200.0 200.0 202.0 203.0 204.0 205.0 207.0 208.0 210.0 212.0 214.0 217.0 219.0 222.0 224.0 227.0 230.0 233.0 236.0 239.0 242.0 246.0 249.0 253.0 257.0 25.0 33.0 41.0 49.0 57.0 65.0 73.0 81.0 88.0 96.0 103.0 111.0 119.0 126.0 134.0 142.0 149.0 156.0 163.0 171.0 178.0 185.0 193.0 199.0 206.0 386.0 1781304017.599766
200.0 200.0 201.0 202.0 203.0 204.0 205.0 207.0 208.0 209.0 212.0 213.0 216.0 218.0 220.0 222.0 224.0 227.0 230.0 233.0 236.0 239.0 242.0 246.0 249.0 25.0 33.0 41.0 49.0 57.0 65.0 73.0 81.0 89.0 96.0 104.0 112.0 119.0 127.0 135.0 142.0 150.0 158.0 165.0 172.0 180.0 187.0 194.0 202.0 209.0 387.0 1781304017.609929
200.0 200.0 201.0 202.0 202.0 203.0 204.0 205.0 206.0 207.0 209.0 210.0 212.0 213.0 215.0 217.0 219.0 221.0 223.0 226.0 228.0 231.0 234.0 236.0 239.0 25.0 33.0 41.0 49.0 57.0 65.0 73.0 81.0 89.0 97.0 105.0 112.0 120.0 128.0 136.0 144.0 151.0 159.0 166.0 174.0 182.0 189.0 197.0 204.0 211.0 388.0 1781304017.625572
200.0 200.0 201.0 201.0 201.0 202.0 202.0 203.0 204.0 205.0 206.0 207.0 208.0 209.0 210.0 211.0 213.0 215.0 216.0 218.0 220.0 222.0 224.0 226.0 228.0 25.0 33.0 41.0 49.0 57.0 65.0 73.0 81.0 89.0 97.0 105.0 113.0 121.0 129.0 136.0 144.0 152.0 160.0 168.0 176.0 183.0 191.0 199.0 207.0 214.0 389.0 1781304017.635550
200.0 200.0 200.0 201.0 201.0 201.0 201.0 201.0 203.0 203.0 203.0 204.0 204.0 205.0 206.0 207.0 207.0 209.0 210.0 211.0 212.0 214.0 215.0 217.0 219.0 25.0 33.0 41.0 49.0 57.0 65.0 73.0 81.0 89.0 97.0 105.0 113.0 121.0 129.0 137.0 145.0 152.0 160.0 168.0 176.0 184.0 192.0 200.0 208.0 215.0 390.0 1781304017.651137
200.0 200.0 200.0 200.0 200.0 201.0 200.0 200.0 201.0 200.0 201.0 201.0 201.0 201.0 201.0 201.0 202.0 202.0 202.0 203.0 204.0 204.0 205.0 206.0 207.0 25.0 33.0 41.0 49.0 57.0 65.0 73.0 81.0 89.0 97.0 105.0 113.0 121.0 129.0 137.0 145.0 153.0 161.0 169.0 177.0 185.0 193.0 200.0 208.0 216.0 391.0 1781304017.666808
200.0 200.0 200.0 200.0 200.0 200.0 199.0 199.0 199.0 198.0 198.0 198.0 197.0 197.0 197.0 196.0 196.0 196.0 195.0 195.0 195.0 195.0 194.0 194.0 194.0 25.0 33.0 41.0 49.0 57.0 65.0 73.0 81.0 89.0 97.0 105.0 113.0 121.0 129.0 137.0 144.0 152.0 160.0 168.0 176.0 184.0 192.0 200.0 208.0 215.0 392.0 1781304017.681986
200.0 200.0 200.0 200.0 199.0 199.0 199.0 198.0 197.0 197.0 196.0 195.0 194.0 193.0 193.0 192.0 191.0 190.0 189.0 188.0 187.0 186.0 186.0 185.0 184.0 25.0 33.0 41.0 49.0 57.0 65.0 73.0 81.0 89.0 97.0 105.0 113.0 121.0 128.0 136.0 144.0 152.0 160.0 168.0 176.0 184.0 192.0 200.0 208.0 215.0 393.0 1781304017.687194
200.0 200.0 200.0 200.0 199.0 198.0 198.0 197.0 196.0 195.0 194.0 193.0 191.0 190.0 188.0 187.0 185.0 184.0 183.0 181.0 179.0 178.0 176.0 174.0 172.0 25.0 33.0 41.0 49.0 57.0 65.0 73.0 81.0 89.0 97.0 105.0 113.0 120.0 128.0 136.0 144.0 152.0 159.0 167.0 174.0 182.0 190.0 198.0 206.0 213.0 394.0 1781304017.702993
200.0 200.0 200.0 199.0 199.0 198.0 197.0 196.0 194.0 193.0 192.0 190.0 189.0 187.0 185.0 183.0 181.0 179.0 177.0 175.0 173.0 170.0 168.0 166.0 163.0 25.0 33.0 41.0 49.0 57.0 65.0 73.0 81.0 89.0 96.0 104.0 112.0 120.0 127.0 135.0 143.0 151.0 158.0 166.0 173.0 181.0 189.0 196.0 204.0 211.0 395.0 1781304017.718526
200.0 200.0 200.0 199.0 198.0 197.0 196.0 195.0 193.0 191.0 189.0 188.0 185.0 183.0 181.0 178.0 176.0 173.0 171.0 168.0 165.0 163.0 159.0 157.0 154.0 25.0 33.0 41.0 49.0 57.0 65.0 73.0 81.0 88.0 96.0 104.0 112.0 119.0 127.0 134.0 142.0 149.0 157.0 165.0 172.0 179.0 186.0 194.0 201.0 208.0 396.0 1781304017.733713
200.0 200.0 199.0 198.0 197.0 196.0 194.0 193.0 191.0 189.0 187.0 185.0 182.0 180.0 177.0 174.0 171.0 168.0 165.0 162.0 159.0 155.0 152.0 148.0 144.0 25.0 33.0 41.0 49.0 57.0 65.0 73.0 80.0 88.0 96.0 103.0 111.0 118.0 125.0 133.0 140.0 148.0 155.0 162.0 169.0 177.0 184.0 191.0 197.0 204.0 397.0 1781304017.748974
201.0 200.0 199.0 198.0 197.0 195.0 193.0 191.0 189.0 187.0 185.0 182.0 179.0 176.0 173.0 170.0 166.0 163.0 159.0 156.0 152.0 148.0 144.0 140.0 136.0 25.0 33.0 41.0 49.0 57.0 64.0 72.0 80.0 87.0 95.0 102.0 110.0 117.0 125.0 132.0 139.0 146.0 153.0 160.0 167.0 174.0 181.0 188.0 195.0 201.0 398.0 1781304017.764459
201.0 200.0 199.0 198.0 196.0 194.0 192.0 190.0 188.0 185.0 182.0 179.0 177.0 173.0 170.0 166.0 163.0 159.0 155.0 151.0 147.0 143.0 139.0 134.0 130.0 25.0 33.0 41.0 49.0 57.0 64.0 72.0 80.0 87.0 94.0 102.0 109.0 116.0 124.0 131.0 138.0 145.0 152.0 159.0 166.0 172.0 179.0 185.0 192.0 199.0 399.0 1781304017.774774
201.0 200.0 199.0 197.0 196.0 194.0 192.0 189.0 186.0 184.0 181.0 177.0 174.0 171.0 167.0 163.0 159.0 156.0 151.0 147.0 143.0 138.0 134.0 130.0 125.0 25.0 33.0 41.0 49.0 57.0 64.0 72.0 79.0 87.0 94.0 101.0 108.0 116.0 123.0 130.0 137.0 143.0 150.0 157.0 164.0 171.0 177.0 183.0 190.0 196.0 400.0 1781304017.785086
201.0 200.0 199.0 197.0 195.0 193.0 191.0 188.0 185.0 182.0 179.0 176.0 172.0 169.0 165.0 161.0 157.0 153.0 149.0 144.0 140.0 135.0 131.0 126.0 122.0 25.0 33.0 41.0 49.0 56.0 64.0 72.0 79.0 86.0 94.0 101.0 108.0 115.0 122.0 129.0 136.0 142.0 149.0 156.0 162.0 169.0 175.0 182.0 188.0 194.0 401.0 1781304017.795414
201.0 200.0 199.0 197.0 195.0 192.0 190.0 187.0 184.0 181.0 177.0 173.0 170.0 166.0 161.0 157.0 153.0 149.0 144.0 140.0 135.0 131.0 127.0 122.0 117.0 25.0 33.0 41.0 49.0 56.0 64.0 71.0 78.0 86.0 93.0 100.0 107.0 114.0 121.0 127.0 134.0 141.0 147.0 154.0 161.0 167.0 173.0 180.0 186.0 192.0 402.0 1781304017.816087
201.0 200.0 198.0 196.0 194.0 192.0 189.0 186.0 182.0 179.0 175.0 171.0 168.0 164.0 159.0 155.0 150.0 146.0 141.0 137.0 132.0 127.0 124.0 119.0 114.0 25.0 33.0 41.0 49.0 56.0 64.0 71.0 78.0 85.0 92.0 99.0 106.0 113.0 119.0 126.0 133.0 139.0 146.0 152.0 159.0 165.0 171.0 178.0 184.0 190.0 403.0 1781304017.831665
202.0 200.0 198.0 196.0 194.0 191.0 188.0 185.0 182.0 178.0 174.0 170.0 166.0 162.0 157.0 153.0 149.0 144.0 139.0 135.0 131.0 126.0 122.0 117.0 113.0 25.0 33.0 41.0 49.0 56.0 63.0 70.0 78.0 85.0 92.0 99.0 106.0 112.0 119.0 125.0 132.0 139.0 145.0 151.0 158.0 164.0 170.0 177.0 183.0 189.0 404.0 1781304017.836520
202.0 200.0 198.0 196.0 194.0 191.0 188.0 185.0 181.0 178.0 174.0 170.0 165.0 161.0 156.0 152.0 148.0 143.0 138.0 134.0 129.0 124.0 120.0 116.0 111.0 25.0 33.0 41.0 49.0 56.0 63.0 70.0 78.0 84.0 91.0 98.0 105.0 112.0 119.0 125.0 132.0 138.0 145.0 151.0 158.0 164.0 170.0 177.0 183.0 189.0 405.0 1781304017.852032
202.0 200.0 198.0 196.0 193.0 191.0 188.0 184.0 181.0 177.0 173.0 169.0 165.0 160.0 156.0 151.0 147.0 142.0 137.0 133.0 128.0 124.0 119.0 115.0 111.0 25.0 33.0 41.0 49.0 56.0 63.0 70.0 77.0 84.0 91.0 98.0 105.0 112.0 118.0 125.0 131.0 138.0 144.0 151.0 157.0 163.0 170.0 176.0 183.0 189.0 406.0 1781304017.867745
202.0 200.0 198.0 196.0 193.0 191.0 188.0 184.0 180.0 177.0 173.0 168.0 164.0 160.0 155.0 151.0 146.0 142.0 137.0 132.0 128.0 123.0 119.0 115.0 110.0 26.0 33.0 41.0 49.0 56.0 63.0 70.0 77.0 84.0 91.0 98.0 105.0 111.0 118.0 125.0 131.0 138.0 144.0 151.0 157.0 163.0 170.0 176.0 183.0 189.0 407.0 1781304017.883098
202.0 200.0 198.0 196.0 193.0 191.0 187.0 184.0 180.0 176.0 173.0 168.0 164.0 160.0 155.0 151.0 146.0 142.0 137.0 132.0 128.0 123.0 119.0 115.0 110.0 26.0 33.0 41.0 49.0 56.0 63.0 70.0 77.0 84.0 91.0 98.0 105.0 111.0 118.0 125.0 131.0 138.0 144.0 151.0 157.0 163.0 170.0 176.0 183.0 189.0 408.0 1781304017.898392
202.0 200.0 198.0 196.0 193.0 190.0 187.0 184.0 180.0 177.0 173.0 169.0 164.0 160.0 155.0 151.0 146.0 142.0 137.0 133.0 128.0 124.0 119.0 115.0 111.0 26.0 33.0 41.0 49.0 56.0 63.0 70.0 77.0 84.0 91.0 98.0 105.0 111.0 118.0 125.0 131.0 138.0 144.0 151.0 157.0 164.0 170.0 176.0 183.0 189.0 409.0 1781304017.913905
202.0 200.0 198.0 196.0 193.0 191.0 188.0 184.0 181.0 177.0 173.0 169.0 165.0 161.0 156.0 152.0 148.0 143.0 138.0 134.0 129.0 125.0 121.0 117.0 112.0 26.0 33.0 41.0 49.0 56.0 63.0 71.0 78.0 85.0 92.0 99.0 105.0 112.0 119.0 125.0 132.0 139.0 145.0 152.0 158.0 165.0 171.0 177.0 184.0 190.0 410.0 1781304017.929551
202.0 200.0 198.0 196.0 194.0 191.0 188.0 185.0 181.0 178.0 174.0 170.0 166.0 161.0 157.0 153.0 149.0 144.0 139.0 135.0 131.0 126.0 122.0 118.0 114.0 26.0 33.0 41.0 49.0 56.0 64.0 71.0 78.0 85.0 92.0 99.0 106.0 112.0 119.0 126.0 133.0 139.0 146.0 152.0 159.0 166.0 172.0 179.0 185.0 192.0 411.0 1781304017.939618
202.0 200.0 198.0 196.0 194.0 191.0 188.0 185.0 182.0 179.0 175.0 171.0 167.0 163.0 159.0 154.0 150.0 146.0 141.0 137.0 133.0 128.0 124.0 120.0 116.0 26.0 33.0 41.0 49.0 56.0 64.0 71.0 78.0 85.0 92.0 99.0 106.0 113.0 120.0 127.0 134.0 140.0 147.0 153.0 160.0 167.0 173.0 180.0 187.0 193.0 412.0 1781304017.944705
201.0 200.0 199.0 197.0 194.0 192.0 189.0 187.0 183.0 180.0 177.0 173.0 169.0 165.0 161.0 158.0 154.0 149.0 145.0 141.0 137.0 133.0 129.0 125.0 121.0 25.0 33.0 41.0 49.0 57.0 64.0 71.0 78.0 86.0 93.0 100.0 107.0 114.0 121.0 128.0 135.0 142.0 148.0 155.0 162.0 169.0 176.0 182.0 189.0 195.0 413.0 1781304017.970809
201.0 200.0 199.0 197.0 195.0 193.0 191.0 188.0 185.0 183.0 179.0 176.0 173.0 169.0 166.0 162.0 158.0 154.0 151.0 147.0 143.0 139.0 135.0 131.0 127.0 25.0 33.0 41.0 49.0 57.0 64.0 72.0 79.0 86.0 94.0 101.0 108.0 115.0 122.0 129.0 136.0 143.0 150.0 158.0 165.0 171.0 178.0 185.0 191.0 198.0 414.0 1781304017.975745
201.0 200.0 199.0 198.0 196.0 194.0 192.0 190.0 187.0 185.0 182.0 178.0 176.0 173.0 169.0 165.0 162.0 159.0 155.0 151.0 148.0 144.0 140.0 136.0 133.0 25.0 33.0 41.0 49.0 57.0 64.0 72.0 80.0 87.0 94.0 102.0 109.0 116.0 124.0 131.0 138.0 145.0 152.0 159.0 166.0 173.0 180.0 187.0 194.0 201.0 415.0 1781304017.991100
201.0 200.0 199.0 198.0 197.0 195.0 193.0 191.0 189.0 186.0 184.0 181.0 178.0 175.0 172.0 169.0 166.0 162.0 159.0 156.0 152.0 148.0 145.0 142.0 138.0 25.0 33.0 41.0 49.0 57.0 65.0 72.0 80.0 87.0 95.0 102.0 110.0 117.0 125.0 132.0 139.0 146.0 154.0 161.0 168.0 175.0 183.0 189.0 196.0 203.0 416.0 1781304018.001794
201.0 200.0 199.0 198.0 197.0 195.0 194.0 192.0 190.0 188.0 186.0 184.0 182.0 179.0 176.0 173.0 170.0 167.0 165.0 161.0 158.0 155.0 152.0 148.0 145.0 25.0 33.0 41.0 49.0 57.0 65.0 73.0 80.0 88.0 96.0 103.0 111.0 118.0 126.0 133.0 141.0 148.0 155.0 163.0 170.0 178.0 185.0 192.0 199.0 206.0 417.0 1781304018.017066
200.0 200.0 199.0 199.0 198.0 196.0 195.0 194.0 192.0 191.0 189.0 187.0 185.0 183.0 181.0 178.0 176.0 173.0 171.0 168.0 165.0 162.0 159.0 157.0 154.0 25.0 33.0 41.0 49.0 57.0 65.0 73.0 81.0 89.0 96.0 104.0 112.0 119.0 127.0 135.0 142.0 150.0 157.0 165.0 172.0 180.0 187.0 194.0 202.0 209.0 418.0 1781304018.032678
200.0 200.0 200.0 199.0 198.0 197.0 196.0 195.0 194.0 193.0 191.0 189.0 188.0 186.0 184.0 183.0 180.0 178.0 176.0 174.0 172.0 169.0 167.0 164.0 162.0 25.0 33.0 41.0 49.0 57.0 65.0 73.0 81.0 89.0 97.0 105.0 112.0 120.0 127.0 135.0 143.0 151.0 158.0 166.0 174.0 181.0 189.0 196.0 204.0 211.0 419.0 1781304018.037502
200.0 200.0 200.0 199.0 199.0 198.0 197.0 197.0 196.0 194.0 193.0 192.0 190.0 189.0 188.0 186.0 185.0 183.0 181.0 179.0 178.0 176.0 174.0 172.0 169.0 25.0 33.0 41.0 49.0 57.0 65.0 73.0 81.0 89.0 97.0 105.0 113.0 120.0 128.0 136.0 144.0 152.0 160.0 167.0 175.0 183.0 190.0 198.0 206.0 213.0 420.0 1781304018.052950
200.0 200.0 200.0 200.0 199.0 199.0 198.0 198.0 198.0 197.0 196.0 195.0 195.0 194.0 193.0 192.0 191.0 190.0 189.0 188.0 187.0 185.0 184.0 183.0 182.0 25.0 33.0 41.0 49.0 57.0 65.0 73.0 81.0 89.0 97.0 105.0 113.0 121.0 129.0 137.0 145.0 153.0 161.0 169.0 176.0 184.0 192.0 200.0 208.0 215.0 421.0 1781304018.073645
200.0 200.0 200.0 200.0 200.0 200.0 200.0 200.0 200.0 199.0 199.0 199.0 199.0 198.0 198.0 198.0 197.0 197.0 197.0 196.0 196.0 195.0 195.0 195.0 194.0 25.0 33.0 41.0 49.0 57.0 65.0 73.0 81.0 90.0 98.0 106.0 114.0 122.0 130.0 138.0 145.0 153.0 161.0 169.0 177.0 185.0 193.0 201.0 208.0 216.0 422.0 1781304018.094152
200.0 200.0 200.0 201.0 201.0 201.0 201.0 202.0 202.0 202.0 202.0 203.0 203.0 204.0 204.0 204.0 205.0 205.0 205.0 206.0 206.0 207.0 208.0 208.0 209.0 25.0 33.0 42.0 49.0 57.0 65.0 73.0 82.0 90.0 98.0 106.0 114.0 122.0 129.0 137.0 145.0 153.0 161.0 169.0 177.0 185.0 193.0 201.0 208.0 216.0 423.0 1781304018.115218
200.0 200.0 201.0 201.0 202.0 203.0 203.0 204.0 204.0 205.0 206.0 207.0 208.0 209.0 210.0 211.0 212.0 214.0 215.0 216.0 217.0 219.0 220.0 222.0 224.0 25.0 33.0 41.0 49.0 57.0 65.0 73.0 81.0 89.0 97.0 105.0 113.0 121.0 129.0 137.0 145.0 152.0 160.0 168.0 176.0 184.0 192.0 199.0 207.0 214.0 424.0 1781304018.130406
200.0 200.0 201.0 202.0 203.0 203.0 205.0 205.0 206.0 208.0 209.0 210.0 212.0 213.0 214.0 216.0 218.0 220.0 222.0 224.0 226.0 228.0 230.0 233.0 235.0 25.0 33.0 41.0 49.0 57.0 65.0 73.0 81.0 89.0 97.0 105.0 112.0 120.0 128.0 136.0 144.0 152.0 159.0 167.0 175.0 182.0 190.0 198.0 205.0 213.0 425.0 1781304018.140676
200.0 200.0 201.0 202.0 203.0 204.0 206.0 207.0 208.0 210.0 212.0 213.0 215.0 217.0 219.0 222.0 224.0 226.0 228.0 231.0 234.0 237.0 240.0 242.0 246.0 25.0 33.0 41.0 49.0 57.0 65.0 73.0 81.0 89.0 97.0 104.0 112.0 120.0 128.0 135.0 143.0 151.0 158.0 166.0 173.0 181.0 189.0 196.0 203.0 210.0 426.0 1781304018.151317
200.0 200.0 201.0 202.0 204.0 205.0 207.0 208.0 210.0 212.0 214.0 216.0 218.0 220.0 223.0 226.0 229.0 231.0 234.0 237.0 240.0 243.0 247.0 250.0 253.0 25.0 33.0 41.0 49.0 57.0 65.0 73.0 81.0 88.0 96.0 104.0 112.0 119.0 127.0 135.0 142.0 149.0 157.0 165.0 172.0 179.0 187.0 194.0 201.0 208.0 427.0 1781304018.166575
200.0 200.0 202.0 203.0 204.0 206.0 207.0 209.0 212.0 213.0 216.0 219.0 221.0 224.0 227.0 229.0 233.0 235.0 239.0 242.0 245.0 249.0 253.0 256.0 260.0 25.0 33.0 41.0 49.0 57.0 65.0 73.0 80.0 88.0 96.0 103.0 111.0 119.0 126.0 134.0 141.0 148.0 156.0 163.0 170.0 177.0 185.0 192.0 199.0 206.0 428.0 1781304018.176812
199.0 201.0 202.0 203.0 205.0 206.0 208.0 211.0 213.0 215.0 218.0 221.0 224.0 226.0 230.0 233.0 236.0 239.0 243.0 247.0 250.0 254.0 258.0 261.0 265.0 25.0 33.0 41.0 49.0 57.0 65.0 72.0 80.0 88.0 95.0 103.0 110.0 118.0 125.0 133.0 140.0 147.0 154.0 162.0 169.0 176.0 183.0 190.0 197.0 204.0 429.0 1781304018.181632
199.0 200.0 202.0 203.0 205.0 207.0 209.0 211.0 214.0 216.0 219.0 222.0 225.0 228.0 232.0 235.0 238.0 242.0 245.0 249.0 253.0 257.0 261.0 265.0 268.0 25.0 33.0 41.0 49.0 57.0 65.0 72.0 80.0 87.0 95.0 102.0 110.0 117.0 125.0 132.0 139.0 147.0 154.0 161.0 168.0 175.0 182.0 189.0 196.0 203.0 430.0 1781304018.197425
199.0 201.0 202.0 204.0 205.0 208.0 210.0 213.0 215.0 219.0 222.0 225.0 228.0 232.0 235.0 239.0 243.0 246.0 250.0 254.0 258.0 262.0 266.0 271.0 275.0 26.0 33.0 41.0 49.0 57.0 64.0 72.0 80.0 87.0 95.0 102.0 109.0 116.0 123.0 131.0 138.0 145.0 152.0 159.0 166.0 173.0 180.0 186.0 193.0 200.0 431.0 1781304018.217888
199.0 201.0 202.0 204.0 206.0 209.0 211.0 214.0 217.0 220.0 224.0 227.0 231.0 235.0 239.0 242.0 246.0 250.0 255.0 259.0 263.0 267.0 272.0 276.0 280.0 26.0 33.0 41.0 49.0 57.0 64.0 72.0 79.0 86.0 94.0 101.0 108.0 115.0 122.0 129.0 136.0 143.0 150.0 157.0 163.0 170.0 177.0 184.0 190.0 197.0 432.0 1781304018.228152
199.0 201.0 202.0 205.0 207.0 209.0 212.0 215.0 218.0 222.0 225.0 229.0 233.0 237.0 241.0 245.0 249.0 253.0 257.0 262.0 266.0 271.0 275.0 280.0 284.0 26.0 33.0 41.0 49.0 56.0 64.0 71.0 78.0 86.0 93.0 100.0 108.0 115.0 121.0 128.0 135.0 142.0 149.0 156.0 162.0 169.0 176.0 182.0 189.0 195.0 433.0 1781304018.238600
199.0 201.0 203.0 205.0 207.0 210.0 213.0 216.0 219.0 222.0 226.0 230.0 234.0 238.0 242.0 246.0 250.0 255.0 259.0 264.0 268.0 273.0 277.0 281.0 285.0 26.0 33.0 41.0 49.0 56.0 64.0 71.0 78.0 85.0 93.0 100.0 107.0 114.0 121.0 128.0 134.0 141.0 148.0 155.0 162.0 168.0 175.0 181.0 188.0 194.0 434.0 1781304018.243437
199.0 201.0 203.0 205.0 207.0 210.0 213.0 216.0 220.0 223.0 227.0 231.0 235.0 239.0 243.0 248.0 252.0 256.0 261.0 265.0 270.0 274.0 279.0 283.0 287.0 26.0 33.0 41.0 49.0 56.0 64.0 71.0 78.0 85.0 93.0 100.0 107.0 114.0 120.0 127.0 134.0 141.0 147.0 154.0 161.0 167.0 174.0 180.0 187.0 193.0 435.0 1781304018.248723
199.0 201.0 203.0 205.0 208.0 210.0 214.0 217.0 221.0 224.0 228.0 232.0 236.0 240.0 245.0 249.0 254.0 258.0 263.0 267.0 272.0 277.0 281.0 286.0 290.0 26.0 33.0 41.0 49.0 56.0 63.0 71.0 78.0 85.0 92.0 99.0 106.0 113.0 120.0 126.0 133.0 140.0 146.0 153.0 160.0 166.0 173.0 179.0 186.0 192.0 436.0 1781304018.274650
199.0 201.0 203.0 205.0 208.0 211.0 214.0 217.0 221.0 225.0 229.0 233.0 237.0 241.0 246.0 250.0 255.0 259.0 264.0 269.0 273.0 278.0 283.0 287.0 291.0 26.0 33.0 41.0 49.0 56.0 63.0 71.0 78.0 85.0 92.0 99.0 106.0 113.0 119.0 126.0 133.0 139.0 146.0 152.0 159.0 165.0 172.0 178.0 185.0 191.0 437.0 1781304018.295104
199.0 201.0 203.0 205.0 208.0 211.0 214.0 217.0 221.0 225.0 229.0 233.0 237.0 242.0 246.0 250.0 255.0 260.0 264.0 269.0 274.0 279.0 283.0 287.0 292.0 26.0 33.0 41.0 49.0 56.0 63.0 71.0 78.0 85.0 92.0 99.0 106.0 113.0 119.0 126.0 132.0 139.0 146.0 152.0 158.0 165.0 172.0 178.0 185.0 191.0 438.0 1781304018.310442
199.0 201.0 203.0 205.0 208.0 211.0 214.0 217.0 221.0 225.0 229.0 233.0 237.0 242.0 246.0 251.0 255.0 260.0 264.0 269.0 274.0 279.0 283.0 288.0 292.0 26.0 33.0 41.0 49.0 56.0 63.0 71.0 78.0 85.0 92.0 99.0 106.0 113.0 119.0 126.0 132.0 139.0 146.0 152.0 158.0 165.0 171.0 178.0 185.0 191.0 439.0 1781304018.331202
199.0 201.0 203.0 205.0 208.0 211.0 214.0 217.0 221.0 225.0 229.0 233.0 237.0 241.0 246.0 250.0 255.0 260.0 264.0 269.0 274.0 278.0 283.0 287.0 292.0 26.0 33.0 41.0 49.0 56.0 63.0 71.0 78.0 85.0 92.0 99.0 106.0 113.0 119.0 126.0 132.0 139.0 146.0 152.0 159.0 165.0 171.0 178.0 184.0 190.0 440.0 1781304018.341651
199.0 201.0 203.0 205.0 207.0 210.0 213.0 216.0 220.0 224.0 228.0 232.0 236.0 240.0 245.0 249.0 254.0 258.0 263.0 268.0 272.0 277.0 282.0 286.0 291.0 26.0 33.0 41.0 49.0 56.0 64.0 71.0 78.0 85.0 92.0 99.0 106.0 113.0 119.0 126.0 133.0 139.0 146.0 152.0 159.0 165.0 172.0 178.0 185.0 191.0 441.0 1781304018.357142
199.0 201.0 202.0 205.0 207.0 210.0 213.0 215.0 219.0 223.0 226.0 230.0 234.0 238.0 243.0 247.0 251.0 255.0 260.0 265.0 270.0 274.0 279.0 283.0 288.0 26.0 33.0 41.0 49.0 56.0 64.0 71.0 78.0 85.0 93.0 100.0 107.0 114.0 121.0 127.0 134.0 141.0 147.0 154.0 160.0 167.0 173.0 179.0 186.0 192.0 442.0 1781304018.372363
199.0 201.0 202.0 204.0 206.0 209.0 212.0 214.0 217.0 221.0 224.0 228.0 232.0 235.0 239.0 243.0 248.0 252.0 257.0 261.0 266.0 270.0 275.0 279.0 284.0 26.0 33.0 41.0 49.0 57.0 64.0 71.0 79.0 86.0 93.0 100.0 108.0 115.0 122.0 129.0 135.0 142.0 149.0 156.0 162.0 169.0 176.0 182.0 188.0 195.0 443.0 1781304018.387730
199.0 201.0 202.0 204.0 206.0 208.0 210.0 213.0 216.0 219.0 222.0 225.0 229.0 232.0 236.0 240.0 244.0 248.0 252.0 256.0 261.0 266.0 270.0 274.0 279.0 26.0 33.0 41.0 49.0 57.0 64.0 72.0 79.0 87.0 94.0 101.0 109.0 116.0 123.0 130.0 137.0 144.0 151.0 158.0 165.0 171.0 178.0 184.0 191.0 197.0 444.0 1781304018.398281
200.0 201.0 202.0 204.0 205.0 207.0 210.0 212.0 214.0 217.0 220.0 223.0 226.0 230.0 233.0 237.0 240.0 245.0 248.0 252.0 256.0 261.0 265.0 270.0 274.0 25.0 33.0 41.0 49.0 57.0 64.0 72.0 80.0 87.0 95.0 102.0 109.0 117.0 124.0 131.0 138.0 146.0 153.0 159.0 166.0 173.0 180.0 186.0 193.0 200.0 445.0 1781304018.413872
200.0 201.0 202.0 203.0 205.0 207.0 209.0 211.0 213.0 215.0 218.0 221.0 224.0 226.0 230.0 233.0 236.0 240.0 244.0 247.0 251.0 255.0 259.0 263.0 268.0 25.0 33.0 41.0 49.0 57.0 65.0 72.0 80.0 88.0 95.0 103.0 110.0 117.0 125.0 132.0 140.0 147.0 154.0 161.0 168.0 175.0 182.0 189.0 195.0 202.0 446.0 1781304018.428976
200.0 201.0 202.0 203.0 204.0 206.0 208.0 209.0 211.0 214.0 216.0 218.0 221.0 224.0 226.0 229.0 233.0 236.0 239.0 243.0 246.0 249.0 254.0 257.0 261.0 25.0 33.0 41.0 49.0 57.0 65.0 73.0 80.0 88.0 96.0 103.0 111.0 118.0 125.0 133.0 140.0 148.0 155.0 163.0 170.0 176.0 184.0 191.0 198.0 205.0 447.0 1781304018.434250
200.0 201.0 202.0 203.0 204.0 205.0 207.0 208.0 210.0 212.0 214.0 216.0 218.0 221.0 224.0 226.0 229.0 232.0 235.0 238.0 241.0 244.0 248.0 251.0 255.0 25.0 33.0 41.0 49.0 57.0 65.0 73.0 80.0 88.0 96.0 104.0 111.0 119.0 126.0 134.0 141.0 149.0 156.0 164.0 171.0 178.0 185.0 193.0 200.0 207.0 448.0 1781304018.444465
200.0 200.0 201.0 202.0 203.0 205.0 206.0 207.0 209.0 211.0 213.0 214.0 216.0 218.0 221.0 223.0 225.0 228.0 230.0 233.0 236.0 239.0 242.0 245.0 248.0 25.0 33.0 41.0 49.0 57.0 65.0 73.0 81.0 88.0 96.0 104.0 112.0 119.0 127.0 135.0 142.0 150.0 157.0 165.0 172.0 180.0 187.0 195.0 202.0 209.0 449.0 1781304018.459985
200.0 200.0 201.0 202.0 203.0 204.0 205.0 206.0 208.0 209.0 210.0 212.0 214.0 215.0 217.0 219.0 221.0 223.0 225.0 227.0 230.0 231.0 234.0 237.0 239.0 25.0 33.0 41.0 49.0 57.0 65.0 73.0 81.0 89.0 97.0 104.0 112.0 120.0 128.0 135.0 143.0 151.0 159.0 166.0 174.0 181.0 189.0 197.0 204.0 212.0 450.0 1781304018.475735
200.0 200.0 201.0 202.0 202.0 203.0 204.0 205.0 206.0 207.0 208.0 210.0 210.0 212.0 213.0 215.0 216.0 217.0 218.0 220.0 222.0 223.0 225.0 227.0 228.0 25.0 33.0 41.0 49.0 57.0 65.0 73.0 81.0 89.0 97.0 105.0 113.0 121.0 129.0 136.0 144.0 151.0 159.0 167.0 175.0 183.0 191.0 198.0 206.0 213.0 451.0 1781304018.485872
200.0 200.0 201.0 201.0 202.0 202.0 203.0 204.0 204.0 205.0 206.0 207.0 208.0 208.0 209.0 210.0 211.0 212.0 213.0 214.0 215.0 216.0 217.0 218.0 219.0 25.0 33.0 41.0 49.0 57.0 65.0 73.0 81.0 89.0 97.0 105.0 113.0 121.0 129.0 137.0 144.0 152.0 160.0 168.0 176.0 184.0 192.0 200.0 208.0 215.0 452.0 1781304018.496293
200.0 200.0 201.0 201.0 202.0 202.0 202.0 203.0 203.0 204.0 204.0 205.0 205.0 205.0 206.0 206.0 207.0 207.0 207.0 208.0 208.0 209.0 209.0 210.0 211.0 25.0 33.0 41.0 49.0 57.0 65.0 73.0 81.0 89.0 97.0 105.0 113.0 121.0 129.0 137.0 145.0 153.0 161.0 169.0 177.0 184.0 192.0 200.0 208.0 215.0 453.0 1781304018.512040
200.0 200.0 201.0 201.0 201.0 202.0 202.0 202.0 202.0 202.0 202.0 202.0 202.0 202.0 202.0 202.0 201.0 201.0 201.0 201.0 201.0 201.0 200.0 200.0 200.0 25.0 33.0 41.0 49.0 57.0 65.0 73.0 81.0 89.0 97.0 105.0 113.0 121.0 129.0 137.0 145.0 153.0 161.0 169.0 177.0 185.0 193.0 201.0 209.0 216.0 454.0 1781304018.526934
200.0 200.0 200.0 201.0 201.0 201.0 201.0 200.0 200.0 200.0 200.0 199.0 199.0 198.0 198.0 197.0 197.0 196.0 196.0 195.0 194.0 193.0 193.0 191.0 191.0 25.0 33.0 41.0 49.0 57.0 65.0 73.0 81.0 89.0 97.0 105.0 113.0 121.0 129.0 137.0 145.0 153.0 161.0 168.0 176.0 184.0 192.0 200.0 208.0 216.0 455.0 1781304018.537302
200.0 200.0 200.0 200.0 200.0 200.0 200.0 199.0 199.0 198.0 198.0 197.0 196.0 195.0 195.0 194.0 192.0 192.0 190.0 190.0 188.0 187.0 185.0 184.0 182.0 25.0 33.0 41.0 49.0 57.0 65.0 73.0 81.0 89.0 97.0 105.0 113.0 121.0 129.0 137.0 144.0 152.0 160.0 168.0 176.0 184.0 192.0 200.0 208.0 215.0 456.0 1781304018.542444
200.0 200.0 200.0 200.0 200.0 199.0 198.0 198.0 197.0 196.0 196.0 194.0 193.0 192.0 190.0 189.0 187.0 186.0 184.0 183.0 181.0 179.0 177.0 175.0 173.0 25.0 33.0 41.0 49.0 57.0 65.0 73.0 81.0 89.0 97.0 105.0 113.0 120.0 128.0 136.0 144.0 152.0 160.0 168.0 175.0 183.0 191.0 198.0 206.0 213.0 457.0 1781304018.563684
200.0 200.0 200.0 200.0 199.0 198.0 197.0 196.0 195.0 194.0 193.0 191.0 190.0 188.0 186.0 184.0 182.0 180.0 178.0 176.0 173.0 171.0 169.0 166.0 164.0 25.0 33.0 41.0 49.0 57.0 65.0 73.0 80.0 88.0 96.0 104.0 112.0 120.0 128.0 135.0 143.0 151.0 158.0 166.0 174.0 181.0 189.0 197.0 204.0 211.0 458.0 1781304018.578446
201.0 200.0 200.0 199.0 198.0 197.0 196.0 194.0 193.0 191.0 190.0 188.0 186.0 183.0 182.0 179.0 177.0 174.0 172.0 169.0 166.0 164.0 161.0 158.0 156.0 25.0 33.0 41.0 49.0 57.0 65.0 73.0 80.0 88.0 96.0 104.0 111.0 119.0 127.0 135.0 142.0 150.0 157.0 165.0 172.0 180.0 187.0 195.0 202.0 209.0 459.0 1781304018.594050
201.0 200.0 199.0 198.0 197.0 196.0 194.0 193.0 191.0 189.0 187.0 184.0 182.0 180.0 177.0 174.0 171.0 169.0 166.0 163.0 160.0 157.0 154.0 151.0 148.0 26.0 33.0 41.0 49.0 57.0 65.0 72.0 80.0 88.0 96.0 103.0 111.0 118.0 126.0 133.0 141.0 148.0 156.0 163.0 171.0 178.0 185.0 192.0 200.0 207.0 460.0 1781304018.609478
201.0 200.0 199.0 198.0 196.0 194.0 193.0 191.0 188.0 186.0 184.0 181.0 178.0 176.0 173.0 170.0 167.0 163.0 161.0 157.0 154.0 150.0 148.0 144.0 141.0 26.0 33.0 41.0 49.0 57.0 64.0 72.0 80.0 87.0 95.0 103.0 110.0 118.0 125.0 132.0 140.0 147.0 154.0 161.0 169.0 176.0 183.0 190.0 197.0 204.0 461.0 1781304018.629862
201.0 200.0 199.0 197.0 195.0 193.0 191.0 189.0 186.0 184.0 181.0 178.0 175.0 171.0 168.0 165.0 161.0 158.0 155.0 151.0 147.0 144.0 141.0 137.0 134.0 26.0 33.0 41.0 49.0 56.0 64.0 72.0 79.0 87.0 94.0 102.0 109.0 116.0 123.0 131.0 138.0 145.0 152.0 159.0 166.0 173.0 181.0 188.0 195.0 202.0 462.0 1781304018.645397
201.0 200.0 199.0 197.0 195.0 193.0 190.0 187.0 185.0 182.0 178.0 175.0 172.0 168.0 165.0 161.0 158.0 154.0 150.0 147.0 143.0 140.0 136.0 133.0 129.0 26.0 33.0 41.0 49.0 56.0 64.0 71.0 79.0 86.0 93.0 101.0 108.0 115.0 122.0 129.0 136.0 144.0 151.0 158.0 165.0 172.0 179.0 186.0 193.0 200.0 463.0 1781304018.655753
202.0 200.0 198.0 196.0 194.0 192.0 189.0 186.0 183.0 181.0 177.0 173.0 170.0 166.0 163.0 159.0 155.0 151.0 148.0 144.0 140.0 136.0 133.0 129.0 126.0 26.0 33.0 41.0 49.0 56.0 64.0 71.0 79.0 86.0 93.0 101.0 108.0 115.0 122.0 129.0 136.0 143.0 150.0 156.0 164.0 171.0 178.0 185.0 192.0 199.0 464.0 1781304018.666049
202.0 200.0 198.0 196.0 194.0 192.0 189.0 186.0 182.0 180.0 176.0 172.0 168.0 165.0 161.0 157.0 153.0 149.0 145.0 141.0 137.0 134.0 130.0 126.0 123.0 26.0 33.0 41.0 49.0 56.0 64.0 71.0 78.0 86.0 93.0 100.0 107.0 114.0 121.0 128.0 135.0 142.0 149.0 155.0 162.0 169.0 176.0 183.0 190.0 198.0 465.0 1781304018.681922
202.0 200.0 198.0 196.0 194.0 191.0 188.0 185.0 181.0 179.0 175.0 171.0 167.0 163.0 159.0 155.0 151.0 147.0 143.0 139.0 135.0 131.0 128.0 124.0 120.0 26.0 33.0 41.0 49.0 56.0 64.0 71.0 78.0 85.0 92.0 100.0 107.0 114.0 121.0 127.0 134.0 141.0 148.0 155.0 162.0 169.0 176.0 182.0 189.0 197.0 466.0 1781304018.702220
202.0 200.0 198.0 196.0 194.0 191.0 188.0 185.0 181.0 178.0 174.0 170.0 166.0 162.0 158.0 154.0 150.0 146.0 142.0 137.0 133.0 130.0 126.0 122.0 119.0 26.0 33.0 41.0 49.0 56.0 64.0 71.0 78.0 85.0 92.0 99.0 106.0 113.0 120.0 127.0 134.0 140.0 147.0 154.0 161.0 168.0 175.0 182.0 189.0 196.0 467.0 1781304018.713073
202.0 200.0 198.0 196.0 193.0 190.0 188.0 185.0 181.0 178.0 174.0 170.0 166.0 162.0 158.0 154.0 149.0 145.0 141.0 137.0 133.0 129.0 125.0 121.0 118.0 26.0 33.0 41.0 49.0 56.0 64.0 71.0 78.0 85.0 92.0 99.0 106.0 113.0 120.0 127.0 133.0 140.0 147.0 154.0 160.0 167.0 174.0 181.0 188.0 195.0 468.0 1781304018.728005
202.0 200.0 198.0 196.0 193.0 191.0 188.0 184.0 181.0 177.0 174.0 170.0 166.0 162.0 157.0 154.0 149.0 145.0 141.0 137.0 132.0 128.0 125.0 121.0 117.0 26.0 33.0 41.0 49.0 56.0 64.0 71.0 78.0 85.0 92.0 99.0 106.0 113.0 120.0 127.0 133.0 140.0 147.0 153.0 160.0 167.0 174.0 181.0 188.0 195.0 469.0 1781304018.738143
202.0 200.0 198.0 196.0 193.0 191.0 188.0 185.0 181.0 178.0 174.0 170.0 166.0 162.0 158.0 154.0 149.0 145.0 141.0 137.0 132.0 128.0 124.0 120.0 117.0 26.0 33.0 41.0 49.0 56.0 64.0 71.0 78.0 85.0 92.0 99.0 106.0 113.0 120.0 127.0 133.0 140.0 147.0 153.0 160.0 167.0 174.0 180.0 187.0 194.0 470.0 1781304018.753934
202.0 200.0 198.0 196.0 194.0 191.0 188.0 185.0 181.0 178.0 174.0 170.0 166.0 162.0 158.0 154.0 150.0 145.0 141.0 137.0 133.0 128.0 124.0 120.0 117.0 26.0 33.0 41.0 49.0 56.0 64.0 71.0 78.0 85.0 92.0 99.0 106.0 113.0 120.0 127.0 133.0 140.0 147.0 154.0 160.0 167.0 174.0 180.0 187.0 194.0 471.0 1781304018.769706
202.0 200.0 198.0 196.0 194.0 191.0 189.0 186.0 182.0 179.0 175.0 172.0 168.0 163.0 159.0 155.0 151.0 147.0 143.0 138.0 134.0 130.0 126.0 121.0 117.0 25.0 33.0 41.0 49.0 56.0 64.0 71.0 78.0 86.0 93.0 100.0 107.0 114.0 121.0 127.0 134.0 141.0 148.0 154.0 161.0 167.0 174.0 181.0 188.0 194.0 472.0 1781304018.784590
201.0 200.0 199.0 197.0 194.0 192.0 190.0 187.0 184.0 181.0 178.0 174.0 170.0 166.0 162.0 158.0 154.0 150.0 145.0 141.0 137.0 133.0 128.0 124.0 119.0 25.0 33.0 41.0 49.0 56.0 64.0 71.0 79.0 86.0 93.0 100.0 108.0 115.0 122.0 128.0 135.0 142.0 149.0 155.0 162.0 169.0 175.0 182.0 189.0 195.0 473.0 1781304018.800116
201.0 200.0 199.0 197.0 195.0 193.0 191.0 188.0 185.0 182.0 179.0 175.0 172.0 168.0 164.0 160.0 156.0 152.0 148.0 143.0 139.0 135.0 131.0 126.0 122.0 25.0 33.0 41.0 49.0 57.0 64.0 72.0 79.0 87.0 94.0 101.0 108.0 116.0 123.0 130.0 136.0 143.0 150.0 156.0 163.0 170.0 177.0 183.0 190.0 196.0 474.0 1781304018.810741
201.0 200.0 199.0 197.0 196.0 194.0 192.0 189.0 186.0 183.0 181.0 177.0 174.0 170.0 167.0 163.0 159.0 155.0 151.0 146.0 142.0 138.0 133.0 129.0 125.0 25.0 33.0 41.0 49.0 57.0 65.0 72.0 80.0 87.0 94.0 101.0 109.0 116.0 123.0 130.0 137.0 144.0 151.0 158.0 165.0 171.0 178.0 184.0 191.0 197.0 475.0 1781304018.820762
201.0 200.0 199.0 198.0 196.0 194.0 192.0 190.0 188.0 185.0 182.0 179.0 176.0 172.0 169.0 166.0 162.0 158.0 154.0 150.0 146.0 142.0 137.0 133.0 129.0 25.0 33.0 41.0 49.0 57.0 65.0 72.0 80.0 87.0 95.0 102.0 110.0 117.0 124.0 131.0 138.0 145.0 152.0 159.0 166.0 173.0 179.0 186.0 192.0 199.0 476.0 1781304018.831045
201.0 200.0 199.0 198.0 197.0 195.0 193.0 191.0 189.0 186.0 184.0 181.0 178.0 175.0 171.0 168.0 165.0 161.0 157.0 153.0 149.0 146.0 141.0 137.0 133.0 25.0 33.0 41.0 49.0 57.0 65.0 72.0 80.0 88.0 95.0 103.0 110.0 117.0 125.0 132.0 139.0 146.0 153.0 160.0 167.0 174.0 181.0 188.0 194.0 201.0 477.0 1781304018.841331
200.0 200.0 199.0 198.0 197.0 196.0 194.0 192.0 190.0 188.0 185.0 183.0 180.0 177.0 174.0 171.0 168.0 164.0 160.0 157.0 153.0 150.0 145.0 141.0 138.0 25.0 33.0 41.0 49.0 57.0 65.0 73.0 80.0 88.0 95.0 103.0 111.0 118.0 125.0 132.0 140.0 147.0 155.0 162.0 169.0 176.0 182.0 189.0 196.0 203.0 478.0 1781304018.851911
200.0 200.0 199.0 198.0 197.0 196.0 194.0 193.0 191.0 189.0 187.0 185.0 182.0 180.0 177.0 174.0 171.0 168.0 164.0 161.0 157.0 154.0 150.0 147.0 143.0 25.0 33.0 41.0 49.0 57.0 65.0 73.0 80.0 88.0 96.0 103.0 111.0 119.0 126.0 133.0 140.0 148.0 155.0 163.0 170.0 177.0 184.0 191.0 198.0 205.0 479.0 1781304018.856934
200.0 200.0 199.0 199.0 198.0 197.0 195.0 194.0 192.0 191.0 189.0 187.0 185.0 183.0 180.0 178.0 175.0 173.0 170.0 167.0 164.0 162.0 158.0 155.0 152.0 25.0 33.0 41.0 49.0 57.0 65.0 73.0 80.0 88.0 96.0 104.0 112.0 119.0 127.0 135.0 142.0 149.0 157.0 165.0 172.0 179.0 187.0 194.0 201.0 208.0 480.0 1781304018.882497
200.0 200.0 200.0 199.0 198.0 197.0 196.0 195.0 194.0 193.0 191.0 189.0 187.0 186.0 184.0 181.0 180.0 177.0 175.0 173.0 171.0 168.0 166.0 163.0 160.0 25.0 33.0 41.0 49.0 57.0 65.0 73.0 81.0 89.0 97.0 105.0 112.0 120.0 127.0 135.0 143.0 151.0 159.0 166.0 173.0 181.0 189.0 196.0 204.0 211.0 481.0 1781304018.892964
201.0 200.0 200.0 199.0 199.0 198.0 197.0 196.0 195.0 194.0 193.0 191.0 190.0 188.0 187.0 185.0 183.0 182.0 180.0 178.0 176.0 174.0 172.0 171.0 168.0 25.0 33.0 41.0 49.0 57.0 65.0 73.0 81.0 89.0 97.0 105.0 113.0 120.0 128.0 136.0 144.0 152.0 160.0 167.0 175.0 183.0 190.0 198.0 206.0 213.0 482.0 1781304018.898058
200.0 200.0 200.0 199.0 199.0 198.0 198.0 197.0 196.0 195.0 194.0 194.0 192.0 191.0 190.0 189.0 188.0 187.0 186.0 184.0 183.0 182.0 181.0 180.0 178.0 25.0 33.0 41.0 49.0 57.0 65.0 73.0 81.0 89.0 97.0 105.0 113.0 121.0 129.0 137.0 145.0 152.0 160.0 168.0 176.0 184.0 192.0 200.0 207.0 214.0 483.0 1781304018.919031
200.0 200.0 200.0 200.0 199.0 199.0 198.0 198.0 197.0 197.0 196.0 195.0 195.0 194.0 194.0 192.0 192.0 191.0 191.0 190.0 190.0 189.0 188.0 188.0 188.0 25.0 33.0 41.0 49.0 57.0 65.0 73.0 81.0 89.0 97.0 105.0 113.0 121.0 129.0 137.0 145.0 153.0 161.0 168.0 176.0 184.0 193.0 201.0 209.0 216.0 484.0 1781304018.929073
200.0 200.0 200.0 200.0 200.0 199.0 199.0 199.0 198.0 198.0 198.0 198.0 197.0 198.0 197.0 197.0 197.0 197.0 197.0 197.0 197.0 197.0 197.0 197.0 198.0 25.0 33.0 41.0 49.0 57.0 65.0 73.0 81.0 89.0 97.0 105.0 113.0 121.0 129.0 137.0 145.0 153.0 161.0 169.0 177.0 185.0 193.0 201.0 209.0 216.0 485.0 1781304018.944147
200.0 200.0 200.0 200.0 200.0 200.0 200.0 200.0 200.0 200.0 200.0 200.0 200.0 200.0 201.0 201.0 202.0 202.0 202.0 203.0 203.0 205.0 205.0 206.0 208.0 25.0 33.0 41.0 50.0 57.0 65.0 73.0 81.0 89.0 97.0 105.0 113.0 121.0 129.0 137.0 145.0 153.0 161.0 169.0 177.0 185.0 193.0 201.0 208.0 216.0 486.0 1781304018.949808
200.0 200.0 200.0 200.0 201.0 201.0 201.0 201.0 201.0 202.0 203.0 202.0 203.0 204.0 205.0 205.0 206.0 207.0 209.0 210.0 211.0 212.0 214.0 216.0 218.0 25.0 33.0 41.0 49.0 57.0 65.0 73.0 81.0 89.0 97.0 105.0 113.0 121.0 129.0 137.0 145.0 152.0 160.0 168.0 176.0 184.0 192.0 200.0 208.0 215.0 487.0 1781304018.970273
200.0 200.0 201.0 201.0 201.0 202.0 202.0 203.0 203.0 204.0 205.0 206.0 207.0 208.0 209.0 210.0 212.0 213.0 215.0 217.0 218.0 221.0 223.0 225.0 228.0 25.0 33.0 41.0 49.0 57.0 65.0 73.0 81.0 89.0 97.0 105.0 113.0 121.0 129.0 137.0 144.0 152.0 160.0 168.0 176.0 183.0 191.0 198.0 206.0 214.0 488.0 1781304018.985426
200.0 200.0 201.0 201.0 202.0 203.0 204.0 204.0 205.0 207.0 207.0 209.0 210.0 212.0 213.0 215.0 217.0 219.0 221.0 224.0 226.0 229.0 232.0 234.0 237.0 25.0 33.0 41.0 49.0 57.0 65.0 73.0 81.0 89.0 97.0 105.0 113.0 121.0 128.0 136.0 143.0 151.0 159.0 166.0 174.0 182.0 189.0 197.0 204.0 211.0 489.0 1781304019.000918
200.0 200.0 201.0 202.0 203.0 204.0 204.0 206.0 207.0 208.0 209.0 211.0 213.0 215.0 217.0 219.0 221.0 223.0 226.0 228.0 231.0 234.0 237.0 240.0 244.0 25.0 33.0 41.0 49.0 57.0 65.0 73.0 81.0 89.0 96.0 104.0 112.0 120.0 127.0 135.0 143.0 151.0 158.0 166.0 174.0 181.0 188.0 196.0 203.0 210.0 490.0 1781304019.006151
200.0 200.0 201.0 202.0 203.0 204.0 206.0 207.0 208.0 210.0 212.0 214.0 216.0 218.0 220.0 223.0 226.0 228.0 231.0 234.0 237.0 240.0 244.0 247.0 250.0 25.0 33.0 41.0 49.0 57.0 65.0 73.0 81.0 89.0 96.0 104.0 112.0 119.0 127.0 134.0 142.0 149.0 157.0 164.0 172.0 179.0 186.0 194.0 201.0 208.0 491.0 1781304019.021647
200.0 201.0 201.0 203.0 204.0 205.0 207.0 209.0 211.0 213.0 215.0 217.0 219.0 222.0 225.0 227.0 230.0 234.0 236.0 239.0 243.0 246.0 250.0 253.0 257.0 26.0 33.0 41.0 49.0 57.0 65.0 73.0 80.0 88.0 96.0 103.0 111.0 119.0 126.0 133.0 141.0 148.0 156.0 163.0 170.0 178.0 185.0 192.0 199.0 206.0 492.0 1781304019.042085
200.0 201.0 202.0 203.0 205.0 207.0 208.0 210.0 213.0 215.0 218.0 220.0 223.0 226.0 229.0 232.0 235.0 239.0 242.0 245.0 249.0 252.0 256.0 259.0 263.0 26.0 33.0 41.0 49.0 57.0 65.0 72.0 80.0 87.0 95.0 103.0 110.0 118.0 125.0 132.0 140.0 147.0 154.0 162.0 169.0 176.0 183.0 190.0 197.0 204.0 493.0 1781304019.052301
199.0 200.0 202.0 204.0 206.0 208.0 210.0 212.0 215.0 218.0 221.0 223.0 227.0 230.0 233.0 236.0 240.0 243.0 247.0 250.0 254.0 257.0 261.0 265.0 268.0 26.0 33.0 41.0 49.0 57.0 64.0 72.0 79.0 87.0 94.0 102.0 109.0 116.0 124.0 131.0 138.0 146.0 153.0 160.0 167.0 174.0 181.0 188.0 195.0 202.0 494.0 1781304019.068035
199.0 201.0 202.0 204.0 206.0 209.0 211.0 214.0 217.0 220.0 223.0 226.0 230.0 233.0 236.0 240.0 244.0 247.0 251.0 255.0 258.0 262.0 265.0 269.0 273.0 26.0 33.0 41.0 49.0 56.0 64.0 71.0 79.0 86.0 94.0 101.0 108.0 115.0 122.0 130.0 137.0 144.0 151.0 158.0 165.0 172.0 179.0 186.0 193.0 200.0 495.0 1781304019.083465
199.0 200.0 202.0 205.0 207.0 209.0 212.0 215.0 218.0 221.0 225.0 228.0 232.0 235.0 239.0 243.0 247.0 250.0 254.0 257.0 261.0 265.0 269.0 272.0 276.0 26.0 33.0 41.0 49.0 56.0 64.0 71.0 78.0 86.0 93.0 101.0 108.0 115.0 122.0 129.0 136.0 143.0 150.0 157.0 164.0 171.0 178.0 185.0 192.0 199.0 496.0 1781304019.094134
199.0 200.0 203.0 205.0 207.0 210.0 213.0 216.0 219.0 222.0 226.0 230.0 234.0 237.0 241.0 245.0 249.0 252.0 256.0 260.0 264.0 268.0 271.0 275.0 279.0 26.0 33.0 41.0 49.0 56.0 63.0 71.0 78.0 85.0 93.0 100.0 107.0 114.0 121.0 128.0 135.0 142.0 149.0 156.0 163.0 170.0 177.0 184.0 191.0 198.0 497.0 1781304019.109265
199.0 200.0 203.0 205.0 208.0 210.0 213.0 217.0 220.0 223.0 227.0 231.0 235.0 239.0 243.0 246.0 250.0 254.0 258.0 262.0 266.0 270.0 274.0 277.0 281.0 26.0 33.0 41.0 49.0 56.0 63.0 71.0 78.0 85.0 92.0 100.0 107.0 114.0 121.0 127.0 134.0 141.0 148.0 155.0 162.0 169.0 176.0 183.0 190.0 197.0 498.0 1781304019.125027
198.0 200.0 203.0 205.0 208.0 211.0 214.0 217.0 220.0 224.0 228.0 232.0 235.0 239.0 243.0 247.0 251.0 256.0 260.0 263.0 267.0 271.0 275.0 279.0 282.0 26.0 33.0 41.0 49.0 56.0 63.0 70.0 78.0 85.0 92.0 99.0 106.0 113.0 120.0 127.0 134.0 141.0 148.0 154.0 161.0 168.0 175.0 182.0 189.0 196.0 499.0 1781304019.140159
199.0 200.0 203.0 205.0 208.0 211.0 214.0 217.0 220.0 224.0 228.0 232.0 236.0 240.0 244.0 248.0 252.0 256.0 260.0 264.0 268.0 272.0 276.0 280.0 283.0 26.0 33.0 41.0 49.0 56.0 63.0 70.0 78.0 85.0 92.0 99.0 106.0 113.0 120.0 126.0 133.0 140.0 147.0 154.0 161.0 167.0 174.0 181.0 188.0 195.0 500.0 1781304019.150629
199.0 200.0 203.0 205.0 208.0 211.0 214.0 217.0 221.0 224.0 228.0 232.0 236.0 240.0 244.0 248.0 252.0 256.0 260.0 265.0 269.0 273.0 276.0 280.0 284.0 26.0 33.0 41.0 49.0 56.0 63.0 70.0 78.0 85.0 92.0 99.0 106.0 113.0 120.0 126.0 133.0 140.0 147.0 154.0 160.0 167.0 174.0 181.0 188.0 195.0 501.0 1781304019.176294
199.0 200.0 203.0 205.0 208.0 211.0 214.0 217.0 220.0 224.0 228.0 232.0 236.0 239.0 244.0 248.0 252.0 256.0 260.0 265.0 269.0 273.0 277.0 281.0 284.0 26.0 33.0 41.0 49.0 56.0 63.0 71.0 78.0 85.0 92.0 99.0 106.0 113.0 120.0 126.0 133.0 140.0 147.0 154.0 160.0 167.0 174.0 181.0 188.0 194.0 502.0 1781304019.186410
199.0 200.0 203.0 205.0 208.0 210.0 213.0 217.0 220.0 224.0 227.0 231.0 235.0 239.0 243.0 247.0 252.0 256.0 260.0 264.0 268.0 273.0 276.0 281.0 284.0 26.0 33.0 41.0 49.0 56.0 63.0 71.0 78.0 85.0 92.0 99.0 106.0 113.0 120.0 127.0 133.0 140.0 147.0 154.0 161.0 167.0 174.0 181.0 188.0 194.0 503.0 1781304019.201829
199.0 201.0 202.0 205.0 207.0 210.0 213.0 216.0 219.0 222.0 226.0 230.0 234.0 238.0 242.0 246.0 250.0 254.0 259.0 263.0 267.0 271.0 276.0 280.0 284.0 26.0 33.0 41.0 49.0 56.0 64.0 71.0 78.0 85.0 93.0 100.0 107.0 114.0 121.0 128.0 134.0 141.0 148.0 155.0 161.0 168.0 174.0 181.0 188.0 194.0 504.0 1781304019.212738
199.0 201.0 202.0 204.0 207.0 209.0 211.0 215.0 217.0 220.0 224.0 228.0 231.0 235.0 239.0 243.0 247.0 252.0 256.0 260.0 265.0 269.0 274.0 278.0 283.0 26.0 33.0 41.0 49.0 56.0 64.0 71.0 79.0 86.0 93.0 101.0 108.0 115.0 122.0 129.0 135.0 142.0 149.0 156.0 162.0 169.0 176.0 182.0 189.0 195.0 505.0 1781304019.222528
199.0 201.0 202.0 204.0 206.0 208.0 210.0 213.0 216.0 219.0 222.0 226.0 229.0 233.0 237.0 241.0 245.0 249.0 253.0 258.0 262.0 266.0 271.0 276.0 281.0 26.0 33.0 41.0 49.0 57.0 64.0 72.0 79.0 87.0 94.0 101.0 108.0 115.0 123.0 130.0 137.0 143.0 150.0 157.0 164.0 170.0 177.0 183.0 190.0 196.0 506.0 1781304019.238079
200.0 201.0 202.0 203.0 206.0 208.0 210.0 213.0 215.0 218.0 221.0 224.0 228.0 232.0 235.0 239.0 243.0 247.0 251.0 256.0 260.0 264.0 269.0 274.0 279.0 25.0 33.0 41.0 49.0 57.0 64.0 72.0 79.0 87.0 94.0 102.0 109.0 116.0 123.0 130.0 137.0 144.0 151.0 157.0 164.0 171.0 177.0 183.0 190.0 196.0 507.0 1781304019.243018
200.0 201.0 202.0 203.0 205.0 207.0 209.0 211.0 214.0 216.0 219.0 222.0 225.0 229.0 232.0 235.0 239.0 243.0 248.0 252.0 256.0 260.0 265.0 270.0 275.0 25.0 33.0 41.0 49.0 57.0 64.0 72.0 80.0 87.0 94.0 102.0 109.0 117.0 124.0 131.0 138.0 145.0 152.0 159.0 166.0 172.0 179.0 185.0 192.0 198.0 508.0 1781304019.253423
200.0 201.0 202.0 203.0 204.0 206.0 208.0 210.0 212.0 214.0 217.0 220.0 223.0 225.0 229.0 232.0 236.0 239.0 243.0 247.0 251.0 256.0 260.0 265.0 270.0 25.0 33.0 41.0 49.0 57.0 65.0 72.0 80.0 88.0 95.0 103.0 110.0 117.0 125.0 132.0 140.0 147.0 153.0 160.0 167.0 174.0 181.0 188.0 194.0 201.0 509.0 1781304019.274273
200.0 201.0 201.0 202.0 204.0 205.0 207.0 209.0 210.0 212.0 215.0 217.0 220.0 223.0 226.0 229.0 232.0 236.0 240.0 243.0 247.0 251.0 256.0 260.0 264.0 25.0 33.0 41.0 49.0 57.0 65.0 73.0 80.0 88.0 96.0 103.0 111.0 118.0 126.0 134.0 141.0 148.0 155.0 162.0 169.0 176.0 184.0 190.0 196.0 203.0 510.0 1781304019.279434
200.0 200.0 201.0 202.0 203.0 205.0 206.0 208.0 209.0 211.0 214.0 216.0 218.0 220.0 223.0 226.0 229.0 232.0 236.0 239.0 243.0 247.0 250.0 254.0 259.0 25.0 33.0 41.0 49.0 57.0 65.0 73.0 81.0 89.0 96.0 104.0 112.0 119.0 127.0 134.0 142.0 149.0 157.0 164.0 171.0 178.0 185.0 192.0 199.0 206.0 511.0 1781304019.294951
200.0 200.0 201.0 202.0 203.0 204.0 205.0 207.0 208.0 210.0 212.0 213.0 216.0 218.0 220.0 222.0 225.0 228.0 231.0 233.0 237.0 240.0 244.0 247.0 251.0 25.0 33.0 41.0 49.0 57.0 65.0 73.0 81.0 89.0 97.0 104.0 112.0 120.0 127.0 135.0 143.0 150.0 158.0 165.0 172.0 180.0 187.0 195.0 201.0 209.0 512.0 1781304019.305233
200.0 200.0 201.0 202.0 203.0 203.0 204.0 206.0 207.0 208.0 210.0 211.0 213.0 215.0 217.0 219.0 221.0 223.0 225.0 227.0 230.0 233.0 235.0 238.0 241.0 25.0 33.0 41.0 49.0 57.0 65.0 73.0 81.0 89.0 97.0 105.0 113.0 120.0 128.0 136.0 143.0 151.0 159.0 166.0 174.0 182.0 189.0 197.0 204.0 211.0 513.0 1781304019.320818
200.0 200.0 201.0 201.0 202.0 203.0 204.0 205.0 206.0 207.0 208.0 210.0 210.0 212.0 214.0 215.0 217.0 218.0 220.0 222.0 224.0 226.0 228.0 230.0 233.0 25.0 33.0 41.0 49.0 57.0 65.0 73.0 81.0 89.0 97.0 105.0 113.0 121.0 129.0 136.0 144.0 151.0 159.0 167.0 175.0 183.0 191.0 198.0 206.0 213.0 514.0 1781304019.336210
200.0 200.0 201.0 201.0 202.0 203.0 203.0 204.0 205.0 206.0 207.0 208.0 209.0 210.0 211.0 212.0 213.0 214.0 216.0 217.0 218.0 219.0 221.0 223.0 224.0 25.0 33.0 41.0 49.0 57.0 65.0 73.0 81.0 89.0 97.0 105.0 113.0 121.0 129.0 137.0 145.0 152.0 160.0 168.0 176.0 184.0 192.0 200.0 208.0 215.0 515.0 1781304019.346471
200.0 200.0 201.0 201.0 202.0 202.0 203.0 203.0 204.0 205.0 205.0 206.0 206.0 207.0 207.0 208.0 208.0 209.0 210.0 211.0 211.0 212.0 213.0 213.0 214.0 25.0 33.0 41.0 49.0 57.0 65.0 73.0 81.0 89.0 97.0 105.0 113.0 121.0 129.0 137.0 145.0 153.0 161.0 169.0 177.0 185.0 193.0 201.0 209.0 216.0 516.0 1781304019.361934
200.0 200.0 201.0 201.0 202.0 202.0 202.0 203.0 203.0 203.0 203.0 204.0 204.0 204.0 204.0 205.0 205.0 205.0 205.0 205.0 205.0 205.0 205.0 205.0 205.0 25.0 33.0 41.0 49.0 57.0 65.0 73.0 81.0 89.0 97.0 105.0 113.0 121.0 129.0 137.0 145.0 153.0 161.0 169.0 177.0 185.0 193.0 201.0 209.0 216.0 517.0 1781304019.371992
200.0 200.0 201.0 201.0 201.0 202.0 202.0 202.0 202.0 202.0 202.0 201.0 202.0 201.0 201.0 200.0 200.0 199.0 199.0 198.0 198.0 197.0 196.0 196.0 195.0 25.0 33.0 41.0 49.0 57.0 65.0 73.0 81.0 89.0 97.0 105.0 113.0 121.0 129.0 137.0 145.0 153.0 161.0 169.0 176.0 184.0 192.0 200.0 208.0 216.0 518.0 1781304019.387630
200.0 200.0 200.0 201.0 201.0 201.0 201.0 200.0 201.0 200.0 199.0 199.0 198.0 198.0 197.0 196.0 195.0 194.0 193.0 192.0 191.0 189.0 187.0 186.0 185.0 25.0 33.0 41.0 49.0 57.0 65.0 73.0 81.0 89.0 97.0 105.0 113.0 121.0 129.0 137.0 145.0 153.0 161.0 168.0 176.0 184.0 192.0 200.0 208.0 215.0 519.0 1781304019.402787
200.0 200.0 200.0 200.0 200.0 200.0 199.0 199.0 199.0 198.0 197.0 196.0 195.0 194.0 193.0 192.0 190.0 188.0 186.0 185.0 183.0 181.0 179.0 176.0 174.0 25.0 33.0 41.0 49.0 57.0 65.0 73.0 81.0 89.0 97.0 105.0 112.0 120.0 128.0 136.0 144.0 152.0 160.0 167.0 175.0 183.0 190.0 198.0 206.0 213.0 520.0 1781304019.418508
200.0 200.0 200.0 200.0 200.0 199.0 198.0 198.0 197.0 195.0 195.0 193.0 192.0 190.0 188.0 187.0 184.0 183.0 180.0 178.0 176.0 173.0 170.0 168.0 165.0 25.0 33.0 41.0 49.0 57.0 65.0 73.0 81.0 89.0 97.0 105.0 112.0 120.0 128.0 136.0 143.0 151.0 159.0 167.0 174.0 182.0 189.0 197.0 204.0 211.0 521.0 1781304019.444171
200.0 200.0 200.0 199.0 198.0 197.0 197.0 195.0 194.0 193.0 191.0 189.0 187.0 185.0 183.0 181.0 179.0 176.0 174.0 170.0 168.0 165.0 162.0 159.0 155.0 25.0 33.0 41.0 49.0 57.0 65.0 73.0 81.0 89.0 96.0 104.0 112.0 119.0 127.0 135.0 142.0 150.0 157.0 165.0 172.0 180.0 187.0 194.0 202.0 209.0 522.0 1781304019.454659
201.0 200.0 199.0 198.0 198.0 196.0 195.0 194.0 192.0 190.0 189.0 186.0 184.0 182.0 179.0 176.0 174.0 171.0 168.0 165.0 162.0 159.0 155.0 152.0 149.0 25.0 33.0 41.0 49.0 57.0 65.0 72.0 80.0 88.0 96.0 103.0 111.0 119.0 126.0 134.0 141.0 149.0 156.0 163.0 171.0 178.0 186.0 193.0 200.0 207.0 523.0 1781304019.464912
201.0 200.0 199.0 198.0 197.0 195.0 194.0 192.0 190.0 188.0 185.0 183.0 181.0 178.0 175.0 172.0 169.0 166.0 163.0 160.0 156.0 153.0 150.0 147.0 143.0 25.0 33.0 41.0 49.0 57.0 65.0 72.0 80.0 88.0 95.0 103.0 110.0 118.0 126.0 133.0 141.0 148.0 155.0 162.0 170.0 177.0 184.0 191.0 198.0 205.0 524.0 1781304019.480066
201.0 200.0 199.0 198.0 196.0 194.0 192.0 190.0 188.0 185.0 183.0 180.0 177.0 174.0 171.0 168.0 164.0 162.0 158.0 155.0 151.0 148.0 145.0 141.0 138.0 26.0 33.0 41.0 49.0 57.0 65.0 72.0 80.0 88.0 95.0 103.0 110.0 117.0 124.0 132.0 139.0 146.0 154.0 161.0 168.0 176.0 183.0 190.0 197.0 204.0 525.0 1781304019.490549
201.0 200.0 199.0 197.0 195.0 193.0 191.0 188.0 186.0 183.0 180.0 177.0 174.0 170.0 168.0 164.0 161.0 157.0 154.0 150.0 147.0 143.0 140.0 137.0 134.0 26.0 33.0 41.0 49.0 57.0 64.0 72.0 79.0 87.0 94.0 102.0 109.0 116.0 123.0 131.0 138.0 145.0 152.0 159.0 167.0 174.0 181.0 188.0 195.0 203.0 526.0 1781304019.506143
201.0 200.0 198.0 197.0 194.0 192.0 190.0 187.0 184.0 181.0 178.0 175.0 172.0 168.0 164.0 161.0 157.0 154.0 150.0 147.0 144.0 140.0 137.0 134.0 131.0 26.0 33.0 41.0 49.0 56.0 64.0 71.0 79.0 86.0 94.0 101.0 108.0 115.0 122.0 130.0 137.0 144.0 151.0 158.0 165.0 173.0 180.0 187.0 194.0 201.0 527.0 1781304019.521422
202.0 200.0 198.0 196.0 194.0 192.0 189.0 186.0 183.0 180.0 177.0 173.0 170.0 166.0 163.0 159.0 155.0 152.0 148.0 145.0 142.0 138.0 135.0 132.0 129.0 26.0 33.0 41.0 49.0 56.0 64.0 71.0 78.0 86.0 93.0 101.0 108.0 115.0 122.0 129.0 136.0 143.0 150.0 157.0 165.0 172.0 179.0 186.0 193.0 201.0 528.0 1781304019.531647
202.0 200.0 198.0 196.0 194.0 191.0 189.0 186.0 183.0 179.0 176.0 173.0 169.0 165.0 162.0 158.0 154.0 151.0 147.0 143.0 140.0 137.0 134.0 131.0 128.0 26.0 33.0 41.0 49.0 56.0 64.0 71.0 78.0 86.0 93.0 100.0 107.0 114.0 121.0 128.0 135.0 142.0 149.0 156.0 164.0 171.0 178.0 185.0 192.0 200.0 529.0 1781304019.541915
202.0 200.0 198.0 196.0 194.0 191.0 188.0 185.0 182.0 179.0 175.0 172.0 168.0 164.0 160.0 157.0 153.0 150.0 146.0 142.0 139.0 136.0 133.0 130.0 127.0 26.0 33.0 41.0 49.0 56.0 64.0 71.0 78.0 85.0 93.0 100.0 107.0 114.0 121.0 128.0 135.0 142.0 149.0 156.0 163.0 170.0 177.0 184.0 191.0 199.0 530.0 1781304019.568051
202.0 200.0 198.0 196.0 193.0 191.0 188.0 185.0 182.0 178.0 175.0 171.0 168.0 164.0 160.0 156.0 152.0 149.0 145.0 142.0 138.0 135.0 131.0 128.0 125.0 26.0 33.0 41.0 49.0 56.0 63.0 71.0 78.0 85.0 93.0 100.0 107.0 114.0 121.0 128.0 135.0 142.0 149.0 156.0 163.0 170.0 177.0 184.0 191.0 199.0 531.0 1781304019.578279
202.0 200.0 198.0 196.0 194.0 191.0 188.0 185.0 182.0 178.0 175.0 171.0 167.0 164.0 160.0 156.0 152.0 148.0 145.0 141.0 138.0 134.0 131.0 128.0 125.0 26.0 33.0 41.0 49.0 56.0 63.0 71.0 78.0 85.0 92.0 99.0 106.0 113.0 120.0 128.0 135.0 142.0 149.0 156.0 163.0 170.0 177.0 184.0 191.0 199.0 532.0 1781304019.598641
202.0 200.0 198.0 196.0 194.0 191.0 188.0 185.0 182.0 178.0 175.0 171.0 168.0 164.0 160.0 156.0 152.0 148.0 145.0 141.0 137.0 134.0 131.0 128.0 125.0 26.0 33.0 41.0 49.0 56.0 63.0 71.0 78.0 85.0 93.0 100.0 107.0 114.0 121.0 128.0 135.0 142.0 149.0 156.0 162.0 170.0 177.0 184.0 191.0 198.0 533.0 1781304019.608848
202.0 200.0 198.0 196.0 194.0 191.0 189.0 186.0 182.0 179.0 176.0 172.0 168.0 165.0 161.0 157.0 153.0 149.0 145.0 142.0 138.0 134.0 131.0 128.0 124.0 26.0 33.0 41.0 49.0 56.0 64.0 71.0 78.0 85.0 93.0 100.0 107.0 114.0 121.0 128.0 135.0 142.0 149.0 156.0 163.0 170.0 177.0 184.0 191.0 198.0 534.0 1781304019.629474
201.0 200.0 198.0 196.0 194.0 192.0 189.0 186.0 183.0 180.0 176.0 173.0 169.0 165.0 161.0 158.0 154.0 150.0 146.0 142.0 138.0 135.0 131.0 128.0 124.0 26.0 33.0 41.0 49.0 56.0 64.0 71.0 78.0 86.0 93.0 100.0 107.0 114.0 121.0 128.0 135.0 142.0 149.0 156.0 163.0 170.0 177.0 184.0 191.0 198.0 535.0 1781304019.639731
201.0 200.0 199.0 197.0 195.0 193.0 190.0 188.0 186.0 182.0 179.0 176.0 173.0 169.0 165.0 161.0 158.0 154.0 150.0 146.0 142.0 138.0 135.0 130.0 127.0 25.0 33.0 41.0 49.0 57.0 64.0 72.0 79.0 86.0 94.0 101.0 108.0 116.0 123.0 130.0 137.0 144.0 151.0 157.0 164.0 171.0 178.0 185.0 192.0 198.0 536.0 1781304019.665670
201.0 200.0 199.0 198.0 196.0 194.0 192.0 190.0 187.0 185.0 182.0 179.0 176.0 173.0 169.0 165.0 162.0 158.0 154.0 150.0 146.0 142.0 138.0 134.0 130.0 25.0 33.0 41.0 49.0 57.0 64.0 72.0 80.0 87.0 94.0 102.0 109.0 116.0 124.0 131.0 138.0 145.0 152.0 159.0 166.0 173.0 179.0 186.0 193.0 200.0 537.0 1781304019.676007
200.0 200.0 199.0 198.0 197.0 195.0 194.0 192.0 190.0 187.0 185.0 182.0 179.0 176.0 173.0 170.0 166.0 163.0 159.0 156.0 152.0 148.0 144.0 140.0 136.0 25.0 33.0 41.0 49.0 57.0 65.0 72.0 80.0 88.0 95.0 103.0 110.0 118.0 125.0 132.0 139.0 146.0 153.0 161.0 168.0 175.0 182.0 188.0 195.0 202.0 538.0 1781304019.707437
200.0 200.0 199.0 199.0 198.0 197.0 195.0 193.0 192.0 190.0 188.0 185.0 183.0 181.0 178.0 175.0 172.0 169.0 165.0 162.0 158.0 155.0 151.0 147.0 143.0 25.0 33.0 41.0 49.0 57.0 65.0 73.0 81.0 88.0 96.0 104.0 111.0 118.0 126.0 133.0 141.0 148.0 155.0 162.0 169.0 177.0 184.0 191.0 197.0 204.0 539.0 1781304019.712686
200.0 200.0 200.0 199.0 199.0 197.0 197.0 195.0 194.0 192.0 191.0 188.0 187.0 184.0 182.0 179.0 177.0 174.0 171.0 169.0 165.0 162.0 158.0 155.0 152.0 25.0 33.0 41.0 49.0 57.0 65.0 73.0 81.0 88.0 96.0 104.0 111.0 119.0 127.0 134.0 142.0 149.0 157.0 164.0 171.0 179.0 186.0 193.0 200.0 207.0 540.0 1781304019.732710
200.0 200.0 200.0 200.0 199.0 198.0 197.0 196.0 195.0 194.0 192.0 191.0 189.0 187.0 185.0 183.0 181.0 179.0 176.0 174.0 171.0 168.0 165.0 162.0 159.0 25.0 33.0 41.0 49.0 57.0 65.0 73.0 81.0 89.0 97.0 104.0 112.0 120.0 127.0 135.0 143.0 150.0 158.0 166.0 173.0 180.0 188.0 195.0 203.0 210.0 541.0 1781304019.737831
200.0 200.0 200.0 200.0 199.0 199.0 198.0 197.0 196.0 195.0 194.0 192.0 191.0 190.0 188.0 186.0 184.0 182.0 181.0 178.0 176.0 174.0 172.0 169.0 166.0 25.0 33.0 41.0 49.0 57.0 65.0 73.0 81.0 89.0 97.0 105.0 112.0 120.0 128.0 136.0 144.0 151.0 159.0 167.0 174.0 182.0 189.0 197.0 205.0 212.0 542.0 1781304019.753299
200.0 200.0 200.0 200.0 199.0 199.0 199.0 198.0 197.0 196.0 195.0 195.0 194.0 192.0 191.0 190.0 189.0 187.0 186.0 184.0 183.0 181.0 179.0 178.0 176.0 25.0 33.0 41.0 49.0 57.0 65.0 73.0 81.0 89.0 97.0 105.0 113.0 121.0 129.0 136.0 144.0 152.0 159.0 167.0 175.0 183.0 191.0 199.0 206.0 213.0 543.0 1781304019.763889
200.0 200.0 200.0 200.0 200.0 199.0 199.0 199.0 198.0 198.0 197.0 197.0 196.0 195.0 195.0 194.0 193.0 193.0 192.0 191.0 190.0 189.0 188.0 188.0 187.0 25.0 33.0 41.0 49.0 57.0 65.0 73.0 81.0 89.0 97.0 105.0 113.0 121.0 129.0 137.0 145.0 153.0 160.0 168.0 176.0 184.0 192.0 200.0 208.0 215.0 544.0 1781304019.784039
200.0 200.0 200.0 200.0 200.0 200.0 200.0 200.0 199.0 199.0 199.0 199.0 199.0 199.0 198.0 198.0 198.0 198.0 198.0 198.0 197.0 197.0 198.0 198.0 198.0 25.0 33.0 41.0 49.0 57.0 65.0 73.0 81.0 89.0 97.0 105.0 113.0 121.0 129.0 137.0 145.0 153.0 161.0 169.0 177.0 185.0 192.0 200.0 208.0 215.0 545.0 1781304019.799820
200.0 200.0 200.0 200.0 200.0 200.0 200.0 201.0 200.0 201.0 201.0 201.0 201.0 201.0 201.0 202.0 202.0 202.0 203.0 204.0 204.0 205.0 206.0 206.0 207.0 25.0 33.0 41.0 49.0 57.0 65.0 73.0 81.0 89.0 97.0 105.0 113.0 121.0 129.0 137.0 145.0 153.0 161.0 169.0 177.0 184.0 192.0 200.0 208.0 215.0 546.0 1781304019.820241
200.0 200.0 200.0 200.0 201.0 201.0 201.0 202.0 202.0 202.0 203.0 203.0 204.0 205.0 206.0 206.0 208.0 208.0 209.0 211.0 213.0 214.0 216.0 217.0 219.0 25.0 33.0 41.0 49.0 57.0 65.0 73.0 81.0 89.0 97.0 105.0 113.0 120.0 128.0 136.0 144.0 152.0 160.0 168.0 176.0 183.0 191.0 199.0 207.0 214.0 547.0 1781304019.830633
200.0 200.0 201.0 201.0 201.0 202.0 202.0 203.0 203.0 204.0 205.0 206.0 207.0 208.0 210.0 211.0 213.0 214.0 216.0 218.0 220.0 222.0 225.0 227.0 230.0 25.0 33.0 41.0 49.0 57.0 65.0 73.0 81.0 89.0 97.0 104.0 112.0 120.0 128.0 136.0 144.0 152.0 159.0 167.0 174.0 182.0 190.0 197.0 205.0 212.0 548.0 1781304019.845786
200.0 200.0 201.0 201.0 202.0 202.0 203.0 204.0 205.0 206.0 207.0 209.0 209.0 211.0 213.0 215.0 217.0 219.0 221.0 223.0 226.0 229.0 232.0 235.0 239.0 25.0 33.0 41.0 49.0 57.0 65.0 73.0 81.0 89.0 97.0 104.0 112.0 120.0 128.0 136.0 143.0 151.0 158.0 166.0 174.0 181.0 188.0 196.0 203.0 210.0 549.0 1781304019.866511
200.0 200.0 201.0 201.0 202.0 203.0 205.0 205.0 207.0 209.0 210.0 212.0 213.0 216.0 218.0 220.0 222.0 225.0 227.0 230.0 234.0 237.0 240.0 244.0 247.0 25.0 33.0 41.0 49.0 57.0 65.0 73.0 80.0 88.0 96.0 104.0 112.0 120.0 127.0 135.0 142.0 150.0 157.0 165.0 172.0 180.0 187.0 194.0 201.0 208.0 550.0 1781304019.881998
200.0 200.0 201.0 202.0 203.0 205.0 206.0 207.0 209.0 211.0 213.0 215.0 217.0 219.0 222.0 225.0 228.0 231.0 233.0 237.0 240.0 244.0 247.0 251.0 255.0 25.0 33.0 41.0 49.0 57.0 65.0 72.0 80.0 88.0 96.0 104.0 111.0 119.0 126.0 134.0 141.0 149.0 156.0 163.0 171.0 178.0 185.0 192.0 199.0 206.0 551.0 1781304019.892241
200.0 201.0 201.0 203.0 204.0 206.0 207.0 209.0 211.0 213.0 216.0 218.0 221.0 223.0 226.0 229.0 232.0 236.0 239.0 242.0 246.0 250.0 253.0 257.0 261.0 26.0 33.0 41.0 49.0 57.0 65.0 72.0 80.0 88.0 95.0 103.0 111.0 118.0 126.0 133.0 140.0 148.0 155.0 162.0 169.0 176.0 183.0 191.0 198.0 205.0 552.0 1781304019.907995
199.0 200.0 202.0 203.0 205.0 207.0 209.0 211.0 213.0 216.0 218.0 221.0 224.0 227.0 230.0 234.0 237.0 240.0 243.0 247.0 251.0 255.0 258.0 262.0 266.0 26.0 33.0 41.0 49.0 57.0 64.0 72.0 80.0 88.0 95.0 103.0 110.0 117.0 124.0 132.0 139.0 146.0 154.0 161.0 168.0 175.0 182.0 189.0 196.0 203.0 553.0 1781304019.923304
199.0 201.0 202.0 204.0 206.0 208.0 210.0 213.0 215.0 218.0 221.0 224.0 227.0 231.0 234.0 237.0 241.0 244.0 248.0 252.0 255.0 259.0 262.0 266.0 270.0 26.0 33.0 41.0 49.0 56.0 64.0 72.0 79.0 87.0 94.0 102.0 109.0 116.0 124.0 131.0 138.0 145.0 152.0 159.0 166.0 173.0 180.0 187.0 194.0 201.0 554.0 1781304019.938583
199.0 200.0 202.0 204.0 206.0 209.0 211.0 214.0 216.0 219.0 223.0 226.0 229.0 232.0 236.0 240.0 243.0 247.0 250.0 254.0 258.0 261.0 265.0 269.0 272.0 26.0 33.0 41.0 49.0 56.0 64.0 71.0 79.0 86.0 94.0 101.0 108.0 116.0 123.0 130.0 137.0 144.0 151.0 158.0 165.0 172.0 179.0 186.0 193.0 200.0 555.0 1781304019.948967
199.0 200.0 202.0 205.0 207.0 209.0 212.0 215.0 218.0 221.0 225.0 227.0 231.0 235.0 238.0 242.0 246.0 249.0 253.0 257.0 260.0 264.0 267.0 271.0 274.0 26.0 33.0 41.0 49.0 56.0 64.0 71.0 78.0 86.0 93.0 101.0 108.0 115.0 122.0 129.0 136.0 143.0 151.0 158.0 165.0 172.0 179.0 186.0 193.0 200.0 556.0 1781304019.969547
199.0 200.0 203.0 205.0 207.0 210.0 213.0 216.0 219.0 222.0 226.0 229.0 233.0 236.0 240.0 244.0 248.0 252.0 255.0 259.0 263.0 266.0 270.0 273.0 276.0 26.0 33.0 41.0 49.0 56.0 64.0 71.0 78.0 86.0 93.0 100.0 107.0 114.0 121.0 128.0 135.0 143.0 150.0 157.0 164.0 171.0 178.0 185.0 192.0 199.0 557.0 1781304019.984979
199.0 200.0 203.0 205.0 208.0 210.0 213.0 216.0 220.0 223.0 227.0 230.0 234.0 237.0 241.0 245.0 249.0 253.0 256.0 260.0 264.0 267.0 271.0 274.0 277.0 26.0 33.0 41.0 49.0 56.0 63.0 71.0 78.0 86.0 93.0 100.0 107.0 114.0 121.0 128.0 135.0 142.0 149.0 156.0 163.0 170.0 177.0 184.0 191.0 199.0 558.0 1781304019.995325
199.0 200.0 203.0 205.0 208.0 210.0 213.0 216.0 220.0 223.0 227.0 230.0 234.0 238.0 241.0 245.0 249.0 253.0 257.0 261.0 264.0 268.0 271.0 274.0 277.0 26.0 33.0 41.0 49.0 56.0 63.0 71.0 78.0 85.0 92.0 100.0 107.0 114.0 121.0 128.0 135.0 142.0 149.0 156.0 163.0 170.0 177.0 184.0 191.0 199.0 559.0 1781304020.005629
199.0 200.0 203.0 205.0 208.0 211.0 213.0 216.0 220.0 223.0 227.0 231.0 234.0 238.0 242.0 246.0 249.0 253.0 257.0 261.0 264.0 268.0 271.0 275.0 278.0 26.0 33.0 41.0 49.0 56.0 63.0 71.0 78.0 85.0 92.0 99.0 106.0 114.0 121.0 128.0 135.0 142.0 149.0 156.0 163.0 170.0 177.0 184.0 191.0 199.0 560.0 1781304020.010825
199.0 200.0 203.0 205.0 208.0 210.0 213.0 216.0 220.0 223.0 227.0 231.0 234.0 238.0 242.0 246.0 250.0 253.0 257.0 261.0 264.0 268.0 272.0 275.0 278.0 26.0 33.0 41.0 49.0 56.0 63.0 71.0 78.0 85.0 92.0 100.0 107.0 114.0 121.0 128.0 135.0 142.0 149.0 156.0 163.0 170.0 177.0 184.0 191.0 198.0 561.0 1781304020.041608
199.0 200.0 203.0 205.0 208.0 210.0 213.0 216.0 220.0 223.0 227.0 230.0 234.0 237.0 241.0 245.0 249.0 253.0 257.0 261.0 264.0 268.0 271.0 275.0 278.0 26.0 33.0 41.0 49.0 56.0 64.0 71.0 78.0 85.0 93.0 100.0 107.0 114.0 121.0 128.0 135.0 142.0 149.0 156.0 163.0 170.0 177.0 184.0 191.0 198.0 562.0 1781304020.046822
199.0 200.0 202.0 205.0 207.0 210.0 212.0 215.0 219.0 222.0 226.0 229.0 233.0 236.0 240.0 244.0 248.0 252.0 256.0 260.0 263.0 267.0 271.0 274.0 278.0 26.0 33.0 41.0 49.0 56.0 64.0 71.0 78.0 86.0 93.0 100.0 107.0 114.0 122.0 129.0 136.0 143.0 150.0 157.0 164.0 171.0 177.0 184.0 191.0 199.0 563.0 1781304020.067663
199.0 200.0 202.0 204.0 206.0 209.0 211.0 214.0 217.0 220.0 224.0 227.0 230.0 233.0 237.0 241.0 245.0 249.0 253.0 256.0 260.0 264.0 268.0 272.0 276.0 26.0 33.0 41.0 49.0 56.0 64.0 72.0 79.0 86.0 93.0 101.0 108.0 116.0 123.0 130.0 137.0 144.0 151.0 158.0 165.0 172.0 179.0 186.0 192.0 199.0 564.0 1781304020.082811
199.0 200.0 202.0 204.0 206.0 208.0 210.0 212.0 215.0 218.0 221.0 224.0 227.0 230.0 234.0 237.0 241.0 245.0 249.0 253.0 257.0 261.0 265.0 269.0 273.0 25.0 33.0 41.0 49.0 57.0 64.0 72.0 80.0 87.0 94.0 101.0 109.0 116.0 124.0 131.0 138.0 145.0 152.0 159.0 166.0 173.0 180.0 187.0 193.0 200.0 565.0 1781304020.098375
199.0 201.0 202.0 203.0 205.0 207.0 209.0 211.0 213.0 215.0 218.0 221.0 224.0 227.0 230.0 234.0 237.0 241.0 245.0 248.0 252.0 256.0 261.0 265.0 269.0 25.0 33.0 41.0 49.0 57.0 64.0 72.0 80.0 87.0 95.0 103.0 110.0 118.0 125.0 132.0 139.0 146.0 153.0 161.0 168.0 175.0 182.0 188.0 195.0 202.0 566.0 1781304020.114017
200.0 200.0 202.0 203.0 204.0 206.0 207.0 209.0 211.0 213.0 216.0 218.0 221.0 224.0 227.0 230.0 233.0 236.0 240.0 244.0 248.0 252.0 256.0 260.0 265.0 25.0 33.0 41.0 49.0 57.0 65.0 73.0 81.0 88.0 96.0 103.0 111.0 118.0 126.0 133.0 141.0 148.0 155.0 162.0 169.0 176.0 183.0 190.0 197.0 204.0 567.0 1781304020.129430
200.0 200.0 201.0 202.0 203.0 205.0 206.0 208.0 209.0 211.0 213.0 215.0 218.0 220.0 223.0 226.0 228.0 232.0 235.0 238.0 242.0 246.0 250.0 254.0 258.0 25.0 33.0 41.0 49.0 57.0 65.0 73.0 81.0 89.0 96.0 104.0 112.0 119.0 126.0 134.0 142.0 149.0 157.0 164.0 171.0 178.0 185.0 192.0 199.0 206.0 568.0 1781304020.144720
200.0 200.0 201.0 202.0 203.0 204.0 205.0 206.0 208.0 209.0 211.0 213.0 215.0 217.0 219.0 221.0 224.0 227.0 230.0 233.0 236.0 239.0 243.0 246.0 251.0 25.0 33.0 41.0 49.0 57.0 65.0 73.0 81.0 89.0 97.0 104.0 112.0 120.0 127.0 135.0 142.0 150.0 157.0 165.0 172.0 180.0 187.0 194.0 201.0 208.0 569.0 1781304020.160175
200.0 200.0 201.0 201.0 202.0 203.0 204.0 205.0 206.0 207.0 208.0 210.0 212.0 213.0 215.0 217.0 219.0 222.0 224.0 227.0 230.0 232.0 235.0 239.0 242.0 25.0 33.0 41.0 49.0 57.0 65.0 73.0 81.0 89.0 97.0 104.0 112.0 120.0 128.0 136.0 143.0 151.0 159.0 166.0 173.0 181.0 189.0 196.0 204.0 211.0 570.0 1781304020.175904
200.0 200.0 201.0 201.0 202.0 202.0 203.0 204.0 204.0 206.0 207.0 208.0 209.0 210.0 212.0 213.0 215.0 216.0 219.0 220.0 223.0 225.0 227.0 230.0 232.0 25.0 33.0 41.0 49.0 57.0 65.0 73.0 81.0 89.0 97.0 105.0 113.0 121.0 129.0 136.0 144.0 152.0 160.0 167.0 175.0 183.0 190.0 198.0 206.0 213.0 571.0 1781304020.191103
200.0 200.0 201.0 201.0 201.0 202.0 203.0 203.0 204.0 204.0 205.0 206.0 207.0 208.0 209.0 210.0 211.0 212.0 214.0 215.0 217.0 218.0 220.0 222.0 224.0 25.0 33.0 41.0 49.0 57.0 65.0 73.0 81.0 89.0 97.0 105.0 113.0 121.0 129.0 137.0 145.0 152.0 160.0 168.0 176.0 184.0 192.0 200.0 207.0 214.0 572.0 1781304020.201341
200.0 200.0 201.0 201.0 201.0 201.0 202.0 203.0 203.0 203.0 203.0 204.0 205.0 205.0 206.0 207.0 207.0 208.0 209.0 210.0 211.0 212.0 213.0 214.0 215.0 25.0 33.0 41.0 49.0 57.0 65.0 73.0 81.0 89.0 97.0 105.0 113.0 121.0 129.0 137.0 145.0 153.0 161.0 169.0 177.0 185.0 193.0 201.0 208.0 216.0 573.0 1781304020.206480
200.0 200.0 201.0 201.0 201.0 201.0 201.0 202.0 202.0 202.0 202.0 203.0 203.0 203.0 203.0 204.0 204.0 205.0 205.0 205.0 205.0 206.0 207.0 207.0 208.0 25.0 33.0 41.0 49.0 57.0 65.0 73.0 81.0 89.0 97.0 105.0 114.0 122.0 130.0 138.0 146.0 154.0 162.0 170.0 177.0 185.0 193.0 201.0 209.0 216.0 574.0 1781304020.222218
200.0 200.0 200.0 201.0 201.0 201.0 201.0 201.0 201.0 201.0 201.0 201.0 201.0 201.0 200.0 200.0 200.0 200.0 200.0 199.0 199.0 199.0 198.0 198.0 198.0 25.0 33.0 41.0 49.0 57.0 65.0 73.0 82.0 90.0 97.0 105.0 113.0 121.0 129.0 137.0 145.0 153.0 161.0 169.0 177.0 185.0 193.0 201.0 209.0 216.0 575.0 1781304020.247760
200.0 200.0 200.0 201.0 201.0 201.0 200.0 200.0 200.0 200.0 199.0 198.0 198.0 197.0 197.0 196.0 195.0 194.0 193.0 192.0 191.0 190.0 189.0 188.0 186.0 25.0 33.0 41.0 49.0 57.0 65.0 73.0 81.0 89.0 97.0 105.0 113.0 121.0 129.0 137.0 145.0 153.0 161.0 168.0 176.0 184.0 192.0 200.0 208.0 215.0 576.0 1781304020.263280
200.0 200.0 200.0 200.0 200.0 200.0 200.0 199.0 198.0 198.0 197.0 196.0 195.0 194.0 193.0 191.0 190.0 188.0 187.0 185.0 183.0 181.0 179.0 177.0 175.0 25.0 33.0 41.0 49.0 57.0 65.0 73.0 81.0 89.0 97.0 105.0 113.0 121.0 129.0 136.0 144.0 152.0 160.0 168.0 176.0 183.0 191.0 198.0 206.0 213.0 577.0 1781304020.273648
200.0 200.0 200.0 200.0 200.0 199.0 198.0 197.0 197.0 196.0 194.0 193.0 192.0 190.0 189.0 187.0 185.0 183.0 181.0 179.0 176.0 174.0 171.0 169.0 165.0 25.0 33.0 41.0 49.0 57.0 65.0 73.0 81.0 89.0 97.0 105.0 113.0 121.0 128.0 136.0 144.0 151.0 159.0 166.0 174.0 182.0 190.0 197.0 204.0 211.0 578.0 1781304020.288888
200.0 200.0 200.0 200.0 199.0 198.0 198.0 196.0 195.0 194.0 193.0 191.0 189.0 188.0 185.0 184.0 181.0 179.0 176.0 173.0 171.0 168.0 165.0 162.0 158.0 25.0 33.0 41.0 49.0 57.0 65.0 73.0 81.0 89.0 96.0 104.0 112.0 120.0 127.0 135.0 143.0 151.0 158.0 166.0 173.0 180.0 188.0 195.0 203.0 210.0 579.0 1781304020.299136
200.0 200.0 200.0 199.0 198.0 198.0 197.0 195.0 194.0 192.0 191.0 189.0 187.0 185.0 183.0 180.0 178.0 175.0 172.0 169.0 166.0 163.0 160.0 156.0 153.0 25.0 33.0 41.0 49.0 57.0 65.0 73.0 81.0 89.0 96.0 104.0 112.0 120.0 127.0 135.0 142.0 150.0 157.0 164.0 172.0 179.0 187.0 194.0 201.0 208.0 580.0 1781304020.309621
200.0 200.0 200.0 199.0 198.0 197.0 196.0 194.0 193.0 191.0 189.0 187.0 185.0 182.0 180.0 177.0 174.0 171.0 169.0 166.0 162.0 159.0 156.0 152.0 148.0 25.0 33.0 41.0 49.0 57.0 65.0 73.0 80.0 88.0 96.0 103.0 111.0 119.0 126.0 134.0 141.0 149.0 156.0 164.0 171.0 178.0 185.0 192.0 199.0 206.0 581.0 1781304020.320124
200.0 200.0 199.0 198.0 197.0 196.0 194.0 193.0 191.0 189.0 187.0 185.0 182.0 179.0 176.0 174.0 171.0 168.0 164.0 161.0 158.0 154.0 151.0 147.0 143.0 25.0 33.0 41.0 49.0 57.0 65.0 73.0 80.0 88.0 96.0 103.0 111.0 118.0 126.0 133.0 140.0 148.0 155.0 162.0 170.0 177.0 184.0 191.0 198.0 205.0 582.0 1781304020.340446
201.0 200.0 199.0 198.0 197.0 196.0 194.0 191.0 190.0 188.0 185.0 183.0 180.0 177.0 174.0 171.0 168.0 165.0 161.0 158.0 155.0 151.0 147.0 144.0 140.0 25.0 33.0 41.0 49.0 57.0 65.0 72.0 80.0 88.0 95.0 103.0 110.0 118.0 125.0 132.0 140.0 147.0 154.0 161.0 168.0 175.0 182.0 189.0 196.0 203.0 583.0 1781304020.345792
201.0 200.0 199.0 198.0 196.0 194.0 192.0 190.0 188.0 185.0 183.0 180.0 177.0 173.0 171.0 168.0 164.0 161.0 157.0 154.0 150.0 147.0 143.0 140.0 137.0 25.0 33.0 41.0 49.0 56.0 64.0 72.0 80.0 87.0 95.0 102.0 109.0 116.0 124.0 131.0 138.0 146.0 153.0 160.0 167.0 174.0 181.0 188.0 195.0 202.0 584.0 1781304020.361156
201.0 200.0 199.0 197.0 195.0 193.0 191.0 188.0 186.0 183.0 180.0 177.0 174.0 171.0 167.0 164.0 161.0 158.0 154.0 150.0 147.0 144.0 140.0 137.0 133.0 25.0 33.0 41.0 49.0 56.0 64.0 72.0 79.0 86.0 94.0 101.0 108.0 116.0 123.0 130.0 137.0 144.0 151.0 159.0 166.0 173.0 180.0 187.0 194.0 201.0 585.0 1781304020.381763
201.0 200.0 199.0 197.0 195.0 193.0 190.0 188.0 185.0 182.0 179.0 176.0 173.0 169.0 166.0 163.0 159.0 156.0 152.0 149.0 145.0 142.0 138.0 135.0 132.0 26.0 33.0 41.0 49.0 56.0 64.0 71.0 79.0 86.0 93.0 101.0 108.0 115.0 122.0 129.0 136.0 143.0 150.0 158.0 165.0 172.0 179.0 186.0 193.0 201.0 586.0 1781304020.392033
202.0 200.0 199.0 197.0 195.0 193.0 190.0 187.0 185.0 181.0 178.0 175.0 172.0 168.0 165.0 162.0 158.0 155.0 151.0 148.0 144.0 141.0 137.0 134.0 131.0 26.0 33.0 41.0 49.0 56.0 64.0 71.0 79.0 86.0 93.0 101.0 108.0 115.0 122.0 129.0 136.0 143.0 150.0 157.0 165.0 172.0 179.0 186.0 193.0 200.0 587.0 1781304020.397213
202.0 200.0 198.0 197.0 194.0 192.0 189.0 187.0 184.0 181.0 177.0 174.0 171.0 167.0 164.0 160.0 157.0 153.0 150.0 146.0 143.0 140.0 136.0 133.0 130.0 26.0 33.0 41.0 49.0 56.0 64.0 71.0 78.0 86.0 93.0 100.0 107.0 115.0 122.0 129.0 136.0 143.0 150.0 157.0 164.0 171.0 178.0 185.0 192.0 200.0 588.0 1781304020.417840
202.0 200.0 198.0 196.0 194.0 192.0 189.0 186.0 183.0 180.0 177.0 174.0 170.0 166.0 163.0 159.0 156.0 152.0 149.0 145.0 142.0 139.0 136.0 133.0 130.0 26.0 33.0 41.0 49.0 56.0 63.0 71.0 78.0 85.0 93.0 100.0 107.0 114.0 121.0 128.0 135.0 142.0 149.0 156.0 164.0 171.0 178.0 185.0 192.0 200.0 589.0 1781304020.433330
202.0 200.0 198.0 196.0 194.0 192.0 189.0 186.0 183.0 180.0 176.0 173.0 170.0 166.0 163.0 159.0 156.0 152.0 148.0 145.0 142.0 139.0 135.0 132.0 129.0 26.0 33.0 41.0 49.0 56.0 63.0 71.0 78.0 85.0 92.0 100.0 107.0 114.0 121.0 128.0 135.0 142.0 149.0 156.0 163.0 171.0 178.0 185.0 192.0 200.0 590.0 1781304020.443703
202.0 200.0 198.0 196.0 194.0 192.0 189.0 186.0 183.0 180.0 176.0 173.0 170.0 166.0 162.0 159.0 156.0 152.0 148.0 145.0 142.0 139.0 135.0 132.0 129.0 26.0 33.0 41.0 49.0 56.0 63.0 71.0 78.0 85.0 93.0 100.0 107.0 114.0 121.0 128.0 135.0 142.0 149.0 156.0 163.0 171.0 178.0 185.0 192.0 200.0 591.0 1781304020.458947
202.0 200.0 198.0 196.0 194.0 192.0 189.0 186.0 183.0 180.0 176.0 173.0 170.0 166.0 163.0 159.0 156.0 152.0 148.0 145.0 142.0 139.0 135.0 132.0 129.0 26.0 33.0 41.0 49.0 56.0 63.0 71.0 78.0 85.0 93.0 100.0 107.0 114.0 121.0 128.0 135.0 142.0 149.0 156.0 163.0 171.0 178.0 185.0 192.0 200.0 592.0 1781304020.474481
202.0 200.0 198.0 197.0 194.0 192.0 190.0 187.0 184.0 181.0 178.0 174.0 171.0 167.0 164.0 160.0 157.0 153.0 150.0 146.0 143.0 140.0 137.0 134.0 130.0 26.0 33.0 41.0 49.0 56.0 64.0 71.0 79.0 86.0 93.0 100.0 107.0 115.0 122.0 129.0 136.0 143.0 150.0 157.0 164.0 172.0 179.0 186.0 193.0 200.0 593.0 1781304020.495075
201.0 200.0 199.0 197.0 195.0 193.0 191.0 188.0 185.0 183.0 180.0 176.0 173.0 170.0 167.0 163.0 160.0 156.0 153.0 149.0 146.0 142.0 139.0 136.0 132.0 25.0 33.0 41.0 49.0 57.0 64.0 72.0 79.0 86.0 93.0 101.0 108.0 115.0 123.0 130.0 137.0 144.0 151.0 158.0 165.0 173.0 180.0 187.0 194.0 201.0 594.0 1781304020.510807
201.0 200.0 199.0 197.0 196.0 194.0 192.0 189.0 186.0 184.0 181.0 178.0 175.0 172.0 169.0 165.0 162.0 158.0 155.0 151.0 148.0 145.0 141.0 138.0 135.0 25.0 33.0 41.0 49.0 57.0 64.0 72.0 79.0 87.0 94.0 101.0 108.0 116.0 123.0 130.0 138.0 145.0 152.0 159.0 166.0 173.0 180.0 187.0 194.0 201.0 595.0 1781304020.515705
201.0 200.0 199.0 198.0 196.0 194.0 193.0 190.0 188.0 186.0 183.0 180.0 177.0 174.0 171.0 168.0 165.0 161.0 158.0 154.0 151.0 147.0 144.0 141.0 137.0 25.0 33.0 41.0 49.0 57.0 64.0 72.0 80.0 87.0 94.0 102.0 109.0 116.0 124.0 131.0 138.0 146.0 153.0 160.0 167.0 174.0 181.0 188.0 195.0 202.0 596.0 1781304020.531327
201.0 200.0 199.0 198.0 197.0 195.0 194.0 192.0 190.0 188.0 185.0 183.0 180.0 178.0 175.0 171.0 168.0 165.0 162.0 159.0 156.0 152.0 149.0 145.0 141.0 25.0 33.0 41.0 49.0 57.0 64.0 72.0 80.0 87.0 95.0 102.0 110.0 117.0 125.0 132.0 140.0 147.0 154.0 161.0 168.0 175.0 183.0 190.0 197.0 204.0 597.0 1781304020.546703
200.0 200.0 199.0 199.0 198.0 196.0 195.0 193.0 192.0 190.0 188.0 185.0 183.0 181.0 178.0 175.0 173.0 170.0 167.0 163.0 160.0 157.0 153.0 150.0 146.0 25.0 33.0 41.0 49.0 57.0 65.0 72.0 80.0 88.0 96.0 103.0 111.0 118.0 126.0 133.0 140.0 148.0 155.0 162.0 170.0 177.0 184.0 191.0 198.0 205.0 598.0 1781304020.562271
200.0 200.0 200.0 199.0 198.0 197.0 196.0 195.0 193.0 191.0 190.0 188.0 186.0 184.0 181.0 179.0 176.0 173.0 171.0 168.0 165.0 161.0 158.0 155.0 151.0 25.0 33.0 41.0 49.0 57.0 65.0 72.0 80.0 88.0 96.0 103.0 111.0 119.0 126.0 134.0 141.0 148.0 156.0 163.0 171.0 178.0 186.0 193.0 200.0 207.0 599.0 1781304020.572641
200.0 200.0 200.0 199.0 199.0 198.0 197.0 196.0 195.0 193.0 192.0 190.0 188.0 187.0 185.0 182.0 180.0 178.0 175.0 173.0 170.0 167.0 164.0 161.0 158.0 25.0 33.0 41.0 49.0 57.0 65.0 73.0 80.0 88.0 96.0 104.0 111.0 119.0 127.0 135.0 142.0 150.0 157.0 165.0 172.0 180.0 187.0 194.0 202.0 209.0 600.0 1781304020.587959
200.0 200.0 200.0 200.0 199.0 199.0 198.0 197.0 196.0 195.0 194.0 193.0 191.0 190.0 188.0 187.0 185.0 182.0 181.0 178.0 176.0 174.0 171.0 168.0 165.0 25.0 33.0 41.0 49.0 57.0 65.0 73.0 81.0 89.0 97.0 104.0 112.0 120.0 128.0 135.0 143.0 151.0 159.0 166.0 174.0 181.0 189.0 196.0 204.0 211.0 601.0 1781304020.603258
200.0 200.0 200.0 200.0 200.0 199.0 199.0 199.0 198.0 197.0 196.0 195.0 194.0 193.0 192.0 191.0 189.0 188.0 186.0 185.0 182.0 181.0 179.0 177.0 175.0 25.0 33.0 41.0 49.0 57.0 65.0 73.0 81.0 89.0 97.0 105.0 113.0 121.0 128.0 136.0 144.0 151.0 159.0 167.0 175.0 182.0 190.0 198.0 205.0 212.0 602.0 1781304020.618785
200.0 200.0 200.0 200.0 200.0 200.0 200.0 199.0 199.0 199.0 198.0 197.0 197.0 196.0 195.0 194.0 193.0 192.0 191.0 190.0 188.0 187.0 186.0 184.0 183.0 25.0 33.0 41.0 49.0 57.0 65.0 73.0 81.0 89.0 97.0 105.0 113.0 121.0 128.0 136.0 144.0 152.0 160.0 167.0 175.0 183.0 191.0 199.0 207.0 214.0 603.0 1781304020.629323
200.0 200.0 200.0 201.0 201.0 201.0 200.0 200.0 200.0 200.0 199.0 200.0 199.0 199.0 199.0 198.0 198.0 197.0 197.0 196.0 195.0 194.0 194.0 193.0 192.0 25.0 33.0 41.0 49.0 57.0 65.0 73.0 81.0 89.0 97.0 105.0 113.0 121.0 129.0 137.0 144.0 152.0 160.0 168.0 176.0 184.0 192.0 200.0 208.0 215.0 604.0 1781304020.644586
200.0 200.0 200.0 201.0 201.0 201.0 201.0 201.0 201.0 201.0 201.0 202.0 202.0 202.0 202.0 202.0 202.0 202.0 202.0 202.0 202.0 202.0 203.0 203.0 203.0 25.0 33.0 41.0 49.0 57.0 65.0 73.0 81.0 89.0 97.0 105.0 113.0 121.0 129.0 137.0 145.0 153.0 161.0 169.0 177.0 185.0 193.0 200.0 208.0 215.0 605.0 1781304020.665069
200.0 200.0 201.0 201.0 201.0 201.0 202.0 202.0 202.0 203.0 203.0 204.0 204.0 205.0 206.0 207.0 207.0 208.0 209.0 209.0 211.0 212.0 213.0 214.0 215.0 25.0 33.0 41.0 49.0 57.0 65.0 73.0 81.0 89.0 97.0 105.0 113.0 121.0 129.0 137.0 145.0 153.0 160.0 168.0 176.0 184.0 192.0 200.0 208.0 215.0 606.0 1781304020.680471
200.0 200.0 201.0 201.0 202.0 202.0 203.0 203.0 204.0 205.0 205.0 206.0 207.0 209.0 209.0 211.0 212.0 213.0 215.0 216.0 218.0 220.0 222.0 224.0 226.0 25.0 33.0 41.0 49.0 57.0 65.0 73.0 81.0 89.0 97.0 105.0 113.0 121.0 128.0 136.0 144.0 152.0 160.0 168.0 176.0 183.0 191.0 198.0 206.0 213.0 607.0 1781304020.690834
200.0 200.0 201.0 201.0 202.0 202.0 203.0 204.0 205.0 206.0 207.0 208.0 210.0 211.0 213.0 214.0 216.0 218.0 220.0 222.0 224.0 226.0 229.0 232.0 234.0 25.0 33.0 41.0 49.0 57.0 65.0 73.0 81.0 89.0 97.0 105.0 113.0 120.0 128.0 136.0 144.0 152.0 159.0 167.0 175.0 183.0 190.0 197.0 205.0 212.0 608.0 1781304020.701376
200.0 200.0 201.0 201.0 202.0 203.0 204.0 205.0 206.0 207.0 209.0 210.0 212.0 214.0 215.0 217.0 219.0 221.0 224.0 226.0 229.0 232.0 235.0 238.0 241.0 25.0 33.0 41.0 49.0 57.0 65.0 73.0 81.0 89.0 97.0 104.0 112.0 120.0 128.0 136.0 144.0 151.0 159.0 166.0 174.0 181.0 188.0 196.0 204.0 211.0 609.0 1781304020.711943
200.0 200.0 201.0 202.0 202.0 203.0 205.0 206.0 207.0 208.0 210.0 212.0 214.0 216.0 219.0 221.0 223.0 226.0 228.0 232.0 235.0 238.0 241.0 244.0 249.0 25.0 33.0 41.0 49.0 57.0 65.0 73.0 81.0 89.0 96.0 104.0 112.0 120.0 127.0 135.0 143.0 150.0 158.0 165.0 172.0 180.0 187.0 195.0 202.0 209.0 610.0 1781304020.732629
200.0 200.0 201.0 202.0 203.0 204.0 205.0 207.0 209.0 210.0 212.0 214.0 217.0 219.0 221.0 224.0 227.0 229.0 233.0 236.0 239.0 243.0 247.0 250.0 254.0 25.0 33.0 41.0 49.0 57.0 65.0 73.0 81.0 88.0 96.0 104.0 112.0 119.0 127.0 134.0 142.0 149.0 157.0 164.0 172.0 179.0 186.0 193.0 200.0 207.0 611.0 1781304020.742560
200.0 200.0 201.0 202.0 203.0 205.0 207.0 208.0 210.0 212.0 214.0 217.0 219.0 222.0 225.0 227.0 230.0 234.0 237.0 240.0 244.0 248.0 252.0 256.0 260.0 25.0 33.0 41.0 49.0 57.0 65.0 73.0 80.0 88.0 96.0 104.0 112.0 119.0 127.0 134.0 141.0 149.0 156.0 163.0 170.0 178.0 185.0 192.0 199.0 206.0 612.0 1781304020.757985
200.0 200.0 202.0 203.0 204.0 206.0 207.0 209.0 212.0 213.0 216.0 219.0 222.0 224.0 227.0 230.0 233.0 237.0 240.0 244.0 248.0 252.0 256.0 260.0 264.0 25.0 33.0 41.0 49.0 57.0 65.0 73.0 80.0 88.0 96.0 103.0 111.0 118.0 126.0 133.0 141.0 148.0 155.0 162.0 169.0 177.0 183.0 190.0 197.0 204.0 613.0 1781304020.768388
199.0 200.0 202.0 203.0 205.0 206.0 209.0 211.0 213.0 215.0 218.0 221.0 224.0 227.0 230.0 233.0 237.0 240.0 244.0 248.0 252.0 255.0 260.0 264.0 268.0 25.0 33.0 41.0 49.0 57.0 65.0 72.0 80.0 88.0 95.0 103.0 110.0 118.0 125.0 133.0 140.0 147.0 154.0 162.0 169.0 176.0 182.0 189.0 196.0 203.0 614.0 1781304020.783536
199.0 200.0 202.0 204.0 205.0 207.0 209.0 212.0 214.0 216.0 220.0 222.0 225.0 229.0 232.0 235.0 239.0 243.0 246.0 250.0 254.0 258.0 262.0 266.0 270.0 26.0 33.0 41.0 49.0 57.0 65.0 72.0 80.0 87.0 95.0 102.0 110.0 117.0 125.0 132.0 139.0 146.0 153.0 161.0 168.0 175.0 181.0 188.0 195.0 202.0 615.0 1781304020.793971
199.0 200.0 202.0 204.0 205.0 208.0 210.0 213.0 215.0 218.0 221.0 224.0 227.0 231.0 234.0 238.0 241.0 245.0 249.0 253.0 256.0 260.0 264.0 268.0 272.0 26.0 33.0 41.0 49.0 57.0 64.0 72.0 79.0 87.0 94.0 102.0 109.0 117.0 124.0 131.0 138.0 145.0 152.0 160.0 167.0 174.0 180.0 187.0 194.0 201.0 616.0 1781304020.809591
199.0 200.0 202.0 204.0 206.0 208.0 211.0 214.0 216.0 219.0 223.0 226.0 229.0 232.0 236.0 240.0 243.0 247.0 251.0 255.0 259.0 262.0 266.0 270.0 274.0 26.0 33.0 41.0 49.0 56.0 64.0 72.0 79.0 86.0 94.0 101.0 109.0 116.0 123.0 130.0 137.0 144.0 151.0 159.0 166.0 173.0 179.0 186.0 193.0 200.0 617.0 1781304020.824897
199.0 200.0 202.0 204.0 206.0 209.0 211.0 214.0 217.0 220.0 223.0 227.0 230.0 234.0 237.0 241.0 244.0 248.0 252.0 256.0 260.0 263.0 267.0 271.0 274.0 26.0 33.0 41.0 49.0 56.0 64.0 71.0 79.0 86.0 94.0 101.0 108.0 115.0 123.0 130.0 137.0 144.0 151.0 158.0 165.0 172.0 179.0 186.0 193.0 200.0 618.0 1781304020.835090
199.0 200.0 202.0 204.0 207.0 209.0 212.0 215.0 218.0 220.0 224.0 227.0 231.0 234.0 238.0 242.0 245.0 249.0 253.0 257.0 260.0 264.0 268.0 271.0 275.0 26.0 33.0 41.0 49.0 56.0 64.0 71.0 79.0 86.0 93.0 101.0 108.0 115.0 122.0 130.0 137.0 144.0 151.0 158.0 165.0 172.0 179.0 186.0 193.0 200.0 619.0 1781304020.840330
199.0 200.0 202.0 205.0 207.0 209.0 212.0 215.0 218.0 221.0 224.0 228.0 231.0 235.0 239.0 242.0 246.0 250.0 254.0 257.0 261.0 265.0 268.0 272.0 275.0 26.0 33.0 41.0 49.0 56.0 64.0 71.0 78.0 86.0 93.0 100.0 108.0 115.0 122.0 129.0 136.0 143.0 151.0 158.0 165.0 172.0 179.0 186.0 193.0 200.0 620.0 1781304020.855751
199.0 200.0 202.0 205.0 207.0 209.0 212.0 215.0 218.0 221.0 225.0 228.0 232.0 235.0 239.0 243.0 246.0 250.0 254.0 258.0 261.0 265.0 269.0 272.0 275.0 26.0 33.0 41.0 49.0 56.0 64.0 71.0 78.0 86.0 93.0 100.0 108.0 115.0 122.0 129.0 136.0 143.0 150.0 157.0 164.0 172.0 178.0 185.0 192.0 200.0 621.0 1781304020.871714
199.0 200.0 202.0 205.0 207.0 209.0 212.0 215.0 218.0 221.0 225.0 228.0 232.0 235.0 239.0 243.0 246.0 250.0 254.0 258.0 261.0 265.0 269.0 272.0 275.0 26.0 33.0 41.0 49.0 56.0 64.0 71.0 78.0 86.0 93.0 100.0 107.0 115.0 122.0 129.0 136.0 143.0 150.0 157.0 164.0 172.0 179.0 186.0 193.0 200.0 622.0 1781304020.891953
199.0 200.0 202.0 205.0 207.0 209.0 212.0 215.0 218.0 221.0 225.0 228.0 232.0 235.0 239.0 242.0 246.0 250.0 254.0 257.0 261.0 265.0 268.0 272.0 275.0 26.0 33.0 41.0 49.0 56.0 64.0 71.0 78.0 86.0 93.0 100.0 108.0 115.0 122.0 129.0 136.0 143.0 150.0 158.0 165.0 172.0 179.0 186.0 193.0 200.0 623.0 1781304020.902173
199.0 200.0 202.0 204.0 207.0 209.0 212.0 215.0 218.0 221.0 224.0 228.0 231.0 235.0 238.0 242.0 245.0 249.0 253.0 257.0 260.0 264.0 267.0 271.0 274.0 26.0 33.0 41.0 49.0 56.0 64.0 71.0 79.0 86.0 94.0 101.0 108.0 115.0 122.0 129.0 137.0 144.0 151.0 158.0 165.0 172.0 179.0 186.0 193.0 200.0 624.0 1781304020.912462
199.0 200.0 202.0 204.0 206.0 209.0 211.0 214.0 217.0 220.0 223.0 226.0 230.0 233.0 237.0 240.0 243.0 247.0 251.0 254.0 258.0 261.0 265.0 268.0 272.0 26.0 33.0 41.0 49.0 57.0 64.0 72.0 79.0 87.0 94.0 101.0 108.0 116.0 123.0 130.0 138.0 145.0 152.0 159.0 166.0 173.0 180.0 187.0 194.0 201.0 625.0 1781304020.933635
199.0 200.0 202.0 204.0 206.0 208.0 210.0 213.0 215.0 218.0 221.0 224.0 227.0 230.0 233.0 237.0 240.0 244.0 247.0 251.0 254.0 258.0 262.0 265.0 269.0 26.0 33.0 41.0 49.0 57.0 64.0 72.0 79.0 87.0 94.0 102.0 109.0 116.0 124.0 131.0 138.0 146.0 153.0 160.0 167.0 175.0 182.0 189.0 196.0 203.0 626.0 1781304020.943595
199.0 200.0 202.0 203.0 205.0 207.0 209.0 211.0 214.0 216.0 219.0 222.0 224.0 227.0 230.0 234.0 237.0 240.0 243.0 247.0 250.0 254.0 257.0 261.0 265.0 25.0 33.0 41.0 49.0 57.0 65.0 72.0 80.0 87.0 95.0 102.0 110.0 117.0 125.0 132.0 140.0 147.0 154.0 161.0 169.0 176.0 183.0 190.0 197.0 204.0 627.0 1781304020.964006
200.0 200.0 201.0 203.0 204.0 206.0 208.0 210.0 212.0 214.0 216.0 219.0 221.0 224.0 227.0 230.0 233.0 235.0 238.0 242.0 246.0 249.0 253.0 256.0 260.0 25.0 33.0 41.0 49.0 57.0 65.0 73.0 80.0 88.0 96.0 103.0 111.0 118.0 125.0 133.0 141.0 148.0 155.0 163.0 170.0 177.0 185.0 192.0 199.0 206.0 628.0 1781304020.979349
200.0 200.0 201.0 202.0 204.0 205.0 207.0 208.0 210.0 212.0 214.0 216.0 218.0 221.0 223.0 226.0 228.0 231.0 234.0 237.0 240.0 243.0 247.0 250.0 254.0 25.0 33.0 41.0 49.0 57.0 65.0 73.0 80.0 88.0 96.0 104.0 111.0 119.0 126.0 134.0 141.0 149.0 157.0 164.0 171.0 179.0 186.0 193.0 200.0 207.0 629.0 1781304020.999944
200.0 200.0 201.0 202.0 203.0 204.0 205.0 206.0 208.0 209.0 211.0 213.0 215.0 217.0 219.0 221.0 224.0 227.0 229.0 232.0 235.0 238.0 241.0 244.0 248.0 25.0 33.0 41.0 49.0 57.0 65.0 73.0 81.0 89.0 96.0 104.0 112.0 120.0 127.0 135.0 142.0 150.0 158.0 165.0 173.0 180.0 187.0 195.0 202.0 209.0 630.0 1781304021.010261
200.0 200.0 201.0 202.0 202.0 203.0 204.0 205.0 206.0 207.0 209.0 210.0 212.0 214.0 215.0 217.0 219.0 221.0 223.0 226.0 229.0 231.0 234.0 237.0 240.0 25.0 33.0 41.0 49.0 57.0 65.0 73.0 81.0 89.0 97.0 105.0 112.0 120.0 128.0 136.0 143.0 150.0 158.0 166.0 173.0 181.0 189.0 196.0 204.0 211.0 631.0 1781304021.030860
200.0 200.0 201.0 201.0 202.0 202.0 203.0 204.0 204.0 205.0 206.0 207.0 208.0 210.0 210.0 212.0 214.0 216.0 217.0 219.0 221.0 223.0 226.0 228.0 230.0 25.0 33.0 41.0 49.0 57.0 65.0 73.0 81.0 89.0 97.0 105.0 112.0 120.0 128.0 136.0 144.0 152.0 160.0 167.0 175.0 182.0 190.0 198.0 206.0 213.0 632.0 1781304021.046335
200.0 200.0 201.0 201.0 201.0 201.0 202.0 202.0 202.0 203.0 203.0 204.0 205.0 205.0 206.0 207.0 208.0 209.0 210.0 211.0 213.0 214.0 215.0 217.0 219.0 25.0 33.0 41.0 49.0 57.0 65.0 73.0 81.0 89.0 97.0 105.0 113.0 121.0 129.0 137.0 144.0 152.0 160.0 168.0 175.0 183.0 191.0 199.0 207.0 214.0 633.0 1781304021.067016
200.0 200.0 200.0 200.0 201.0 201.0 201.0 201.0 201.0 201.0 201.0 201.0 201.0 201.0 201.0 202.0 202.0 202.0 203.0 203.0 203.0 203.0 204.0 205.0 205.0 25.0 33.0 41.0 49.0 57.0 65.0 73.0 81.0 89.0 97.0 105.0 113.0 121.0 129.0 137.0 145.0 152.0 160.0 168.0 176.0 184.0 192.0 200.0 208.0 215.0 634.0 1781304021.088012
200.0 200.0 200.0 200.0 200.0 200.0 200.0 199.0 199.0 199.0 199.0 198.0 198.0 198.0 197.0 197.0 196.0 196.0 196.0 195.0 195.0 195.0 195.0 194.0 194.0 25.0 33.0 41.0 49.0 57.0 65.0 73.0 81.0 89.0 97.0 105.0 113.0 120.0 128.0 136.0 144.0 152.0 160.0 168.0 176.0 184.0 192.0 199.0 207.0 214.0 635.0 1781304021.108467
200.0 200.0 200.0 200.0 200.0 199.0 199.0 199.0 198.0 198.0 197.0 196.0 195.0 194.0 194.0 192.0 192.0 190.0 190.0 189.0 188.0 186.0 185.0 184.0 183.0 25.0 33.0 41.0 49.0 57.0 65.0 73.0 81.0 89.0 97.0 105.0 113.0 120.0 128.0 136.0 144.0 152.0 160.0 168.0 175.0 183.0 191.0 199.0 207.0 214.0 636.0 1781304021.119013
200.0 200.0 200.0 200.0 199.0 199.0 198.0 197.0 197.0 196.0 195.0 194.0 193.0 191.0 190.0 189.0 187.0 185.0 184.0 182.0 181.0 179.0 177.0 175.0 173.0 25.0 33.0 41.0 49.0 57.0 65.0 73.0 81.0 89.0 96.0 104.0 112.0 120.0 128.0 136.0 144.0 152.0 159.0 167.0 175.0 182.0 190.0 197.0 205.0 212.0 637.0 1781304021.144455
200.0 200.0 200.0 199.0 199.0 198.0 197.0 196.0 195.0 193.0 192.0 191.0 189.0 187.0 185.0 183.0 182.0 179.0 177.0 175.0 172.0 170.0 168.0 165.0 162.0 25.0 33.0 41.0 49.0 57.0 65.0 73.0 80.0 88.0 96.0 104.0 112.0 120.0 127.0 135.0 142.0 150.0 157.0 165.0 173.0 180.0 188.0 195.0 203.0 210.0 638.0 1781304021.159995
200.0 200.0 200.0 199.0 198.0 197.0 196.0 194.0 193.0 192.0 190.0 188.0 186.0 184.0 182.0 179.0 177.0 174.0 171.0 169.0 166.0 163.0 160.0 157.0 153.0 25.0 33.0 41.0 49.0 57.0 65.0 72.0 80.0 88.0 96.0 104.0 111.0 119.0 127.0 134.0 142.0 149.0 156.0 164.0 171.0 179.0 186.0 193.0 200.0 207.0 639.0 1781304021.180618
200.0 200.0 199.0 199.0 197.0 196.0 195.0 193.0 191.0 190.0 187.0 185.0 183.0 180.0 178.0 176.0 172.0 170.0 167.0 163.0 160.0 157.0 154.0 151.0 147.0 25.0 33.0 41.0 49.0 57.0 64.0 72.0 80.0 88.0 96.0 103.0 111.0 118.0 126.0 133.0 141.0 148.0 155.0 163.0 170.0 177.0 184.0 191.0 198.0 205.0 640.0 1781304021.190575
201.0 200.0 199.0 198.0 197.0 195.0 194.0 192.0 190.0 188.0 185.0 183.0 180.0 178.0 175.0 172.0 169.0 166.0 162.0 159.0 156.0 152.0 149.0 145.0 141.0 25.0 33.0 41.0 49.0 57.0 64.0 72.0 80.0 87.0 95.0 103.0 110.0 117.0 125.0 132.0 140.0 147.0 154.0 161.0 168.0 175.0 182.0 190.0 197.0 204.0 641.0 1781304021.201169
201.0 200.0 199.0 198.0 196.0 195.0 193.0 191.0 189.0 187.0 184.0 181.0 179.0 176.0 173.0 169.0 166.0 163.0 160.0 156.0 153.0 149.0 146.0 142.0 138.0 25.0 33.0 41.0 49.0 57.0 64.0 72.0 80.0 87.0 95.0 102.0 110.0 117.0 125.0 132.0 139.0 146.0 153.0 160.0 167.0 174.0 181.0 188.0 195.0 202.0 642.0 1781304021.216641
201.0 200.0 199.0 198.0 196.0 194.0 192.0 190.0 187.0 186.0 183.0 180.0 177.0 174.0 171.0 167.0 164.0 160.0 157.0 153.0 150.0 146.0 143.0 140.0 136.0 25.0 33.0 41.0 49.0 57.0 64.0 72.0 79.0 87.0 94.0 102.0 109.0 116.0 123.0 131.0 138.0 145.0 152.0 159.0 166.0 173.0 180.0 187.0 194.0 201.0 643.0 1781304021.231973
201.0 200.0 199.0 197.0 196.0 194.0 191.0 189.0 187.0 184.0 181.0 178.0 175.0 172.0 169.0 165.0 162.0 158.0 155.0 151.0 148.0 144.0 141.0 137.0 134.0 25.0 33.0 41.0 49.0 56.0 64.0 71.0 79.0 86.0 94.0 101.0 109.0 116.0 123.0 130.0 137.0 144.0 151.0 158.0 165.0 172.0 179.0 186.0 193.0 200.0 644.0 1781304021.247580
201.0 200.0 199.0 197.0 195.0 193.0 191.0 189.0 186.0 183.0 180.0 177.0 174.0 171.0 167.0 164.0 160.0 157.0 153.0 149.0 146.0 143.0 139.0 136.0 133.0 25.0 33.0 41.0 49.0 56.0 64.0 71.0 79.0 86.0 93.0 101.0 108.0 115.0 123.0 130.0 137.0 144.0 151.0 158.0 165.0 172.0 179.0 186.0 193.0 200.0 645.0 1781304021.262851
201.0 200.0 199.0 197.0 195.0 193.0 191.0 188.0 185.0 183.0 180.0 176.0 173.0 170.0 166.0 163.0 159.0 156.0 152.0 149.0 145.0 142.0 138.0 135.0 132.0 26.0 33.0 41.0 49.0 56.0 64.0 71.0 79.0 86.0 93.0 101.0 108.0 115.0 122.0 129.0 137.0 144.0 151.0 158.0 165.0 172.0 179.0 186.0 193.0 200.0 646.0 1781304021.273372
201.0 200.0 199.0 197.0 195.0 193.0 190.0 188.0 185.0 182.0 179.0 176.0 172.0 169.0 166.0 162.0 159.0 155.0 151.0 148.0 144.0 141.0 138.0 135.0 131.0 26.0 33.0 41.0 49.0 56.0 64.0 71.0 79.0 86.0 93.0 101.0 108.0 115.0 122.0 129.0 136.0 143.0 150.0 158.0 165.0 172.0 179.0 186.0 193.0 200.0 647.0 1781304021.288420
201.0 200.0 199.0 197.0 195.0 193.0 190.0 187.0 185.0 182.0 179.0 175.0 172.0 169.0 165.0 162.0 158.0 155.0 151.0 148.0 144.0 141.0 138.0 134.0 131.0 26.0 33.0 41.0 49.0 56.0 64.0 71.0 79.0 86.0 93.0 100.0 108.0 115.0 122.0 129.0 136.0 143.0 150.0 157.0 164.0 172.0 179.0 186.0 193.0 200.0 648.0 1781304021.304026
201.0 200.0 199.0 197.0 195.0 193.0 190.0 187.0 184.0 182.0 179.0 175.0 172.0 169.0 165.0 162.0 158.0 155.0 151.0 148.0 144.0 141.0 138.0 135.0 131.0 26.0 33.0 41.0 49.0 56.0 64.0 71.0 79.0 86.0 93.0 101.0 108.0 115.0 122.0 129.0 136.0 143.0 150.0 157.0 164.0 172.0 179.0 186.0 193.0 201.0 649.0 1781304021.319842
201.0 200.0 199.0 197.0 195.0 193.0 190.0 187.0 185.0 182.0 179.0 176.0 172.0 169.0 165.0 162.0 159.0 155.0 151.0 148.0 144.0 141.0 138.0 135.0 132.0 26.0 33.0 41.0 49.0 56.0 64.0 71.0 79.0 86.0 93.0 101.0 108.0 115.0 122.0 129.0 137.0 144.0 151.0 158.0 165.0 172.0 179.0 186.0 193.0 201.0 650.0 1781304021.340068
201.0 200.0 199.0 197.0 195.0 193.0 190.0 188.0 185.0 182.0 179.0 176.0 173.0 169.0 166.0 163.0 160.0 156.0 152.0 149.0 146.0 143.0 140.0 137.0 134.0 26.0 33.0 41.0 49.0 56.0 64.0 71.0 79.0 86.0 94.0 101.0 108.0 115.0 123.0 130.0 137.0 144.0 151.0 158.0 165.0 173.0 180.0 187.0 194.0 202.0 651.0 1781304021.345252
201.0 200.0 199.0 197.0 195.0 193.0 191.0 188.0 186.0 183.0 180.0 177.0 174.0 171.0 167.0 164.0 161.0 158.0 154.0 151.0 148.0 145.0 141.0 138.0 135.0 26.0 33.0 41.0 49.0 57.0 64.0 72.0 79.0 87.0 94.0 101.0 108.0 116.0 123.0 130.0 138.0 145.0 152.0 159.0 166.0 174.0 181.0 188.0 195.0 203.0 652.0 1781304021.365897
201.0 200.0 199.0 197.0 196.0 194.0 192.0 190.0 187.0 184.0 182.0 179.0 176.0 173.0 170.0 167.0 164.0 161.0 157.0 154.0 151.0 148.0 145.0 142.0 139.0 25.0 33.0 41.0 49.0 57.0 64.0 72.0 80.0 87.0 94.0 102.0 109.0 117.0 124.0 132.0 139.0 146.0 153.0 161.0 168.0 175.0 182.0 190.0 197.0 204.0 653.0 1781304021.376100
201.0 200.0 199.0 198.0 196.0 194.0 192.0 191.0 188.0 185.0 183.0 181.0 178.0 175.0 172.0 169.0 166.0 163.0 160.0 157.0 154.0 151.0 148.0 145.0 142.0 25.0 33.0 41.0 49.0 57.0 65.0 72.0 80.0 88.0 95.0 103.0 110.0 117.0 125.0 132.0 140.0 147.0 155.0 162.0 169.0 176.0 183.0 191.0 198.0 205.0 654.0 1781304021.386347
201.0 200.0 199.0 198.0 197.0 195.0 193.0 192.0 189.0 187.0 185.0 183.0 180.0 177.0 174.0 172.0 169.0 166.0 163.0 160.0 157.0 154.0 151.0 148.0 145.0 25.0 33.0 41.0 49.0 57.0 65.0 73.0 80.0 88.0 96.0 103.0 110.0 118.0 125.0 133.0 140.0 148.0 155.0 163.0 170.0 178.0 185.0 192.0 199.0 207.0 655.0 1781304021.391527
201.0 200.0 199.0 198.0 197.0 196.0 194.0 193.0 191.0 188.0 186.0 184.0 182.0 179.0 177.0 174.0 172.0 169.0 166.0 163.0 160.0 158.0 155.0 152.0 149.0 25.0 33.0 41.0 49.0 57.0 65.0 73.0 80.0 88.0 96.0 103.0 111.0 118.0 126.0 133.0 141.0 149.0 156.0 164.0 171.0 179.0 186.0 194.0 201.0 208.0 656.0 1781304021.407000
200.0 200.0 199.0 199.0 198.0 196.0 195.0 194.0 192.0 190.0 189.0 187.0 185.0 183.0 180.0 178.0 175.0 173.0 171.0 168.0 165.0 162.0 160.0 157.0 154.0 25.0 33.0 41.0 49.0 57.0 65.0 73.0 81.0 88.0 96.0 104.0 112.0 119.0 127.0 134.0 142.0 149.0 157.0 164.0 172.0 179.0 187.0 194.0 202.0 209.0 657.0 1781304021.422731
200.0 200.0 200.0 199.0 198.0 197.0 196.0 195.0 194.0 193.0 191.0 189.0 188.0 186.0 184.0 182.0 180.0 177.0 175.0 173.0 171.0 168.0 166.0 163.0 161.0 25.0 33.0 41.0 49.0 57.0 65.0 73.0 81.0 88.0 96.0 104.0 112.0 119.0 127.0 135.0 143.0 150.0 158.0 166.0 173.0 181.0 188.0 196.0 203.0 210.0 658.0 1781304021.437997
200.0 200.0 200.0 199.0 199.0 198.0 197.0 197.0 196.0 195.0 193.0 192.0 191.0 189.0 188.0 186.0 184.0 182.0 181.0 179.0 176.0 175.0 172.0 170.0 168.0 25.0 33.0 41.0 49.0 57.0 65.0 73.0 81.0 89.0 97.0 105.0 112.0 120.0 128.0 136.0 144.0 151.0 159.0 167.0 174.0 182.0 190.0 197.0 205.0 212.0 659.0 1781304021.453534
200.0 200.0 200.0 200.0 200.0 199.0 199.0 198.0 197.0 197.0 196.0 195.0 194.0 193.0 191.0 190.0 189.0 188.0 186.0 184.0 183.0 181.0 180.0 177.0 176.0 25.0 33.0 41.0 49.0 57.0 65.0 73.0 81.0 89.0 97.0 105.0 113.0 121.0 129.0 137.0 144.0 152.0 159.0 167.0 175.0 183.0 191.0 199.0 207.0 214.0 660.0 1781304021.469300
200.0 200.0 200.0 200.0 200.0 200.0 200.0 199.0 199.0 198.0 198.0 197.0 197.0 196.0 195.0 195.0 194.0 193.0 191.0 191.0 189.0 188.0 187.0 186.0 184.0 25.0 33.0 41.0 50.0 57.0 65.0 73.0 81.0 89.0 97.0 105.0 113.0 121.0 129.0 137.0 145.0 153.0 161.0 169.0 177.0 184.0 192.0 200.0 208.0 215.0 661.0 1781304021.484600
200.0 200.0 200.0 201.0 201.0 201.0 200.0 200.0 200.0 200.0 200.0 200.0 199.0 199.0 198.0 198.0 197.0 197.0 196.0 196.0 195.0 195.0 194.0 193.0 192.0 25.0 33.0 41.0 49.0 57.0 65.0 73.0 81.0 89.0 97.0 105.0 113.0 121.0 129.0 137.0 145.0 153.0 161.0 169.0 177.0 185.0 193.0 201.0 208.0 216.0 662.0 1781304021.494566
200.0 200.0 200.0 201.0 201.0 201.0 201.0 201.0 201.0 202.0 201.0 201.0 202.0 201.0 201.0 201.0 201.0 201.0 201.0 200.0 201.0 200.0 200.0 199.0 200.0 25.0 33.0 41.0 49.0 57.0 65.0 73.0 81.0 89.0 97.0 105.0 113.0 121.0 129.0 137.0 145.0 153.0 161.0 169.0 177.0 185.0 193.0 201.0 209.0 217.0 663.0 1781304021.504948
200.0 200.0 201.0 201.0 201.0 202.0 202.0 202.0 203.0 203.0 203.0 204.0 204.0 204.0 205.0 204.0 205.0 205.0 206.0 206.0 207.0 207.0 207.0 208.0 208.0 25.0 33.0 41.0 49.0 57.0 65.0 73.0 81.0 89.0 97.0 105.0 113.0 121.0 129.0 137.0 145.0 153.0 161.0 169.0 177.0 185.0 193.0 201.0 209.0 216.0 664.0 1781304021.515301
200.0 200.0 201.0 201.0 202.0 202.0 203.0 203.0 203.0 204.0 205.0 205.0 206.0 207.0 207.0 208.0 209.0 209.0 210.0 211.0 212.0 213.0 214.0 214.0 216.0 25.0 33.0 41.0 49.0 57.0 65.0 73.0 81.0 89.0 97.0 105.0 113.0 121.0 129.0 137.0 145.0 153.0 161.0 168.0 176.0 184.0 192.0 200.0 208.0 216.0 665.0 1781304021.525612
200.0 200.0 201.0 201.0 202.0 202.0 203.0 204.0 204.0 205.0 206.0 207.0 208.0 209.0 210.0 211.0 212.0 213.0 214.0 215.0 217.0 218.0 219.0 221.0 222.0 25.0 33.0 41.0 49.0 57.0 65.0 73.0 81.0 89.0 97.0 105.0 113.0 121.0 129.0 137.0 145.0 153.0 161.0 168.0 176.0 184.0 192.0 200.0 208.0 215.0 666.0 1781304021.535706
200.0 200.0 201.0 201.0 202.0 203.0 204.0 204.0 206.0 206.0 207.0 209.0 210.0 211.0 213.0 214.0 215.0 217.0 219.0 221.0 222.0 224.0 226.0 228.0 230.0 25.0 33.0 41.0 49.0 57.0 65.0 73.0 81.0 89.0 97.0 105.0 113.0 121.0 129.0 136.0 144.0 152.0 160.0 168.0 175.0 183.0 191.0 198.0 206.0 213.0 667.0 1781304021.556657
200.0 200.0 201.0 202.0 202.0 203.0 204.0 206.0 207.0 208.0 210.0 211.0 213.0 215.0 216.0 218.0 220.0 222.0 224.0 227.0 229.0 231.0 234.0 236.0 239.0 25.0 33.0 41.0 49.0 57.0 65.0 73.0 81.0 89.0 97.0 105.0 112.0 120.0 128.0 136.0 143.0 151.0 158.0 166.0 174.0 181.0 189.0 197.0 204.0 211.0 668.0 1781304021.587254
200.0 200.0 201.0 202.0 203.0 204.0 206.0 207.0 208.0 210.0 212.0 214.0 216.0 218.0 220.0 222.0 225.0 228.0 230.0 233.0 236.0 239.0 242.0 245.0 248.0 25.0 33.0 41.0 49.0 57.0 65.0 73.0 81.0 88.0 96.0 104.0 112.0 119.0 127.0 135.0 143.0 150.0 157.0 165.0 172.0 180.0 187.0 195.0 202.0 209.0 669.0 1781304021.597617
200.0 200.0 201.0 202.0 204.0 205.0 207.0 208.0 210.0 212.0 214.0 217.0 219.0 221.0 224.0 226.0 230.0 232.0 235.0 239.0 242.0 245.0 249.0 252.0 256.0 25.0 33.0 41.0 49.0 57.0 65.0 73.0 81.0 88.0 96.0 104.0 111.0 119.0 127.0 134.0 142.0 149.0 156.0 164.0 171.0 178.0 186.0 193.0 200.0 207.0 670.0 1781304021.613475
200.0 200.0 202.0 203.0 204.0 206.0 207.0 209.0 212.0 213.0 216.0 218.0 221.0 224.0 226.0 230.0 233.0 236.0 239.0 242.0 246.0 249.0 253.0 257.0 261.0 25.0 33.0 41.0 49.0 57.0 65.0 73.0 80.0 88.0 96.0 103.0 111.0 118.0 126.0 133.0 141.0 148.0 156.0 163.0 170.0 177.0 184.0 192.0 199.0 206.0 671.0 1781304021.623599
199.0 200.0 202.0 203.0 205.0 206.0 208.0 210.0 213.0 215.0 217.0 220.0 223.0 226.0 229.0 232.0 236.0 239.0 242.0 246.0 249.0 253.0 257.0 261.0 265.0 25.0 33.0 41.0 49.0 57.0 65.0 73.0 80.0 88.0 95.0 103.0 111.0 118.0 125.0 133.0 140.0 147.0 154.0 161.0 169.0 176.0 183.0 190.0 197.0 204.0 672.0 1781304021.638951
199.0 200.0 202.0 203.0 205.0 207.0 209.0 211.0 214.0 216.0 219.0 222.0 225.0 227.0 231.0 234.0 238.0 241.0 245.0 249.0 252.0 256.0 260.0 264.0 268.0 26.0 33.0 41.0 49.0 57.0 64.0 72.0 80.0 87.0 95.0 102.0 110.0 117.0 125.0 132.0 139.0 146.0 153.0 161.0 168.0 175.0 182.0 189.0 196.0 203.0 673.0 1781304021.654274
199.0 200.0 202.0 204.0 205.0 207.0 209.0 212.0 215.0 217.0 220.0 223.0 226.0 229.0 232.0 236.0 239.0 243.0 247.0 250.0 254.0 258.0 262.0 266.0 270.0 26.0 33.0 41.0 49.0 57.0 64.0 72.0 79.0 87.0 94.0 102.0 110.0 117.0 124.0 131.0 138.0 146.0 153.0 160.0 167.0 174.0 181.0 188.0 195.0 202.0 674.0 1781304021.664673
199.0 200.0 202.0 204.0 206.0 208.0 210.0 213.0 215.0 218.0 221.0 224.0 227.0 230.0 234.0 237.0 241.0 244.0 248.0 252.0 255.0 259.0 263.0 267.0 271.0 26.0 33.0 41.0 49.0 57.0 64.0 72.0 79.0 87.0 94.0 102.0 109.0 117.0 124.0 131.0 138.0 145.0 152.0 159.0 167.0 174.0 180.0 187.0 194.0 201.0 675.0 1781304021.674837
199.0 200.0 202.0 204.0 206.0 208.0 210.0 213.0 216.0 219.0 221.0 225.0 228.0 231.0 235.0 238.0 242.0 245.0 249.0 253.0 257.0 261.0 264.0 268.0 272.0 26.0 33.0 41.0 49.0 56.0 64.0 72.0 79.0 87.0 94.0 101.0 109.0 116.0 123.0 130.0 137.0 145.0 152.0 159.0 166.0 173.0 180.0 186.0 193.0 200.0 676.0 1781304021.685164
199.0 200.0 202.0 204.0 206.0 208.0 211.0 213.0 216.0 219.0 222.0 225.0 229.0 232.0 236.0 239.0 243.0 246.0 250.0 254.0 258.0 261.0 265.0 269.0 273.0 26.0 33.0 41.0 49.0 56.0 64.0 72.0 79.0 86.0 94.0 101.0 109.0 116.0 123.0 130.0 137.0 144.0 151.0 159.0 166.0 173.0 179.0 186.0 193.0 200.0 677.0 1781304021.700754
199.0 200.0 202.0 204.0 206.0 208.0 211.0 214.0 216.0 220.0 222.0 226.0 229.0 233.0 236.0 240.0 243.0 247.0 251.0 255.0 258.0 262.0 266.0 269.0 273.0 26.0 33.0 41.0 49.0 56.0 64.0 71.0 79.0 86.0 94.0 101.0 108.0 116.0 123.0 130.0 137.0 144.0 151.0 159.0 165.0 172.0 179.0 186.0 193.0 200.0 678.0 1781304021.716296
199.0 200.0 202.0 204.0 206.0 209.0 211.0 214.0 216.0 220.0 223.0 226.0 229.0 233.0 236.0 240.0 243.0 247.0 251.0 255.0 259.0 262.0 266.0 270.0 273.0 26.0 33.0 41.0 49.0 56.0 64.0 71.0 79.0 86.0 94.0 101.0 108.0 116.0 123.0 130.0 137.0 144.0 151.0 159.0 165.0 172.0 179.0 186.0 193.0 200.0 679.0 1781304021.726350
199.0 200.0 202.0 204.0 206.0 209.0 211.0 214.0 217.0 220.0 223.0 226.0 229.0 233.0 236.0 240.0 243.0 247.0 251.0 255.0 259.0 262.0 266.0 269.0 273.0 26.0 33.0 41.0 49.0 56.0 64.0 71.0 79.0 86.0 94.0 101.0 108.0 116.0 123.0 130.0 137.0 144.0 151.0 158.0 165.0 172.0 179.0 186.0 193.0 200.0 680.0 1781304021.741946
199.0 200.0 202.0 204.0 206.0 208.0 211.0 214.0 216.0 220.0 223.0 226.0 229.0 233.0 236.0 240.0 243.0 247.0 251.0 255.0 258.0 262.0 265.0 269.0 273.0 26.0 33.0 41.0 49.0 56.0 64.0 71.0 79.0 86.0 94.0 101.0 108.0 116.0 123.0 130.0 137.0 144.0 151.0 159.0 166.0 173.0 180.0 187.0 194.0 201.0 681.0 1781304021.762964
199.0 200.0 202.0 204.0 206.0 208.0 211.0 214.0 216.0 219.0 222.0 225.0 229.0 232.0 236.0 239.0 243.0 246.0 250.0 254.0 257.0 261.0 264.0 268.0 272.0 26.0 33.0 41.0 49.0 56.0 64.0 72.0 79.0 87.0 94.0 101.0 109.0 116.0 123.0 130.0 137.0 145.0 152.0 159.0 166.0 173.0 180.0 187.0 194.0 201.0 682.0 1781304021.773027
199.0 200.0 202.0 204.0 206.0 208.0 210.0 213.0 215.0 218.0 221.0 224.0 227.0 230.0 234.0 237.0 240.0 244.0 247.0 250.0 254.0 257.0 261.0 264.0 268.0 26.0 33.0 41.0 49.0 57.0 64.0 72.0 79.0 87.0 94.0 102.0 109.0 116.0 123.0 131.0 138.0 145.0 153.0 160.0 167.0 174.0 181.0 188.0 195.0 202.0 683.0 1781304021.793479
199.0 200.0 202.0 203.0 205.0 207.0 209.0 211.0 214.0 217.0 219.0 222.0 225.0 228.0 231.0 234.0 237.0 240.0 243.0 247.0 250.0 253.0 256.0 260.0 263.0 26.0 33.0 41.0 49.0 57.0 65.0 72.0 80.0 87.0 94.0 102.0 109.0 117.0 124.0 132.0 139.0 147.0 154.0 161.0 168.0 175.0 183.0 190.0 197.0 204.0 684.0 1781304021.803753
199.0 200.0 202.0 203.0 205.0 207.0 209.0 211.0 213.0 216.0 218.0 220.0 223.0 226.0 229.0 231.0 234.0 237.0 240.0 244.0 247.0 250.0 253.0 256.0 260.0 26.0 33.0 41.0 49.0 57.0 65.0 72.0 80.0 88.0 95.0 103.0 110.0 117.0 125.0 132.0 140.0 147.0 155.0 162.0 170.0 177.0 184.0 191.0 198.0 205.0 685.0 1781304021.819389
199.0 200.0 202.0 203.0 204.0 207.0 208.0 210.0 212.0 215.0 217.0 219.0 222.0 224.0 227.0 230.0 233.0 235.0 238.0 242.0 245.0 248.0 251.0 254.0 258.0 26.0 33.0 41.0 49.0 57.0 65.0 72.0 80.0 88.0 95.0 103.0 110.0 118.0 125.0 133.0 140.0 148.0 155.0 163.0 170.0 177.0 185.0 192.0 199.0 206.0 686.0 1781304021.829550
200.0 200.0 201.0 203.0 204.0 205.0 207.0 209.0 211.0 212.0 214.0 217.0 219.0 221.0 224.0 226.0 228.0 231.0 234.0 236.0 239.0 242.0 245.0 248.0 251.0 25.0 33.0 41.0 49.0 57.0 65.0 73.0 80.0 88.0 96.0 103.0 111.0 119.0 126.0 134.0 141.0 149.0 157.0 164.0 172.0 179.0 186.0 194.0 201.0 208.0 687.0 1781304021.845044
200.0 200.0 201.0 202.0 203.0 205.0 206.0 207.0 209.0 210.0 212.0 214.0 216.0 218.0 220.0 222.0 224.0 227.0 229.0 231.0 234.0 236.0 239.0 241.0 245.0 25.0 33.0 41.0 49.0 57.0 65.0 73.0 81.0 88.0 96.0 104.0 112.0 119.0 127.0 135.0 142.0 149.0 157.0 165.0 172.0 180.0 188.0 195.0 203.0 210.0 688.0 1781304021.860535
200.0 200.0 201.0 202.0 203.0 204.0 205.0 206.0 207.0 208.0 210.0 211.0 213.0 214.0 216.0 218.0 220.0 222.0 223.0 226.0 228.0 230.0 233.0 235.0 237.0 25.0 33.0 41.0 49.0 57.0 65.0 73.0 81.0 89.0 96.0 104.0 112.0 120.0 127.0 135.0 143.0 151.0 158.0 166.0 174.0 181.0 189.0 196.0 204.0 211.0 689.0 1781304021.876135
200.0 200.0 201.0 201.0 202.0 203.0 203.0 204.0 205.0 206.0 207.0 208.0 209.0 210.0 211.0 213.0 214.0 216.0 217.0 219.0 220.0 223.0 224.0 226.0 228.0 25.0 33.0 41.0 49.0 57.0 65.0 73.0 81.0 89.0 97.0 105.0 113.0 120.0 128.0 136.0 144.0 152.0 160.0 167.0 175.0 183.0 190.0 198.0 206.0 213.0 690.0 1781304021.896465
200.0 200.0 201.0 201.0 201.0 202.0 202.0 203.0 203.0 204.0 204.0 205.0 206.0 207.0 207.0 208.0 209.0 210.0 211.0 212.0 214.0 215.0 216.0 218.0 219.0 25.0 33.0 41.0 49.0 57.0 65.0 73.0 81.0 89.0 97.0 105.0 113.0 121.0 129.0 137.0 145.0 152.0 160.0 168.0 176.0 184.0 192.0 200.0 208.0 215.0 691.0 1781304021.911781
200.0 200.0 200.0 201.0 201.0 201.0 202.0 202.0 202.0 203.0 203.0 203.0 203.0 204.0 204.0 205.0 205.0 206.0 206.0 207.0 208.0 208.0 210.0 210.0 212.0 25.0 33.0 41.0 49.0 57.0 65.0 73.0 81.0 89.0 97.0 105.0 113.0 121.0 129.0 137.0 145.0 153.0 161.0 168.0 176.0 184.0 192.0 200.0 208.0 215.0 692.0 1781304021.922453
200.0 200.0 200.0 200.0 201.0 201.0 201.0 201.0 201.0 201.0 201.0 201.0 201.0 201.0 201.0 201.0 202.0 202.0 202.0 202.0 202.0 203.0 203.0 204.0 205.0 25.0 33.0 41.0 49.0 57.0 65.0 73.0 81.0 89.0 97.0 105.0 113.0 121.0 129.0 137.0 145.0 153.0 161.0 169.0 177.0 185.0 193.0 201.0 209.0 216.0 693.0 1781304021.932732
200.0 200.0 200.0 200.0 200.0 200.0 200.0 200.0 199.0 199.0 199.0 199.0 199.0 198.0 198.0 198.0 197.0 197.0 197.0 197.0 197.0 196.0 196.0 197.0 196.0 25.0 33.0 41.0 49.0 57.0 65.0 73.0 81.0 89.0 97.0 105.0 113.0 121.0 129.0 136.0 144.0 152.0 160.0 168.0 176.0 184.0 192.0 200.0 208.0 215.0 694.0 1781304021.948333
200.0 200.0 200.0 200.0 200.0 199.0 199.0 198.0 198.0 198.0 197.0 196.0 196.0 195.0 195.0 194.0 193.0 193.0 192.0 191.0 190.0 190.0 189.0 188.0 188.0 25.0 33.0 41.0 49.0 57.0 65.0 73.0 81.0 89.0 97.0 105.0 112.0 120.0 128.0 136.0 144.0 152.0 160.0 168.0 176.0 184.0 192.0 200.0 208.0 215.0 695.0 1781304021.963626
200.0 200.0 200.0 200.0 199.0 199.0 198.0 197.0 197.0 196.0 195.0 194.0 193.0 192.0 191.0 190.0 189.0 188.0 186.0 185.0 184.0 183.0 181.0 180.0 179.0 25.0 33.0 41.0 49.0 57.0 65.0 73.0 81.0 89.0 97.0 105.0 112.0 120.0 128.0 136.0 144.0 152.0 160.0 167.0 175.0 183.0 191.0 199.0 207.0 214.0 696.0 1781304021.979069
200.0 200.0 200.0 199.0 199.0 198.0 197.0 196.0 195.0 194.0 193.0 192.0 190.0 188.0 187.0 185.0 184.0 182.0 181.0 178.0 177.0 175.0 173.0 172.0 169.0 25.0 33.0 41.0 49.0 57.0 65.0 73.0 80.0 88.0 96.0 104.0 112.0 120.0 128.0 136.0 143.0 151.0 159.0 166.0 174.0 181.0 189.0 197.0 205.0 212.0 697.0 1781304022.004645
200.0 200.0 200.0 199.0 198.0 197.0 196.0 195.0 194.0 192.0 191.0 189.0 187.0 185.0 184.0 182.0 179.0 178.0 175.0 173.0 171.0 169.0 166.0 164.0 161.0 25.0 33.0 41.0 49.0 57.0 65.0 73.0 81.0 88.0 96.0 104.0 112.0 119.0 127.0 135.0 143.0 150.0 158.0 166.0 173.0 181.0 188.0 196.0 203.0 210.0 698.0 1781304022.015034
200.0 200.0 199.0 199.0 198.0 196.0 195.0 194.0 192.0 190.0 189.0 187.0 184.0 183.0 180.0 178.0 176.0 173.0 171.0 168.0 166.0 163.0 160.0 157.0 155.0 25.0 33.0 41.0 49.0 57.0 65.0 73.0 80.0 88.0 96.0 104.0 111.0 119.0 127.0 134.0 142.0 150.0 157.0 164.0 172.0 179.0 187.0 194.0 202.0 209.0 699.0 1781304022.030437
201.0 200.0 199.0 198.0 197.0 196.0 195.0 193.0 191.0 189.0 188.0 185.0 183.0 180.0 178.0 175.0 173.0 170.0 167.0 164.0 161.0 159.0 156.0 152.0 150.0 25.0 33.0 41.0 49.0 57.0 65.0 73.0 80.0 88.0 96.0 103.0 111.0 119.0 126.0 134.0 141.0 149.0 156.0 164.0 171.0 178.0 186.0 193.0 200.0 207.0 700.0 1781304022.040654
201.0 200.0 199.0 198.0 197.0 195.0 194.0 192.0 190.0 188.0 186.0 184.0 181.0 179.0 176.0 173.0 170.0 168.0 165.0 162.0 159.0 156.0 153.0 149.0 146.0 25.0 33.0 41.0 49.0 57.0 65.0 72.0 80.0 88.0 96.0 103.0 111.0 118.0 126.0 133.0 141.0 148.0 156.0 163.0 170.0 178.0 185.0 192.0 199.0 206.0 701.0 1781304022.045947
201.0 200.0 199.0 198.0 197.0 195.0 194.0 192.0 189.0 187.0 185.0 183.0 180.0 177.0 175.0 172.0 169.0 165.0 162.0 160.0 156.0 153.0 150.0 147.0 143.0 25.0 33.0 41.0 49.0 57.0 65.0 72.0 80.0 88.0 95.0 103.0 110.0 118.0 126.0 133.0 141.0 148.0 155.0 162.0 170.0 177.0 184.0 191.0 199.0 206.0 702.0 1781304022.061334
201.0 200.0 199.0 198.0 196.0 195.0 193.0 191.0 188.0 186.0 184.0 181.0 178.0 175.0 173.0 169.0 166.0 163.0 160.0 157.0 153.0 150.0 147.0 143.0 140.0 25.0 33.0 41.0 49.0 57.0 65.0 72.0 80.0 88.0 95.0 103.0 110.0 117.0 125.0 133.0 140.0 147.0 154.0 162.0 169.0 176.0 183.0 190.0 197.0 204.0 703.0 1781304022.077102
201.0 200.0 199.0 198.0 196.0 194.0 193.0 190.0 188.0 186.0 183.0 180.0 177.0 174.0 171.0 168.0 165.0 161.0 158.0 155.0 151.0 148.0 145.0 141.0 138.0 25.0 33.0 41.0 49.0 57.0 65.0 72.0 80.0 87.0 95.0 102.0 110.0 117.0 125.0 132.0 139.0 146.0 154.0 161.0 168.0 175.0 183.0 190.0 197.0 204.0 704.0 1781304022.087214
201.0 200.0 199.0 197.0 196.0 194.0 192.0 190.0 187.0 185.0 182.0 179.0 176.0 173.0 170.0 167.0 164.0 160.0 157.0 153.0 150.0 146.0 143.0 139.0 136.0 25.0 33.0 41.0 49.0 57.0 64.0 72.0 80.0 87.0 95.0 102.0 110.0 117.0 124.0 131.0 139.0 146.0 153.0 160.0 168.0 175.0 182.0 189.0 196.0 203.0 705.0 1781304022.097657
201.0 200.0 199.0 197.0 196.0 194.0 192.0 189.0 187.0 184.0 182.0 179.0 176.0 172.0 169.0 166.0 163.0 159.0 156.0 152.0 149.0 145.0 142.0 138.0 135.0 25.0 33.0 41.0 49.0 57.0 64.0 72.0 79.0 87.0 95.0 102.0 109.0 117.0 124.0 131.0 139.0 146.0 153.0 160.0 167.0 174.0 181.0 188.0 195.0 203.0 706.0 1781304022.108045
201.0 200.0 199.0 197.0 195.0 194.0 192.0 189.0 186.0 184.0 181.0 178.0 175.0 171.0 168.0 165.0 162.0 158.0 155.0 151.0 148.0 144.0 141.0 137.0 134.0 25.0 33.0 41.0 49.0 57.0 64.0 72.0 79.0 87.0 94.0 101.0 109.0 116.0 124.0 131.0 138.0 145.0 153.0 160.0 167.0 174.0 181.0 188.0 195.0 202.0 707.0 1781304022.128266
201.0 200.0 199.0 197.0 195.0 193.0 191.0 189.0 186.0 183.0 180.0 178.0 174.0 171.0 168.0 164.0 161.0 157.0 154.0 150.0 147.0 143.0 140.0 136.0 133.0 25.0 33.0 41.0 49.0 57.0 64.0 72.0 79.0 87.0 94.0 101.0 109.0 116.0 123.0 131.0 138.0 145.0 152.0 160.0 167.0 174.0 181.0 188.0 195.0 202.0 708.0 1781304022.138914
201.0 200.0 199.0 197.0 195.0 193.0 191.0 189.0 186.0 183.0 180.0 177.0 174.0 171.0 168.0 164.0 161.0 157.0 154.0 150.0 147.0 143.0 140.0 136.0 133.0 25.0 33.0 41.0 49.0 57.0 64.0 72.0 79.0 87.0 94.0 101.0 109.0 116.0 123.0 130.0 138.0 145.0 152.0 159.0 167.0 174.0 181.0 188.0 195.0 202.0 709.0 1781304022.154700
201.0 200.0 199.0 197.0 195.0 193.0 191.0 189.0 186.0 183.0 180.0 177.0 174.0 170.0 168.0 164.0 161.0 157.0 154.0 150.0 147.0 143.0 140.0 136.0 133.0 25.0 33.0 41.0 49.0 57.0 64.0 72.0 79.0 87.0 94.0 101.0 109.0 116.0 123.0 131.0 138.0 145.0 152.0 159.0 166.0 174.0 181.0 188.0 195.0 202.0 710.0 1781304022.174659
201.0 200.0 199.0 197.0 195.0 193.0 191.0 189.0 186.0 183.0 180.0 177.0 174.0 171.0 168.0 164.0 161.0 157.0 154.0 150.0 147.0 143.0 140.0 137.0 134.0 25.0 33.0 41.0 49.0 57.0 64.0 72.0 79.0 87.0 94.0 101.0 109.0 116.0 123.0 131.0 138.0 145.0 152.0 160.0 167.0 174.0 181.0 188.0 195.0 202.0 711.0 1781304022.185219
201.0 200.0 199.0 197.0 195.0 193.0 191.0 189.0 186.0 183.0 180.0 177.0 174.0 171.0 168.0 164.0 161.0 158.0 154.0 151.0 148.0 144.0 141.0 138.0 135.0 25.0 33.0 41.0 49.0 57.0 64.0 72.0 79.0 87.0 94.0 102.0 109.0 116.0 124.0 131.0 138.0 145.0 153.0 160.0 167.0 174.0 181.0 188.0 195.0 203.0 712.0 1781304022.195357
201.0 200.0 199.0 197.0 196.0 194.0 191.0 189.0 187.0 184.0 181.0 178.0 175.0 172.0 169.0 166.0 163.0 159.0 156.0 153.0 149.0 146.0 143.0 140.0 137.0 25.0 33.0 41.0 49.0 57.0 64.0 72.0 80.0 87.0 95.0 102.0 109.0 117.0 124.0 131.0 139.0 146.0 153.0 161.0 168.0 175.0 182.0 189.0 196.0 203.0 713.0 1781304022.216250
201.0 200.0 199.0 198.0 196.0 194.0 192.0 190.0 188.0 185.0 183.0 181.0 178.0 174.0 172.0 169.0 166.0 163.0 160.0 157.0 154.0 151.0 148.0 145.0 142.0 25.0 33.0 41.0 49.0 57.0 65.0 72.0 80.0 88.0 95.0 102.0 110.0 117.0 125.0 132.0 140.0 147.0 155.0 162.0 169.0 176.0 184.0 191.0 198.0 205.0 714.0 1781304022.231383
201.0 200.0 199.0 198.0 197.0 195.0 193.0 192.0 189.0 187.0 185.0 183.0 180.0 177.0 175.0 172.0 169.0 167.0 164.0 161.0 158.0 155.0 152.0 149.0 147.0 25.0 33.0 41.0 49.0 57.0 65.0 73.0 80.0 88.0 95.0 103.0 111.0 118.0 126.0 133.0 141.0 148.0 156.0 163.0 170.0 178.0 185.0 193.0 200.0 207.0 715.0 1781304022.241808
201.0 200.0 199.0 198.0 197.0 196.0 194.0 192.0 191.0 188.0 186.0 184.0 182.0 179.0 177.0 175.0 172.0 169.0 167.0 164.0 161.0 159.0 156.0 153.0 151.0 25.0 33.0 41.0 49.0 57.0 65.0 73.0 80.0 88.0 96.0 104.0 111.0 119.0 126.0 134.0 141.0 149.0 156.0 164.0 172.0 179.0 187.0 194.0 201.0 208.0 716.0 1781304022.257377
201.0 200.0 199.0 198.0 197.0 196.0 195.0 193.0 192.0 190.0 188.0 186.0 184.0 181.0 179.0 177.0 175.0 172.0 170.0 167.0 165.0 162.0 160.0 157.0 155.0 25.0 33.0 41.0 49.0 57.0 65.0 73.0 81.0 88.0 96.0 104.0 112.0 119.0 127.0 134.0 142.0 149.0 157.0 165.0 172.0 180.0 188.0 195.0 203.0 210.0 717.0 1781304022.267617
200.0 200.0 200.0 199.0 198.0 197.0 196.0 195.0 193.0 192.0 191.0 188.0 187.0 185.0 183.0 181.0 179.0 177.0 175.0 173.0 171.0 169.0 166.0 164.0 162.0 25.0 33.0 41.0 49.0 57.0 65.0 73.0 81.0 89.0 96.0 104.0 112.0 120.0 127.0 135.0 143.0 151.0 158.0 166.0 174.0 181.0 189.0 196.0 204.0 211.0 718.0 1781304022.288163
200.0 200.0 200.0 199.0 199.0 198.0 197.0 196.0 195.0 194.0 193.0 191.0 190.0 188.0 187.0 185.0 184.0 182.0 181.0 178.0 177.0 175.0 173.0 171.0 170.0 25.0 33.0 41.0 49.0 57.0 65.0 73.0 81.0 89.0 97.0 105.0 112.0 120.0 128.0 136.0 144.0 151.0 159.0 167.0 174.0 182.0 190.0 198.0 206.0 213.0 719.0 1781304022.303579
200.0 200.0 200.0 200.0 199.0 199.0 198.0 197.0 197.0 195.0 194.0 194.0 192.0 191.0 190.0 189.0 187.0 186.0 185.0 183.0 182.0 180.0 179.0 178.0 176.0 25.0 33.0 41.0 49.0 57.0 65.0 73.0 81.0 89.0 97.0 105.0 112.0 120.0 128.0 136.0 144.0 152.0 160.0 167.0 175.0 183.0 190.0 198.0 206.0 213.0 720.0 1781304022.313842
200.0 200.0 200.0 200.0 199.0 199.0 199.0 198.0 198.0 197.0 197.0 196.0 195.0 194.0 194.0 192.0 192.0 191.0 190.0 189.0 188.0 187.0 186.0 185.0 184.0 25.0 33.0 41.0 49.0 57.0 65.0 73.0 81.0 89.0 97.0 105.0 113.0 121.0 128.0 136.0 144.0 152.0 160.0 167.0 175.0 183.0 191.0 199.0 207.0 214.0 721.0 1781304022.334329
200.0 200.0 200.0 200.0 200.0 200.0 200.0 200.0 199.0 199.0 199.0 198.0 198.0 198.0 197.0 197.0 196.0 195.0 195.0 194.0 194.0 193.0 193.0 192.0 192.0 25.0 33.0 41.0 49.0 57.0 65.0 73.0 81.0 89.0 97.0 105.0 113.0 120.0 128.0 136.0 144.0 152.0 160.0 168.0 176.0 184.0 192.0 200.0 208.0 215.0 722.0 1781304022.344833
200.0 200.0 200.0 201.0 201.0 201.0 201.0 201.0 201.0 201.0 201.0 201.0 201.0 201.0 201.0 201.0 200.0 201.0 200.0 200.0 200.0 200.0 200.0 200.0 200.0 25.0 33.0 41.0 49.0 57.0 65.0 73.0 81.0 89.0 97.0 105.0 113.0 121.0 128.0 136.0 144.0 152.0 160.0 168.0 176.0 184.0 192.0 200.0 208.0 215.0 723.0 1781304022.360160
200.0 200.0 201.0 201.0 201.0 202.0 202.0 202.0 202.0 203.0 203.0 203.0 204.0 204.0 204.0 205.0 205.0 206.0 206.0 207.0 207.0 208.0 208.0 209.0 209.0 25.0 33.0 41.0 49.0 57.0 65.0 73.0 81.0 89.0 97.0 105.0 113.0 121.0 129.0 137.0 145.0 153.0 161.0 169.0 177.0 185.0 193.0 201.0 208.0 216.0 724.0 1781304022.375734
200.0 200.0 201.0 201.0 202.0 202.0 203.0 203.0 204.0 205.0 205.0 206.0 207.0 207.0 208.0 209.0 210.0 211.0 212.0 212.0 214.0 214.0 216.0 217.0 218.0 25.0 33.0 41.0 49.0 57.0 65.0 73.0 81.0 89.0 97.0 105.0 113.0 121.0 128.0 136.0 144.0 152.0 160.0 168.0 176.0 184.0 192.0 200.0 207.0 215.0 725.0 1781304022.391241
200.0 200.0 201.0 201.0 202.0 203.0 203.0 204.0 205.0 206.0 207.0 208.0 209.0 210.0 211.0 212.0 213.0 215.0 216.0 217.0 219.0 220.0 222.0 223.0 225.0 25.0 33.0 41.0 49.0 57.0 65.0 73.0 81.0 89.0 97.0 104.0 112.0 120.0 128.0 136.0 144.0 152.0 160.0 168.0 175.0 183.0 191.0 199.0 207.0 214.0 726.0 1781304022.396121
200.0 200.0 201.0 202.0 202.0 203.0 204.0 205.0 206.0 207.0 208.0 209.0 211.0 213.0 214.0 215.0 217.0 218.0 220.0 222.0 223.0 225.0 227.0 229.0 231.0 25.0 33.0 41.0 49.0 57.0 65.0 73.0 81.0 89.0 97.0 104.0 112.0 120.0 128.0 136.0 144.0 151.0 159.0 167.0 175.0 182.0 190.0 198.0 206.0 213.0 727.0 1781304022.417118
200.0 200.0 201.0 202.0 203.0 204.0 205.0 206.0 207.0 209.0 211.0 212.0 213.0 215.0 217.0 219.0 221.0 223.0 225.0 227.0 229.0 232.0 233.0 236.0 238.0 25.0 33.0 41.0 49.0 57.0 65.0 73.0 80.0 88.0 96.0 104.0 112.0 120.0 128.0 135.0 143.0 150.0 158.0 165.0 173.0 181.0 188.0 196.0 204.0 211.0 728.0 1781304022.432361
200.0 200.0 201.0 202.0 203.0 205.0 206.0 207.0 209.0 211.0 213.0 214.0 216.0 218.0 221.0 223.0 225.0 227.0 230.0 232.0 235.0 237.0 240.0 243.0 246.0 25.0 33.0 41.0 49.0 57.0 65.0 73.0 80.0 88.0 96.0 104.0 111.0 119.0 127.0 134.0 142.0 150.0 158.0 165.0 172.0 180.0 187.0 195.0 202.0 209.0 729.0 1781304022.447644
200.0 200.0 201.0 203.0 204.0 205.0 207.0 209.0 211.0 212.0 214.0 217.0 219.0 221.0 224.0 226.0 228.0 231.0 234.0 236.0 240.0 243.0 245.0 249.0 252.0 25.0 33.0 41.0 49.0 57.0 65.0 72.0 80.0 88.0 96.0 103.0 111.0 119.0 126.0 134.0 142.0 149.0 156.0 164.0 171.0 178.0 186.0 193.0 201.0 208.0 730.0 1781304022.463473
199.0 200.0 202.0 203.0 204.0 206.0 208.0 210.0 212.0 214.0 216.0 219.0 221.0 224.0 226.0 229.0 232.0 235.0 238.0 241.0 244.0 247.0 250.0 254.0 257.0 26.0 33.0 41.0 49.0 57.0 65.0 72.0 80.0 88.0 95.0 103.0 111.0 118.0 126.0 133.0 141.0 148.0 156.0 163.0 170.0 177.0 185.0 192.0 199.0 206.0 731.0 1781304022.484032
199.0 200.0 202.0 203.0 205.0 207.0 208.0 211.0 213.0 215.0 217.0 220.0 223.0 225.0 228.0 231.0 234.0 238.0 241.0 244.0 247.0 251.0 254.0 257.0 261.0 25.0 33.0 41.0 49.0 57.0 65.0 72.0 80.0 88.0 95.0 103.0 110.0 118.0 125.0 133.0 140.0 147.0 154.0 162.0 169.0 176.0 184.0 191.0 198.0 205.0 732.0 1781304022.494437
199.0 200.0 202.0 203.0 205.0 207.0 209.0 211.0 214.0 216.0 218.0 221.0 224.0 227.0 230.0 233.0 236.0 239.0 243.0 246.0 249.0 253.0 257.0 260.0 264.0 26.0 33.0 41.0 49.0 57.0 64.0 72.0 80.0 87.0 95.0 102.0 110.0 117.0 125.0 132.0 139.0 147.0 154.0 161.0 168.0 175.0 183.0 190.0 197.0 204.0 733.0 1781304022.504667
199.0 200.0 202.0 204.0 205.0 207.0 209.0 212.0 214.0 217.0 219.0 222.0 226.0 228.0 231.0 235.0 238.0 242.0 245.0 248.0 252.0 256.0 259.0 263.0 267.0 26.0 33.0 41.0 49.0 57.0 64.0 72.0 79.0 87.0 94.0 102.0 110.0 117.0 124.0 132.0 139.0 146.0 153.0 160.0 167.0 174.0 182.0 189.0 196.0 203.0 734.0 1781304022.524947
199.0 200.0 202.0 204.0 205.0 207.0 210.0 212.0 215.0 217.0 220.0 223.0 226.0 230.0 233.0 236.0 239.0 243.0 247.0 250.0 254.0 257.0 261.0 264.0 268.0 26.0 33.0 41.0 49.0 57.0 64.0 72.0 79.0 87.0 94.0 102.0 109.0 117.0 124.0 131.0 139.0 146.0 153.0 160.0 167.0 174.0 181.0 188.0 195.0 202.0 735.0 1781304022.535233
199.0 200.0 202.0 204.0 206.0 208.0 210.0 212.0 215.0 218.0 221.0 224.0 227.0 230.0 233.0 237.0 240.0 244.0 248.0 251.0 254.0 258.0 262.0 265.0 269.0 26.0 33.0 41.0 49.0 57.0 64.0 72.0 79.0 87.0 94.0 102.0 109.0 116.0 123.0 131.0 138.0 145.0 152.0 159.0 166.0 173.0 181.0 188.0 195.0 202.0 736.0 1781304022.540548
199.0 200.0 202.0 204.0 206.0 208.0 210.0 213.0 215.0 218.0 221.0 224.0 227.0 231.0 234.0 237.0 241.0 244.0 248.0 251.0 255.0 259.0 263.0 266.0 270.0 26.0 33.0 41.0 49.0 57.0 64.0 72.0 79.0 87.0 94.0 102.0 109.0 116.0 123.0 131.0 138.0 145.0 152.0 159.0 166.0 173.0 180.0 187.0 194.0 201.0 737.0 1781304022.556289
199.0 200.0 202.0 204.0 206.0 208.0 210.0 213.0 215.0 218.0 221.0 224.0 228.0 231.0 234.0 238.0 241.0 245.0 248.0 252.0 256.0 259.0 263.0 267.0 270.0 26.0 33.0 41.0 49.0 56.0 64.0 72.0 79.0 87.0 94.0 101.0 109.0 116.0 123.0 131.0 138.0 145.0 152.0 159.0 166.0 173.0 180.0 187.0 194.0 201.0 738.0 1781304022.571826
199.0 200.0 202.0 204.0 206.0 208.0 211.0 213.0 215.0 218.0 221.0 224.0 228.0 231.0 234.0 238.0 241.0 245.0 249.0 252.0 256.0 260.0 263.0 267.0 270.0 26.0 33.0 41.0 49.0 57.0 64.0 72.0 79.0 87.0 94.0 101.0 109.0 116.0 123.0 131.0 138.0 145.0 152.0 159.0 166.0 173.0 180.0 187.0 194.0 201.0 739.0 1781304022.581890
199.0 200.0 202.0 204.0 206.0 208.0 211.0 213.0 216.0 218.0 221.0 224.0 228.0 231.0 234.0 238.0 241.0 245.0 249.0 252.0 256.0 259.0 263.0 267.0 270.0 26.0 33.0 41.0 49.0 56.0 64.0 72.0 79.0 87.0 94.0 101.0 109.0 116.0 123.0 131.0 138.0 145.0 152.0 159.0 166.0 173.0 180.0 187.0 194.0 201.0 740.0 1781304022.597526
199.0 200.0 202.0 204.0 206.0 208.0 210.0 213.0 215.0 218.0 221.0 224.0 228.0 231.0 234.0 238.0 241.0 245.0 248.0 252.0 256.0 259.0 263.0 267.0 270.0 26.0 33.0 41.0 49.0 57.0 64.0 72.0 79.0 87.0 94.0 101.0 109.0 116.0 123.0 131.0 138.0 145.0 152.0 159.0 166.0 173.0 180.0 187.0 194.0 201.0 741.0 1781304022.607722
199.0 200.0 202.0 204.0 206.0 208.0 210.0 213.0 215.0 218.0 221.0 224.0 227.0 230.0 234.0 237.0 241.0 244.0 248.0 251.0 255.0 259.0 262.0 266.0 270.0 26.0 33.0 41.0 49.0 57.0 64.0 72.0 79.0 87.0 94.0 102.0 109.0 116.0 123.0 131.0 138.0 145.0 152.0 159.0 166.0 173.0 181.0 188.0 195.0 202.0 742.0 1781304022.623155
199.0 200.0 202.0 204.0 205.0 207.0 210.0 212.0 214.0 217.0 220.0 223.0 225.0 229.0 232.0 235.0 238.0 241.0 245.0 249.0 252.0 255.0 259.0 263.0 266.0 26.0 33.0 41.0 49.0 57.0 64.0 72.0 80.0 87.0 95.0 102.0 109.0 117.0 124.0 132.0 139.0 146.0 153.0 160.0 168.0 175.0 182.0 189.0 196.0 203.0 743.0 1781304022.643534
199.0 200.0 202.0 203.0 205.0 207.0 209.0 211.0 213.0 215.0 218.0 221.0 223.0 226.0 229.0 232.0 235.0 238.0 242.0 245.0 248.0 251.0 255.0 259.0 262.0 26.0 33.0 41.0 49.0 57.0 65.0 72.0 80.0 87.0 95.0 103.0 110.0 118.0 125.0 132.0 140.0 147.0 155.0 162.0 169.0 176.0 183.0 191.0 198.0 205.0 744.0 1781304022.659217
199.0 200.0 201.0 203.0 205.0 206.0 208.0 210.0 212.0 214.0 216.0 218.0 221.0 223.0 226.0 229.0 231.0 234.0 237.0 240.0 243.0 246.0 249.0 253.0 256.0 26.0 33.0 41.0 49.0 57.0 65.0 73.0 80.0 88.0 96.0 103.0 111.0 118.0 126.0 133.0 141.0 148.0 156.0 163.0 171.0 178.0 185.0 192.0 200.0 207.0 745.0 1781304022.679760
200.0 200.0 201.0 203.0 204.0 205.0 207.0 208.0 210.0 212.0 214.0 216.0 218.0 220.0 222.0 225.0 228.0 230.0 233.0 235.0 238.0 241.0 244.0 246.0 249.0 25.0 33.0 41.0 49.0 57.0 65.0 73.0 80.0 88.0 96.0 104.0 111.0 119.0 127.0 134.0 142.0 149.0 157.0 165.0 172.0 180.0 187.0 194.0 202.0 209.0 746.0 1781304022.695189
200.0 200.0 201.0 202.0 203.0 205.0 206.0 207.0 209.0 210.0 213.0 214.0 216.0 218.0 220.0 222.0 224.0 227.0 229.0 231.0 234.0 236.0 239.0 241.0 244.0 25.0 33.0 41.0 49.0 57.0 65.0 73.0 81.0 88.0 96.0 104.0 112.0 120.0 127.0 135.0 142.0 150.0 158.0 165.0 173.0 181.0 188.0 196.0 203.0 210.0 747.0 1781304022.705651
200.0 200.0 201.0 202.0 203.0 204.0 205.0 206.0 208.0 209.0 210.0 212.0 214.0 215.0 217.0 218.0 221.0 222.0 224.0 227.0 228.0 230.0 233.0 235.0 237.0 25.0 33.0 41.0 49.0 57.0 65.0 73.0 81.0 89.0 96.0 104.0 112.0 120.0 128.0 135.0 143.0 150.0 158.0 166.0 174.0 181.0 189.0 197.0 205.0 212.0 748.0 1781304022.721128
200.0 200.0 201.0 202.0 202.0 203.0 204.0 205.0 206.0 207.0 208.0 210.0 211.0 212.0 213.0 215.0 216.0 218.0 220.0 221.0 223.0 225.0 226.0 228.0 230.0 25.0 33.0 41.0 49.0 57.0 65.0 73.0 81.0 89.0 97.0 104.0 112.0 120.0 128.0 136.0 144.0 152.0 159.0 167.0 175.0 183.0 191.0 198.0 206.0 213.0 749.0 1781304022.736402
200.0 200.0 201.0 201.0 202.0 203.0 203.0 204.0 205.0 206.0 206.0 207.0 208.0 209.0 210.0 211.0 212.0 214.0 214.0 216.0 217.0 218.0 220.0 221.0 222.0 25.0 33.0 41.0 49.0 57.0 65.0 73.0 81.0 89.0 97.0 105.0 113.0 121.0 129.0 137.0 144.0 152.0 160.0 168.0 175.0 183.0 191.0 199.0 207.0 214.0 750.0 1781304022.746556
200.0 200.0 201.0 201.0 201.0 202.0 202.0 203.0 203.0 204.0 205.0 205.0 205.0 206.0 207.0 207.0 209.0 209.0 210.0 211.0 212.0 213.0 214.0 215.0 216.0 25.0 33.0 41.0 49.0 57.0 65.0 73.0 81.0 89.0 97.0 105.0 113.0 121.0 129.0 137.0 145.0 153.0 161.0 169.0 177.0 185.0 193.0 201.0 208.0 216.0 751.0 1781304022.762262
200.0 200.0 201.0 201.0 201.0 201.0 202.0 202.0 202.0 203.0 203.0 203.0 203.0 203.0 204.0 204.0 204.0 205.0 205.0 205.0 206.0 206.0 207.0 207.0 208.0 25.0 33.0 41.0 49.0 57.0 65.0 73.0 81.0 89.0 97.0 105.0 113.0 121.0 129.0 137.0 145.0 153.0 161.0 169.0 177.0 185.0 193.0 201.0 209.0 216.0 752.0 1781304022.777803
200.0 200.0 200.0 201.0 201.0 201.0 200.0 201.0 201.0 200.0 200.0 200.0 200.0 200.0 199.0 199.0 199.0 199.0 199.0 199.0 198.0 199.0 198.0 198.0 198.0 25.0 33.0 41.0 49.0 57.0 65.0 73.0 81.0 89.0 97.0 105.0 113.0 121.0 129.0 137.0 145.0 152.0 160.0 168.0 176.0 184.0 192.0 200.0 208.0 215.0 753.0 1781304022.798323
200.0 200.0 200.0 200.0 200.0 200.0 200.0 199.0 199.0 199.0 198.0 198.0 198.0 197.0 196.0 196.0 195.0 195.0 194.0 193.0 193.0 192.0 192.0 191.0 191.0 25.0 33.0 41.0 49.0 57.0 65.0 73.0 81.0 89.0 97.0 105.0 113.0 121.0 129.0 137.0 145.0 152.0 160.0 168.0 176.0 184.0 192.0 200.0 208.0 215.0 754.0 1781304022.808502
200.0 200.0 200.0 200.0 200.0 199.0 199.0 198.0 198.0 197.0 196.0 196.0 195.0 194.0 193.0 192.0 191.0 190.0 189.0 188.0 187.0 186.0 185.0 184.0 183.0 25.0 33.0 41.0 49.0 57.0 65.0 73.0 81.0 89.0 97.0 105.0 113.0 121.0 129.0 136.0 144.0 152.0 160.0 168.0 176.0 184.0 192.0 200.0 208.0 215.0 755.0 1781304022.823805
200.0 200.0 200.0 200.0 199.0 198.0 198.0 197.0 196.0 195.0 195.0 193.0 192.0 191.0 190.0 189.0 188.0 186.0 185.0 184.0 182.0 181.0 179.0 178.0 176.0 25.0 33.0 41.0 49.0 57.0 65.0 73.0 81.0 89.0 97.0 105.0 113.0 121.0 128.0 136.0 144.0 152.0 160.0 168.0 175.0 183.0 191.0 199.0 207.0 214.0 756.0 1781304022.834211
200.0 200.0 200.0 199.0 199.0 198.0 197.0 196.0 195.0 194.0 192.0 191.0 190.0 188.0 186.0 185.0 183.0 181.0 180.0 178.0 176.0 175.0 173.0 171.0 169.0 25.0 33.0 41.0 49.0 57.0 65.0 73.0 81.0 89.0 97.0 104.0 112.0 120.0 128.0 136.0 144.0 151.0 159.0 167.0 174.0 182.0 190.0 197.0 205.0 213.0 757.0 1781304022.854737
201.0 200.0 200.0 199.0 198.0 197.0 196.0 195.0 193.0 192.0 191.0 189.0 187.0 186.0 184.0 181.0 180.0 178.0 176.0 173.0 171.0 169.0 167.0 166.0 163.0 25.0 33.0 41.0 49.0 57.0 65.0 73.0 81.0 88.0 96.0 104.0 112.0 119.0 127.0 135.0 143.0 150.0 158.0 166.0 174.0 181.0 189.0 196.0 204.0 211.0 758.0 1781304022.865112
201.0 200.0 199.0 199.0 197.0 196.0 195.0 194.0 192.0 190.0 189.0 187.0 185.0 183.0 181.0 178.0 176.0 174.0 172.0 169.0 167.0 165.0 162.0 160.0 157.0 25.0 33.0 41.0 49.0 57.0 65.0 73.0 81.0 88.0 96.0 104.0 112.0 119.0 127.0 135.0 142.0 150.0 157.0 165.0 172.0 180.0 187.0 195.0 203.0 210.0 759.0 1781304022.880720
201.0 200.0 199.0 198.0 197.0 196.0 195.0 193.0 191.0 189.0 188.0 185.0 183.0 181.0 179.0 176.0 174.0 171.0 169.0 166.0 164.0 161.0 159.0 156.0 154.0 25.0 33.0 41.0 49.0 57.0 65.0 72.0 80.0 88.0 96.0 103.0 111.0 118.0 126.0 134.0 142.0 149.0 157.0 164.0 171.0 179.0 186.0 194.0 201.0 209.0 760.0 1781304022.890928
201.0 200.0 199.0 198.0 197.0 195.0 194.0 192.0 190.0 188.0 186.0 184.0 181.0 179.0 176.0 174.0 171.0 168.0 166.0 163.0 160.0 158.0 155.0 152.0 149.0 25.0 33.0 41.0 49.0 57.0 65.0 72.0 80.0 88.0 95.0 103.0 111.0 118.0 126.0 134.0 141.0 149.0 156.0 163.0 171.0 178.0 185.0 193.0 200.0 207.0 761.0 1781304022.906311
201.0 200.0 199.0 198.0 196.0 195.0 193.0 191.0 189.0 187.0 185.0 182.0 179.0 177.0 174.0 171.0 169.0 166.0 163.0 160.0 157.0 154.0 151.0 149.0 146.0 25.0 33.0 41.0 49.0 57.0 65.0 72.0 80.0 88.0 95.0 103.0 110.0 118.0 125.0 133.0 140.0 148.0 155.0 163.0 170.0 177.0 185.0 192.0 199.0 206.0 762.0 1781304022.921642
201.0 200.0 199.0 198.0 196.0 195.0 193.0 191.0 188.0 186.0 184.0 181.0 178.0 175.0 173.0 170.0 167.0 164.0 161.0 158.0 155.0 152.0 149.0 146.0 143.0 25.0 33.0 41.0 49.0 57.0 65.0 72.0 80.0 87.0 95.0 103.0 110.0 117.0 125.0 133.0 140.0 147.0 155.0 162.0 169.0 176.0 184.0 191.0 198.0 206.0 763.0 1781304022.926908
201.0 200.0 199.0 197.0 196.0 194.0 192.0 190.0 188.0 185.0 183.0 180.0 177.0 174.0 171.0 168.0 166.0 162.0 159.0 156.0 153.0 150.0 147.0 144.0 141.0 25.0 33.0 41.0 49.0 57.0 64.0 72.0 80.0 87.0 95.0 102.0 110.0 117.0 125.0 132.0 139.0 147.0 154.0 161.0 168.0 176.0 183.0 191.0 198.0 205.0 764.0 1781304022.947668
201.0 200.0 199.0 197.0 196.0 194.0 192.0 190.0 187.0 185.0 182.0 179.0 176.0 174.0 170.0 167.0 164.0 161.0 158.0 155.0 151.0 148.0 145.0 142.0 140.0 25.0 33.0 41.0 49.0 57.0 64.0 72.0 80.0 87.0 95.0 102.0 110.0 117.0 124.0 132.0 139.0 146.0 153.0 161.0 168.0 175.0 183.0 190.0 197.0 204.0 765.0 1781304022.963061
201.0 200.0 199.0 197.0 196.0 194.0 192.0 190.0 187.0 184.0 182.0 179.0 176.0 173.0 170.0 167.0 164.0 160.0 157.0 154.0 150.0 147.0 144.0 141.0 138.0 25.0 33.0 41.0 49.0 57.0 64.0 72.0 80.0 87.0 94.0 102.0 109.0 117.0 124.0 132.0 139.0 146.0 153.0 160.0 168.0 175.0 182.0 189.0 196.0 203.0 766.0 1781304022.978479
201.0 200.0 199.0 197.0 195.0 194.0 192.0 189.0 187.0 184.0 182.0 179.0 175.0 172.0 169.0 166.0 163.0 160.0 157.0 153.0 150.0 147.0 144.0 141.0 138.0 25.0 33.0 41.0 49.0 57.0 64.0 72.0 79.0 87.0 94.0 102.0 109.0 117.0 124.0 131.0 139.0 146.0 153.0 160.0 168.0 175.0 182.0 189.0 196.0 203.0 767.0 1781304022.998991
201.0 200.0 199.0 197.0 196.0 194.0 192.0 189.0 187.0 184.0 181.0 179.0 175.0 172.0 169.0 166.0 163.0 160.0 156.0 153.0 150.0 147.0 143.0 140.0 137.0 25.0 33.0 41.0 49.0 57.0 64.0 72.0 79.0 87.0 94.0 102.0 109.0 116.0 124.0 131.0 138.0 146.0 153.0 160.0 168.0 175.0 182.0 189.0 196.0 203.0 768.0 1781304023.014715
201.0 200.0 199.0 197.0 196.0 194.0 192.0 189.0 187.0 184.0 181.0 179.0 175.0 172.0 169.0 166.0 163.0 160.0 156.0 153.0 150.0 146.0 143.0 140.0 137.0 25.0 33.0 41.0 49.0 57.0 64.0 72.0 79.0 87.0 94.0 102.0 109.0 117.0 124.0 131.0 139.0 146.0 153.0 160.0 168.0 175.0 182.0 189.0 196.0 203.0 769.0 1781304023.025093
201.0 200.0 199.0 197.0 196.0 194.0 192.0 189.0 187.0 184.0 182.0 179.0 176.0 173.0 170.0 167.0 163.0 160.0 157.0 153.0 150.0 147.0 144.0 141.0 138.0 25.0 33.0 41.0 49.0 57.0 64.0 72.0 79.0 87.0 94.0 102.0 109.0 117.0 124.0 131.0 139.0 146.0 153.0 160.0 167.0 175.0 182.0 189.0 196.0 203.0 770.0 1781304023.040281
201.0 200.0 199.0 197.0 196.0 194.0 192.0 190.0 187.0 185.0 182.0 179.0 176.0 173.0 170.0 167.0 164.0 161.0 158.0 154.0 151.0 148.0 145.0 142.0 138.0 25.0 33.0 41.0 49.0 57.0 64.0 72.0 80.0 87.0 94.0 102.0 109.0 117.0 124.0 131.0 139.0 146.0 153.0 160.0 168.0 175.0 182.0 189.0 196.0 203.0 771.0 1781304023.055939
201.0 200.0 199.0 198.0 196.0 194.0 192.0 190.0 188.0 186.0 183.0 180.0 178.0 175.0 172.0 169.0 166.0 163.0 160.0 156.0 153.0 150.0 147.0 144.0 141.0 25.0 33.0 41.0 49.0 57.0 64.0 72.0 80.0 87.0 95.0 102.0 110.0 117.0 124.0 132.0 139.0 146.0 153.0 161.0 168.0 175.0 183.0 190.0 197.0 204.0 772.0 1781304023.066483
201.0 200.0 199.0 198.0 197.0 195.0 193.0 192.0 189.0 187.0 185.0 183.0 180.0 177.0 175.0 172.0 169.0 166.0 163.0 161.0 158.0 154.0 151.0 148.0 146.0 25.0 33.0 41.0 49.0 57.0 65.0 72.0 80.0 88.0 95.0 103.0 110.0 117.0 125.0 132.0 140.0 147.0 155.0 162.0 170.0 177.0 184.0 191.0 198.0 205.0 773.0 1781304023.086616
201.0 200.0 199.0 198.0 197.0 195.0 194.0 192.0 190.0 188.0 186.0 183.0 181.0 179.0 176.0 173.0 171.0 168.0 165.0 162.0 159.0 156.0 154.0 151.0 148.0 25.0 33.0 41.0 49.0 57.0 65.0 72.0 80.0 88.0 95.0 103.0 111.0 118.0 125.0 133.0 140.0 148.0 155.0 163.0 170.0 177.0 185.0 192.0 199.0 206.0 774.0 1781304023.097144
200.0 200.0 199.0 198.0 197.0 196.0 195.0 193.0 191.0 189.0 188.0 186.0 184.0 181.0 179.0 177.0 174.0 172.0 169.0 167.0 164.0 162.0 159.0 156.0 154.0 25.0 33.0 41.0 49.0 57.0 65.0 73.0 80.0 88.0 96.0 103.0 111.0 118.0 126.0 134.0 141.0 149.0 156.0 164.0 172.0 179.0 186.0 194.0 201.0 208.0 775.0 1781304023.112598
201.0 200.0 200.0 199.0 198.0 197.0 196.0 195.0 193.0 191.0 190.0 188.0 186.0 185.0 183.0 181.0 179.0 177.0 175.0 173.0 170.0 168.0 166.0 164.0 162.0 25.0 33.0 41.0 49.0 57.0 65.0 73.0 80.0 88.0 96.0 104.0 111.0 119.0 127.0 134.0 142.0 150.0 158.0 165.0 173.0 180.0 188.0 195.0 203.0 210.0 776.0 1781304023.132983
200.0 200.0 200.0 199.0 198.0 198.0 197.0 196.0 195.0 193.0 192.0 191.0 189.0 188.0 186.0 185.0 183.0 181.0 180.0 178.0 176.0 175.0 173.0 171.0 169.0 25.0 33.0 41.0 49.0 57.0 65.0 73.0 81.0 89.0 96.0 104.0 112.0 120.0 128.0 135.0 143.0 150.0 158.0 166.0 174.0 181.0 189.0 197.0 205.0 212.0 777.0 1781304023.143306
200.0 200.0 200.0 199.0 199.0 198.0 197.0 197.0 196.0 195.0 194.0 193.0 192.0 190.0 189.0 188.0 186.0 185.0 184.0 182.0 181.0 180.0 178.0 177.0 176.0 25.0 33.0 41.0 49.0 57.0 65.0 73.0 81.0 89.0 96.0 104.0 112.0 120.0 128.0 136.0 143.0 151.0 159.0 166.0 174.0 182.0 190.0 198.0 206.0 213.0 778.0 1781304023.153638
200.0 200.0 200.0 200.0 199.0 199.0 198.0 197.0 197.0 196.0 195.0 194.0 194.0 193.0 191.0 191.0 190.0 188.0 187.0 186.0 185.0 184.0 183.0 182.0 181.0 25.0 33.0 41.0 49.0 57.0 65.0 73.0 81.0 89.0 97.0 105.0 112.0 120.0 128.0 136.0 144.0 152.0 160.0 167.0 175.0 183.0 191.0 199.0 207.0 214.0 779.0 1781304023.169323
200.0 200.0 200.0 200.0 199.0 199.0 199.0 199.0 198.0 198.0 198.0 197.0 196.0 196.0 195.0 195.0 194.0 194.0 193.0 193.0 192.0 191.0 191.0 191.0 190.0 25.0 33.0 41.0 49.0 57.0 65.0 73.0 81.0 89.0 97.0 105.0 113.0 121.0 129.0 136.0 144.0 152.0 160.0 168.0 176.0 184.0 192.0 200.0 208.0 215.0 780.0 1781304023.189908
200.0 200.0 200.0 200.0 200.0 200.0 200.0 200.0 200.0 199.0 199.0 199.0 199.0 198.0 198.0 198.0 198.0 198.0 198.0 197.0 197.0 197.0 197.0 197.0 197.0 25.0 33.0 41.0 49.0 57.0 65.0 73.0 81.0 89.0 97.0 105.0 113.0 121.0 128.0 136.0 144.0 152.0 160.0 168.0 176.0 184.0 192.0 200.0 208.0 215.0 781.0 1781304023.199805
200.0 200.0 200.0 200.0 201.0 201.0 201.0 201.0 201.0 201.0 201.0 201.0 201.0 201.0 202.0 201.0 202.0 202.0 202.0 203.0 203.0 204.0 204.0 205.0 205.0 25.0 33.0 41.0 49.0 57.0 65.0 73.0 81.0 89.0 97.0 105.0 113.0 121.0 129.0 137.0 145.0 152.0 160.0 168.0 176.0 184.0 192.0 200.0 208.0 215.0 782.0 1781304023.215614
200.0 200.0 201.0 201.0 201.0 201.0 202.0 202.0 202.0 203.0 203.0 203.0 204.0 204.0 204.0 205.0 206.0 206.0 207.0 207.0 208.0 209.0 209.0 211.0 212.0 25.0 33.0 41.0 49.0 57.0 65.0 73.0 81.0 89.0 97.0 105.0 113.0 121.0 129.0 137.0 145.0 153.0 160.0 168.0 176.0 184.0 192.0 200.0 208.0 215.0 783.0 1781304023.220948
200.0 200.0 201.0 201.0 201.0 202.0 202.0 203.0 203.0 204.0 205.0 206.0 206.0 207.0 208.0 208.0 209.0 211.0 211.0 213.0 214.0 215.0 216.0 217.0 219.0 25.0 33.0 41.0 49.0 57.0 65.0 73.0 81.0 89.0 97.0 105.0 113.0 121.0 128.0 136.0 144.0 152.0 160.0 168.0 176.0 183.0 191.0 199.0 207.0 214.0 784.0 1781304023.241386
200.0 200.0 201.0 201.0 202.0 203.0 203.0 204.0 205.0 206.0 206.0 207.0 208.0 210.0 210.0 212.0 213.0 214.0 215.0 217.0 218.0 220.0 221.0 223.0 225.0 25.0 33.0 41.0 49.0 57.0 65.0 73.0 81.0 89.0 97.0 104.0 112.0 120.0 128.0 136.0 144.0 152.0 160.0 168.0 175.0 183.0 191.0 199.0 207.0 214.0 785.0 1781304023.246260
200.0 200.0 201.0 202.0 202.0 203.0 204.0 205.0 206.0 207.0 208.0 209.0 210.0 212.0 213.0 214.0 216.0 217.0 219.0 221.0 222.0 224.0 226.0 228.0 230.0 25.0 33.0 41.0 49.0 57.0 65.0 73.0 81.0 89.0 97.0 104.0 112.0 120.0 128.0 136.0 144.0 151.0 159.0 167.0 175.0 183.0 190.0 198.0 206.0 213.0 786.0 1781304023.262452
