319.0 308.0 307.0 306.0 304.0 303.0 302.0 300.0 299.0 297.0 296.0 294.0 293.0 291.0 290.0 288.0 286.0 285.0 283.0 282.0 280.0 279.0 277.0 275.0 274.0 273.0 271.0 269.0 267.0 266.0 264.0 263.0 261.0 259.0 258.0 256.0 254.0 253.0 251.0 249.0 248.0 246.0 244.0 243.0 241.0 239.0 238.0 236.0 234.0 232.0 230.0 229.0 227.0 225.0 223.0 222.0 220.0 218.0 216.0 215.0 213.0 211.0 209.0 208.0 206.0 204.0 202.0 200.0 198.0 197.0 195.0 193.0 191.0 189.0 187.0 186.0 184.0 182.0 180.0 178.0 176.0 174.0 173.0 171.0 169.0 167.0 165.0 163.0 161.0 159.0 158.0 156.0 154.0 152.0 150.0 148.0 146.0 144.0 143.0 141.0 2.0 21.0 23.0 24.0 26.0 27.0 29.0 31.0 32.0 34.0 36.0 37.0 39.0 40.0 42.0 43.0 45.0 46.0 48.0 49.0 51.0 52.0 53.0 55.0 56.0 58.0 59.0 60.0 62.0 63.0 64.0 66.0 67.0 68.0 69.0 71.0 72.0 73.0 74.0 75.0 77.0 78.0 79.0 80.0 81.0 82.0 84.0 84.0 86.0 87.0 88.0 89.0 90.0 91.0 92.0 93.0 94.0 95.0 96.0 97.0 98.0 99.0 99.0 100.0 101.0 102.0 103.0 104.0 105.0 105.0 106.0 107.0 108.0 108.0 109.0 110.0 110.0 111.0 112.0 113.0 113.0 114.0 115.0 115.0 116.0 117.0 117.0 118.0 119.0 119.0 120.0 121.0 121.0 122.0 123.0 123.0 124.0 125.0 125.0 126.0 0.0 1780180896.229534
319.0 308.0 307.0 306.0 304.0 303.0 301.0 299.0 298.0 297.0 295.0 294.0 292.0 290.0 289.0 287.0 285.0 284.0 282.0 281.0 279.0 277.0 276.0 274.0 272.0 271.0 269.0 267.0 266.0 264.0 262.0 261.0 259.0 257.0 255.0 254.0 252.0 250.0 249.0 247.0 245.0 243.0 241.0 240.0 238.0 236.0 234.0 233.0 231.0 229.0 227.0 225.0 223.0 222.0 220.0 218.0 216.0 214.0 212.0 210.0 209.0 207.0 205.0 203.0 201.0 199.0 197.0 195.0 193.0 191.0 190.0 187.0 185.0 184.0 182.0 180.0 177.0 176.0 174.0 172.0 170.0 168.0 166.0 164.0 162.0 160.0 158.0 156.0 154.0 152.0 150.0 148.0 146.0 144.0 142.0 140.0 138.0 136.0 134.0 133.0 2.0 21.0 23.0 25.0 26.0 28.0 29.0 31.0 32.0 34.0 35.0 37.0 38.0 40.0 42.0 43.0 44.0 46.0 47.0 48.0 50.0 51.0 53.0 54.0 55.0 56.0 58.0 59.0 60.0 62.0 63.0 64.0 65.0 66.0 68.0 69.0 70.0 71.0 72.0 73.0 74.0 75.0 76.0 77.0 79.0 80.0 80.0 81.0 82.0 83.0 84.0 85.0 86.0 87.0 88.0 89.0 89.0 90.0 91.0 92.0 93.0 93.0 94.0 95.0 95.0 96.0 97.0 97.0 99.0 99.0 100.0 100.0 101.0 101.0 102.0 102.0 103.0 104.0 104.0 105.0 105.0 106.0 106.0 107.0 107.0 108.0 108.0 109.0 109.0 110.0 110.0 111.0 112.0 112.0 113.0 113.0 114.0 114.0 115.0 116.0 1.0 1780180896.250000
319.0 308.0 307.0 305.0 304.0 302.0 301.0 299.0 298.0 296.0 294.0 293.0 291.0 290.0 288.0 286.0 285.0 283.0 281.0 280.0 278.0 276.0 275.0 273.0 271.0 269.0 268.0 266.0 264.0 262.0 261.0 259.0 257.0 255.0 253.0 252.0 250.0 248.0 246.0 244.0 243.0 241.0 239.0 237.0 235.0 233.0 232.0 230.0 227.0 226.0 224.0 222.0 220.0 218.0 216.0 214.0 212.0 210.0 208.0 206.0 204.0 203.0 201.0 199.0 197.0 194.0 192.0 191.0 189.0 187.0 185.0 182.0 181.0 179.0 177.0 174.0 172.0 170.0 168.0 167.0 164.0 162.0 160.0 158.0 156.0 154.0 152.0 150.0 148.0 146.0 144.0 142.0 140.0 138.0 136.0 134.0 132.0 130.0 128.0 126.0 2.0 21.0 23.0 24.0 26.0 28.0 29.0 31.0 32.0 34.0 35.0 37.0 38.0 40.0 41.0 42.0 43.0 45.0 46.0 48.0 49.0 50.0 52.0 53.0 54.0 55.0 56.0 57.0 59.0 60.0 61.0 62.0 63.0 64.0 65.0 66.0 67.0 68.0 69.0 70.0 71.0 72.0 73.0 74.0 75.0 76.0 76.0 77.0 78.0 79.0 80.0 80.0 81.0 82.0 83.0 83.0 84.0 85.0 85.0 86.0 87.0 87.0 88.0 89.0 89.0 90.0 90.0 91.0 91.0 92.0 92.0 93.0 93.0 94.0 94.0 94.0 95.0 96.0 96.0 96.0 97.0 97.0 97.0 98.0 99.0 99.0 99.0 100.0 100.0 101.0 101.0 101.0 102.0 102.0 103.0 103.0 104.0 104.0 105.0 105.0 2.0 1780180896.265316
319.0 308.0 306.0 305.0 303.0 302.0 301.0 299.0 298.0 296.0 294.0 293.0 291.0 289.0 287.0 286.0 284.0 282.0 281.0 279.0 277.0 275.0 274.0 272.0 270.0 268.0 266.0 265.0 263.0 261.0 259.0 257.0 256.0 254.0 252.0 250.0 248.0 246.0 244.0 242.0 240.0 238.0 237.0 235.0 233.0 231.0 229.0 227.0 225.0 223.0 221.0 219.0 217.0 215.0 213.0 211.0 209.0 207.0 205.0 203.0 201.0 199.0 197.0 195.0 193.0 191.0 189.0 187.0 185.0 183.0 181.0 178.0 176.0 175.0 173.0 170.0 168.0 166.0 164.0 162.0 160.0 158.0 156.0 154.0 152.0 149.0 147.0 145.0 143.0 141.0 139.0 137.0 135.0 133.0 131.0 128.0 126.0 124.0 122.0 120.0 2.0 21.0 23.0 24.0 26.0 28.0 29.0 30.0 32.0 33.0 35.0 36.0 37.0 39.0 40.0 42.0 43.0 44.0 45.0 47.0 48.0 49.0 50.0 51.0 53.0 53.0 54.0 55.0 57.0 58.0 59.0 60.0 61.0 61.0 62.0 63.0 64.0 65.0 66.0 67.0 68.0 68.0 69.0 70.0 71.0 71.0 72.0 73.0 74.0 74.0 75.0 76.0 76.0 77.0 78.0 78.0 79.0 79.0 80.0 80.0 81.0 81.0 82.0 83.0 83.0 83.0 84.0 85.0 85.0 85.0 86.0 86.0 87.0 87.0 87.0 87.0 88.0 89.0 89.0 89.0 89.0 90.0 90.0 90.0 91.0 91.0 91.0 92.0 92.0 92.0 93.0 93.0 93.0 94.0 94.0 94.0 95.0 95.0 96.0 96.0 3.0 1780180896.280884
319.0 308.0 306.0 305.0 303.0 302.0 300.0 298.0 297.0 295.0 293.0 292.0 290.0 288.0 286.0 285.0 283.0 281.0 280.0 278.0 276.0 274.0 272.0 270.0 268.0 267.0 265.0 263.0 261.0 259.0 257.0 256.0 254.0 252.0 250.0 248.0 246.0 244.0 242.0 240.0 238.0 236.0 234.0 232.0 230.0 228.0 226.0 224.0 222.0 220.0 218.0 216.0 214.0 212.0 210.0 208.0 206.0 204.0 202.0 200.0 198.0 195.0 194.0 192.0 189.0 187.0 185.0 183.0 181.0 179.0 177.0 174.0 172.0 170.0 168.0 166.0 164.0 162.0 160.0 158.0 155.0 153.0 151.0 149.0 147.0 145.0 142.0 140.0 138.0 136.0 134.0 132.0 130.0 128.0 125.0 123.0 121.0 119.0 117.0 115.0 2.0 21.0 23.0 24.0 26.0 27.0 29.0 30.0 32.0 33.0 34.0 36.0 37.0 38.0 40.0 41.0 42.0 43.0 44.0 46.0 47.0 48.0 49.0 50.0 51.0 52.0 53.0 54.0 55.0 56.0 56.0 57.0 58.0 59.0 60.0 61.0 61.0 62.0 63.0 64.0 64.0 65.0 66.0 67.0 67.0 68.0 69.0 69.0 70.0 70.0 71.0 72.0 72.0 73.0 73.0 74.0 74.0 75.0 75.0 76.0 76.0 77.0 77.0 77.0 78.0 78.0 78.0 79.0 79.0 79.0 80.0 80.0 81.0 81.0 81.0 81.0 82.0 82.0 83.0 83.0 83.0 83.0 83.0 84.0 84.0 84.0 85.0 85.0 85.0 85.0 85.0 86.0 86.0 87.0 87.0 87.0 88.0 88.0 88.0 89.0 4.0 1780180896.296291
319.0 308.0 306.0 305.0 303.0 301.0 300.0 298.0 296.0 295.0 293.0 291.0 289.0 288.0 286.0 284.0 282.0 280.0 278.0 277.0 275.0 273.0 271.0 269.0 267.0 265.0 264.0 261.0 260.0 258.0 256.0 254.0 252.0 250.0 248.0 246.0 244.0 242.0 240.0 238.0 236.0 234.0 232.0 230.0 228.0 226.0 224.0 222.0 220.0 218.0 216.0 214.0 212.0 210.0 208.0 205.0 203.0 201.0 199.0 197.0 195.0 193.0 191.0 189.0 187.0 184.0 182.0 180.0 178.0 176.0 173.0 171.0 169.0 167.0 165.0 163.0 161.0 159.0 156.0 154.0 152.0 150.0 147.0 145.0 143.0 141.0 139.0 137.0 135.0 133.0 130.0 128.0 126.0 124.0 121.0 119.0 117.0 115.0 113.0 111.0 2.0 21.0 23.0 24.0 25.0 27.0 28.0 30.0 31.0 32.0 34.0 35.0 36.0 37.0 39.0 40.0 41.0 42.0 43.0 44.0 45.0 46.0 47.0 48.0 49.0 50.0 51.0 52.0 53.0 54.0 54.0 55.0 56.0 56.0 58.0 58.0 59.0 60.0 60.0 61.0 62.0 62.0 63.0 64.0 64.0 65.0 65.0 66.0 67.0 67.0 67.0 68.0 68.0 69.0 70.0 70.0 70.0 71.0 71.0 71.0 72.0 72.0 73.0 73.0 73.0 74.0 74.0 74.0 75.0 75.0 75.0 76.0 76.0 76.0 76.0 76.0 77.0 77.0 77.0 77.0 78.0 78.0 78.0 78.0 78.0 78.0 79.0 79.0 79.0 80.0 80.0 80.0 80.0 81.0 81.0 81.0 81.0 82.0 82.0 83.0 5.0 1780180896.311750
319.0 307.0 306.0 304.0 302.0 301.0 299.0 297.0 296.0 294.0 292.0 290.0 289.0 287.0 285.0 283.0 281.0 279.0 277.0 276.0 274.0 272.0 270.0 268.0 266.0 264.0 262.0 260.0 258.0 256.0 254.0 252.0 250.0 248.0 247.0 245.0 243.0 241.0 238.0 236.0 234.0 232.0 230.0 228.0 226.0 224.0 222.0 220.0 218.0 216.0 214.0 212.0 210.0 207.0 205.0 203.0 201.0 199.0 197.0 195.0 193.0 190.0 188.0 186.0 184.0 182.0 180.0 177.0 175.0 173.0 171.0 168.0 167.0 165.0 162.0 160.0 158.0 156.0 153.0 151.0 149.0 147.0 144.0 142.0 140.0 138.0 135.0 133.0 131.0 129.0 127.0 125.0 123.0 121.0 118.0 116.0 114.0 112.0 110.0 108.0 2.0 21.0 22.0 24.0 25.0 27.0 28.0 29.0 30.0 32.0 33.0 34.0 35.0 37.0 38.0 39.0 40.0 41.0 42.0 43.0 44.0 45.0 46.0 47.0 48.0 48.0 49.0 50.0 51.0 52.0 52.0 53.0 54.0 55.0 56.0 56.0 57.0 57.0 58.0 59.0 59.0 60.0 61.0 61.0 62.0 62.0 63.0 63.0 64.0 64.0 65.0 65.0 66.0 66.0 66.0 67.0 67.0 67.0 68.0 68.0 69.0 69.0 69.0 69.0 70.0 70.0 70.0 71.0 71.0 71.0 72.0 72.0 72.0 72.0 72.0 72.0 73.0 73.0 73.0 73.0 73.0 74.0 74.0 74.0 74.0 74.0 75.0 75.0 75.0 75.0 75.0 75.0 76.0 76.0 76.0 77.0 77.0 77.0 78.0 78.0 6.0 1780180896.327216
319.0 307.0 305.0 304.0 302.0 300.0 299.0 297.0 295.0 293.0 291.0 289.0 288.0 286.0 284.0 282.0 280.0 278.0 276.0 274.0 272.0 271.0 269.0 267.0 265.0 263.0 261.0 259.0 257.0 255.0 253.0 251.0 249.0 247.0 245.0 243.0 241.0 239.0 237.0 235.0 233.0 231.0 229.0 227.0 225.0 223.0 220.0 218.0 216.0 214.0 212.0 210.0 208.0 206.0 203.0 201.0 199.0 197.0 195.0 193.0 191.0 188.0 186.0 184.0 182.0 180.0 178.0 175.0 173.0 171.0 169.0 167.0 164.0 162.0 160.0 158.0 155.0 153.0 151.0 149.0 147.0 145.0 142.0 140.0 138.0 136.0 133.0 131.0 129.0 127.0 124.0 122.0 120.0 118.0 116.0 113.0 111.0 109.0 107.0 105.0 2.0 20.0 22.0 23.0 25.0 26.0 27.0 29.0 30.0 31.0 32.0 34.0 35.0 36.0 37.0 38.0 39.0 40.0 41.0 42.0 43.0 44.0 44.0 45.0 46.0 47.0 48.0 48.0 49.0 50.0 51.0 52.0 52.0 53.0 54.0 54.0 55.0 56.0 56.0 57.0 57.0 58.0 59.0 59.0 60.0 60.0 60.0 61.0 61.0 62.0 62.0 63.0 63.0 64.0 64.0 64.0 65.0 65.0 65.0 66.0 66.0 66.0 67.0 67.0 67.0 67.0 68.0 68.0 68.0 68.0 69.0 69.0 69.0 69.0 69.0 69.0 70.0 70.0 71.0 71.0 71.0 71.0 71.0 71.0 71.0 71.0 72.0 72.0 72.0 72.0 72.0 72.0 72.0 73.0 73.0 73.0 74.0 74.0 74.0 75.0 7.0 1780180896.347781
319.0 307.0 305.0 303.0 301.0 300.0 298.0 296.0 294.0 293.0 291.0 289.0 287.0 285.0 283.0 282.0 280.0 278.0 276.0 274.0 272.0 270.0 268.0 266.0 264.0 262.0 260.0 258.0 256.0 254.0 252.0 250.0 248.0 246.0 244.0 242.0 240.0 238.0 236.0 234.0 232.0 230.0 228.0 226.0 224.0 222.0 219.0 217.0 215.0 213.0 211.0 209.0 207.0 205.0 202.0 200.0 198.0 196.0 194.0 192.0 189.0 187.0 185.0 183.0 181.0 178.0 176.0 174.0 172.0 170.0 167.0 165.0 163.0 161.0 159.0 156.0 154.0 152.0 150.0 147.0 145.0 143.0 141.0 138.0 136.0 134.0 132.0 129.0 127.0 125.0 123.0 121.0 119.0 117.0 114.0 112.0 110.0 108.0 106.0 104.0 2.0 20.0 22.0 23.0 25.0 26.0 27.0 28.0 29.0 31.0 32.0 33.0 34.0 35.0 36.0 37.0 38.0 39.0 40.0 41.0 42.0 43.0 43.0 44.0 45.0 46.0 47.0 47.0 48.0 49.0 49.0 50.0 51.0 51.0 52.0 53.0 54.0 54.0 55.0 55.0 56.0 56.0 57.0 57.0 58.0 58.0 59.0 59.0 60.0 61.0 61.0 61.0 62.0 62.0 63.0 63.0 63.0 63.0 64.0 64.0 65.0 65.0 65.0 65.0 65.0 66.0 66.0 66.0 67.0 67.0 67.0 68.0 68.0 68.0 68.0 68.0 68.0 69.0 69.0 69.0 69.0 69.0 69.0 69.0 69.0 70.0 70.0 70.0 71.0 71.0 71.0 71.0 71.0 71.0 72.0 72.0 72.0 73.0 73.0 73.0 8.0 1780180896.363116
319.0 306.0 305.0 303.0 301.0 299.0 297.0 296.0 294.0 292.0 290.0 288.0 286.0 285.0 283.0 281.0 279.0 277.0 275.0 273.0 271.0 269.0 267.0 265.0 263.0 261.0 259.0 257.0 255.0 253.0 251.0 249.0 247.0 245.0 243.0 241.0 239.0 237.0 235.0 233.0 231.0 229.0 227.0 224.0 222.0 220.0 218.0 216.0 214.0 212.0 210.0 208.0 206.0 204.0 201.0 199.0 197.0 195.0 193.0 191.0 188.0 186.0 184.0 182.0 180.0 177.0 175.0 173.0 171.0 169.0 166.0 164.0 162.0 160.0 158.0 155.0 153.0 151.0 149.0 146.0 144.0 142.0 140.0 137.0 135.0 133.0 131.0 128.0 126.0 124.0 122.0 119.0 117.0 115.0 113.0 111.0 108.0 106.0 104.0 102.0 2.0 20.0 21.0 23.0 24.0 26.0 27.0 28.0 29.0 30.0 31.0 32.0 33.0 34.0 35.0 36.0 37.0 38.0 39.0 40.0 41.0 42.0 43.0 43.0 44.0 45.0 46.0 46.0 47.0 48.0 49.0 50.0 50.0 51.0 51.0 52.0 53.0 53.0 54.0 54.0 55.0 56.0 56.0 57.0 57.0 58.0 58.0 59.0 59.0 60.0 60.0 60.0 61.0 61.0 62.0 62.0 62.0 63.0 63.0 63.0 64.0 64.0 64.0 65.0 65.0 65.0 65.0 66.0 66.0 66.0 66.0 67.0 67.0 67.0 67.0 68.0 68.0 68.0 68.0 69.0 69.0 69.0 69.0 69.0 69.0 69.0 70.0 70.0 70.0 70.0 70.0 70.0 71.0 71.0 72.0 72.0 72.0 72.0 73.0 73.0 9.0 1780180896.383825
319.0 306.0 304.0 303.0 301.0 299.0 297.0 296.0 294.0 292.0 290.0 288.0 286.0 284.0 282.0 280.0 278.0 276.0 274.0 272.0 271.0 269.0 267.0 265.0 263.0 261.0 259.0 257.0 254.0 253.0 251.0 249.0 247.0 245.0 243.0 240.0 238.0 236.0 234.0 232.0 230.0 228.0 226.0 224.0 222.0 220.0 218.0 215.0 213.0 211.0 209.0 207.0 205.0 203.0 200.0 198.0 196.0 194.0 192.0 190.0 188.0 185.0 183.0 181.0 179.0 177.0 175.0 173.0 170.0 168.0 166.0 164.0 162.0 159.0 157.0 155.0 153.0 151.0 149.0 146.0 144.0 142.0 139.0 137.0 135.0 133.0 131.0 128.0 126.0 124.0 122.0 119.0 117.0 115.0 113.0 111.0 108.0 106.0 104.0 102.0 2.0 20.0 21.0 22.0 24.0 25.0 26.0 28.0 29.0 30.0 31.0 32.0 33.0 34.0 35.0 36.0 37.0 38.0 39.0 40.0 41.0 42.0 42.0 43.0 44.0 45.0 46.0 46.0 47.0 48.0 48.0 49.0 50.0 50.0 51.0 52.0 53.0 53.0 54.0 54.0 55.0 55.0 56.0 57.0 57.0 58.0 58.0 59.0 59.0 60.0 60.0 60.0 61.0 61.0 62.0 62.0 63.0 63.0 63.0 64.0 64.0 64.0 65.0 65.0 65.0 66.0 66.0 66.0 67.0 67.0 67.0 68.0 68.0 68.0 68.0 69.0 69.0 69.0 69.0 70.0 70.0 70.0 70.0 70.0 71.0 71.0 71.0 71.0 72.0 72.0 72.0 72.0 72.0 72.0 73.0 73.0 73.0 74.0 74.0 75.0 10.0 1780180896.399423
319.0 306.0 304.0 302.0 300.0 299.0 297.0 295.0 293.0 291.0 289.0 288.0 286.0 284.0 282.0 280.0 278.0 276.0 274.0 272.0 270.0 268.0 266.0 264.0 262.0 260.0 258.0 256.0 254.0 252.0 250.0 248.0 246.0 244.0 242.0 240.0 238.0 236.0 234.0 231.0 229.0 227.0 225.0 223.0 221.0 219.0 217.0 215.0 213.0 211.0 209.0 207.0 204.0 202.0 200.0 198.0 196.0 194.0 192.0 189.0 187.0 185.0 183.0 181.0 178.0 176.0 174.0 172.0 170.0 168.0 165.0 163.0 161.0 159.0 157.0 154.0 152.0 150.0 148.0 145.0 143.0 141.0 139.0 136.0 134.0 132.0 130.0 127.0 125.0 123.0 121.0 119.0 116.0 114.0 112.0 110.0 108.0 106.0 104.0 102.0 2.0 20.0 21.0 23.0 24.0 25.0 26.0 28.0 29.0 30.0 31.0 32.0 33.0 34.0 35.0 36.0 37.0 38.0 39.0 40.0 41.0 42.0 42.0 43.0 44.0 45.0 46.0 46.0 47.0 48.0 49.0 49.0 50.0 51.0 51.0 52.0 53.0 53.0 54.0 55.0 55.0 56.0 57.0 57.0 58.0 58.0 59.0 59.0 60.0 60.0 61.0 61.0 62.0 62.0 63.0 63.0 64.0 64.0 64.0 65.0 65.0 66.0 66.0 67.0 67.0 67.0 67.0 68.0 68.0 69.0 69.0 70.0 70.0 70.0 70.0 71.0 71.0 71.0 72.0 72.0 72.0 72.0 73.0 73.0 73.0 73.0 74.0 74.0 74.0 75.0 75.0 75.0 75.0 76.0 76.0 76.0 77.0 77.0 78.0 78.0 11.0 1780180896.420148
319.0 305.0 304.0 302.0 300.0 298.0 297.0 295.0 293.0 291.0 289.0 287.0 285.0 284.0 282.0 280.0 278.0 276.0 274.0 272.0 270.0 268.0 266.0 264.0 262.0 260.0 258.0 256.0 254.0 252.0 250.0 248.0 246.0 244.0 242.0 240.0 238.0 236.0 234.0 232.0 230.0 228.0 226.0 224.0 222.0 219.0 217.0 215.0 213.0 211.0 209.0 207.0 205.0 203.0 200.0 198.0 196.0 194.0 192.0 190.0 188.0 185.0 183.0 181.0 179.0 177.0 175.0 172.0 170.0 168.0 166.0 164.0 162.0 159.0 157.0 155.0 153.0 151.0 149.0 146.0 144.0 142.0 140.0 137.0 135.0 133.0 131.0 129.0 126.0 124.0 122.0 120.0 118.0 116.0 113.0 111.0 109.0 107.0 105.0 103.0 2.0 20.0 21.0 23.0 24.0 25.0 27.0 28.0 29.0 30.0 31.0 32.0 33.0 34.0 35.0 36.0 37.0 38.0 39.0 40.0 41.0 42.0 43.0 44.0 45.0 45.0 46.0 47.0 48.0 48.0 49.0 50.0 51.0 52.0 52.0 53.0 54.0 54.0 55.0 56.0 56.0 57.0 58.0 58.0 59.0 60.0 60.0 61.0 61.0 62.0 63.0 63.0 64.0 64.0 65.0 65.0 66.0 67.0 67.0 67.0 68.0 68.0 69.0 69.0 70.0 70.0 70.0 71.0 71.0 72.0 72.0 73.0 73.0 73.0 74.0 74.0 75.0 75.0 75.0 76.0 76.0 77.0 77.0 77.0 77.0 78.0 78.0 78.0 79.0 79.0 79.0 80.0 80.0 81.0 81.0 81.0 82.0 82.0 83.0 84.0 12.0 1780180896.435533
319.0 305.0 304.0 302.0 300.0 298.0 297.0 295.0 293.0 291.0 289.0 287.0 285.0 284.0 282.0 280.0 278.0 276.0 274.0 272.0 270.0 268.0 266.0 264.0 262.0 260.0 258.0 256.0 254.0 252.0 250.0 248.0 246.0 244.0 242.0 240.0 238.0 236.0 234.0 232.0 230.0 228.0 226.0 224.0 222.0 220.0 218.0 216.0 214.0 212.0 209.0 207.0 205.0 203.0 201.0 199.0 197.0 195.0 193.0 191.0 189.0 186.0 184.0 182.0 180.0 178.0 176.0 174.0 171.0 169.0 167.0 165.0 163.0 161.0 159.0 157.0 154.0 152.0 150.0 148.0 146.0 144.0 141.0 139.0 137.0 135.0 133.0 130.0 128.0 126.0 124.0 122.0 120.0 118.0 115.0 113.0 111.0 109.0 107.0 105.0 2.0 20.0 21.0 23.0 24.0 25.0 27.0 28.0 29.0 30.0 31.0 32.0 33.0 35.0 36.0 36.0 38.0 39.0 40.0 41.0 42.0 43.0 43.0 44.0 45.0 46.0 47.0 48.0 49.0 50.0 50.0 51.0 52.0 53.0 54.0 54.0 55.0 56.0 57.0 57.0 58.0 59.0 60.0 60.0 61.0 62.0 62.0 63.0 64.0 65.0 65.0 65.0 66.0 67.0 68.0 68.0 69.0 69.0 70.0 70.0 71.0 71.0 72.0 72.0 73.0 74.0 74.0 75.0 75.0 76.0 76.0 77.0 77.0 77.0 78.0 79.0 79.0 80.0 80.0 80.0 81.0 81.0 81.0 82.0 82.0 83.0 83.0 84.0 84.0 85.0 85.0 86.0 86.0 86.0 87.0 87.0 88.0 89.0 89.0 90.0 13.0 1780180896.455990
319.0 305.0 304.0 302.0 300.0 299.0 297.0 295.0 293.0 291.0 289.0 288.0 286.0 284.0 282.0 280.0 278.0 276.0 274.0 272.0 270.0 268.0 266.0 265.0 263.0 261.0 259.0 257.0 255.0 253.0 251.0 249.0 247.0 245.0 243.0 241.0 239.0 237.0 235.0 233.0 231.0 229.0 227.0 225.0 223.0 221.0 219.0 217.0 215.0 213.0 211.0 209.0 207.0 205.0 202.0 200.0 198.0 196.0 194.0 192.0 190.0 188.0 186.0 184.0 182.0 180.0 178.0 175.0 173.0 171.0 169.0 167.0 165.0 163.0 161.0 159.0 157.0 155.0 153.0 150.0 148.0 146.0 144.0 142.0 140.0 138.0 136.0 133.0 131.0 129.0 127.0 125.0 123.0 121.0 119.0 116.0 114.0 112.0 110.0 108.0 2.0 20.0 22.0 23.0 24.0 26.0 27.0 28.0 29.0 30.0 31.0 32.0 34.0 35.0 36.0 37.0 38.0 39.0 40.0 41.0 42.0 43.0 44.0 45.0 46.0 47.0 48.0 49.0 50.0 51.0 52.0 53.0 54.0 54.0 55.0 56.0 57.0 58.0 59.0 59.0 60.0 61.0 62.0 63.0 63.0 64.0 65.0 66.0 66.0 67.0 68.0 68.0 69.0 70.0 71.0 71.0 72.0 73.0 73.0 74.0 74.0 75.0 76.0 76.0 77.0 78.0 78.0 79.0 80.0 80.0 81.0 81.0 82.0 82.0 83.0 84.0 84.0 85.0 85.0 86.0 86.0 87.0 87.0 88.0 88.0 89.0 90.0 90.0 90.0 91.0 91.0 92.0 92.0 93.0 94.0 94.0 95.0 96.0 96.0 97.0 14.0 1780180896.471396
319.0 306.0 304.0 302.0 300.0 299.0 297.0 296.0 294.0 292.0 290.0 288.0 286.0 285.0 283.0 281.0 279.0 277.0 275.0 273.0 272.0 270.0 268.0 266.0 264.0 262.0 261.0 259.0 257.0 255.0 253.0 251.0 249.0 247.0 245.0 243.0 241.0 240.0 238.0 236.0 234.0 232.0 230.0 228.0 226.0 224.0 222.0 220.0 219.0 217.0 214.0 212.0 211.0 209.0 207.0 205.0 203.0 201.0 199.0 197.0 195.0 193.0 191.0 189.0 187.0 185.0 183.0 181.0 179.0 177.0 175.0 173.0 171.0 169.0 167.0 165.0 163.0 161.0 159.0 157.0 155.0 153.0 151.0 149.0 147.0 145.0 143.0 140.0 139.0 137.0 135.0 132.0 130.0 128.0 126.0 124.0 122.0 120.0 118.0 117.0 2.0 20.0 21.0 23.0 24.0 25.0 27.0 28.0 29.0 30.0 31.0 33.0 34.0 35.0 36.0 37.0 38.0 39.0 41.0 42.0 43.0 44.0 45.0 46.0 47.0 48.0 49.0 49.0 50.0 52.0 53.0 54.0 55.0 56.0 56.0 57.0 58.0 59.0 60.0 61.0 62.0 63.0 64.0 65.0 65.0 66.0 67.0 68.0 69.0 69.0 70.0 71.0 72.0 73.0 74.0 74.0 75.0 76.0 76.0 77.0 78.0 79.0 80.0 80.0 81.0 82.0 82.0 83.0 84.0 85.0 85.0 86.0 87.0 87.0 88.0 89.0 89.0 90.0 91.0 91.0 92.0 93.0 93.0 94.0 94.0 95.0 96.0 96.0 97.0 98.0 98.0 99.0 99.0 100.0 101.0 101.0 102.0 103.0 104.0 104.0 15.0 1780180896.486744
319.0 306.0 305.0 303.0 301.0 300.0 298.0 296.0 294.0 292.0 291.0 289.0 287.0 286.0 284.0 282.0 280.0 279.0 277.0 275.0 273.0 272.0 270.0 268.0 266.0 264.0 263.0 261.0 259.0 257.0 255.0 254.0 252.0 250.0 248.0 246.0 245.0 243.0 241.0 239.0 237.0 235.0 234.0 232.0 230.0 228.0 226.0 224.0 223.0 221.0 219.0 217.0 215.0 213.0 211.0 209.0 208.0 206.0 204.0 202.0 200.0 198.0 196.0 195.0 193.0 191.0 189.0 187.0 185.0 183.0 181.0 179.0 177.0 176.0 174.0 172.0 170.0 168.0 166.0 164.0 162.0 160.0 158.0 157.0 155.0 153.0 151.0 149.0 147.0 145.0 143.0 141.0 139.0 137.0 135.0 133.0 132.0 130.0 128.0 126.0 2.0 20.0 21.0 22.0 24.0 25.0 26.0 28.0 29.0 30.0 31.0 32.0 34.0 35.0 36.0 37.0 39.0 40.0 41.0 42.0 43.0 44.0 45.0 46.0 47.0 48.0 49.0 50.0 51.0 52.0 53.0 54.0 56.0 57.0 57.0 58.0 59.0 60.0 61.0 63.0 63.0 64.0 65.0 66.0 67.0 68.0 69.0 70.0 71.0 72.0 72.0 73.0 74.0 75.0 76.0 77.0 78.0 79.0 80.0 80.0 81.0 82.0 83.0 84.0 85.0 86.0 86.0 87.0 88.0 89.0 90.0 90.0 91.0 92.0 93.0 94.0 94.0 95.0 96.0 97.0 97.0 98.0 99.0 100.0 100.0 101.0 102.0 102.0 103.0 104.0 105.0 106.0 106.0 107.0 108.0 108.0 109.0 110.0 111.0 112.0 16.0 1780180896.502296
319.0 306.0 305.0 303.0 302.0 300.0 298.0 297.0 295.0 293.0 292.0 290.0 288.0 287.0 285.0 283.0 282.0 280.0 278.0 277.0 275.0 273.0 272.0 270.0 268.0 266.0 265.0 263.0 261.0 260.0 258.0 256.0 254.0 253.0 251.0 249.0 247.0 246.0 244.0 242.0 240.0 239.0 237.0 235.0 234.0 232.0 230.0 228.0 227.0 225.0 223.0 221.0 220.0 218.0 216.0 214.0 213.0 211.0 209.0 207.0 206.0 204.0 202.0 200.0 198.0 196.0 195.0 193.0 191.0 189.0 187.0 186.0 184.0 182.0 180.0 178.0 177.0 175.0 173.0 171.0 170.0 168.0 166.0 164.0 163.0 161.0 159.0 157.0 155.0 154.0 152.0 150.0 148.0 146.0 144.0 142.0 141.0 139.0 137.0 135.0 2.0 20.0 21.0 22.0 24.0 25.0 26.0 27.0 29.0 30.0 31.0 33.0 34.0 35.0 36.0 37.0 39.0 40.0 41.0 42.0 43.0 44.0 45.0 47.0 48.0 49.0 50.0 51.0 52.0 53.0 54.0 55.0 57.0 58.0 58.0 60.0 61.0 62.0 63.0 64.0 65.0 66.0 67.0 68.0 69.0 70.0 71.0 72.0 73.0 74.0 75.0 76.0 77.0 78.0 79.0 80.0 81.0 82.0 83.0 84.0 85.0 86.0 87.0 88.0 89.0 90.0 90.0 91.0 93.0 94.0 94.0 95.0 96.0 97.0 98.0 99.0 100.0 101.0 101.0 102.0 103.0 104.0 105.0 106.0 107.0 108.0 109.0 109.0 110.0 111.0 112.0 113.0 114.0 114.0 115.0 116.0 117.0 118.0 119.0 120.0 17.0 1780180896.517660
319.0 307.0 305.0 304.0 302.0 301.0 299.0 297.0 296.0 294.0 293.0 291.0 290.0 288.0 286.0 285.0 283.0 282.0 280.0 278.0 277.0 275.0 273.0 272.0 270.0 268.0 267.0 265.0 264.0 262.0 260.0 259.0 257.0 255.0 254.0 252.0 251.0 249.0 247.0 246.0 244.0 242.0 241.0 239.0 237.0 236.0 234.0 233.0 231.0 229.0 228.0 226.0 224.0 222.0 221.0 219.0 217.0 216.0 214.0 212.0 211.0 209.0 207.0 206.0 204.0 202.0 201.0 199.0 197.0 196.0 194.0 192.0 191.0 189.0 187.0 186.0 184.0 182.0 181.0 179.0 177.0 175.0 174.0 172.0 170.0 169.0 167.0 165.0 163.0 162.0 160.0 158.0 157.0 155.0 153.0 151.0 150.0 148.0 147.0 145.0 2.0 19.0 21.0 22.0 24.0 25.0 26.0 27.0 29.0 30.0 31.0 33.0 34.0 35.0 36.0 37.0 39.0 40.0 41.0 42.0 44.0 45.0 46.0 47.0 48.0 49.0 51.0 52.0 53.0 54.0 55.0 57.0 58.0 59.0 60.0 61.0 62.0 63.0 64.0 66.0 67.0 68.0 69.0 70.0 71.0 72.0 74.0 74.0 76.0 77.0 78.0 79.0 80.0 81.0 82.0 83.0 84.0 86.0 87.0 88.0 88.0 90.0 91.0 92.0 93.0 94.0 95.0 96.0 97.0 98.0 99.0 100.0 101.0 102.0 103.0 104.0 105.0 106.0 107.0 109.0 109.0 110.0 112.0 112.0 113.0 115.0 116.0 116.0 118.0 118.0 119.0 121.0 122.0 122.0 123.0 124.0 125.0 126.0 128.0 129.0 18.0 1780180896.533088
319.0 307.0 306.0 304.0 303.0 302.0 300.0 299.0 297.0 296.0 294.0 292.0 291.0 289.0 288.0 286.0 285.0 283.0 282.0 280.0 279.0 277.0 276.0 274.0 273.0 271.0 270.0 268.0 266.0 265.0 263.0 262.0 260.0 259.0 257.0 256.0 254.0 253.0 251.0 249.0 248.0 246.0 245.0 243.0 242.0 240.0 238.0 237.0 236.0 234.0 232.0 231.0 229.0 228.0 226.0 224.0 223.0 222.0 220.0 218.0 217.0 215.0 214.0 212.0 211.0 209.0 207.0 206.0 204.0 203.0 201.0 200.0 198.0 197.0 195.0 193.0 192.0 190.0 189.0 187.0 186.0 184.0 183.0 181.0 180.0 178.0 176.0 175.0 173.0 172.0 170.0 169.0 167.0 165.0 164.0 162.0 161.0 159.0 158.0 156.0 2.0 19.0 21.0 22.0 23.0 25.0 26.0 28.0 29.0 30.0 31.0 33.0 34.0 35.0 37.0 38.0 39.0 40.0 42.0 43.0 44.0 45.0 47.0 48.0 49.0 50.0 52.0 53.0 54.0 55.0 56.0 58.0 59.0 60.0 61.0 62.0 64.0 65.0 66.0 68.0 69.0 70.0 71.0 72.0 74.0 75.0 76.0 77.0 79.0 80.0 81.0 82.0 83.0 84.0 86.0 87.0 88.0 89.0 90.0 91.0 92.0 94.0 95.0 96.0 97.0 98.0 99.0 100.0 102.0 103.0 104.0 105.0 106.0 108.0 109.0 110.0 111.0 112.0 113.0 114.0 116.0 117.0 118.0 119.0 120.0 121.0 122.0 123.0 125.0 126.0 127.0 128.0 129.0 130.0 131.0 132.0 133.0 135.0 136.0 137.0 19.0 1780180896.548740
319.0 308.0 307.0 305.0 304.0 303.0 301.0 300.0 298.0 297.0 296.0 294.0 292.0 291.0 290.0 288.0 287.0 285.0 284.0 283.0 281.0 280.0 278.0 277.0 275.0 274.0 273.0 271.0 270.0 268.0 267.0 266.0 264.0 262.0 261.0 260.0 258.0 257.0 255.0 254.0 252.0 251.0 249.0 248.0 247.0 245.0 243.0 242.0 241.0 239.0 238.0 237.0 235.0 233.0 232.0 231.0 229.0 228.0 227.0 225.0 224.0 222.0 221.0 219.0 218.0 216.0 215.0 213.0 212.0 211.0 209.0 208.0 207.0 205.0 203.0 202.0 201.0 199.0 198.0 196.0 195.0 194.0 192.0 191.0 189.0 188.0 186.0 185.0 184.0 182.0 181.0 179.0 178.0 177.0 175.0 173.0 172.0 171.0 169.0 168.0 2.0 19.0 21.0 22.0 24.0 25.0 26.0 28.0 29.0 31.0 32.0 33.0 35.0 36.0 37.0 39.0 40.0 41.0 43.0 44.0 46.0 47.0 48.0 49.0 51.0 52.0 53.0 54.0 56.0 57.0 58.0 60.0 61.0 62.0 63.0 65.0 66.0 67.0 69.0 70.0 71.0 73.0 74.0 75.0 76.0 78.0 79.0 80.0 82.0 83.0 84.0 86.0 87.0 88.0 89.0 91.0 92.0 93.0 94.0 96.0 97.0 98.0 99.0 101.0 102.0 103.0 104.0 106.0 107.0 108.0 109.0 111.0 112.0 113.0 114.0 116.0 117.0 118.0 119.0 121.0 122.0 123.0 125.0 126.0 127.0 128.0 129.0 131.0 132.0 133.0 134.0 136.0 137.0 138.0 140.0 141.0 142.0 143.0 145.0 146.0 20.0 1780180896.564214
319.0 309.0 308.0 306.0 305.0 304.0 302.0 301.0 300.0 298.0 297.0 296.0 294.0 293.0 292.0 291.0 289.0 288.0 287.0 285.0 284.0 283.0 281.0 280.0 279.0 278.0 276.0 275.0 273.0 272.0 271.0 270.0 268.0 267.0 265.0 264.0 263.0 262.0 260.0 259.0 258.0 256.0 255.0 254.0 252.0 251.0 250.0 248.0 247.0 246.0 245.0 243.0 242.0 240.0 239.0 238.0 236.0 235.0 234.0 232.0 231.0 230.0 229.0 227.0 226.0 225.0 223.0 222.0 221.0 219.0 218.0 217.0 216.0 214.0 213.0 212.0 210.0 209.0 208.0 207.0 205.0 204.0 203.0 201.0 200.0 199.0 197.0 196.0 195.0 194.0 192.0 191.0 190.0 188.0 187.0 186.0 185.0 183.0 182.0 181.0 2.0 20.0 21.0 23.0 24.0 26.0 27.0 29.0 30.0 31.0 33.0 34.0 36.0 37.0 38.0 40.0 41.0 43.0 44.0 45.0 47.0 48.0 50.0 51.0 53.0 54.0 55.0 57.0 58.0 59.0 61.0 62.0 63.0 65.0 66.0 68.0 69.0 70.0 72.0 73.0 74.0 76.0 77.0 79.0 80.0 81.0 83.0 84.0 86.0 87.0 88.0 90.0 91.0 93.0 94.0 95.0 96.0 98.0 99.0 101.0 102.0 103.0 105.0 106.0 107.0 109.0 110.0 112.0 113.0 114.0 116.0 117.0 118.0 120.0 121.0 123.0 124.0 125.0 126.0 128.0 129.0 130.0 132.0 133.0 134.0 136.0 137.0 139.0 140.0 141.0 143.0 144.0 145.0 147.0 148.0 149.0 151.0 152.0 154.0 155.0 21.0 1780180896.579962
319.0 310.0 309.0 307.0 307.0 305.0 304.0 303.0 302.0 300.0 299.0 298.0 297.0 296.0 295.0 293.0 292.0 291.0 290.0 289.0 288.0 286.0 285.0 284.0 283.0 282.0 281.0 279.0 278.0 277.0 276.0 274.0 273.0 272.0 271.0 270.0 269.0 267.0 266.0 265.0 264.0 262.0 262.0 260.0 259.0 258.0 257.0 256.0 255.0 253.0 252.0 251.0 250.0 248.0 247.0 246.0 245.0 244.0 243.0 241.0 240.0 239.0 238.0 237.0 236.0 234.0 233.0 232.0 231.0 230.0 229.0 227.0 226.0 225.0 224.0 223.0 222.0 220.0 219.0 218.0 217.0 216.0 215.0 213.0 212.0 211.0 210.0 209.0 208.0 207.0 205.0 204.0 203.0 202.0 201.0 200.0 199.0 197.0 196.0 195.0 2.0 20.0 22.0 23.0 25.0 26.0 28.0 29.0 31.0 32.0 34.0 35.0 37.0 38.0 40.0 41.0 43.0 44.0 45.0 47.0 49.0 50.0 52.0 53.0 54.0 56.0 58.0 59.0 60.0 62.0 63.0 65.0 66.0 68.0 69.0 71.0 72.0 73.0 75.0 77.0 78.0 80.0 81.0 82.0 84.0 86.0 87.0 88.0 90.0 91.0 93.0 94.0 95.0 97.0 99.0 100.0 101.0 103.0 104.0 106.0 107.0 109.0 110.0 112.0 113.0 115.0 116.0 118.0 119.0 120.0 122.0 123.0 125.0 126.0 128.0 129.0 131.0 132.0 134.0 135.0 137.0 138.0 139.0 141.0 142.0 144.0 145.0 147.0 148.0 150.0 151.0 152.0 154.0 156.0 157.0 158.0 160.0 161.0 163.0 164.0 22.0 1780180896.595029
319.0 311.0 310.0 309.0 308.0 307.0 306.0 305.0 304.0 303.0 302.0 301.0 300.0 299.0 298.0 297.0 296.0 295.0 294.0 293.0 292.0 291.0 290.0 289.0 288.0 287.0 286.0 285.0 283.0 283.0 281.0 280.0 279.0 278.0 277.0 277.0 275.0 274.0 273.0 272.0 271.0 270.0 269.0 268.0 267.0 266.0 265.0 264.0 263.0 262.0 261.0 260.0 259.0 258.0 257.0 256.0 255.0 254.0 253.0 252.0 251.0 250.0 249.0 248.0 247.0 246.0 244.0 244.0 242.0 242.0 241.0 240.0 239.0 238.0 236.0 236.0 235.0 233.0 233.0 232.0 231.0 230.0 229.0 227.0 227.0 226.0 225.0 224.0 223.0 221.0 220.0 219.0 218.0 217.0 217.0 215.0 214.0 213.0 212.0 211.0 2.0 20.0 22.0 24.0 25.0 27.0 28.0 30.0 32.0 33.0 35.0 36.0 38.0 39.0 41.0 43.0 44.0 46.0 47.0 49.0 50.0 52.0 54.0 55.0 56.0 58.0 60.0 61.0 63.0 64.0 66.0 68.0 69.0 70.0 72.0 74.0 75.0 77.0 78.0 80.0 81.0 83.0 85.0 86.0 87.0 89.0 91.0 92.0 94.0 95.0 97.0 98.0 100.0 102.0 103.0 104.0 106.0 108.0 109.0 111.0 112.0 114.0 115.0 117.0 119.0 120.0 121.0 123.0 125.0 126.0 128.0 129.0 131.0 133.0 134.0 136.0 137.0 139.0 140.0 142.0 143.0 145.0 146.0 148.0 149.0 151.0 152.0 154.0 156.0 157.0 159.0 160.0 162.0 163.0 165.0 166.0 168.0 169.0 171.0 173.0 23.0 1780180896.610383
319.0 313.0 311.0 311.0 310.0 309.0 308.0 307.0 307.0 306.0 305.0 304.0 303.0 302.0 301.0 301.0 300.0 299.0 298.0 297.0 296.0 296.0 295.0 294.0 293.0 292.0 292.0 290.0 290.0 289.0 288.0 287.0 286.0 285.0 284.0 284.0 283.0 282.0 281.0 280.0 279.0 278.0 278.0 277.0 276.0 275.0 274.0 273.0 273.0 272.0 271.0 270.0 269.0 268.0 267.0 267.0 266.0 265.0 264.0 263.0 262.0 262.0 261.0 260.0 259.0 258.0 257.0 256.0 256.0 255.0 254.0 253.0 252.0 251.0 250.0 250.0 249.0 248.0 247.0 246.0 245.0 245.0 244.0 243.0 242.0 241.0 240.0 239.0 239.0 237.0 237.0 236.0 235.0 234.0 233.0 232.0 231.0 230.0 230.0 229.0 2.0 21.0 23.0 24.0 26.0 27.0 29.0 31.0 33.0 34.0 36.0 38.0 39.0 41.0 43.0 44.0 46.0 47.0 49.0 51.0 52.0 54.0 56.0 57.0 59.0 60.0 62.0 64.0 65.0 67.0 69.0 70.0 72.0 74.0 75.0 77.0 78.0 80.0 82.0 83.0 85.0 87.0 88.0 90.0 92.0 93.0 95.0 96.0 98.0 100.0 101.0 103.0 104.0 106.0 108.0 109.0 111.0 113.0 114.0 116.0 118.0 119.0 121.0 123.0 124.0 126.0 127.0 129.0 131.0 132.0 134.0 135.0 137.0 139.0 140.0 142.0 144.0 145.0 147.0 149.0 150.0 152.0 153.0 155.0 157.0 158.0 160.0 161.0 163.0 165.0 166.0 168.0 170.0 171.0 173.0 174.0 176.0 178.0 179.0 181.0 24.0 1780180896.630984
319.0 315.0 313.0 313.0 312.0 312.0 311.0 311.0 310.0 309.0 309.0 308.0 307.0 307.0 306.0 305.0 305.0 304.0 303.0 303.0 302.0 302.0 301.0 300.0 300.0 299.0 299.0 298.0 297.0 297.0 296.0 295.0 295.0 294.0 293.0 293.0 292.0 292.0 291.0 290.0 289.0 289.0 288.0 288.0 287.0 286.0 286.0 285.0 285.0 284.0 283.0 283.0 282.0 281.0 281.0 280.0 280.0 279.0 278.0 278.0 277.0 276.0 276.0 275.0 275.0 274.0 273.0 272.0 272.0 271.0 271.0 270.0 269.0 269.0 268.0 267.0 267.0 266.0 265.0 265.0 264.0 264.0 263.0 262.0 262.0 261.0 260.0 259.0 259.0 258.0 257.0 257.0 256.0 255.0 255.0 254.0 253.0 253.0 252.0 251.0 2.0 21.0 23.0 24.0 26.0 28.0 29.0 31.0 32.0 34.0 36.0 37.0 39.0 40.0 42.0 44.0 46.0 47.0 49.0 50.0 52.0 54.0 56.0 57.0 58.0 60.0 62.0 64.0 65.0 67.0 68.0 70.0 72.0 73.0 75.0 77.0 78.0 80.0 82.0 83.0 85.0 86.0 88.0 90.0 91.0 93.0 95.0 96.0 98.0 99.0 101.0 103.0 104.0 106.0 108.0 109.0 111.0 112.0 114.0 116.0 117.0 119.0 120.0 122.0 124.0 125.0 127.0 128.0 130.0 132.0 133.0 135.0 137.0 138.0 140.0 141.0 143.0 145.0 146.0 148.0 150.0 151.0 153.0 155.0 156.0 158.0 159.0 161.0 163.0 164.0 166.0 167.0 169.0 171.0 172.0 174.0 175.0 177.0 178.0 180.0 25.0 1780180896.646550
319.0 316.0 316.0 315.0 315.0 315.0 314.0 314.0 313.0 313.0 312.0 312.0 311.0 311.0 311.0 310.0 310.0 309.0 309.0 308.0 308.0 308.0 307.0 307.0 306.0 306.0 306.0 305.0 305.0 304.0 304.0 303.0 303.0 302.0 302.0 301.0 301.0 301.0 300.0 300.0 299.0 299.0 299.0 298.0 298.0 297.0 297.0 297.0 296.0 295.0 295.0 295.0 294.0 294.0 293.0 293.0 293.0 292.0 292.0 291.0 291.0 290.0 290.0 289.0 289.0 288.0 288.0 288.0 287.0 287.0 286.0 286.0 285.0 285.0 284.0 284.0 284.0 283.0 282.0 282.0 282.0 281.0 281.0 280.0 280.0 279.0 279.0 278.0 278.0 277.0 277.0 276.0 275.0 275.0 275.0 274.0 273.0 273.0 272.0 272.0 2.0 21.0 23.0 25.0 27.0 28.0 30.0 32.0 33.0 35.0 37.0 38.0 40.0 42.0 43.0 45.0 47.0 48.0 50.0 52.0 54.0 55.0 57.0 59.0 60.0 62.0 64.0 66.0 67.0 69.0 70.0 72.0 74.0 75.0 77.0 79.0 80.0 82.0 84.0 85.0 87.0 89.0 91.0 92.0 94.0 96.0 97.0 99.0 101.0 102.0 104.0 106.0 107.0 109.0 111.0 112.0 114.0 116.0 118.0 119.0 121.0 123.0 124.0 126.0 127.0 129.0 131.0 133.0 134.0 136.0 137.0 139.0 141.0 143.0 144.0 146.0 148.0 149.0 151.0 153.0 154.0 156.0 158.0 159.0 161.0 163.0 164.0 166.0 168.0 169.0 171.0 172.0 174.0 176.0 177.0 179.0 181.0 183.0 184.0 186.0 26.0 1780180896.661901
319.0 318.0 318.0 317.0 317.0 317.0 317.0 316.0 316.0 316.0 316.0 315.0 315.0 315.0 315.0 315.0 314.0 314.0 314.0 314.0 313.0 313.0 313.0 313.0 312.0 313.0 312.0 312.0 312.0 312.0 311.0 311.0 311.0 310.0 310.0 310.0 310.0 309.0 309.0 309.0 309.0 309.0 308.0 308.0 308.0 308.0 307.0 307.0 307.0 307.0 307.0 306.0 306.0 306.0 306.0 305.0 305.0 305.0 305.0 305.0 304.0 304.0 304.0 303.0 303.0 303.0 302.0 302.0 302.0 302.0 302.0 301.0 301.0 301.0 301.0 300.0 300.0 299.0 299.0 299.0 298.0 298.0 298.0 298.0 297.0 297.0 297.0 296.0 296.0 296.0 296.0 295.0 295.0 295.0 294.0 294.0 293.0 293.0 293.0 293.0 2.0 21.0 23.0 25.0 27.0 29.0 30.0 32.0 34.0 35.0 37.0 39.0 41.0 42.0 44.0 46.0 48.0 49.0 51.0 53.0 54.0 56.0 58.0 60.0 61.0 63.0 65.0 67.0 68.0 70.0 72.0 73.0 75.0 77.0 78.0 80.0 82.0 84.0 85.0 87.0 89.0 91.0 93.0 94.0 96.0 98.0 99.0 101.0 102.0 104.0 106.0 108.0 110.0 111.0 113.0 115.0 117.0 118.0 120.0 122.0 123.0 125.0 127.0 129.0 130.0 132.0 134.0 135.0 137.0 139.0 141.0 142.0 144.0 146.0 147.0 149.0 151.0 153.0 155.0 156.0 158.0 160.0 161.0 163.0 165.0 167.0 168.0 170.0 172.0 173.0 175.0 177.0 179.0 181.0 182.0 184.0 185.0 187.0 189.0 191.0 27.0 1780180896.677619
319.0 319.0 320.0 319.0 319.0 319.0 320.0 319.0 319.0 319.0 319.0 319.0 319.0 319.0 319.0 319.0 319.0 319.0 319.0 319.0 319.0 319.0 319.0 319.0 319.0 319.0 319.0 319.0 319.0 319.0 319.0 319.0 319.0 319.0 319.0 319.0 319.0 319.0 319.0 319.0 319.0 319.0 319.0 319.0 319.0 319.0 319.0 319.0 319.0 319.0 319.0 318.0 319.0 319.0 319.0 318.0 319.0 319.0 319.0 318.0 318.0 318.0 318.0 318.0 318.0 318.0 318.0 318.0 318.0 318.0 318.0 318.0 318.0 317.0 318.0 318.0 318.0 317.0 317.0 317.0 317.0 317.0 317.0 317.0 317.0 317.0 317.0 316.0 316.0 317.0 316.0 316.0 316.0 316.0 316.0 316.0 316.0 316.0 316.0 317.0 2.0 23.0 24.0 26.0 28.0 30.0 32.0 34.0 36.0 37.0 39.0 41.0 43.0 45.0 47.0 49.0 50.0 52.0 54.0 56.0 58.0 60.0 62.0 64.0 65.0 67.0 69.0 71.0 73.0 75.0 77.0 78.0 80.0 82.0 84.0 86.0 88.0 89.0 91.0 93.0 95.0 97.0 99.0 101.0 102.0 104.0 106.0 108.0 110.0 112.0 114.0 115.0 118.0 119.0 121.0 123.0 125.0 127.0 129.0 131.0 132.0 134.0 136.0 138.0 140.0 142.0 143.0 145.0 147.0 149.0 151.0 153.0 154.0 156.0 158.0 160.0 162.0 164.0 166.0 168.0 169.0 171.0 173.0 175.0 177.0 179.0 181.0 182.0 184.0 186.0 188.0 190.0 192.0 194.0 195.0 197.0 199.0 201.0 202.0 204.0 28.0 1780180896.692625
319.0 321.0 321.0 321.0 321.0 321.0 322.0 322.0 322.0 322.0 322.0 322.0 322.0 323.0 323.0 323.0 323.0 323.0 323.0 324.0 324.0 324.0 324.0 324.0 324.0 325.0 325.0 325.0 325.0 325.0 326.0 326.0 326.0 326.0 326.0 326.0 327.0 327.0 327.0 327.0 327.0 327.0 328.0 328.0 328.0 328.0 328.0 329.0 329.0 329.0 329.0 329.0 329.0 330.0 330.0 330.0 330.0 330.0 331.0 331.0 331.0 331.0 331.0 331.0 332.0 332.0 332.0 332.0 332.0 332.0 333.0 333.0 333.0 333.0 333.0 333.0 334.0 334.0 334.0 334.0 334.0 334.0 334.0 334.0 335.0 335.0 335.0 335.0 335.0 335.0 335.0 336.0 336.0 336.0 336.0 336.0 337.0 337.0 337.0 338.0 2.0 23.0 25.0 27.0 28.0 30.0 32.0 34.0 36.0 38.0 40.0 42.0 44.0 46.0 47.0 49.0 51.0 53.0 55.0 57.0 58.0 60.0 62.0 64.0 66.0 68.0 70.0 72.0 74.0 76.0 78.0 79.0 81.0 83.0 85.0 87.0 89.0 91.0 92.0 94.0 96.0 98.0 100.0 102.0 104.0 106.0 108.0 110.0 111.0 113.0 115.0 117.0 119.0 121.0 123.0 124.0 126.0 128.0 130.0 132.0 134.0 136.0 137.0 139.0 141.0 143.0 145.0 147.0 149.0 151.0 153.0 155.0 156.0 158.0 160.0 162.0 164.0 166.0 168.0 169.0 171.0 173.0 175.0 177.0 179.0 181.0 183.0 184.0 186.0 188.0 190.0 192.0 194.0 196.0 198.0 199.0 201.0 203.0 205.0 207.0 29.0 1780180896.708169
319.0 322.0 323.0 323.0 323.0 323.0 324.0 324.0 324.0 325.0 325.0 325.0 326.0 326.0 326.0 327.0 327.0 327.0 327.0 328.0 328.0 328.0 329.0 329.0 330.0 330.0 330.0 331.0 331.0 331.0 332.0 332.0 333.0 333.0 333.0 333.0 334.0 334.0 335.0 335.0 335.0 336.0 336.0 337.0 337.0 337.0 338.0 338.0 338.0 339.0 339.0 339.0 340.0 340.0 341.0 341.0 342.0 342.0 342.0 342.0 343.0 343.0 344.0 344.0 345.0 345.0 345.0 346.0 346.0 346.0 347.0 347.0 348.0 348.0 348.0 349.0 349.0 349.0 350.0 350.0 351.0 351.0 351.0 351.0 352.0 352.0 353.0 353.0 353.0 354.0 354.0 355.0 355.0 355.0 356.0 356.0 357.0 357.0 358.0 359.0 2.0 23.0 25.0 27.0 29.0 31.0 32.0 34.0 36.0 38.0 40.0 42.0 44.0 46.0 48.0 50.0 51.0 53.0 55.0 57.0 59.0 61.0 63.0 65.0 66.0 68.0 70.0 72.0 74.0 76.0 78.0 80.0 82.0 83.0 85.0 87.0 89.0 91.0 93.0 94.0 97.0 98.0 100.0 102.0 104.0 106.0 108.0 110.0 111.0 113.0 115.0 117.0 119.0 121.0 123.0 124.0 126.0 128.0 130.0 132.0 134.0 135.0 137.0 139.0 141.0 143.0 145.0 147.0 149.0 151.0 153.0 154.0 156.0 158.0 160.0 162.0 164.0 166.0 167.0 169.0 171.0 173.0 175.0 177.0 179.0 180.0 182.0 184.0 186.0 188.0 190.0 191.0 193.0 195.0 197.0 199.0 200.0 202.0 204.0 206.0 30.0 1780180896.723539
319.0 323.0 324.0 324.0 325.0 325.0 326.0 326.0 327.0 327.0 328.0 328.0 328.0 329.0 329.0 330.0 330.0 331.0 331.0 332.0 333.0 333.0 334.0 334.0 335.0 335.0 336.0 336.0 337.0 337.0 338.0 338.0 339.0 340.0 340.0 340.0 341.0 342.0 342.0 343.0 343.0 344.0 345.0 345.0 346.0 346.0 347.0 347.0 348.0 348.0 349.0 349.0 350.0 351.0 351.0 352.0 352.0 353.0 354.0 354.0 355.0 355.0 356.0 356.0 357.0 358.0 358.0 359.0 359.0 360.0 361.0 361.0 362.0 362.0 363.0 363.0 364.0 365.0 365.0 366.0 367.0 367.0 368.0 368.0 369.0 369.0 370.0 371.0 371.0 372.0 372.0 373.0 374.0 374.0 375.0 376.0 376.0 377.0 378.0 379.0 2.0 23.0 25.0 26.0 28.0 30.0 32.0 34.0 36.0 38.0 40.0 42.0 44.0 45.0 47.0 49.0 51.0 53.0 55.0 57.0 58.0 60.0 62.0 64.0 66.0 68.0 69.0 71.0 73.0 75.0 77.0 79.0 81.0 83.0 84.0 86.0 88.0 90.0 92.0 94.0 96.0 98.0 99.0 101.0 103.0 105.0 107.0 109.0 110.0 112.0 114.0 116.0 118.0 120.0 122.0 123.0 125.0 127.0 129.0 131.0 132.0 134.0 136.0 138.0 140.0 142.0 144.0 145.0 147.0 149.0 151.0 153.0 155.0 156.0 158.0 160.0 162.0 164.0 166.0 167.0 169.0 171.0 173.0 175.0 177.0 178.0 180.0 182.0 184.0 185.0 187.0 189.0 191.0 193.0 195.0 197.0 198.0 200.0 202.0 203.0 31.0 1780180896.739047
319.0 325.0 325.0 326.0 326.0 327.0 327.0 328.0 329.0 330.0 330.0 331.0 332.0 332.0 333.0 334.0 334.0 335.0 336.0 336.0 337.0 338.0 339.0 339.0 340.0 340.0 341.0 342.0 343.0 343.0 344.0 345.0 346.0 346.0 347.0 348.0 349.0 349.0 350.0 351.0 351.0 352.0 353.0 354.0 354.0 355.0 356.0 357.0 358.0 358.0 359.0 360.0 361.0 361.0 362.0 363.0 364.0 364.0 365.0 366.0 367.0 367.0 368.0 369.0 370.0 371.0 371.0 372.0 373.0 374.0 375.0 376.0 376.0 377.0 378.0 379.0 379.0 380.0 381.0 382.0 383.0 383.0 384.0 385.0 386.0 387.0 387.0 388.0 389.0 390.0 391.0 392.0 392.0 393.0 394.0 395.0 396.0 397.0 398.0 399.0 2.0 22.0 24.0 26.0 28.0 30.0 32.0 34.0 36.0 37.0 39.0 41.0 43.0 45.0 47.0 48.0 50.0 52.0 54.0 56.0 58.0 59.0 61.0 63.0 65.0 67.0 69.0 71.0 72.0 74.0 76.0 78.0 80.0 82.0 83.0 85.0 87.0 89.0 91.0 93.0 94.0 96.0 98.0 100.0 101.0 103.0 105.0 107.0 109.0 111.0 113.0 114.0 116.0 118.0 120.0 121.0 123.0 125.0 127.0 129.0 131.0 132.0 134.0 136.0 138.0 140.0 141.0 143.0 145.0 147.0 148.0 150.0 152.0 154.0 156.0 158.0 159.0 161.0 163.0 164.0 166.0 168.0 170.0 172.0 174.0 175.0 177.0 179.0 181.0 182.0 184.0 186.0 188.0 190.0 191.0 193.0 195.0 196.0 198.0 200.0 32.0 1780180896.754701
319.0 326.0 327.0 328.0 328.0 329.0 330.0 331.0 332.0 332.0 334.0 334.0 335.0 336.0 337.0 338.0 339.0 339.0 340.0 341.0 342.0 343.0 344.0 345.0 346.0 347.0 347.0 349.0 349.0 350.0 351.0 352.0 353.0 354.0 355.0 356.0 357.0 358.0 359.0 360.0 361.0 362.0 363.0 363.0 364.0 365.0 367.0 367.0 368.0 369.0 370.0 371.0 372.0 373.0 374.0 375.0 376.0 377.0 378.0 379.0 380.0 381.0 382.0 383.0 384.0 385.0 386.0 387.0 388.0 389.0 390.0 391.0 392.0 393.0 394.0 395.0 396.0 397.0 398.0 400.0 400.0 402.0 403.0 403.0 404.0 406.0 407.0 408.0 409.0 410.0 411.0 412.0 413.0 414.0 415.0 417.0 418.0 419.0 420.0 422.0 2.0 23.0 24.0 26.0 28.0 30.0 32.0 34.0 35.0 37.0 39.0 41.0 43.0 45.0 47.0 48.0 50.0 52.0 54.0 56.0 57.0 59.0 61.0 63.0 65.0 67.0 68.0 70.0 72.0 74.0 76.0 77.0 79.0 81.0 83.0 85.0 86.0 88.0 90.0 92.0 94.0 96.0 97.0 99.0 101.0 103.0 104.0 106.0 108.0 110.0 111.0 113.0 115.0 117.0 119.0 120.0 122.0 124.0 126.0 128.0 129.0 131.0 133.0 135.0 136.0 138.0 140.0 142.0 144.0 145.0 147.0 149.0 150.0 152.0 154.0 156.0 158.0 159.0 161.0 163.0 165.0 166.0 168.0 170.0 172.0 173.0 175.0 177.0 179.0 180.0 182.0 184.0 185.0 187.0 189.0 190.0 192.0 193.0 195.0 196.0 33.0 1780180896.769924
319.0 327.0 329.0 329.0 330.0 331.0 332.0 333.0 334.0 335.0 337.0 338.0 339.0 339.0 341.0 342.0 343.0 344.0 345.0 346.0 347.0 348.0 349.0 351.0 352.0 353.0 354.0 355.0 356.0 357.0 358.0 360.0 361.0 362.0 363.0 364.0 365.0 367.0 367.0 369.0 370.0 371.0 372.0 374.0 375.0 376.0 377.0 378.0 379.0 380.0 382.0 383.0 384.0 385.0 387.0 387.0 389.0 390.0 391.0 392.0 394.0 395.0 396.0 397.0 399.0 399.0 401.0 402.0 403.0 404.0 406.0 407.0 408.0 409.0 410.0 412.0 413.0 414.0 415.0 417.0 418.0 419.0 420.0 422.0 423.0 424.0 425.0 427.0 428.0 429.0 430.0 432.0 433.0 434.0 436.0 437.0 439.0 440.0 441.0 443.0 2.0 22.0 24.0 26.0 28.0 30.0 32.0 34.0 35.0 37.0 39.0 41.0 42.0 44.0 46.0 48.0 50.0 51.0 53.0 55.0 57.0 59.0 60.0 62.0 64.0 66.0 67.0 69.0 71.0 73.0 75.0 76.0 78.0 80.0 82.0 83.0 85.0 87.0 88.0 90.0 92.0 94.0 96.0 97.0 99.0 101.0 103.0 104.0 106.0 108.0 110.0 111.0 113.0 115.0 117.0 118.0 120.0 122.0 124.0 125.0 127.0 129.0 130.0 132.0 134.0 136.0 137.0 139.0 141.0 142.0 144.0 146.0 148.0 149.0 151.0 153.0 154.0 156.0 158.0 160.0 162.0 163.0 165.0 166.0 168.0 170.0 172.0 173.0 175.0 176.0 178.0 180.0 181.0 183.0 184.0 186.0 187.0 188.0 190.0 191.0 34.0 1780180896.790488
319.0 329.0 331.0 331.0 333.0 334.0 335.0 336.0 338.0 339.0 340.0 341.0 343.0 344.0 345.0 346.0 348.0 349.0 350.0 352.0 353.0 354.0 356.0 357.0 358.0 359.0 361.0 362.0 363.0 365.0 366.0 368.0 369.0 370.0 371.0 373.0 374.0 376.0 377.0 378.0 380.0 381.0 382.0 384.0 385.0 386.0 388.0 389.0 391.0 392.0 393.0 395.0 396.0 397.0 399.0 400.0 402.0 403.0 404.0 406.0 407.0 408.0 410.0 411.0 413.0 414.0 415.0 417.0 418.0 420.0 421.0 422.0 424.0 425.0 426.0 428.0 429.0 430.0 432.0 434.0 435.0 436.0 438.0 439.0 440.0 442.0 444.0 445.0 446.0 448.0 449.0 451.0 452.0 454.0 455.0 457.0 459.0 460.0 462.0 463.0 2.0 22.0 24.0 26.0 28.0 29.0 31.0 33.0 34.0 36.0 38.0 40.0 42.0 43.0 45.0 47.0 49.0 50.0 52.0 54.0 55.0 57.0 59.0 61.0 62.0 64.0 65.0 67.0 69.0 71.0 72.0 74.0 76.0 78.0 79.0 81.0 82.0 84.0 86.0 87.0 89.0 91.0 92.0 94.0 96.0 97.0 99.0 101.0 102.0 104.0 106.0 107.0 109.0 111.0 112.0 114.0 116.0 117.0 119.0 121.0 122.0 124.0 125.0 127.0 129.0 130.0 132.0 134.0 135.0 137.0 139.0 140.0 142.0 144.0 145.0 147.0 149.0 150.0 152.0 153.0 155.0 157.0 158.0 160.0 162.0 163.0 165.0 166.0 168.0 169.0 171.0 172.0 174.0 175.0 177.0 178.0 179.0 180.0 182.0 183.0 35.0 1780180896.811183
319.0 331.0 332.0 333.0 335.0 336.0 338.0 339.0 340.0 342.0 343.0 345.0 346.0 348.0 349.0 350.0 352.0 354.0 355.0 357.0 358.0 360.0 361.0 363.0 364.0 365.0 367.0 368.0 370.0 371.0 373.0 375.0 376.0 377.0 379.0 381.0 382.0 384.0 385.0 387.0 388.0 390.0 391.0 393.0 394.0 396.0 398.0 399.0 400.0 402.0 403.0 405.0 406.0 408.0 410.0 411.0 413.0 414.0 416.0 417.0 419.0 420.0 422.0 423.0 425.0 427.0 428.0 430.0 431.0 433.0 434.0 436.0 437.0 439.0 440.0 442.0 444.0 445.0 446.0 448.0 450.0 451.0 453.0 454.0 456.0 458.0 459.0 461.0 462.0 464.0 465.0 467.0 469.0 470.0 472.0 474.0 475.0 477.0 479.0 481.0 2.0 22.0 23.0 25.0 27.0 29.0 30.0 32.0 33.0 35.0 37.0 38.0 40.0 42.0 43.0 45.0 47.0 48.0 50.0 51.0 53.0 55.0 56.0 58.0 59.0 61.0 62.0 64.0 65.0 67.0 69.0 71.0 72.0 73.0 75.0 77.0 78.0 80.0 81.0 83.0 84.0 86.0 87.0 89.0 90.0 92.0 94.0 95.0 97.0 98.0 100.0 101.0 103.0 104.0 106.0 108.0 109.0 111.0 112.0 114.0 115.0 117.0 118.0 120.0 121.0 123.0 125.0 126.0 127.0 129.0 131.0 132.0 134.0 135.0 137.0 139.0 140.0 141.0 143.0 145.0 146.0 148.0 149.0 151.0 152.0 154.0 155.0 157.0 158.0 160.0 161.0 162.0 164.0 165.0 167.0 168.0 169.0 170.0 171.0 172.0 36.0 1780180896.836860
319.0 332.0 334.0 335.0 337.0 339.0 340.0 342.0 343.0 345.0 347.0 348.0 350.0 351.0 353.0 354.0 356.0 358.0 360.0 361.0 363.0 365.0 366.0 368.0 369.0 371.0 373.0 375.0 376.0 378.0 380.0 381.0 383.0 385.0 386.0 388.0 389.0 391.0 393.0 394.0 396.0 398.0 400.0 401.0 403.0 405.0 407.0 408.0 410.0 411.0 413.0 415.0 417.0 418.0 420.0 422.0 423.0 425.0 427.0 428.0 430.0 432.0 433.0 435.0 437.0 439.0 440.0 442.0 444.0 445.0 447.0 449.0 450.0 452.0 454.0 456.0 457.0 459.0 460.0 462.0 464.0 465.0 467.0 469.0 471.0 472.0 474.0 476.0 477.0 479.0 481.0 483.0 485.0 486.0 488.0 490.0 492.0 494.0 496.0 498.0 2.0 21.0 23.0 25.0 26.0 28.0 29.0 31.0 32.0 34.0 35.0 37.0 38.0 40.0 41.0 43.0 44.0 46.0 47.0 49.0 50.0 52.0 53.0 54.0 56.0 57.0 59.0 60.0 62.0 63.0 65.0 66.0 67.0 69.0 70.0 72.0 73.0 74.0 76.0 77.0 79.0 80.0 82.0 83.0 84.0 86.0 87.0 89.0 90.0 92.0 93.0 94.0 96.0 97.0 99.0 100.0 102.0 103.0 104.0 106.0 107.0 109.0 110.0 111.0 113.0 114.0 116.0 117.0 119.0 120.0 122.0 123.0 124.0 126.0 127.0 129.0 130.0 131.0 133.0 135.0 136.0 137.0 139.0 140.0 142.0 143.0 144.0 146.0 147.0 148.0 150.0 151.0 152.0 153.0 155.0 156.0 156.0 157.0 158.0 160.0 37.0 1780180896.852262
319.0 333.0 335.0 337.0 339.0 340.0 342.0 344.0 345.0 347.0 349.0 351.0 352.0 354.0 356.0 358.0 359.0 361.0 363.0 365.0 366.0 368.0 370.0 372.0 374.0 375.0 377.0 379.0 381.0 383.0 385.0 386.0 388.0 390.0 392.0 394.0 395.0 397.0 399.0 401.0 402.0 404.0 406.0 408.0 410.0 412.0 414.0 415.0 417.0 419.0 421.0 423.0 424.0 426.0 428.0 430.0 432.0 433.0 435.0 437.0 439.0 441.0 442.0 444.0 446.0 448.0 450.0 452.0 453.0 455.0 457.0 459.0 461.0 463.0 464.0 466.0 468.0 470.0 471.0 473.0 475.0 477.0 479.0 481.0 482.0 484.0 486.0 488.0 490.0 491.0 494.0 496.0 497.0 499.0 501.0 503.0 505.0 507.0 509.0 512.0 2.0 21.0 22.0 24.0 25.0 27.0 29.0 30.0 31.0 33.0 34.0 36.0 37.0 38.0 40.0 41.0 42.0 44.0 45.0 46.0 48.0 49.0 50.0 52.0 53.0 54.0 55.0 57.0 58.0 60.0 61.0 63.0 64.0 65.0 66.0 68.0 69.0 70.0 72.0 73.0 74.0 75.0 77.0 78.0 79.0 80.0 82.0 83.0 84.0 86.0 87.0 88.0 89.0 91.0 92.0 94.0 95.0 96.0 97.0 99.0 100.0 101.0 103.0 104.0 105.0 106.0 108.0 109.0 110.0 112.0 113.0 114.0 116.0 117.0 118.0 120.0 121.0 122.0 124.0 125.0 126.0 128.0 129.0 130.0 132.0 133.0 134.0 135.0 137.0 138.0 139.0 140.0 141.0 142.0 143.0 144.0 145.0 145.0 147.0 147.0 38.0 1780180896.873165
319.0 334.0 336.0 338.0 340.0 341.0 343.0 345.0 347.0 349.0 350.0 352.0 354.0 356.0 358.0 360.0 362.0 364.0 365.0 368.0 369.0 371.0 373.0 375.0 377.0 379.0 381.0 383.0 385.0 386.0 388.0 390.0 392.0 394.0 396.0 398.0 400.0 402.0 403.0 406.0 407.0 409.0 411.0 413.0 415.0 417.0 419.0 421.0 423.0 425.0 427.0 429.0 431.0 432.0 434.0 436.0 438.0 440.0 442.0 444.0 446.0 448.0 450.0 452.0 454.0 456.0 458.0 460.0 461.0 463.0 465.0 467.0 469.0 471.0 473.0 475.0 477.0 479.0 481.0 482.0 484.0 486.0 489.0 490.0 492.0 494.0 496.0 498.0 500.0 502.0 504.0 506.0 508.0 510.0 512.0 514.0 516.0 519.0 521.0 523.0 2.0 21.0 22.0 24.0 25.0 26.0 28.0 29.0 31.0 32.0 33.0 35.0 36.0 37.0 39.0 40.0 41.0 42.0 44.0 45.0 46.0 47.0 48.0 50.0 51.0 52.0 53.0 54.0 56.0 57.0 58.0 59.0 60.0 62.0 63.0 64.0 65.0 66.0 68.0 69.0 70.0 71.0 72.0 73.0 75.0 76.0 77.0 78.0 79.0 80.0 82.0 83.0 84.0 85.0 86.0 88.0 89.0 90.0 91.0 92.0 93.0 95.0 96.0 97.0 98.0 99.0 100.0 102.0 103.0 104.0 105.0 106.0 107.0 109.0 110.0 111.0 112.0 113.0 115.0 116.0 117.0 118.0 119.0 121.0 122.0 123.0 124.0 125.0 126.0 127.0 128.0 129.0 130.0 131.0 132.0 133.0 133.0 134.0 135.0 135.0 39.0 1780180896.898599
319.0 335.0 337.0 338.0 340.0 342.0 344.0 346.0 348.0 350.0 351.0 354.0 356.0 358.0 359.0 361.0 363.0 365.0 367.0 369.0 371.0 373.0 375.0 377.0 379.0 381.0 383.0 385.0 387.0 389.0 391.0 393.0 395.0 397.0 399.0 401.0 403.0 405.0 407.0 409.0 411.0 413.0 415.0 417.0 419.0 421.0 423.0 425.0 427.0 429.0 431.0 434.0 436.0 437.0 439.0 442.0 444.0 446.0 447.0 450.0 452.0 454.0 456.0 458.0 460.0 462.0 464.0 466.0 468.0 470.0 472.0 474.0 476.0 478.0 480.0 482.0 484.0 486.0 488.0 490.0 492.0 494.0 496.0 498.0 501.0 502.0 505.0 507.0 509.0 511.0 513.0 515.0 517.0 519.0 522.0 524.0 526.0 528.0 530.0 532.0 2.0 20.0 22.0 24.0 25.0 26.0 28.0 29.0 30.0 32.0 33.0 34.0 36.0 37.0 38.0 39.0 40.0 41.0 42.0 44.0 45.0 46.0 47.0 48.0 49.0 51.0 52.0 53.0 54.0 55.0 56.0 57.0 58.0 59.0 60.0 62.0 63.0 64.0 65.0 66.0 67.0 68.0 69.0 70.0 71.0 72.0 73.0 74.0 75.0 76.0 77.0 78.0 79.0 80.0 82.0 83.0 84.0 84.0 86.0 87.0 88.0 89.0 90.0 90.0 92.0 93.0 94.0 95.0 96.0 97.0 98.0 99.0 100.0 101.0 102.0 103.0 104.0 105.0 107.0 107.0 108.0 109.0 110.0 111.0 112.0 113.0 114.0 115.0 116.0 117.0 118.0 119.0 119.0 120.0 121.0 121.0 121.0 122.0 123.0 123.0 40.0 1780180896.914047
319.0 335.0 337.0 339.0 340.0 342.0 344.0 346.0 348.0 350.0 352.0 354.0 356.0 358.0 360.0 362.0 364.0 366.0 368.0 370.0 372.0 374.0 376.0 378.0 380.0 382.0 384.0 387.0 389.0 390.0 393.0 395.0 397.0 399.0 401.0 403.0 405.0 407.0 409.0 411.0 413.0 415.0 417.0 420.0 422.0 424.0 426.0 428.0 430.0 432.0 434.0 436.0 438.0 441.0 443.0 445.0 447.0 449.0 451.0 453.0 455.0 457.0 459.0 461.0 464.0 466.0 468.0 470.0 472.0 474.0 476.0 479.0 481.0 483.0 485.0 487.0 489.0 491.0 493.0 495.0 497.0 500.0 502.0 504.0 506.0 508.0 510.0 513.0 514.0 517.0 519.0 521.0 524.0 525.0 528.0 530.0 532.0 535.0 537.0 539.0 2.0 21.0 22.0 23.0 25.0 26.0 28.0 29.0 30.0 31.0 33.0 34.0 35.0 36.0 38.0 39.0 40.0 41.0 42.0 43.0 44.0 45.0 46.0 47.0 48.0 49.0 51.0 52.0 53.0 54.0 55.0 56.0 57.0 58.0 59.0 60.0 61.0 62.0 63.0 64.0 65.0 65.0 67.0 68.0 68.0 69.0 70.0 71.0 72.0 73.0 74.0 75.0 76.0 77.0 78.0 79.0 80.0 80.0 81.0 82.0 83.0 84.0 85.0 86.0 87.0 88.0 89.0 89.0 91.0 91.0 92.0 93.0 94.0 95.0 96.0 97.0 98.0 99.0 100.0 100.0 101.0 102.0 103.0 104.0 104.0 105.0 106.0 107.0 108.0 108.0 109.0 110.0 110.0 111.0 111.0 111.0 112.0 112.0 112.0 112.0 41.0 1780180896.934890
319.0 335.0 337.0 339.0 341.0 343.0 345.0 346.0 348.0 350.0 352.0 354.0 357.0 359.0 360.0 362.0 364.0 366.0 368.0 371.0 373.0 375.0 377.0 379.0 381.0 383.0 385.0 387.0 389.0 391.0 393.0 395.0 398.0 400.0 402.0 404.0 406.0 408.0 410.0 412.0 414.0 417.0 419.0 421.0 423.0 425.0 427.0 430.0 431.0 434.0 436.0 438.0 440.0 443.0 444.0 447.0 449.0 451.0 453.0 455.0 458.0 460.0 462.0 464.0 466.0 468.0 471.0 473.0 475.0 477.0 479.0 481.0 484.0 486.0 488.0 490.0 492.0 495.0 497.0 499.0 501.0 503.0 505.0 507.0 510.0 512.0 514.0 517.0 519.0 521.0 523.0 526.0 528.0 530.0 532.0 535.0 537.0 539.0 541.0 544.0 2.0 21.0 22.0 24.0 25.0 26.0 28.0 29.0 31.0 32.0 33.0 34.0 36.0 37.0 38.0 39.0 40.0 41.0 42.0 43.0 44.0 45.0 46.0 47.0 48.0 49.0 50.0 51.0 52.0 53.0 54.0 55.0 56.0 57.0 58.0 59.0 60.0 61.0 62.0 63.0 63.0 64.0 65.0 66.0 67.0 68.0 68.0 69.0 70.0 71.0 72.0 73.0 74.0 74.0 75.0 76.0 77.0 78.0 79.0 79.0 80.0 81.0 82.0 82.0 83.0 84.0 85.0 85.0 86.0 87.0 88.0 88.0 89.0 90.0 91.0 92.0 93.0 93.0 94.0 95.0 95.0 96.0 97.0 98.0 98.0 99.0 100.0 100.0 101.0 101.0 102.0 102.0 103.0 103.0 103.0 103.0 103.0 103.0 103.0 103.0 42.0 1780180896.955267
319.0 334.0 336.0 338.0 340.0 342.0 344.0 345.0 347.0 349.0 351.0 353.0 355.0 357.0 359.0 361.0 363.0 365.0 367.0 369.0 371.0 373.0 375.0 377.0 379.0 381.0 383.0 385.0 387.0 389.0 391.0 393.0 396.0 398.0 400.0 402.0 404.0 406.0 408.0 410.0 412.0 414.0 416.0 419.0 421.0 423.0 425.0 427.0 429.0 431.0 433.0 436.0 438.0 440.0 442.0 444.0 446.0 448.0 450.0 452.0 455.0 457.0 459.0 461.0 463.0 466.0 468.0 470.0 472.0 474.0 476.0 479.0 481.0 483.0 485.0 487.0 489.0 492.0 494.0 496.0 498.0 500.0 502.0 505.0 507.0 509.0 511.0 513.0 516.0 518.0 520.0 523.0 525.0 527.0 529.0 531.0 534.0 536.0 538.0 540.0 2.0 21.0 22.0 23.0 25.0 26.0 28.0 29.0 30.0 32.0 33.0 34.0 35.0 36.0 38.0 39.0 40.0 41.0 42.0 43.0 44.0 45.0 46.0 47.0 48.0 49.0 49.0 51.0 52.0 53.0 54.0 54.0 55.0 56.0 57.0 58.0 59.0 59.0 61.0 62.0 62.0 63.0 64.0 64.0 65.0 66.0 67.0 68.0 68.0 69.0 70.0 71.0 72.0 72.0 73.0 74.0 75.0 75.0 76.0 77.0 77.0 78.0 79.0 79.0 80.0 81.0 82.0 82.0 83.0 83.0 84.0 85.0 85.0 86.0 87.0 88.0 88.0 89.0 89.0 90.0 90.0 91.0 92.0 92.0 93.0 94.0 94.0 94.0 95.0 96.0 96.0 96.0 96.0 96.0 97.0 97.0 97.0 97.0 97.0 97.0 43.0 1780180896.975864
319.0 334.0 336.0 337.0 339.0 341.0 343.0 344.0 346.0 348.0 350.0 352.0 354.0 356.0 358.0 360.0 362.0 364.0 365.0 368.0 370.0 372.0 374.0 376.0 377.0 379.0 381.0 384.0 385.0 387.0 390.0 391.0 394.0 396.0 398.0 400.0 402.0 404.0 406.0 408.0 410.0 412.0 414.0 416.0 418.0 421.0 423.0 425.0 427.0 429.0 431.0 433.0 435.0 437.0 439.0 441.0 444.0 446.0 448.0 450.0 452.0 454.0 456.0 459.0 461.0 463.0 465.0 467.0 469.0 471.0 473.0 476.0 478.0 480.0 482.0 484.0 486.0 489.0 491.0 493.0 495.0 497.0 499.0 502.0 504.0 506.0 509.0 511.0 513.0 515.0 517.0 520.0 522.0 524.0 527.0 529.0 531.0 533.0 536.0 538.0 2.0 21.0 22.0 24.0 25.0 27.0 28.0 30.0 31.0 32.0 33.0 34.0 36.0 37.0 38.0 39.0 40.0 41.0 42.0 43.0 44.0 45.0 46.0 47.0 48.0 49.0 50.0 51.0 52.0 53.0 54.0 55.0 55.0 56.0 57.0 58.0 59.0 60.0 61.0 61.0 62.0 63.0 64.0 64.0 65.0 66.0 67.0 68.0 68.0 69.0 70.0 70.0 71.0 71.0 72.0 73.0 74.0 74.0 75.0 76.0 76.0 77.0 78.0 78.0 79.0 79.0 80.0 80.0 81.0 82.0 82.0 83.0 84.0 84.0 84.0 85.0 86.0 86.0 87.0 87.0 88.0 88.0 89.0 89.0 90.0 90.0 90.0 91.0 92.0 92.0 92.0 92.0 92.0 92.0 93.0 93.0 93.0 93.0 93.0 92.0 44.0 1780180896.991353
319.0 333.0 335.0 336.0 338.0 340.0 342.0 343.0 345.0 347.0 349.0 351.0 353.0 355.0 356.0 358.0 360.0 362.0 364.0 366.0 368.0 370.0 372.0 374.0 376.0 377.0 379.0 382.0 384.0 386.0 388.0 390.0 392.0 394.0 396.0 398.0 399.0 402.0 404.0 406.0 408.0 410.0 412.0 414.0 416.0 418.0 420.0 422.0 424.0 426.0 428.0 430.0 432.0 435.0 437.0 439.0 441.0 443.0 445.0 447.0 449.0 451.0 453.0 456.0 458.0 460.0 462.0 464.0 466.0 469.0 471.0 473.0 475.0 477.0 479.0 482.0 484.0 486.0 488.0 490.0 492.0 495.0 497.0 499.0 501.0 503.0 506.0 508.0 510.0 513.0 515.0 517.0 519.0 522.0 524.0 526.0 528.0 531.0 533.0 535.0 2.0 21.0 23.0 24.0 26.0 27.0 28.0 30.0 31.0 32.0 34.0 35.0 36.0 37.0 39.0 40.0 41.0 42.0 43.0 44.0 45.0 46.0 47.0 48.0 49.0 50.0 51.0 52.0 53.0 53.0 54.0 55.0 56.0 57.0 58.0 59.0 59.0 60.0 61.0 62.0 63.0 64.0 64.0 65.0 66.0 67.0 67.0 68.0 69.0 69.0 70.0 71.0 71.0 72.0 73.0 73.0 74.0 74.0 75.0 76.0 77.0 77.0 77.0 78.0 79.0 79.0 80.0 80.0 81.0 81.0 82.0 82.0 83.0 83.0 84.0 84.0 85.0 85.0 86.0 86.0 86.0 87.0 87.0 88.0 88.0 88.0 88.0 89.0 89.0 89.0 90.0 90.0 90.0 90.0 90.0 90.0 90.0 90.0 90.0 90.0 45.0 1780180897.017195
319.0 332.0 334.0 335.0 337.0 339.0 341.0 342.0 344.0 346.0 348.0 349.0 351.0 353.0 355.0 356.0 358.0 360.0 362.0 364.0 366.0 368.0 370.0 372.0 373.0 375.0 377.0 379.0 381.0 383.0 385.0 387.0 389.0 391.0 393.0 395.0 397.0 399.0 401.0 403.0 405.0 407.0 409.0 411.0 413.0 415.0 417.0 419.0 421.0 423.0 425.0 427.0 429.0 432.0 434.0 436.0 438.0 440.0 442.0 444.0 446.0 448.0 450.0 452.0 454.0 456.0 459.0 461.0 463.0 465.0 467.0 469.0 471.0 474.0 476.0 478.0 480.0 482.0 484.0 487.0 489.0 491.0 493.0 495.0 498.0 500.0 502.0 504.0 507.0 509.0 511.0 513.0 516.0 518.0 520.0 522.0 525.0 527.0 529.0 531.0 2.0 21.0 23.0 24.0 26.0 27.0 28.0 30.0 31.0 33.0 34.0 35.0 37.0 38.0 39.0 40.0 42.0 43.0 44.0 45.0 46.0 47.0 48.0 49.0 50.0 51.0 52.0 53.0 54.0 55.0 56.0 57.0 58.0 59.0 59.0 60.0 61.0 62.0 63.0 64.0 64.0 65.0 66.0 67.0 67.0 68.0 69.0 69.0 70.0 71.0 72.0 72.0 73.0 73.0 74.0 75.0 76.0 76.0 77.0 77.0 78.0 78.0 79.0 79.0 80.0 80.0 81.0 81.0 82.0 82.0 83.0 83.0 83.0 84.0 84.0 85.0 85.0 86.0 86.0 86.0 86.0 87.0 87.0 88.0 88.0 88.0 88.0 89.0 89.0 89.0 89.0 90.0 89.0 89.0 89.0 89.0 90.0 89.0 90.0 89.0 46.0 1780180897.032860
319.0 331.0 333.0 334.0 336.0 337.0 339.0 341.0 343.0 344.0 346.0 348.0 349.0 351.0 353.0 355.0 356.0 358.0 360.0 362.0 364.0 365.0 367.0 369.0 371.0 373.0 375.0 377.0 379.0 381.0 382.0 384.0 386.0 388.0 390.0 392.0 394.0 396.0 398.0 400.0 402.0 404.0 406.0 408.0 410.0 412.0 414.0 416.0 418.0 420.0 422.0 424.0 426.0 428.0 430.0 432.0 434.0 436.0 438.0 440.0 442.0 444.0 446.0 449.0 451.0 453.0 455.0 457.0 459.0 461.0 463.0 466.0 468.0 470.0 472.0 474.0 476.0 479.0 481.0 483.0 485.0 487.0 490.0 492.0 494.0 496.0 499.0 501.0 503.0 505.0 507.0 510.0 512.0 514.0 516.0 519.0 521.0 523.0 525.0 527.0 2.0 21.0 23.0 24.0 26.0 27.0 29.0 31.0 32.0 34.0 35.0 36.0 37.0 39.0 40.0 41.0 43.0 44.0 45.0 46.0 47.0 49.0 50.0 51.0 52.0 53.0 54.0 55.0 56.0 57.0 58.0 59.0 60.0 61.0 62.0 63.0 63.0 64.0 65.0 66.0 67.0 68.0 68.0 69.0 70.0 71.0 71.0 72.0 73.0 74.0 74.0 75.0 76.0 76.0 77.0 77.0 78.0 79.0 79.0 80.0 80.0 81.0 82.0 82.0 82.0 83.0 83.0 84.0 84.0 85.0 85.0 85.0 86.0 86.0 87.0 87.0 87.0 88.0 88.0 88.0 88.0 89.0 89.0 90.0 90.0 90.0 90.0 90.0 90.0 91.0 91.0 91.0 91.0 91.0 91.0 91.0 91.0 91.0 91.0 90.0 47.0 1780180897.048223
319.0 331.0 332.0 333.0 335.0 336.0 338.0 339.0 341.0 343.0 344.0 346.0 348.0 349.0 351.0 353.0 355.0 356.0 358.0 360.0 362.0 363.0 365.0 367.0 369.0 370.0 372.0 374.0 376.0 378.0 380.0 381.0 384.0 386.0 388.0 390.0 391.0 393.0 395.0 397.0 399.0 401.0 403.0 405.0 407.0 408.0 410.0 412.0 414.0 417.0 419.0 421.0 422.0 424.0 426.0 428.0 431.0 433.0 435.0 437.0 439.0 441.0 443.0 445.0 447.0 449.0 451.0 453.0 455.0 458.0 460.0 462.0 464.0 466.0 468.0 470.0 472.0 475.0 477.0 479.0 481.0 483.0 485.0 488.0 490.0 492.0 494.0 496.0 499.0 501.0 503.0 505.0 508.0 510.0 512.0 514.0 517.0 519.0 521.0 523.0 2.0 21.0 23.0 24.0 26.0 28.0 29.0 31.0 32.0 34.0 35.0 37.0 38.0 40.0 41.0 42.0 44.0 45.0 46.0 47.0 49.0 50.0 51.0 52.0 53.0 54.0 56.0 57.0 58.0 59.0 60.0 61.0 62.0 63.0 64.0 65.0 66.0 67.0 68.0 68.0 69.0 70.0 71.0 72.0 73.0 74.0 74.0 75.0 76.0 76.0 77.0 78.0 79.0 79.0 80.0 81.0 81.0 82.0 82.0 83.0 84.0 84.0 85.0 85.0 86.0 86.0 86.0 87.0 87.0 88.0 88.0 89.0 89.0 90.0 90.0 90.0 91.0 91.0 91.0 92.0 92.0 92.0 92.0 93.0 93.0 93.0 93.0 93.0 93.0 93.0 94.0 94.0 94.0 94.0 94.0 94.0 94.0 94.0 93.0 93.0 48.0 1780180897.063533
319.0 330.0 331.0 332.0 334.0 335.0 337.0 338.0 340.0 341.0 343.0 345.0 346.0 348.0 350.0 351.0 353.0 355.0 356.0 358.0 360.0 361.0 363.0 365.0 367.0 368.0 370.0 372.0 374.0 376.0 377.0 379.0 381.0 383.0 385.0 387.0 389.0 390.0 392.0 394.0 396.0 398.0 400.0 402.0 404.0 406.0 408.0 410.0 412.0 414.0 416.0 418.0 420.0 421.0 423.0 425.0 427.0 429.0 431.0 433.0 435.0 437.0 439.0 442.0 444.0 446.0 448.0 450.0 452.0 454.0 456.0 459.0 461.0 463.0 465.0 467.0 469.0 471.0 473.0 475.0 478.0 480.0 482.0 484.0 486.0 489.0 491.0 493.0 495.0 497.0 500.0 502.0 504.0 506.0 508.0 511.0 513.0 515.0 517.0 519.0 2.0 22.0 23.0 25.0 27.0 28.0 30.0 32.0 33.0 35.0 36.0 38.0 39.0 41.0 42.0 44.0 45.0 46.0 48.0 49.0 50.0 51.0 53.0 54.0 55.0 56.0 58.0 59.0 60.0 61.0 62.0 63.0 64.0 65.0 66.0 68.0 68.0 69.0 70.0 71.0 72.0 73.0 74.0 75.0 76.0 77.0 77.0 78.0 79.0 80.0 81.0 81.0 82.0 83.0 84.0 84.0 85.0 85.0 86.0 87.0 87.0 88.0 89.0 89.0 90.0 90.0 90.0 91.0 92.0 92.0 92.0 93.0 93.0 94.0 94.0 94.0 95.0 95.0 95.0 96.0 96.0 96.0 96.0 97.0 97.0 97.0 97.0 97.0 97.0 97.0 98.0 98.0 98.0 98.0 98.0 98.0 98.0 98.0 97.0 97.0 49.0 1780180897.079272
319.0 329.0 330.0 332.0 333.0 334.0 336.0 337.0 339.0 340.0 342.0 343.0 345.0 346.0 348.0 349.0 351.0 353.0 354.0 356.0 358.0 359.0 361.0 363.0 364.0 366.0 368.0 370.0 372.0 373.0 375.0 377.0 379.0 380.0 382.0 384.0 386.0 388.0 389.0 391.0 393.0 395.0 397.0 399.0 401.0 402.0 404.0 406.0 408.0 410.0 412.0 414.0 416.0 418.0 420.0 422.0 424.0 426.0 428.0 430.0 432.0 434.0 436.0 438.0 440.0 442.0 444.0 446.0 448.0 450.0 452.0 454.0 457.0 459.0 461.0 463.0 465.0 467.0 469.0 471.0 473.0 476.0 478.0 480.0 482.0 484.0 487.0 489.0 491.0 493.0 495.0 497.0 500.0 502.0 504.0 506.0 508.0 510.0 512.0 515.0 2.0 22.0 24.0 25.0 27.0 28.0 30.0 32.0 33.0 35.0 37.0 38.0 40.0 41.0 43.0 44.0 46.0 47.0 49.0 50.0 51.0 53.0 54.0 55.0 57.0 58.0 59.0 61.0 62.0 63.0 64.0 65.0 67.0 68.0 69.0 70.0 71.0 72.0 73.0 74.0 75.0 76.0 77.0 78.0 79.0 80.0 81.0 82.0 82.0 83.0 84.0 85.0 86.0 86.0 87.0 88.0 89.0 89.0 90.0 91.0 91.0 92.0 93.0 93.0 94.0 95.0 95.0 96.0 96.0 97.0 97.0 97.0 98.0 98.0 99.0 99.0 100.0 100.0 100.0 101.0 101.0 101.0 101.0 102.0 102.0 102.0 102.0 102.0 103.0 103.0 103.0 103.0 103.0 103.0 103.0 103.0 103.0 103.0 102.0 102.0 50.0 1780180897.094563
319.0 329.0 330.0 331.0 332.0 334.0 335.0 336.0 338.0 339.0 340.0 342.0 343.0 345.0 346.0 348.0 350.0 351.0 353.0 354.0 356.0 358.0 359.0 361.0 362.0 364.0 366.0 368.0 370.0 371.0 373.0 374.0 376.0 378.0 380.0 382.0 383.0 385.0 387.0 389.0 391.0 393.0 394.0 396.0 398.0 400.0 402.0 404.0 406.0 408.0 409.0 411.0 413.0 415.0 417.0 419.0 421.0 423.0 424.0 426.0 429.0 431.0 433.0 435.0 437.0 439.0 441.0 443.0 445.0 447.0 449.0 451.0 453.0 455.0 457.0 459.0 461.0 463.0 465.0 467.0 470.0 472.0 474.0 476.0 478.0 481.0 483.0 485.0 487.0 489.0 492.0 494.0 496.0 498.0 500.0 502.0 505.0 507.0 509.0 511.0 2.0 22.0 24.0 25.0 27.0 29.0 30.0 32.0 34.0 36.0 37.0 39.0 40.0 42.0 43.0 45.0 47.0 48.0 50.0 51.0 53.0 54.0 56.0 57.0 58.0 60.0 61.0 62.0 64.0 65.0 66.0 68.0 69.0 70.0 71.0 73.0 74.0 75.0 76.0 77.0 78.0 79.0 80.0 81.0 82.0 83.0 84.0 85.0 86.0 87.0 88.0 89.0 90.0 90.0 91.0 92.0 93.0 94.0 95.0 95.0 96.0 97.0 98.0 98.0 99.0 100.0 100.0 101.0 101.0 102.0 103.0 103.0 103.0 104.0 104.0 105.0 105.0 106.0 106.0 106.0 107.0 107.0 107.0 107.0 108.0 108.0 108.0 109.0 109.0 109.0 109.0 109.0 109.0 109.0 109.0 109.0 109.0 109.0 109.0 109.0 51.0 1780180897.109812
319.0 328.0 329.0 331.0 332.0 333.0 334.0 335.0 337.0 338.0 339.0 341.0 342.0 344.0 345.0 346.0 348.0 349.0 351.0 353.0 354.0 356.0 357.0 359.0 361.0 362.0 364.0 365.0 367.0 369.0 370.0 372.0 374.0 376.0 377.0 379.0 381.0 383.0 384.0 386.0 388.0 390.0 392.0 393.0 395.0 397.0 399.0 400.0 402.0 404.0 406.0 408.0 410.0 412.0 414.0 415.0 417.0 419.0 421.0 423.0 425.0 427.0 429.0 431.0 433.0 435.0 437.0 439.0 441.0 443.0 445.0 447.0 449.0 451.0 453.0 455.0 457.0 459.0 461.0 463.0 465.0 467.0 469.0 472.0 474.0 476.0 478.0 480.0 482.0 484.0 487.0 489.0 491.0 493.0 495.0 497.0 500.0 502.0 504.0 506.0 2.0 22.0 24.0 26.0 27.0 29.0 31.0 33.0 34.0 36.0 38.0 39.0 41.0 43.0 44.0 46.0 47.0 49.0 50.0 52.0 54.0 55.0 57.0 58.0 59.0 61.0 62.0 64.0 65.0 67.0 68.0 70.0 71.0 72.0 73.0 75.0 76.0 77.0 78.0 80.0 81.0 82.0 83.0 84.0 85.0 86.0 88.0 89.0 90.0 91.0 92.0 93.0 94.0 95.0 95.0 96.0 97.0 98.0 99.0 100.0 101.0 101.0 102.0 103.0 104.0 105.0 105.0 106.0 107.0 107.0 108.0 108.0 109.0 110.0 110.0 111.0 111.0 112.0 112.0 113.0 113.0 113.0 114.0 114.0 115.0 115.0 115.0 115.0 116.0 116.0 116.0 116.0 116.0 116.0 116.0 117.0 117.0 117.0 116.0 116.0 52.0 1780180897.125230
319.0 328.0 329.0 330.0 331.0 332.0 333.0 334.0 336.0 337.0 339.0 340.0 341.0 343.0 344.0 345.0 347.0 348.0 350.0 351.0 353.0 354.0 356.0 357.0 359.0 360.0 362.0 363.0 365.0 367.0 368.0 370.0 372.0 373.0 375.0 376.0 378.0 380.0 381.0 383.0 385.0 387.0 389.0 390.0 392.0 394.0 396.0 397.0 399.0 401.0 403.0 405.0 406.0 408.0 410.0 412.0 414.0 416.0 417.0 419.0 421.0 423.0 425.0 427.0 429.0 431.0 433.0 435.0 437.0 439.0 440.0 442.0 444.0 446.0 448.0 450.0 452.0 455.0 456.0 458.0 460.0 462.0 464.0 467.0 469.0 471.0 473.0 475.0 477.0 479.0 481.0 484.0 486.0 488.0 490.0 492.0 494.0 497.0 499.0 501.0 2.0 22.0 24.0 26.0 28.0 29.0 31.0 33.0 34.0 36.0 38.0 39.0 41.0 43.0 45.0 46.0 48.0 50.0 51.0 53.0 54.0 56.0 57.0 59.0 60.0 62.0 64.0 65.0 66.0 68.0 69.0 71.0 72.0 74.0 75.0 77.0 78.0 79.0 81.0 82.0 83.0 85.0 86.0 87.0 88.0 89.0 90.0 92.0 93.0 94.0 95.0 96.0 97.0 98.0 99.0 100.0 101.0 102.0 103.0 104.0 105.0 106.0 107.0 108.0 109.0 109.0 110.0 111.0 112.0 113.0 113.0 114.0 115.0 115.0 116.0 116.0 117.0 118.0 118.0 119.0 120.0 120.0 120.0 121.0 121.0 122.0 122.0 122.0 123.0 123.0 124.0 124.0 124.0 124.0 124.0 125.0 125.0 125.0 125.0 125.0 53.0 1780180897.140547
319.0 328.0 329.0 330.0 331.0 332.0 333.0 334.0 335.0 337.0 338.0 339.0 340.0 342.0 343.0 344.0 346.0 347.0 348.0 350.0 351.0 353.0 354.0 356.0 357.0 359.0 360.0 362.0 363.0 365.0 366.0 368.0 369.0 371.0 373.0 374.0 376.0 377.0 379.0 381.0 382.0 384.0 386.0 387.0 389.0 391.0 392.0 394.0 396.0 398.0 400.0 401.0 403.0 405.0 407.0 408.0 410.0 412.0 414.0 415.0 417.0 419.0 421.0 423.0 425.0 427.0 429.0 430.0 432.0 434.0 436.0 438.0 440.0 442.0 444.0 446.0 448.0 450.0 451.0 453.0 455.0 457.0 459.0 461.0 463.0 465.0 468.0 469.0 471.0 473.0 476.0 478.0 480.0 482.0 484.0 486.0 488.0 490.0 492.0 495.0 2.0 22.0 24.0 26.0 28.0 29.0 31.0 33.0 35.0 37.0 38.0 40.0 41.0 43.0 45.0 46.0 48.0 50.0 51.0 53.0 55.0 56.0 58.0 60.0 61.0 63.0 64.0 66.0 67.0 69.0 71.0 72.0 73.0 75.0 76.0 78.0 79.0 81.0 82.0 83.0 85.0 86.0 88.0 89.0 90.0 92.0 93.0 94.0 95.0 97.0 98.0 99.0 100.0 101.0 102.0 103.0 105.0 106.0 107.0 108.0 109.0 110.0 111.0 112.0 113.0 114.0 115.0 116.0 117.0 117.0 118.0 119.0 120.0 121.0 121.0 122.0 123.0 124.0 124.0 125.0 126.0 126.0 127.0 127.0 128.0 129.0 129.0 130.0 131.0 131.0 131.0 132.0 132.0 133.0 133.0 133.0 134.0 134.0 134.0 134.0 54.0 1780180897.155993
319.0 328.0 329.0 330.0 331.0 332.0 333.0 334.0 335.0 336.0 338.0 339.0 340.0 341.0 343.0 344.0 345.0 347.0 348.0 349.0 351.0 352.0 353.0 355.0 356.0 358.0 359.0 360.0 362.0 363.0 365.0 366.0 368.0 369.0 371.0 372.0 374.0 375.0 377.0 379.0 380.0 382.0 383.0 385.0 387.0 389.0 390.0 392.0 393.0 395.0 397.0 398.0 400.0 402.0 404.0 405.0 407.0 409.0 410.0 412.0 414.0 416.0 418.0 419.0 421.0 423.0 425.0 427.0 429.0 430.0 432.0 434.0 436.0 438.0 440.0 441.0 443.0 445.0 447.0 449.0 451.0 453.0 454.0 456.0 458.0 461.0 462.0 464.0 466.0 468.0 470.0 472.0 474.0 476.0 478.0 480.0 482.0 484.0 486.0 488.0 2.0 22.0 24.0 26.0 27.0 29.0 31.0 33.0 34.0 36.0 38.0 40.0 41.0 43.0 45.0 47.0 48.0 50.0 52.0 53.0 55.0 56.0 58.0 60.0 61.0 63.0 64.0 66.0 68.0 69.0 71.0 72.0 74.0 76.0 77.0 79.0 80.0 82.0 83.0 85.0 86.0 87.0 89.0 90.0 92.0 93.0 94.0 96.0 97.0 98.0 100.0 101.0 102.0 104.0 105.0 106.0 108.0 109.0 110.0 111.0 112.0 113.0 114.0 116.0 117.0 117.0 119.0 120.0 121.0 122.0 123.0 123.0 125.0 126.0 126.0 127.0 128.0 129.0 130.0 131.0 132.0 132.0 133.0 134.0 135.0 136.0 137.0 137.0 138.0 139.0 139.0 140.0 140.0 141.0 141.0 142.0 143.0 143.0 143.0 143.0 55.0 1780180897.171498
319.0 328.0 329.0 330.0 332.0 333.0 334.0 335.0 336.0 337.0 338.0 340.0 341.0 342.0 344.0 345.0 346.0 347.0 349.0 350.0 351.0 353.0 354.0 355.0 357.0 358.0 360.0 361.0 363.0 364.0 365.0 367.0 368.0 370.0 372.0 373.0 375.0 376.0 377.0 379.0 381.0 382.0 384.0 385.0 387.0 389.0 390.0 392.0 394.0 395.0 397.0 399.0 400.0 402.0 403.0 405.0 407.0 409.0 410.0 412.0 414.0 415.0 417.0 419.0 420.0 422.0 424.0 426.0 428.0 430.0 431.0 433.0 435.0 437.0 439.0 440.0 442.0 444.0 446.0 447.0 449.0 451.0 453.0 455.0 457.0 459.0 460.0 462.0 464.0 466.0 468.0 470.0 472.0 473.0 475.0 477.0 479.0 482.0 483.0 485.0 2.0 22.0 24.0 26.0 28.0 29.0 31.0 33.0 35.0 37.0 38.0 40.0 42.0 43.0 45.0 47.0 49.0 50.0 52.0 54.0 56.0 57.0 59.0 60.0 62.0 64.0 65.0 67.0 69.0 70.0 72.0 74.0 75.0 77.0 78.0 80.0 81.0 83.0 85.0 86.0 88.0 89.0 91.0 92.0 94.0 95.0 97.0 98.0 99.0 101.0 102.0 104.0 105.0 107.0 108.0 109.0 111.0 112.0 113.0 115.0 116.0 117.0 119.0 120.0 121.0 122.0 124.0 125.0 126.0 127.0 128.0 129.0 131.0 132.0 133.0 134.0 135.0 136.0 137.0 138.0 140.0 140.0 142.0 143.0 144.0 145.0 146.0 147.0 148.0 149.0 149.0 150.0 151.0 152.0 153.0 154.0 155.0 155.0 156.0 156.0 56.0 1780180897.186984
319.0 329.0 331.0 332.0 333.0 334.0 335.0 336.0 338.0 339.0 340.0 342.0 343.0 344.0 346.0 347.0 348.0 350.0 351.0 352.0 354.0 355.0 357.0 358.0 359.0 361.0 362.0 364.0 365.0 366.0 368.0 369.0 370.0 372.0 373.0 375.0 377.0 378.0 379.0 381.0 382.0 384.0 385.0 387.0 389.0 390.0 392.0 393.0 395.0 396.0 398.0 399.0 401.0 403.0 404.0 406.0 407.0 409.0 411.0 412.0 413.0 415.0 417.0 418.0 420.0 422.0 423.0 425.0 426.0 428.0 430.0 431.0 433.0 435.0 436.0 438.0 439.0 441.0 443.0 444.0 446.0 447.0 449.0 451.0 452.0 454.0 456.0 457.0 459.0 460.0 462.0 464.0 465.0 467.0 469.0 471.0 472.0 474.0 476.0 478.0 2.0 22.0 24.0 26.0 27.0 29.0 31.0 33.0 34.0 36.0 38.0 40.0 41.0 43.0 45.0 47.0 48.0 50.0 52.0 54.0 55.0 57.0 59.0 60.0 62.0 64.0 65.0 67.0 68.0 70.0 72.0 74.0 75.0 77.0 78.0 80.0 82.0 83.0 85.0 86.0 88.0 90.0 91.0 93.0 94.0 96.0 98.0 99.0 100.0 102.0 104.0 105.0 107.0 108.0 110.0 111.0 113.0 114.0 116.0 117.0 118.0 120.0 121.0 123.0 124.0 125.0 127.0 129.0 130.0 131.0 132.0 134.0 135.0 136.0 138.0 139.0 140.0 142.0 143.0 144.0 146.0 147.0 148.0 150.0 151.0 152.0 153.0 155.0 156.0 157.0 158.0 160.0 161.0 162.0 163.0 164.0 165.0 166.0 167.0 168.0 57.0 1780180897.202305
319.0 331.0 332.0 333.0 334.0 336.0 337.0 338.0 340.0 341.0 342.0 344.0 345.0 347.0 348.0 349.0 351.0 352.0 354.0 355.0 356.0 358.0 359.0 360.0 362.0 363.0 365.0 366.0 368.0 369.0 370.0 372.0 373.0 374.0 376.0 377.0 379.0 380.0 382.0 383.0 384.0 386.0 387.0 389.0 390.0 392.0 393.0 395.0 396.0 397.0 399.0 400.0 402.0 403.0 405.0 406.0 407.0 409.0 411.0 412.0 413.0 415.0 416.0 418.0 419.0 421.0 422.0 423.0 425.0 426.0 428.0 429.0 431.0 432.0 433.0 434.0 436.0 438.0 439.0 440.0 442.0 443.0 444.0 446.0 447.0 449.0 450.0 451.0 453.0 454.0 455.0 457.0 458.0 460.0 461.0 463.0 464.0 466.0 468.0 469.0 2.0 22.0 23.0 25.0 27.0 29.0 31.0 32.0 34.0 36.0 37.0 39.0 41.0 42.0 44.0 46.0 48.0 49.0 51.0 53.0 54.0 56.0 58.0 60.0 61.0 63.0 65.0 67.0 68.0 70.0 72.0 73.0 75.0 77.0 78.0 80.0 82.0 83.0 85.0 87.0 88.0 90.0 92.0 93.0 95.0 97.0 98.0 100.0 101.0 103.0 105.0 106.0 108.0 110.0 111.0 113.0 114.0 116.0 118.0 119.0 121.0 122.0 124.0 125.0 127.0 128.0 130.0 132.0 133.0 135.0 136.0 138.0 139.0 141.0 142.0 143.0 145.0 147.0 148.0 150.0 151.0 153.0 154.0 156.0 157.0 159.0 160.0 162.0 163.0 165.0 166.0 168.0 169.0 170.0 172.0 173.0 174.0 175.0 177.0 178.0 58.0 1780180897.223276
319.0 331.0 332.0 334.0 335.0 336.0 337.0 339.0 340.0 342.0 343.0 345.0 346.0 347.0 349.0 350.0 352.0 353.0 355.0 356.0 357.0 359.0 360.0 362.0 363.0 365.0 366.0 367.0 369.0 370.0 371.0 373.0 374.0 375.0 377.0 378.0 380.0 381.0 382.0 384.0 385.0 386.0 388.0 389.0 390.0 392.0 393.0 394.0 395.0 396.0 398.0 399.0 400.0 401.0 403.0 404.0 405.0 406.0 407.0 409.0 410.0 411.0 412.0 413.0 414.0 416.0 417.0 417.0 419.0 420.0 421.0 422.0 423.0 424.0 425.0 426.0 427.0 429.0 430.0 431.0 432.0 433.0 434.0 435.0 436.0 437.0 438.0 439.0 440.0 441.0 442.0 443.0 445.0 446.0 447.0 448.0 450.0 451.0 452.0 453.0 2.0 22.0 23.0 25.0 27.0 29.0 30.0 32.0 34.0 36.0 37.0 39.0 41.0 42.0 44.0 46.0 48.0 49.0 51.0 53.0 54.0 56.0 58.0 60.0 61.0 63.0 65.0 67.0 68.0 70.0 71.0 73.0 75.0 77.0 78.0 80.0 82.0 84.0 85.0 87.0 89.0 90.0 92.0 94.0 96.0 97.0 99.0 101.0 102.0 104.0 106.0 108.0 109.0 111.0 113.0 114.0 116.0 118.0 120.0 122.0 123.0 125.0 127.0 129.0 130.0 132.0 134.0 136.0 137.0 139.0 141.0 142.0 144.0 146.0 147.0 149.0 151.0 153.0 154.0 156.0 158.0 159.0 161.0 163.0 164.0 166.0 168.0 170.0 171.0 173.0 174.0 176.0 178.0 179.0 181.0 183.0 184.0 185.0 187.0 188.0 59.0 1780180897.248972
319.0 330.0 331.0 332.0 334.0 335.0 336.0 337.0 339.0 340.0 341.0 343.0 344.0 345.0 347.0 348.0 349.0 351.0 352.0 353.0 355.0 356.0 357.0 359.0 360.0 361.0 363.0 364.0 365.0 366.0 368.0 369.0 370.0 371.0 373.0 374.0 375.0 377.0 378.0 379.0 380.0 381.0 382.0 384.0 385.0 386.0 387.0 388.0 389.0 390.0 391.0 392.0 394.0 394.0 396.0 396.0 397.0 399.0 400.0 400.0 401.0 402.0 403.0 404.0 405.0 406.0 407.0 407.0 408.0 409.0 410.0 411.0 412.0 412.0 413.0 414.0 415.0 416.0 416.0 417.0 417.0 418.0 419.0 419.0 420.0 421.0 422.0 422.0 423.0 424.0 424.0 425.0 426.0 427.0 427.0 428.0 429.0 430.0 431.0 432.0 2.0 22.0 24.0 26.0 27.0 29.0 31.0 32.0 34.0 36.0 37.0 39.0 41.0 43.0 45.0 46.0 48.0 50.0 51.0 53.0 55.0 57.0 58.0 60.0 62.0 63.0 65.0 67.0 69.0 71.0 73.0 74.0 76.0 78.0 79.0 81.0 83.0 85.0 86.0 88.0 90.0 92.0 94.0 95.0 97.0 99.0 101.0 102.0 104.0 106.0 108.0 110.0 111.0 113.0 115.0 117.0 119.0 120.0 122.0 124.0 126.0 128.0 130.0 132.0 133.0 135.0 137.0 139.0 141.0 143.0 145.0 146.0 148.0 150.0 152.0 154.0 156.0 157.0 159.0 161.0 163.0 165.0 167.0 169.0 170.0 172.0 174.0 176.0 178.0 179.0 181.0 183.0 185.0 187.0 189.0 190.0 192.0 194.0 195.0 197.0 60.0 1780180897.264070
319.0 329.0 330.0 331.0 332.0 333.0 334.0 335.0 336.0 338.0 339.0 340.0 341.0 342.0 343.0 344.0 346.0 347.0 348.0 349.0 350.0 351.0 352.0 353.0 355.0 356.0 357.0 358.0 359.0 360.0 361.0 362.0 363.0 364.0 365.0 366.0 368.0 369.0 370.0 371.0 371.0 373.0 374.0 375.0 376.0 377.0 378.0 378.0 379.0 380.0 381.0 382.0 383.0 384.0 385.0 386.0 386.0 387.0 388.0 389.0 390.0 390.0 391.0 392.0 393.0 393.0 394.0 395.0 395.0 396.0 397.0 398.0 398.0 399.0 399.0 400.0 400.0 401.0 401.0 402.0 402.0 403.0 403.0 404.0 404.0 405.0 405.0 406.0 406.0 406.0 407.0 407.0 408.0 408.0 409.0 409.0 410.0 410.0 411.0 411.0 2.0 22.0 24.0 25.0 27.0 29.0 31.0 33.0 34.0 36.0 38.0 40.0 41.0 43.0 45.0 46.0 48.0 50.0 52.0 54.0 55.0 57.0 59.0 61.0 63.0 64.0 66.0 68.0 70.0 71.0 73.0 75.0 77.0 79.0 80.0 82.0 84.0 86.0 87.0 89.0 91.0 93.0 95.0 96.0 98.0 100.0 102.0 104.0 106.0 107.0 109.0 111.0 113.0 115.0 116.0 118.0 120.0 122.0 124.0 126.0 128.0 130.0 132.0 133.0 135.0 137.0 139.0 141.0 143.0 145.0 147.0 148.0 150.0 152.0 154.0 156.0 158.0 160.0 162.0 164.0 166.0 168.0 170.0 171.0 173.0 175.0 177.0 179.0 181.0 183.0 184.0 186.0 188.0 190.0 192.0 194.0 196.0 198.0 199.0 201.0 61.0 1780180897.279937
319.0 327.0 328.0 329.0 329.0 330.0 331.0 332.0 333.0 334.0 335.0 336.0 336.0 337.0 338.0 339.0 340.0 341.0 342.0 343.0 344.0 345.0 346.0 346.0 347.0 348.0 349.0 350.0 351.0 352.0 352.0 353.0 354.0 355.0 356.0 357.0 358.0 358.0 359.0 360.0 360.0 361.0 362.0 363.0 364.0 364.0 365.0 366.0 367.0 367.0 368.0 369.0 370.0 370.0 371.0 372.0 372.0 373.0 373.0 374.0 375.0 375.0 376.0 376.0 377.0 378.0 378.0 379.0 379.0 380.0 380.0 381.0 381.0 382.0 382.0 382.0 383.0 384.0 384.0 384.0 384.0 385.0 385.0 386.0 386.0 387.0 387.0 387.0 388.0 388.0 388.0 388.0 389.0 389.0 389.0 390.0 390.0 390.0 390.0 391.0 2.0 22.0 23.0 25.0 27.0 29.0 31.0 32.0 34.0 36.0 37.0 39.0 41.0 43.0 45.0 46.0 48.0 50.0 52.0 54.0 55.0 57.0 59.0 61.0 62.0 64.0 66.0 68.0 69.0 71.0 73.0 75.0 77.0 79.0 80.0 82.0 84.0 85.0 87.0 89.0 91.0 93.0 94.0 96.0 98.0 100.0 102.0 103.0 105.0 107.0 109.0 111.0 113.0 114.0 116.0 118.0 120.0 122.0 124.0 126.0 128.0 130.0 131.0 133.0 135.0 137.0 139.0 141.0 143.0 144.0 146.0 148.0 150.0 152.0 154.0 155.0 158.0 159.0 161.0 163.0 165.0 167.0 169.0 171.0 173.0 174.0 177.0 178.0 180.0 182.0 184.0 186.0 188.0 190.0 191.0 193.0 195.0 197.0 199.0 200.0 62.0 1780180897.300293
319.0 325.0 326.0 326.0 326.0 327.0 328.0 328.0 329.0 329.0 330.0 331.0 331.0 332.0 333.0 333.0 334.0 334.0 335.0 336.0 336.0 337.0 338.0 338.0 339.0 340.0 340.0 341.0 341.0 342.0 342.0 343.0 343.0 344.0 344.0 345.0 346.0 346.0 347.0 347.0 348.0 348.0 349.0 350.0 350.0 351.0 351.0 352.0 352.0 353.0 353.0 354.0 354.0 354.0 355.0 355.0 356.0 356.0 357.0 357.0 358.0 358.0 358.0 359.0 359.0 360.0 360.0 360.0 360.0 361.0 361.0 362.0 362.0 362.0 363.0 363.0 363.0 364.0 364.0 364.0 364.0 365.0 365.0 365.0 365.0 366.0 366.0 366.0 366.0 366.0 366.0 367.0 367.0 367.0 367.0 368.0 368.0 368.0 368.0 368.0 2.0 21.0 23.0 25.0 27.0 28.0 30.0 32.0 34.0 35.0 37.0 39.0 40.0 42.0 44.0 45.0 47.0 49.0 51.0 52.0 54.0 56.0 57.0 59.0 61.0 63.0 64.0 66.0 68.0 69.0 71.0 73.0 75.0 76.0 78.0 80.0 82.0 83.0 85.0 87.0 88.0 90.0 92.0 93.0 95.0 97.0 99.0 101.0 102.0 104.0 106.0 108.0 109.0 111.0 113.0 115.0 117.0 118.0 120.0 122.0 124.0 126.0 127.0 129.0 131.0 132.0 134.0 136.0 138.0 140.0 141.0 143.0 145.0 147.0 148.0 150.0 152.0 154.0 156.0 157.0 160.0 161.0 163.0 165.0 166.0 168.0 170.0 172.0 173.0 175.0 177.0 179.0 181.0 182.0 184.0 186.0 188.0 190.0 191.0 193.0 63.0 1780180897.315707
319.0 322.0 323.0 323.0 323.0 323.0 323.0 324.0 324.0 324.0 325.0 325.0 325.0 326.0 326.0 326.0 327.0 327.0 328.0 328.0 328.0 328.0 329.0 329.0 329.0 330.0 330.0 330.0 331.0 331.0 331.0 331.0 332.0 332.0 332.0 332.0 333.0 333.0 333.0 334.0 334.0 334.0 334.0 335.0 335.0 335.0 335.0 336.0 336.0 336.0 336.0 337.0 337.0 337.0 337.0 338.0 338.0 338.0 338.0 338.0 339.0 339.0 339.0 339.0 339.0 340.0 340.0 340.0 340.0 340.0 341.0 341.0 341.0 341.0 341.0 342.0 342.0 342.0 342.0 342.0 343.0 343.0 343.0 343.0 343.0 344.0 344.0 344.0 344.0 344.0 344.0 344.0 344.0 345.0 345.0 345.0 345.0 345.0 345.0 345.0 2.0 21.0 23.0 25.0 27.0 28.0 30.0 32.0 34.0 36.0 37.0 39.0 40.0 42.0 44.0 46.0 47.0 49.0 51.0 52.0 54.0 56.0 58.0 59.0 61.0 63.0 65.0 66.0 68.0 70.0 72.0 73.0 75.0 77.0 79.0 81.0 82.0 84.0 85.0 87.0 89.0 91.0 93.0 94.0 96.0 98.0 100.0 101.0 103.0 105.0 106.0 108.0 110.0 112.0 114.0 115.0 117.0 119.0 121.0 123.0 124.0 126.0 128.0 130.0 132.0 133.0 135.0 137.0 139.0 141.0 142.0 144.0 146.0 148.0 150.0 151.0 153.0 155.0 157.0 159.0 161.0 163.0 164.0 166.0 168.0 170.0 172.0 173.0 175.0 177.0 179.0 181.0 183.0 184.0 186.0 188.0 190.0 192.0 194.0 195.0 64.0 1780180897.331290
319.0 319.0 319.0 319.0 319.0 319.0 319.0 319.0 319.0 319.0 319.0 319.0 319.0 319.0 319.0 319.0 318.0 319.0 319.0 318.0 318.0 318.0 318.0 319.0 318.0 318.0 318.0 318.0 318.0 318.0 318.0 318.0 318.0 318.0 318.0 318.0 318.0 318.0 318.0 318.0 318.0 318.0 318.0 318.0 318.0 318.0 318.0 318.0 318.0 318.0 318.0 318.0 318.0 318.0 318.0 318.0 318.0 318.0 318.0 318.0 318.0 318.0 318.0 318.0 318.0 318.0 318.0 318.0 318.0 318.0 318.0 318.0 318.0 318.0 318.0 319.0 319.0 319.0 319.0 319.0 319.0 319.0 319.0 319.0 320.0 320.0 320.0 320.0 320.0 320.0 320.0 320.0 320.0 320.0 320.0 321.0 321.0 321.0 321.0 322.0 2.0 22.0 23.0 25.0 27.0 28.0 30.0 32.0 34.0 36.0 37.0 39.0 41.0 43.0 44.0 46.0 48.0 49.0 51.0 53.0 55.0 56.0 58.0 60.0 62.0 64.0 65.0 67.0 69.0 70.0 72.0 74.0 76.0 77.0 79.0 81.0 83.0 84.0 86.0 88.0 90.0 92.0 94.0 95.0 97.0 99.0 101.0 102.0 104.0 106.0 108.0 110.0 111.0 113.0 115.0 117.0 119.0 120.0 122.0 124.0 126.0 128.0 130.0 132.0 134.0 135.0 137.0 139.0 141.0 143.0 145.0 147.0 148.0 150.0 152.0 154.0 156.0 158.0 160.0 162.0 164.0 166.0 168.0 170.0 171.0 173.0 175.0 177.0 179.0 181.0 183.0 185.0 187.0 188.0 190.0 192.0 194.0 196.0 198.0 200.0 65.0 1780180897.346686
319.0 316.0 316.0 316.0 315.0 315.0 315.0 314.0 314.0 314.0 314.0 313.0 313.0 312.0 312.0 311.0 311.0 311.0 311.0 310.0 310.0 309.0 309.0 309.0 309.0 308.0 308.0 308.0 308.0 307.0 307.0 306.0 306.0 306.0 305.0 305.0 305.0 304.0 304.0 304.0 304.0 304.0 303.0 303.0 303.0 302.0 302.0 302.0 302.0 301.0 301.0 301.0 301.0 300.0 301.0 300.0 300.0 300.0 300.0 299.0 299.0 299.0 299.0 299.0 299.0 299.0 299.0 298.0 298.0 298.0 298.0 298.0 298.0 298.0 298.0 298.0 298.0 298.0 298.0 298.0 298.0 298.0 298.0 298.0 298.0 298.0 298.0 298.0 298.0 298.0 298.0 298.0 298.0 298.0 298.0 298.0 299.0 299.0 299.0 299.0 2.0 21.0 23.0 25.0 27.0 28.0 30.0 32.0 34.0 35.0 37.0 39.0 40.0 42.0 44.0 46.0 47.0 49.0 51.0 53.0 55.0 56.0 58.0 60.0 62.0 63.0 65.0 67.0 68.0 70.0 72.0 74.0 75.0 77.0 79.0 81.0 82.0 84.0 86.0 88.0 90.0 91.0 93.0 95.0 97.0 98.0 100.0 102.0 104.0 106.0 108.0 110.0 111.0 113.0 115.0 116.0 118.0 120.0 122.0 124.0 126.0 128.0 130.0 131.0 133.0 135.0 137.0 139.0 141.0 143.0 145.0 147.0 149.0 151.0 152.0 154.0 156.0 158.0 160.0 162.0 164.0 166.0 168.0 170.0 172.0 174.0 176.0 178.0 180.0 182.0 184.0 186.0 188.0 190.0 191.0 193.0 195.0 198.0 199.0 201.0 66.0 1780180897.362275
319.0 315.0 314.0 313.0 313.0 312.0 311.0 311.0 310.0 310.0 309.0 308.0 308.0 307.0 306.0 306.0 305.0 305.0 304.0 304.0 303.0 302.0 302.0 301.0 301.0 300.0 299.0 299.0 298.0 298.0 297.0 296.0 296.0 295.0 295.0 294.0 294.0 293.0 293.0 292.0 292.0 291.0 291.0 290.0 290.0 289.0 289.0 289.0 288.0 287.0 287.0 287.0 286.0 286.0 286.0 285.0 285.0 284.0 284.0 284.0 283.0 283.0 283.0 283.0 282.0 282.0 282.0 281.0 281.0 280.0 280.0 280.0 280.0 280.0 280.0 279.0 279.0 279.0 279.0 279.0 279.0 278.0 278.0 278.0 278.0 278.0 278.0 278.0 278.0 277.0 277.0 278.0 278.0 277.0 277.0 277.0 278.0 278.0 278.0 278.0 2.0 21.0 23.0 25.0 26.0 28.0 30.0 32.0 33.0 35.0 37.0 39.0 40.0 42.0 44.0 45.0 47.0 49.0 50.0 52.0 54.0 55.0 57.0 59.0 61.0 62.0 64.0 66.0 68.0 69.0 71.0 73.0 74.0 76.0 78.0 80.0 82.0 83.0 85.0 87.0 89.0 90.0 92.0 94.0 96.0 97.0 99.0 101.0 103.0 105.0 106.0 108.0 110.0 112.0 114.0 115.0 117.0 119.0 121.0 123.0 125.0 127.0 128.0 130.0 132.0 134.0 136.0 138.0 140.0 142.0 144.0 146.0 148.0 150.0 151.0 153.0 155.0 157.0 159.0 161.0 163.0 165.0 167.0 169.0 171.0 173.0 175.0 177.0 179.0 181.0 183.0 185.0 187.0 189.0 191.0 193.0 195.0 197.0 199.0 201.0 67.0 1780180897.377605
319.0 313.0 312.0 311.0 311.0 310.0 309.0 308.0 307.0 306.0 306.0 305.0 304.0 303.0 302.0 302.0 301.0 300.0 299.0 299.0 297.0 297.0 296.0 295.0 294.0 294.0 293.0 292.0 291.0 291.0 290.0 289.0 288.0 287.0 286.0 286.0 285.0 284.0 283.0 283.0 282.0 282.0 281.0 280.0 279.0 279.0 278.0 278.0 277.0 276.0 276.0 275.0 275.0 274.0 274.0 273.0 272.0 272.0 271.0 271.0 270.0 269.0 269.0 269.0 268.0 267.0 267.0 267.0 266.0 266.0 265.0 265.0 265.0 264.0 264.0 263.0 263.0 263.0 262.0 262.0 262.0 261.0 261.0 261.0 261.0 260.0 260.0 260.0 260.0 259.0 259.0 259.0 259.0 258.0 258.0 258.0 258.0 258.0 258.0 258.0 2.0 21.0 23.0 25.0 26.0 28.0 30.0 31.0 33.0 35.0 37.0 38.0 40.0 42.0 43.0 45.0 47.0 49.0 50.0 52.0 54.0 55.0 57.0 59.0 60.0 62.0 64.0 65.0 67.0 69.0 71.0 72.0 74.0 76.0 77.0 79.0 81.0 83.0 84.0 86.0 88.0 90.0 91.0 93.0 95.0 97.0 98.0 100.0 102.0 104.0 105.0 107.0 109.0 111.0 113.0 114.0 116.0 118.0 120.0 122.0 124.0 126.0 127.0 129.0 131.0 133.0 135.0 137.0 139.0 141.0 142.0 144.0 146.0 148.0 150.0 152.0 154.0 156.0 158.0 160.0 162.0 164.0 166.0 168.0 169.0 171.0 173.0 175.0 177.0 179.0 181.0 183.0 185.0 187.0 189.0 191.0 193.0 195.0 197.0 199.0 68.0 1780180897.393046
319.0 312.0 311.0 310.0 309.0 308.0 307.0 306.0 305.0 304.0 303.0 303.0 301.0 300.0 300.0 299.0 297.0 297.0 296.0 295.0 294.0 293.0 292.0 291.0 290.0 289.0 288.0 287.0 287.0 286.0 285.0 284.0 283.0 282.0 281.0 280.0 279.0 278.0 277.0 277.0 276.0 275.0 274.0 273.0 272.0 271.0 271.0 270.0 269.0 268.0 267.0 267.0 266.0 265.0 264.0 264.0 263.0 262.0 261.0 260.0 260.0 259.0 258.0 258.0 257.0 256.0 256.0 255.0 254.0 254.0 253.0 253.0 252.0 251.0 251.0 250.0 250.0 249.0 248.0 248.0 247.0 247.0 246.0 246.0 245.0 245.0 244.0 244.0 243.0 243.0 243.0 242.0 242.0 241.0 241.0 241.0 240.0 240.0 240.0 240.0 2.0 21.0 23.0 25.0 26.0 28.0 30.0 31.0 33.0 35.0 36.0 38.0 40.0 41.0 43.0 45.0 46.0 48.0 50.0 52.0 54.0 55.0 57.0 59.0 60.0 62.0 64.0 65.0 67.0 69.0 70.0 72.0 74.0 75.0 77.0 79.0 80.0 82.0 84.0 85.0 87.0 89.0 91.0 93.0 94.0 96.0 98.0 100.0 101.0 103.0 105.0 106.0 108.0 110.0 112.0 113.0 115.0 117.0 119.0 121.0 123.0 124.0 126.0 128.0 130.0 131.0 133.0 135.0 137.0 139.0 141.0 142.0 144.0 146.0 148.0 150.0 152.0 154.0 156.0 157.0 159.0 161.0 163.0 165.0 167.0 169.0 171.0 173.0 174.0 176.0 178.0 180.0 182.0 184.0 186.0 188.0 190.0 192.0 194.0 196.0 69.0 1780180897.413683
319.0 311.0 310.0 309.0 308.0 307.0 306.0 305.0 304.0 302.0 302.0 301.0 299.0 298.0 297.0 296.0 295.0 294.0 293.0 292.0 291.0 290.0 289.0 288.0 287.0 286.0 285.0 284.0 283.0 282.0 281.0 280.0 279.0 277.0 276.0 276.0 274.0 273.0 272.0 271.0 270.0 270.0 268.0 267.0 266.0 265.0 264.0 264.0 262.0 261.0 261.0 260.0 259.0 257.0 257.0 256.0 255.0 254.0 253.0 252.0 251.0 250.0 249.0 249.0 247.0 247.0 246.0 245.0 244.0 243.0 242.0 241.0 241.0 239.0 239.0 238.0 237.0 236.0 235.0 235.0 234.0 233.0 232.0 231.0 231.0 230.0 229.0 228.0 228.0 227.0 226.0 225.0 225.0 224.0 224.0 223.0 222.0 222.0 221.0 221.0 2.0 21.0 23.0 25.0 26.0 28.0 30.0 32.0 34.0 35.0 37.0 39.0 40.0 42.0 44.0 45.0 47.0 49.0 51.0 52.0 54.0 56.0 58.0 59.0 61.0 63.0 65.0 66.0 68.0 70.0 71.0 73.0 75.0 76.0 78.0 80.0 82.0 83.0 85.0 87.0 89.0 91.0 92.0 94.0 96.0 97.0 99.0 101.0 103.0 104.0 106.0 108.0 110.0 112.0 113.0 115.0 117.0 119.0 120.0 122.0 124.0 126.0 128.0 129.0 131.0 133.0 135.0 136.0 138.0 140.0 142.0 143.0 145.0 147.0 149.0 151.0 153.0 155.0 156.0 158.0 160.0 162.0 164.0 166.0 167.0 169.0 171.0 173.0 175.0 177.0 179.0 181.0 182.0 184.0 186.0 188.0 190.0 192.0 194.0 196.0 70.0 1780180897.428901
319.0 310.0 309.0 308.0 307.0 306.0 305.0 304.0 303.0 302.0 301.0 300.0 298.0 297.0 296.0 295.0 294.0 293.0 292.0 291.0 290.0 289.0 288.0 286.0 285.0 284.0 283.0 282.0 281.0 280.0 279.0 278.0 277.0 275.0 274.0 274.0 272.0 271.0 270.0 269.0 268.0 267.0 266.0 265.0 264.0 262.0 262.0 261.0 259.0 258.0 257.0 256.0 255.0 254.0 253.0 252.0 251.0 250.0 249.0 247.0 247.0 245.0 244.0 244.0 242.0 241.0 240.0 239.0 238.0 237.0 236.0 235.0 234.0 233.0 232.0 230.0 230.0 229.0 227.0 226.0 225.0 224.0 223.0 222.0 221.0 220.0 219.0 218.0 217.0 216.0 215.0 214.0 213.0 212.0 211.0 210.0 209.0 209.0 208.0 207.0 2.0 21.0 23.0 25.0 26.0 28.0 30.0 32.0 34.0 35.0 37.0 39.0 40.0 42.0 44.0 45.0 47.0 49.0 50.0 52.0 54.0 55.0 57.0 59.0 61.0 62.0 64.0 66.0 68.0 69.0 71.0 73.0 75.0 76.0 78.0 80.0 81.0 83.0 85.0 87.0 88.0 90.0 92.0 93.0 95.0 97.0 98.0 100.0 102.0 104.0 105.0 107.0 109.0 111.0 112.0 114.0 116.0 117.0 119.0 121.0 123.0 125.0 126.0 128.0 129.0 131.0 133.0 135.0 137.0 138.0 140.0 142.0 143.0 145.0 147.0 148.0 150.0 152.0 154.0 155.0 157.0 159.0 161.0 162.0 164.0 166.0 168.0 169.0 171.0 173.0 174.0 176.0 178.0 179.0 181.0 183.0 185.0 186.0 188.0 190.0 71.0 1780180897.449611
319.0 310.0 309.0 308.0 307.0 306.0 305.0 304.0 303.0 302.0 301.0 300.0 298.0 297.0 296.0 295.0 294.0 293.0 292.0 291.0 289.0 288.0 287.0 286.0 285.0 284.0 283.0 281.0 280.0 279.0 278.0 277.0 275.0 274.0 273.0 272.0 271.0 270.0 269.0 267.0 266.0 265.0 264.0 263.0 261.0 260.0 259.0 258.0 256.0 256.0 254.0 253.0 252.0 251.0 249.0 248.0 247.0 246.0 245.0 243.0 242.0 241.0 240.0 239.0 237.0 236.0 235.0 233.0 232.0 231.0 230.0 229.0 227.0 226.0 225.0 223.0 222.0 221.0 220.0 218.0 217.0 216.0 215.0 214.0 212.0 211.0 210.0 208.0 207.0 206.0 205.0 204.0 202.0 201.0 200.0 199.0 197.0 197.0 195.0 194.0 2.0 21.0 23.0 25.0 27.0 28.0 30.0 32.0 34.0 35.0 37.0 39.0 40.0 42.0 44.0 46.0 47.0 49.0 51.0 52.0 54.0 56.0 58.0 59.0 61.0 63.0 64.0 66.0 68.0 69.0 71.0 73.0 74.0 76.0 78.0 80.0 81.0 83.0 85.0 86.0 88.0 90.0 91.0 93.0 95.0 96.0 98.0 100.0 101.0 103.0 105.0 106.0 108.0 110.0 111.0 113.0 115.0 116.0 118.0 120.0 121.0 123.0 125.0 126.0 128.0 129.0 131.0 133.0 134.0 136.0 137.0 139.0 141.0 142.0 144.0 145.0 147.0 148.0 150.0 151.0 153.0 154.0 156.0 157.0 159.0 160.0 162.0 163.0 165.0 166.0 168.0 169.0 171.0 172.0 174.0 175.0 177.0 178.0 180.0 181.0 72.0 1780180897.465087
319.0 310.0 309.0 308.0 307.0 306.0 305.0 304.0 303.0 302.0 301.0 300.0 298.0 297.0 296.0 295.0 293.0 292.0 291.0 290.0 289.0 288.0 287.0 285.0 284.0 283.0 282.0 281.0 279.0 278.0 277.0 276.0 274.0 273.0 272.0 271.0 269.0 268.0 267.0 265.0 264.0 263.0 261.0 260.0 258.0 257.0 256.0 255.0 253.0 252.0 251.0 249.0 248.0 247.0 245.0 244.0 242.0 241.0 240.0 238.0 237.0 235.0 234.0 233.0 231.0 230.0 228.0 227.0 226.0 224.0 223.0 221.0 220.0 218.0 217.0 215.0 214.0 213.0 211.0 210.0 208.0 207.0 205.0 204.0 202.0 201.0 200.0 198.0 197.0 195.0 194.0 192.0 191.0 190.0 188.0 187.0 185.0 184.0 183.0 181.0 2.0 22.0 24.0 25.0 27.0 29.0 30.0 32.0 34.0 36.0 37.0 39.0 41.0 42.0 44.0 46.0 48.0 49.0 51.0 53.0 55.0 56.0 58.0 60.0 61.0 63.0 65.0 66.0 68.0 70.0 71.0 73.0 75.0 76.0 78.0 80.0 82.0 83.0 85.0 87.0 88.0 90.0 91.0 93.0 95.0 96.0 98.0 99.0 101.0 103.0 104.0 106.0 107.0 109.0 110.0 112.0 113.0 115.0 116.0 118.0 119.0 121.0 122.0 124.0 125.0 127.0 128.0 129.0 131.0 132.0 134.0 135.0 137.0 138.0 139.0 141.0 142.0 144.0 145.0 146.0 148.0 149.0 150.0 152.0 153.0 154.0 155.0 157.0 158.0 159.0 160.0 162.0 163.0 164.0 165.0 167.0 168.0 170.0 171.0 172.0 73.0 1780180897.480432
319.0 311.0 310.0 309.0 308.0 306.0 305.0 304.0 303.0 302.0 301.0 299.0 298.0 297.0 296.0 295.0 293.0 292.0 291.0 290.0 288.0 287.0 286.0 285.0 284.0 282.0 281.0 280.0 278.0 277.0 275.0 274.0 273.0 271.0 270.0 269.0 267.0 266.0 264.0 263.0 261.0 260.0 259.0 257.0 256.0 254.0 253.0 252.0 250.0 249.0 247.0 245.0 244.0 243.0 241.0 240.0 238.0 237.0 235.0 233.0 232.0 230.0 229.0 227.0 226.0 224.0 223.0 221.0 220.0 218.0 216.0 215.0 213.0 212.0 210.0 208.0 207.0 206.0 204.0 202.0 201.0 199.0 198.0 196.0 194.0 193.0 191.0 189.0 188.0 186.0 185.0 183.0 181.0 180.0 178.0 177.0 175.0 174.0 172.0 170.0 2.0 22.0 24.0 26.0 27.0 29.0 31.0 32.0 34.0 36.0 37.0 39.0 41.0 43.0 44.0 46.0 48.0 49.0 51.0 53.0 55.0 56.0 58.0 60.0 61.0 63.0 65.0 66.0 68.0 70.0 71.0 73.0 75.0 76.0 78.0 79.0 81.0 83.0 84.0 86.0 87.0 89.0 90.0 92.0 94.0 95.0 97.0 98.0 99.0 101.0 102.0 104.0 105.0 107.0 108.0 109.0 111.0 112.0 113.0 115.0 116.0 118.0 119.0 120.0 122.0 123.0 124.0 125.0 127.0 128.0 129.0 130.0 132.0 133.0 134.0 135.0 136.0 138.0 139.0 140.0 141.0 142.0 144.0 145.0 146.0 147.0 148.0 149.0 150.0 151.0 152.0 153.0 154.0 156.0 157.0 158.0 159.0 160.0 161.0 163.0 74.0 1780180897.496023
319.0 311.0 310.0 308.0 307.0 306.0 305.0 304.0 303.0 302.0 301.0 299.0 298.0 297.0 295.0 294.0 293.0 291.0 290.0 289.0 288.0 286.0 285.0 284.0 282.0 281.0 279.0 278.0 277.0 275.0 274.0 272.0 271.0 269.0 268.0 266.0 265.0 263.0 262.0 260.0 259.0 257.0 256.0 254.0 252.0 251.0 250.0 248.0 246.0 245.0 243.0 242.0 240.0 238.0 237.0 235.0 233.0 232.0 230.0 229.0 227.0 225.0 224.0 222.0 220.0 219.0 217.0 216.0 214.0 212.0 210.0 209.0 207.0 205.0 204.0 202.0 200.0 199.0 197.0 195.0 193.0 192.0 190.0 188.0 186.0 185.0 183.0 181.0 179.0 178.0 176.0 174.0 173.0 171.0 169.0 167.0 166.0 164.0 162.0 161.0 2.0 22.0 24.0 26.0 27.0 29.0 31.0 33.0 34.0 36.0 38.0 40.0 41.0 43.0 45.0 46.0 48.0 50.0 51.0 53.0 55.0 56.0 58.0 60.0 61.0 63.0 65.0 66.0 68.0 70.0 71.0 73.0 74.0 76.0 77.0 79.0 80.0 82.0 83.0 85.0 86.0 88.0 89.0 91.0 92.0 94.0 95.0 96.0 98.0 99.0 100.0 102.0 103.0 104.0 105.0 107.0 108.0 109.0 110.0 112.0 113.0 114.0 115.0 116.0 117.0 119.0 120.0 121.0 122.0 123.0 124.0 125.0 126.0 127.0 128.0 130.0 130.0 131.0 133.0 133.0 135.0 135.0 136.0 137.0 138.0 139.0 140.0 141.0 142.0 143.0 144.0 145.0 146.0 147.0 148.0 149.0 150.0 151.0 152.0 153.0 75.0 1780180897.511465
319.0 310.0 309.0 308.0 307.0 306.0 305.0 304.0 302.0 301.0 300.0 298.0 297.0 296.0 295.0 293.0 292.0 290.0 289.0 288.0 287.0 285.0 284.0 282.0 281.0 279.0 278.0 276.0 275.0 273.0 272.0 270.0 269.0 267.0 265.0 264.0 262.0 261.0 259.0 257.0 256.0 254.0 253.0 251.0 249.0 248.0 246.0 245.0 243.0 241.0 240.0 238.0 236.0 234.0 233.0 231.0 229.0 228.0 226.0 224.0 223.0 221.0 219.0 217.0 215.0 214.0 212.0 210.0 208.0 207.0 205.0 203.0 201.0 199.0 198.0 196.0 194.0 192.0 191.0 189.0 187.0 185.0 183.0 182.0 180.0 178.0 176.0 174.0 172.0 171.0 169.0 167.0 165.0 163.0 161.0 160.0 158.0 156.0 154.0 153.0 2.0 22.0 24.0 25.0 27.0 29.0 31.0 32.0 34.0 36.0 37.0 39.0 41.0 43.0 44.0 46.0 48.0 49.0 51.0 53.0 55.0 56.0 58.0 59.0 61.0 62.0 64.0 66.0 67.0 69.0 70.0 72.0 73.0 74.0 76.0 78.0 79.0 80.0 82.0 83.0 84.0 86.0 87.0 89.0 90.0 91.0 93.0 94.0 95.0 96.0 97.0 98.0 100.0 101.0 102.0 103.0 104.0 105.0 106.0 107.0 109.0 110.0 111.0 112.0 113.0 114.0 115.0 116.0 117.0 118.0 119.0 120.0 121.0 121.0 123.0 123.0 124.0 125.0 126.0 127.0 128.0 129.0 129.0 130.0 131.0 132.0 133.0 134.0 135.0 135.0 136.0 137.0 138.0 139.0 139.0 141.0 141.0 142.0 143.0 144.0 76.0 1780180897.531925
319.0 310.0 309.0 308.0 307.0 306.0 304.0 303.0 302.0 300.0 299.0 298.0 296.0 295.0 294.0 292.0 291.0 289.0 288.0 286.0 285.0 283.0 282.0 280.0 279.0 278.0 276.0 274.0 273.0 271.0 269.0 268.0 266.0 264.0 263.0 261.0 260.0 258.0 256.0 254.0 253.0 251.0 250.0 248.0 246.0 244.0 243.0 241.0 239.0 237.0 236.0 234.0 232.0 230.0 229.0 227.0 225.0 223.0 222.0 220.0 218.0 216.0 214.0 212.0 210.0 209.0 207.0 205.0 203.0 201.0 199.0 198.0 196.0 194.0 192.0 190.0 188.0 187.0 185.0 182.0 181.0 179.0 177.0 175.0 173.0 171.0 169.0 168.0 166.0 164.0 162.0 160.0 158.0 156.0 154.0 152.0 151.0 149.0 147.0 145.0 2.0 22.0 24.0 25.0 27.0 29.0 31.0 32.0 34.0 36.0 37.0 39.0 41.0 43.0 44.0 46.0 47.0 49.0 51.0 52.0 54.0 55.0 57.0 58.0 60.0 61.0 63.0 64.0 66.0 67.0 68.0 70.0 71.0 73.0 74.0 75.0 77.0 78.0 79.0 81.0 82.0 83.0 85.0 86.0 87.0 88.0 89.0 90.0 91.0 93.0 94.0 95.0 96.0 97.0 98.0 99.0 100.0 101.0 102.0 103.0 104.0 105.0 106.0 107.0 107.0 109.0 109.0 110.0 111.0 112.0 113.0 114.0 114.0 115.0 116.0 117.0 118.0 118.0 120.0 120.0 121.0 122.0 122.0 123.0 124.0 125.0 125.0 126.0 127.0 128.0 128.0 129.0 130.0 131.0 131.0 132.0 133.0 134.0 135.0 136.0 77.0 1780180897.547264
319.0 310.0 309.0 307.0 306.0 305.0 304.0 302.0 301.0 299.0 298.0 297.0 295.0 294.0 292.0 290.0 289.0 288.0 286.0 284.0 283.0 281.0 280.0 278.0 276.0 275.0 273.0 272.0 270.0 268.0 267.0 265.0 263.0 262.0 260.0 258.0 256.0 255.0 253.0 251.0 249.0 248.0 246.0 244.0 242.0 241.0 239.0 237.0 235.0 233.0 232.0 230.0 228.0 226.0 224.0 222.0 221.0 219.0 217.0 215.0 213.0 211.0 209.0 208.0 206.0 204.0 202.0 200.0 198.0 196.0 194.0 192.0 190.0 188.0 186.0 184.0 183.0 181.0 179.0 177.0 175.0 173.0 171.0 169.0 167.0 165.0 163.0 161.0 159.0 157.0 155.0 153.0 151.0 150.0 148.0 146.0 144.0 142.0 140.0 138.0 2.0 22.0 24.0 25.0 27.0 29.0 30.0 32.0 34.0 35.0 37.0 39.0 40.0 42.0 44.0 45.0 47.0 48.0 50.0 52.0 53.0 54.0 56.0 57.0 59.0 60.0 61.0 63.0 64.0 66.0 67.0 68.0 69.0 71.0 72.0 73.0 74.0 76.0 77.0 78.0 79.0 81.0 82.0 83.0 84.0 85.0 86.0 87.0 88.0 89.0 90.0 91.0 92.0 93.0 94.0 95.0 96.0 97.0 98.0 98.0 100.0 100.0 101.0 102.0 103.0 104.0 104.0 105.0 106.0 107.0 108.0 108.0 109.0 110.0 111.0 112.0 112.0 113.0 114.0 114.0 115.0 116.0 116.0 117.0 118.0 118.0 119.0 120.0 120.0 121.0 122.0 122.0 123.0 124.0 125.0 125.0 126.0 127.0 128.0 129.0 78.0 1780180897.562705
319.0 309.0 308.0 307.0 306.0 304.0 303.0 301.0 300.0 298.0 297.0 295.0 293.0 292.0 291.0 289.0 287.0 286.0 284.0 283.0 281.0 279.0 278.0 276.0 274.0 273.0 271.0 269.0 268.0 266.0 264.0 262.0 261.0 259.0 257.0 255.0 254.0 252.0 250.0 248.0 246.0 244.0 243.0 241.0 239.0 237.0 235.0 233.0 231.0 230.0 228.0 226.0 224.0 222.0 221.0 219.0 217.0 215.0 213.0 211.0 209.0 207.0 205.0 203.0 201.0 199.0 197.0 195.0 194.0 192.0 190.0 188.0 186.0 184.0 182.0 180.0 178.0 176.0 174.0 172.0 170.0 168.0 166.0 164.0 162.0 160.0 158.0 156.0 154.0 152.0 150.0 148.0 146.0 144.0 142.0 140.0 138.0 136.0 134.0 133.0 2.0 22.0 24.0 25.0 27.0 29.0 30.0 32.0 34.0 35.0 37.0 38.0 40.0 41.0 43.0 44.0 46.0 47.0 49.0 50.0 52.0 53.0 55.0 56.0 57.0 58.0 60.0 61.0 62.0 64.0 65.0 66.0 67.0 68.0 69.0 71.0 72.0 73.0 74.0 75.0 76.0 78.0 79.0 80.0 81.0 82.0 83.0 84.0 85.0 85.0 87.0 88.0 88.0 89.0 90.0 91.0 92.0 93.0 94.0 94.0 95.0 96.0 97.0 98.0 98.0 99.0 100.0 101.0 102.0 102.0 103.0 104.0 104.0 105.0 106.0 107.0 107.0 108.0 109.0 109.0 110.0 110.0 111.0 112.0 112.0 113.0 113.0 114.0 115.0 115.0 116.0 117.0 117.0 118.0 119.0 120.0 120.0 121.0 122.0 123.0 79.0 1780180897.578197
319.0 309.0 307.0 306.0 305.0 303.0 302.0 300.0 298.0 297.0 295.0 294.0 292.0 290.0 289.0 287.0 285.0 284.0 282.0 280.0 279.0 277.0 276.0 274.0 272.0 270.0 268.0 267.0 265.0 263.0 261.0 259.0 258.0 256.0 254.0 252.0 250.0 249.0 247.0 245.0 243.0 241.0 239.0 237.0 236.0 234.0 232.0 230.0 228.0 226.0 224.0 223.0 221.0 219.0 216.0 215.0 213.0 211.0 209.0 207.0 205.0 203.0 201.0 199.0 197.0 195.0 193.0 191.0 189.0 187.0 185.0 183.0 181.0 179.0 177.0 175.0 173.0 171.0 169.0 167.0 165.0 163.0 161.0 159.0 157.0 155.0 153.0 151.0 149.0 147.0 145.0 143.0 141.0 139.0 137.0 135.0 133.0 131.0 129.0 127.0 2.0 22.0 23.0 25.0 26.0 28.0 30.0 31.0 33.0 34.0 36.0 38.0 39.0 40.0 42.0 43.0 45.0 46.0 48.0 49.0 50.0 52.0 53.0 54.0 56.0 57.0 58.0 59.0 60.0 62.0 63.0 64.0 65.0 66.0 67.0 68.0 69.0 71.0 72.0 73.0 74.0 75.0 76.0 77.0 78.0 79.0 80.0 81.0 81.0 82.0 83.0 84.0 85.0 86.0 87.0 88.0 89.0 89.0 90.0 91.0 92.0 92.0 93.0 94.0 95.0 96.0 96.0 97.0 98.0 99.0 99.0 100.0 100.0 101.0 102.0 103.0 103.0 104.0 105.0 105.0 106.0 106.0 107.0 108.0 108.0 109.0 109.0 110.0 111.0 111.0 112.0 113.0 113.0 114.0 115.0 115.0 116.0 117.0 118.0 119.0 80.0 1780180897.593641
319.0 308.0 307.0 305.0 303.0 302.0 301.0 299.0 297.0 296.0 294.0 292.0 290.0 289.0 287.0 285.0 283.0 282.0 280.0 278.0 277.0 275.0 273.0 271.0 269.0 268.0 266.0 264.0 263.0 261.0 259.0 257.0 255.0 253.0 251.0 249.0 248.0 246.0 244.0 242.0 240.0 238.0 236.0 234.0 232.0 231.0 229.0 227.0 225.0 223.0 221.0 219.0 217.0 215.0 213.0 211.0 209.0 207.0 205.0 203.0 201.0 199.0 197.0 195.0 193.0 191.0 189.0 187.0 186.0 184.0 182.0 180.0 178.0 175.0 173.0 171.0 169.0 167.0 165.0 163.0 161.0 159.0 157.0 155.0 153.0 151.0 149.0 147.0 145.0 143.0 141.0 139.0 137.0 135.0 133.0 131.0 129.0 127.0 125.0 123.0 2.0 21.0 23.0 25.0 26.0 28.0 29.0 31.0 33.0 34.0 35.0 37.0 38.0 39.0 41.0 42.0 44.0 45.0 46.0 47.0 49.0 50.0 51.0 52.0 54.0 55.0 56.0 57.0 59.0 60.0 61.0 62.0 63.0 64.0 65.0 66.0 67.0 68.0 69.0 70.0 71.0 72.0 73.0 74.0 75.0 76.0 77.0 78.0 79.0 80.0 81.0 81.0 82.0 83.0 84.0 85.0 85.0 86.0 87.0 88.0 89.0 89.0 90.0 91.0 91.0 92.0 93.0 94.0 95.0 95.0 96.0 97.0 97.0 98.0 99.0 99.0 100.0 100.0 101.0 102.0 102.0 103.0 104.0 104.0 105.0 105.0 106.0 107.0 107.0 108.0 109.0 110.0 110.0 111.0 111.0 112.0 113.0 114.0 115.0 115.0 81.0 1780180897.609105
319.0 307.0 306.0 304.0 302.0 301.0 299.0 298.0 296.0 294.0 293.0 291.0 289.0 287.0 286.0 284.0 282.0 280.0 278.0 276.0 275.0 273.0 271.0 269.0 267.0 266.0 264.0 262.0 260.0 258.0 256.0 255.0 253.0 251.0 249.0 247.0 245.0 243.0 241.0 239.0 237.0 235.0 233.0 232.0 230.0 228.0 226.0 224.0 222.0 220.0 218.0 216.0 214.0 212.0 210.0 208.0 206.0 204.0 202.0 201.0 199.0 197.0 195.0 193.0 191.0 188.0 186.0 184.0 182.0 180.0 178.0 176.0 174.0 172.0 170.0 168.0 166.0 164.0 162.0 160.0 158.0 156.0 154.0 152.0 150.0 148.0 146.0 143.0 142.0 140.0 138.0 136.0 134.0 132.0 130.0 128.0 126.0 124.0 122.0 120.0 2.0 21.0 23.0 24.0 25.0 27.0 29.0 30.0 32.0 33.0 34.0 36.0 37.0 38.0 40.0 41.0 42.0 44.0 45.0 46.0 47.0 48.0 49.0 50.0 52.0 53.0 54.0 55.0 56.0 57.0 58.0 59.0 61.0 61.0 62.0 64.0 65.0 66.0 67.0 68.0 69.0 70.0 71.0 71.0 72.0 73.0 74.0 75.0 76.0 77.0 78.0 79.0 79.0 80.0 81.0 82.0 83.0 84.0 84.0 85.0 86.0 87.0 88.0 88.0 89.0 90.0 91.0 91.0 92.0 93.0 94.0 94.0 95.0 96.0 96.0 97.0 98.0 98.0 99.0 100.0 100.0 101.0 102.0 102.0 103.0 103.0 104.0 105.0 105.0 106.0 107.0 107.0 108.0 109.0 109.0 110.0 111.0 112.0 113.0 114.0 82.0 1780180897.624691
319.0 306.0 305.0 303.0 301.0 300.0 298.0 297.0 295.0 293.0 291.0 289.0 288.0 286.0 284.0 282.0 280.0 279.0 277.0 275.0 273.0 271.0 269.0 267.0 266.0 264.0 262.0 260.0 258.0 256.0 255.0 253.0 251.0 249.0 247.0 245.0 243.0 241.0 239.0 237.0 235.0 233.0 231.0 230.0 228.0 226.0 224.0 222.0 220.0 218.0 216.0 214.0 212.0 210.0 208.0 206.0 204.0 202.0 200.0 198.0 196.0 194.0 192.0 190.0 188.0 186.0 184.0 182.0 180.0 178.0 176.0 174.0 172.0 170.0 168.0 166.0 164.0 162.0 160.0 158.0 156.0 154.0 152.0 150.0 148.0 146.0 144.0 142.0 140.0 138.0 136.0 134.0 132.0 130.0 128.0 126.0 124.0 122.0 120.0 118.0 2.0 21.0 22.0 24.0 25.0 27.0 28.0 29.0 31.0 32.0 33.0 35.0 36.0 37.0 38.0 39.0 41.0 42.0 43.0 44.0 45.0 47.0 48.0 49.0 50.0 51.0 52.0 53.0 54.0 55.0 56.0 58.0 58.0 59.0 60.0 61.0 62.0 63.0 64.0 65.0 66.0 67.0 68.0 69.0 70.0 71.0 72.0 73.0 74.0 75.0 76.0 76.0 77.0 78.0 79.0 80.0 81.0 82.0 82.0 83.0 84.0 85.0 86.0 86.0 87.0 88.0 89.0 89.0 90.0 91.0 92.0 92.0 93.0 94.0 94.0 95.0 96.0 97.0 98.0 98.0 99.0 100.0 100.0 101.0 101.0 102.0 103.0 103.0 104.0 105.0 105.0 106.0 107.0 108.0 108.0 109.0 110.0 111.0 112.0 112.0 83.0 1780180897.645340
319.0 306.0 304.0 303.0 301.0 299.0 297.0 296.0 294.0 292.0 290.0 288.0 286.0 285.0 283.0 281.0 279.0 278.0 276.0 274.0 272.0 270.0 268.0 266.0 264.0 262.0 261.0 259.0 257.0 255.0 253.0 251.0 249.0 247.0 245.0 243.0 241.0 239.0 237.0 235.0 234.0 232.0 230.0 228.0 226.0 224.0 222.0 220.0 218.0 217.0 215.0 213.0 211.0 209.0 207.0 205.0 203.0 201.0 199.0 197.0 195.0 193.0 191.0 189.0 187.0 185.0 183.0 181.0 179.0 177.0 175.0 173.0 171.0 169.0 167.0 165.0 163.0 161.0 159.0 157.0 155.0 153.0 151.0 149.0 147.0 145.0 143.0 140.0 138.0 137.0 135.0 133.0 131.0 129.0 127.0 125.0 123.0 121.0 119.0 117.0 2.0 20.0 22.0 23.0 24.0 26.0 27.0 28.0 30.0 31.0 32.0 34.0 35.0 36.0 37.0 38.0 39.0 40.0 41.0 43.0 44.0 45.0 46.0 47.0 48.0 49.0 50.0 51.0 52.0 54.0 55.0 56.0 56.0 57.0 58.0 59.0 60.0 61.0 62.0 63.0 65.0 65.0 66.0 67.0 68.0 69.0 70.0 71.0 72.0 73.0 74.0 75.0 75.0 76.0 77.0 78.0 79.0 80.0 81.0 81.0 82.0 83.0 84.0 85.0 85.0 86.0 87.0 88.0 89.0 89.0 90.0 91.0 92.0 93.0 93.0 94.0 95.0 96.0 97.0 97.0 98.0 99.0 100.0 100.0 101.0 101.0 102.0 103.0 104.0 105.0 105.0 106.0 107.0 107.0 108.0 109.0 110.0 111.0 112.0 113.0 84.0 1780180897.665833
319.0 305.0 304.0 302.0 300.0 298.0 297.0 295.0 293.0 291.0 290.0 288.0 286.0 284.0 282.0 280.0 278.0 277.0 275.0 273.0 271.0 269.0 267.0 265.0 263.0 261.0 260.0 258.0 256.0 254.0 252.0 250.0 248.0 246.0 244.0 242.0 240.0 238.0 236.0 234.0 232.0 231.0 229.0 227.0 225.0 223.0 221.0 219.0 217.0 215.0 213.0 211.0 210.0 208.0 206.0 204.0 202.0 200.0 198.0 196.0 194.0 192.0 190.0 188.0 186.0 183.0 182.0 180.0 178.0 176.0 174.0 172.0 170.0 168.0 166.0 164.0 162.0 160.0 158.0 156.0 154.0 152.0 150.0 148.0 146.0 144.0 142.0 140.0 138.0 136.0 134.0 132.0 130.0 128.0 126.0 124.0 122.0 120.0 118.0 116.0 2.0 20.0 21.0 23.0 24.0 25.0 26.0 28.0 29.0 30.0 32.0 33.0 34.0 35.0 36.0 37.0 38.0 40.0 41.0 42.0 43.0 44.0 45.0 46.0 47.0 48.0 49.0 50.0 51.0 52.0 53.0 55.0 55.0 56.0 57.0 58.0 59.0 60.0 61.0 62.0 63.0 64.0 65.0 66.0 67.0 68.0 69.0 70.0 71.0 72.0 73.0 74.0 75.0 76.0 77.0 78.0 78.0 79.0 80.0 81.0 81.0 82.0 83.0 84.0 85.0 86.0 87.0 88.0 89.0 89.0 90.0 91.0 92.0 93.0 94.0 95.0 95.0 96.0 97.0 98.0 99.0 99.0 100.0 101.0 102.0 102.0 103.0 104.0 105.0 106.0 106.0 107.0 108.0 109.0 110.0 111.0 112.0 113.0 114.0 115.0 85.0 1780180897.681103
319.0 305.0 304.0 302.0 300.0 298.0 296.0 295.0 293.0 291.0 289.0 287.0 286.0 284.0 282.0 280.0 278.0 276.0 274.0 273.0 271.0 269.0 267.0 265.0 263.0 261.0 259.0 257.0 256.0 254.0 252.0 250.0 248.0 246.0 244.0 242.0 240.0 238.0 236.0 234.0 232.0 230.0 228.0 227.0 225.0 223.0 221.0 219.0 217.0 215.0 213.0 211.0 209.0 207.0 205.0 203.0 201.0 199.0 197.0 196.0 194.0 192.0 190.0 188.0 186.0 184.0 182.0 180.0 178.0 176.0 174.0 172.0 170.0 168.0 166.0 164.0 162.0 160.0 159.0 157.0 155.0 153.0 151.0 149.0 146.0 144.0 142.0 140.0 139.0 137.0 135.0 133.0 131.0 129.0 127.0 125.0 123.0 121.0 119.0 117.0 2.0 20.0 21.0 23.0 24.0 25.0 26.0 28.0 29.0 30.0 31.0 33.0 34.0 35.0 36.0 37.0 38.0 39.0 40.0 42.0 43.0 44.0 45.0 46.0 47.0 48.0 49.0 50.0 51.0 52.0 53.0 54.0 55.0 56.0 57.0 58.0 59.0 60.0 61.0 62.0 63.0 64.0 65.0 66.0 67.0 68.0 69.0 70.0 71.0 72.0 73.0 74.0 74.0 75.0 76.0 77.0 78.0 79.0 80.0 81.0 82.0 83.0 84.0 85.0 85.0 86.0 87.0 88.0 89.0 90.0 91.0 92.0 93.0 93.0 94.0 95.0 96.0 97.0 98.0 99.0 100.0 101.0 101.0 102.0 103.0 104.0 104.0 105.0 106.0 107.0 108.0 109.0 110.0 111.0 112.0 113.0 114.0 115.0 116.0 117.0 86.0 1780180897.696781
319.0 305.0 304.0 302.0 300.0 298.0 297.0 295.0 293.0 291.0 289.0 287.0 286.0 284.0 282.0 280.0 278.0 276.0 274.0 273.0 271.0 269.0 267.0 265.0 263.0 261.0 259.0 257.0 256.0 254.0 252.0 250.0 248.0 246.0 244.0 243.0 241.0 239.0 237.0 235.0 233.0 231.0 229.0 227.0 225.0 223.0 221.0 219.0 218.0 216.0 214.0 212.0 210.0 208.0 206.0 204.0 202.0 200.0 198.0 197.0 195.0 193.0 191.0 189.0 187.0 185.0 183.0 181.0 179.0 177.0 175.0 173.0 171.0 170.0 168.0 166.0 164.0 162.0 160.0 158.0 156.0 154.0 152.0 150.0 148.0 146.0 144.0 142.0 141.0 139.0 137.0 135.0 133.0 131.0 129.0 127.0 125.0 124.0 122.0 120.0 2.0 20.0 21.0 23.0 24.0 25.0 26.0 28.0 29.0 31.0 32.0 33.0 34.0 35.0 36.0 37.0 38.0 39.0 40.0 42.0 43.0 44.0 45.0 46.0 47.0 48.0 49.0 50.0 51.0 52.0 53.0 54.0 55.0 56.0 57.0 58.0 59.0 60.0 62.0 63.0 64.0 65.0 66.0 67.0 68.0 69.0 70.0 71.0 71.0 72.0 73.0 74.0 75.0 76.0 77.0 78.0 79.0 80.0 81.0 82.0 83.0 84.0 85.0 86.0 86.0 87.0 88.0 89.0 91.0 91.0 92.0 93.0 94.0 95.0 96.0 97.0 98.0 99.0 100.0 101.0 101.0 102.0 103.0 105.0 105.0 106.0 107.0 108.0 109.0 110.0 111.0 112.0 113.0 114.0 115.0 116.0 117.0 118.0 119.0 121.0 87.0 1780180897.712401
319.0 305.0 304.0 302.0 300.0 299.0 297.0 295.0 293.0 292.0 290.0 288.0 286.0 284.0 282.0 281.0 279.0 277.0 275.0 273.0 271.0 270.0 268.0 266.0 264.0 262.0 260.0 259.0 257.0 255.0 253.0 251.0 249.0 247.0 245.0 244.0 242.0 240.0 238.0 236.0 234.0 232.0 230.0 229.0 227.0 225.0 223.0 221.0 219.0 217.0 216.0 214.0 212.0 210.0 208.0 206.0 204.0 202.0 200.0 199.0 197.0 195.0 193.0 191.0 189.0 187.0 185.0 183.0 181.0 179.0 178.0 176.0 174.0 172.0 170.0 168.0 166.0 164.0 162.0 160.0 159.0 157.0 155.0 153.0 151.0 149.0 147.0 145.0 143.0 141.0 140.0 138.0 136.0 134.0 132.0 130.0 128.0 127.0 125.0 123.0 2.0 20.0 22.0 23.0 24.0 26.0 27.0 28.0 29.0 31.0 32.0 33.0 34.0 35.0 36.0 38.0 39.0 40.0 41.0 42.0 43.0 45.0 46.0 47.0 48.0 49.0 50.0 51.0 52.0 53.0 54.0 55.0 56.0 58.0 59.0 60.0 61.0 62.0 63.0 64.0 65.0 66.0 67.0 68.0 69.0 70.0 71.0 72.0 73.0 74.0 75.0 76.0 77.0 78.0 79.0 80.0 81.0 82.0 83.0 84.0 85.0 86.0 87.0 88.0 89.0 90.0 91.0 92.0 93.0 94.0 95.0 96.0 97.0 98.0 99.0 100.0 101.0 102.0 103.0 104.0 105.0 106.0 107.0 108.0 109.0 109.0 110.0 112.0 113.0 113.0 114.0 115.0 117.0 118.0 119.0 120.0 121.0 122.0 123.0 125.0 88.0 1780180897.727704
319.0 306.0 304.0 303.0 301.0 299.0 298.0 296.0 294.0 292.0 290.0 289.0 287.0 285.0 283.0 282.0 280.0 278.0 276.0 274.0 273.0 271.0 269.0 267.0 265.0 264.0 262.0 260.0 258.0 256.0 255.0 253.0 251.0 249.0 247.0 245.0 243.0 242.0 240.0 238.0 236.0 234.0 232.0 231.0 229.0 227.0 225.0 223.0 221.0 219.0 218.0 216.0 214.0 212.0 210.0 208.0 206.0 204.0 203.0 201.0 199.0 197.0 195.0 193.0 192.0 190.0 188.0 186.0 184.0 182.0 180.0 178.0 176.0 175.0 173.0 171.0 169.0 167.0 166.0 164.0 162.0 160.0 158.0 156.0 154.0 152.0 150.0 149.0 147.0 145.0 143.0 141.0 139.0 138.0 136.0 134.0 132.0 130.0 129.0 127.0 2.0 20.0 22.0 23.0 25.0 26.0 27.0 29.0 30.0 32.0 33.0 34.0 35.0 36.0 38.0 39.0 40.0 41.0 42.0 43.0 45.0 46.0 47.0 49.0 50.0 51.0 52.0 53.0 54.0 55.0 56.0 57.0 58.0 60.0 61.0 62.0 63.0 64.0 65.0 66.0 67.0 68.0 70.0 71.0 72.0 73.0 74.0 75.0 76.0 77.0 78.0 79.0 80.0 81.0 82.0 83.0 84.0 85.0 86.0 87.0 88.0 89.0 90.0 91.0 92.0 93.0 94.0 95.0 97.0 98.0 99.0 100.0 101.0 102.0 103.0 104.0 105.0 106.0 107.0 108.0 109.0 110.0 111.0 112.0 113.0 114.0 115.0 117.0 117.0 118.0 120.0 121.0 122.0 123.0 124.0 125.0 127.0 128.0 129.0 131.0 89.0 1780180897.748107
319.0 306.0 305.0 303.0 301.0 300.0 298.0 296.0 295.0 293.0 292.0 290.0 288.0 286.0 284.0 283.0 281.0 279.0 278.0 276.0 274.0 272.0 271.0 269.0 267.0 265.0 264.0 262.0 260.0 258.0 257.0 255.0 253.0 251.0 249.0 248.0 246.0 244.0 242.0 240.0 238.0 237.0 235.0 233.0 231.0 230.0 228.0 226.0 224.0 222.0 221.0 219.0 217.0 215.0 213.0 212.0 210.0 208.0 206.0 204.0 202.0 201.0 199.0 197.0 195.0 193.0 191.0 189.0 188.0 186.0 184.0 182.0 180.0 179.0 177.0 175.0 173.0 171.0 170.0 168.0 166.0 164.0 162.0 161.0 159.0 157.0 155.0 153.0 151.0 149.0 148.0 146.0 144.0 142.0 141.0 139.0 137.0 135.0 134.0 132.0 2.0 20.0 22.0 23.0 25.0 26.0 28.0 29.0 30.0 32.0 33.0 34.0 36.0 37.0 39.0 40.0 41.0 42.0 44.0 45.0 46.0 48.0 49.0 50.0 51.0 52.0 54.0 55.0 56.0 57.0 59.0 60.0 61.0 62.0 64.0 65.0 66.0 67.0 68.0 69.0 71.0 72.0 73.0 74.0 75.0 76.0 77.0 79.0 80.0 81.0 82.0 83.0 84.0 85.0 86.0 88.0 88.0 90.0 91.0 92.0 93.0 94.0 95.0 96.0 97.0 98.0 99.0 100.0 102.0 103.0 104.0 105.0 106.0 107.0 108.0 109.0 111.0 112.0 113.0 114.0 115.0 116.0 117.0 118.0 119.0 120.0 122.0 123.0 124.0 125.0 126.0 127.0 129.0 130.0 131.0 132.0 134.0 135.0 136.0 138.0 90.0 1780180897.763643
319.0 307.0 305.0 304.0 302.0 301.0 299.0 297.0 296.0 294.0 293.0 291.0 289.0 288.0 286.0 284.0 283.0 281.0 280.0 278.0 276.0 274.0 273.0 271.0 269.0 268.0 266.0 264.0 263.0 261.0 259.0 257.0 256.0 254.0 252.0 251.0 249.0 247.0 246.0 244.0 242.0 241.0 239.0 237.0 235.0 233.0 232.0 230.0 228.0 226.0 225.0 223.0 221.0 220.0 218.0 216.0 214.0 212.0 211.0 209.0 207.0 206.0 204.0 202.0 200.0 199.0 197.0 195.0 193.0 191.0 190.0 188.0 186.0 184.0 183.0 181.0 179.0 178.0 176.0 174.0 172.0 170.0 169.0 167.0 165.0 163.0 162.0 160.0 158.0 156.0 155.0 153.0 151.0 150.0 148.0 146.0 144.0 142.0 141.0 139.0 2.0 21.0 22.0 24.0 25.0 27.0 28.0 29.0 31.0 32.0 34.0 35.0 37.0 38.0 39.0 40.0 42.0 44.0 45.0 46.0 47.0 49.0 50.0 52.0 53.0 54.0 55.0 57.0 58.0 59.0 61.0 62.0 63.0 64.0 66.0 67.0 68.0 70.0 71.0 72.0 74.0 75.0 76.0 77.0 79.0 80.0 81.0 82.0 83.0 85.0 86.0 87.0 88.0 89.0 91.0 92.0 93.0 94.0 95.0 97.0 98.0 99.0 100.0 101.0 102.0 104.0 105.0 106.0 107.0 109.0 110.0 111.0 112.0 113.0 115.0 116.0 117.0 118.0 119.0 120.0 122.0 123.0 124.0 125.0 126.0 127.0 128.0 130.0 131.0 132.0 133.0 134.0 136.0 137.0 138.0 139.0 141.0 142.0 144.0 145.0 91.0 1780180897.779201
319.0 307.0 306.0 304.0 303.0 301.0 300.0 298.0 297.0 295.0 294.0 292.0 291.0 289.0 288.0 286.0 284.0 283.0 281.0 280.0 278.0 276.0 275.0 273.0 272.0 270.0 269.0 267.0 265.0 264.0 262.0 261.0 259.0 257.0 256.0 254.0 252.0 251.0 249.0 248.0 246.0 245.0 243.0 241.0 240.0 238.0 236.0 235.0 233.0 231.0 229.0 228.0 226.0 225.0 223.0 222.0 220.0 218.0 217.0 215.0 213.0 211.0 210.0 208.0 206.0 205.0 203.0 201.0 200.0 198.0 196.0 195.0 193.0 192.0 190.0 188.0 186.0 185.0 183.0 181.0 180.0 178.0 176.0 175.0 173.0 171.0 169.0 168.0 166.0 164.0 163.0 161.0 159.0 157.0 156.0 154.0 153.0 151.0 150.0 148.0 2.0 21.0 22.0 24.0 25.0 27.0 28.0 30.0 31.0 33.0 34.0 35.0 37.0 38.0 40.0 41.0 43.0 45.0 46.0 47.0 49.0 50.0 52.0 53.0 54.0 56.0 57.0 59.0 60.0 61.0 63.0 64.0 66.0 67.0 68.0 69.0 71.0 72.0 74.0 75.0 76.0 78.0 79.0 81.0 82.0 83.0 85.0 86.0 87.0 89.0 90.0 91.0 92.0 94.0 95.0 96.0 98.0 99.0 100.0 101.0 103.0 104.0 106.0 107.0 108.0 109.0 110.0 112.0 114.0 115.0 116.0 117.0 119.0 120.0 121.0 122.0 124.0 125.0 126.0 127.0 129.0 130.0 131.0 133.0 134.0 135.0 136.0 138.0 139.0 140.0 141.0 142.0 144.0 145.0 146.0 148.0 149.0 150.0 152.0 153.0 92.0 1780180897.794439
319.0 308.0 307.0 305.0 304.0 302.0 301.0 299.0 298.0 296.0 295.0 294.0 292.0 291.0 289.0 288.0 286.0 285.0 283.0 282.0 280.0 279.0 277.0 276.0 274.0 273.0 272.0 270.0 268.0 267.0 265.0 264.0 262.0 261.0 259.0 258.0 257.0 255.0 253.0 252.0 250.0 249.0 247.0 246.0 245.0 243.0 241.0 240.0 238.0 237.0 235.0 234.0 232.0 231.0 229.0 228.0 226.0 224.0 223.0 221.0 220.0 218.0 217.0 215.0 213.0 212.0 211.0 209.0 207.0 206.0 204.0 203.0 201.0 199.0 198.0 196.0 195.0 193.0 191.0 190.0 188.0 187.0 185.0 183.0 181.0 180.0 178.0 177.0 175.0 173.0 172.0 170.0 168.0 167.0 165.0 164.0 162.0 160.0 159.0 157.0 2.0 21.0 22.0 24.0 25.0 27.0 29.0 30.0 32.0 33.0 35.0 36.0 38.0 39.0 41.0 42.0 44.0 46.0 47.0 48.0 50.0 51.0 53.0 54.0 56.0 57.0 59.0 60.0 62.0 63.0 65.0 66.0 68.0 69.0 71.0 72.0 74.0 75.0 77.0 78.0 79.0 81.0 83.0 84.0 85.0 87.0 88.0 90.0 91.0 92.0 94.0 95.0 96.0 98.0 100.0 101.0 102.0 104.0 105.0 106.0 108.0 109.0 111.0 112.0 113.0 115.0 116.0 118.0 119.0 121.0 122.0 123.0 125.0 126.0 128.0 129.0 130.0 132.0 133.0 134.0 136.0 137.0 138.0 140.0 141.0 142.0 143.0 145.0 146.0 148.0 149.0 150.0 152.0 153.0 154.0 156.0 158.0 159.0 160.0 162.0 93.0 1780180897.804682
319.0 308.0 307.0 306.0 305.0 303.0 302.0 301.0 299.0 298.0 296.0 295.0 294.0 292.0 291.0 290.0 288.0 287.0 286.0 285.0 283.0 281.0 280.0 279.0 277.0 276.0 275.0 274.0 272.0 271.0 269.0 268.0 266.0 265.0 264.0 263.0 261.0 260.0 258.0 257.0 255.0 254.0 253.0 251.0 250.0 248.0 247.0 246.0 244.0 243.0 241.0 240.0 239.0 237.0 236.0 234.0 233.0 231.0 230.0 228.0 227.0 226.0 224.0 223.0 221.0 220.0 218.0 217.0 216.0 214.0 212.0 211.0 210.0 208.0 207.0 205.0 204.0 202.0 201.0 199.0 198.0 196.0 195.0 193.0 191.0 190.0 188.0 187.0 185.0 184.0 182.0 181.0 179.0 177.0 176.0 175.0 173.0 171.0 170.0 169.0 2.0 21.0 22.0 24.0 26.0 28.0 29.0 31.0 32.0 34.0 35.0 37.0 39.0 40.0 42.0 43.0 45.0 47.0 48.0 50.0 51.0 53.0 54.0 56.0 57.0 59.0 61.0 62.0 64.0 65.0 67.0 68.0 70.0 71.0 73.0 74.0 76.0 78.0 79.0 81.0 82.0 84.0 85.0 87.0 89.0 90.0 91.0 93.0 95.0 96.0 97.0 99.0 100.0 102.0 104.0 105.0 106.0 108.0 110.0 111.0 113.0 114.0 115.0 117.0 118.0 120.0 121.0 123.0 124.0 126.0 127.0 129.0 130.0 132.0 133.0 135.0 136.0 138.0 139.0 140.0 142.0 143.0 145.0 146.0 148.0 149.0 150.0 152.0 153.0 155.0 156.0 157.0 159.0 161.0 162.0 163.0 165.0 166.0 168.0 170.0 94.0 1780180897.820189
319.0 309.0 308.0 307.0 306.0 304.0 303.0 302.0 301.0 300.0 298.0 297.0 296.0 294.0 293.0 292.0 291.0 289.0 289.0 287.0 286.0 285.0 283.0 282.0 281.0 280.0 279.0 277.0 276.0 274.0 273.0 272.0 270.0 269.0 268.0 267.0 266.0 264.0 263.0 262.0 260.0 259.0 258.0 256.0 255.0 254.0 252.0 251.0 250.0 249.0 247.0 246.0 245.0 243.0 242.0 241.0 239.0 238.0 237.0 235.0 234.0 232.0 231.0 230.0 229.0 227.0 226.0 224.0 223.0 221.0 220.0 219.0 218.0 216.0 215.0 213.0 212.0 211.0 209.0 208.0 206.0 205.0 203.0 202.0 200.0 199.0 198.0 196.0 195.0 193.0 192.0 190.0 189.0 188.0 186.0 185.0 183.0 182.0 181.0 179.0 2.0 21.0 23.0 25.0 26.0 28.0 30.0 31.0 33.0 34.0 36.0 38.0 39.0 41.0 43.0 44.0 46.0 48.0 49.0 51.0 53.0 54.0 56.0 58.0 59.0 61.0 63.0 64.0 65.0 67.0 69.0 70.0 72.0 74.0 76.0 77.0 79.0 80.0 82.0 83.0 85.0 87.0 88.0 90.0 91.0 93.0 95.0 96.0 98.0 99.0 101.0 102.0 104.0 106.0 107.0 109.0 110.0 112.0 114.0 115.0 117.0 118.0 120.0 121.0 123.0 124.0 126.0 127.0 129.0 131.0 132.0 134.0 135.0 137.0 138.0 140.0 142.0 143.0 144.0 146.0 148.0 149.0 151.0 152.0 153.0 155.0 156.0 158.0 160.0 161.0 163.0 164.0 166.0 167.0 168.0 170.0 172.0 173.0 175.0 177.0 95.0 1780180897.835836
319.0 310.0 309.0 308.0 307.0 306.0 305.0 304.0 303.0 302.0 300.0 299.0 298.0 297.0 296.0 295.0 293.0 292.0 291.0 291.0 289.0 288.0 287.0 286.0 285.0 283.0 282.0 281.0 280.0 278.0 277.0 276.0 275.0 274.0 273.0 272.0 271.0 269.0 268.0 267.0 266.0 264.0 263.0 262.0 261.0 259.0 258.0 257.0 256.0 255.0 253.0 252.0 251.0 250.0 248.0 247.0 246.0 245.0 244.0 242.0 241.0 240.0 239.0 237.0 236.0 235.0 233.0 232.0 231.0 230.0 229.0 227.0 226.0 225.0 223.0 222.0 221.0 220.0 218.0 217.0 215.0 214.0 213.0 212.0 210.0 209.0 208.0 206.0 205.0 204.0 202.0 201.0 200.0 198.0 197.0 196.0 195.0 194.0 192.0 191.0 2.0 22.0 23.0 25.0 27.0 29.0 30.0 32.0 34.0 35.0 37.0 39.0 40.0 42.0 44.0 46.0 47.0 49.0 51.0 53.0 54.0 56.0 57.0 59.0 61.0 63.0 65.0 66.0 67.0 69.0 71.0 73.0 74.0 76.0 78.0 79.0 81.0 83.0 85.0 86.0 88.0 89.0 91.0 93.0 94.0 96.0 98.0 99.0 101.0 102.0 104.0 106.0 107.0 109.0 111.0 112.0 114.0 116.0 118.0 119.0 121.0 122.0 124.0 126.0 127.0 129.0 130.0 132.0 134.0 135.0 137.0 139.0 140.0 142.0 143.0 145.0 147.0 148.0 150.0 151.0 153.0 155.0 156.0 158.0 159.0 161.0 163.0 164.0 166.0 167.0 169.0 171.0 172.0 174.0 175.0 177.0 179.0 180.0 182.0 184.0 96.0 1780180897.856276
319.0 311.0 310.0 310.0 308.0 307.0 307.0 306.0 305.0 304.0 303.0 301.0 301.0 300.0 299.0 298.0 297.0 296.0 295.0 294.0 293.0 292.0 291.0 290.0 289.0 288.0 287.0 286.0 285.0 284.0 283.0 282.0 281.0 280.0 279.0 278.0 277.0 275.0 275.0 274.0 272.0 272.0 270.0 269.0 268.0 267.0 266.0 265.0 264.0 263.0 262.0 261.0 260.0 259.0 258.0 257.0 255.0 254.0 253.0 252.0 251.0 250.0 249.0 248.0 247.0 246.0 244.0 243.0 242.0 241.0 240.0 239.0 238.0 237.0 236.0 235.0 234.0 232.0 231.0 230.0 229.0 228.0 227.0 226.0 224.0 223.0 222.0 221.0 220.0 219.0 218.0 217.0 216.0 215.0 213.0 213.0 211.0 210.0 209.0 209.0 2.0 22.0 24.0 25.0 27.0 29.0 31.0 33.0 34.0 36.0 38.0 40.0 41.0 43.0 45.0 47.0 48.0 50.0 52.0 54.0 56.0 57.0 59.0 61.0 63.0 65.0 66.0 68.0 69.0 71.0 73.0 75.0 77.0 79.0 80.0 82.0 84.0 86.0 87.0 89.0 90.0 92.0 94.0 96.0 97.0 99.0 101.0 103.0 104.0 106.0 108.0 109.0 111.0 113.0 115.0 116.0 118.0 120.0 122.0 123.0 125.0 127.0 129.0 130.0 132.0 133.0 135.0 137.0 138.0 140.0 142.0 144.0 146.0 147.0 149.0 150.0 152.0 154.0 155.0 157.0 159.0 161.0 162.0 164.0 166.0 167.0 169.0 171.0 172.0 174.0 176.0 178.0 179.0 181.0 183.0 185.0 186.0 188.0 190.0 192.0 97.0 1780180897.877079
319.0 312.0 312.0 311.0 310.0 309.0 308.0 308.0 307.0 306.0 305.0 304.0 304.0 303.0 302.0 301.0 300.0 299.0 299.0 298.0 297.0 296.0 295.0 295.0 294.0 293.0 292.0 291.0 290.0 290.0 288.0 288.0 287.0 286.0 285.0 284.0 284.0 283.0 282.0 281.0 280.0 279.0 278.0 277.0 277.0 276.0 275.0 274.0 273.0 273.0 272.0 271.0 270.0 269.0 268.0 267.0 266.0 266.0 265.0 264.0 263.0 262.0 261.0 260.0 260.0 259.0 258.0 257.0 256.0 255.0 254.0 254.0 253.0 252.0 251.0 250.0 249.0 249.0 248.0 246.0 246.0 245.0 244.0 243.0 242.0 241.0 240.0 240.0 239.0 238.0 237.0 236.0 235.0 234.0 233.0 233.0 232.0 231.0 230.0 229.0 2.0 22.0 24.0 25.0 27.0 29.0 31.0 32.0 34.0 36.0 38.0 40.0 41.0 43.0 45.0 47.0 48.0 50.0 52.0 54.0 55.0 57.0 59.0 61.0 62.0 64.0 66.0 68.0 70.0 71.0 73.0 75.0 77.0 79.0 80.0 82.0 84.0 86.0 87.0 89.0 91.0 93.0 94.0 96.0 98.0 99.0 101.0 103.0 105.0 107.0 108.0 110.0 112.0 114.0 115.0 117.0 119.0 120.0 122.0 124.0 126.0 127.0 129.0 131.0 133.0 134.0 136.0 138.0 140.0 141.0 143.0 145.0 147.0 149.0 150.0 152.0 154.0 155.0 157.0 159.0 161.0 162.0 164.0 166.0 168.0 169.0 171.0 173.0 174.0 176.0 178.0 180.0 182.0 183.0 185.0 187.0 189.0 191.0 192.0 194.0 98.0 1780180897.897564
319.0 314.0 313.0 312.0 312.0 311.0 311.0 310.0 309.0 309.0 308.0 307.0 307.0 306.0 305.0 305.0 304.0 303.0 303.0 302.0 302.0 301.0 300.0 299.0 299.0 298.0 298.0 297.0 296.0 296.0 295.0 295.0 294.0 293.0 292.0 292.0 291.0 290.0 290.0 290.0 289.0 288.0 287.0 287.0 286.0 285.0 285.0 284.0 284.0 283.0 282.0 282.0 281.0 280.0 280.0 279.0 279.0 278.0 278.0 277.0 276.0 275.0 275.0 274.0 274.0 273.0 272.0 272.0 271.0 270.0 270.0 269.0 268.0 268.0 267.0 267.0 266.0 265.0 265.0 264.0 263.0 263.0 262.0 261.0 261.0 260.0 259.0 259.0 258.0 258.0 257.0 256.0 256.0 255.0 254.0 254.0 253.0 252.0 252.0 251.0 2.0 22.0 23.0 25.0 27.0 29.0 30.0 32.0 34.0 36.0 38.0 39.0 41.0 43.0 45.0 46.0 48.0 50.0 52.0 54.0 55.0 57.0 59.0 61.0 63.0 65.0 66.0 68.0 70.0 71.0 73.0 75.0 77.0 79.0 80.0 82.0 84.0 86.0 88.0 89.0 91.0 93.0 95.0 97.0 98.0 100.0 102.0 104.0 106.0 107.0 109.0 111.0 112.0 114.0 116.0 118.0 120.0 122.0 123.0 125.0 127.0 128.0 130.0 132.0 134.0 136.0 138.0 139.0 141.0 143.0 145.0 147.0 148.0 150.0 152.0 153.0 155.0 157.0 159.0 161.0 163.0 164.0 166.0 168.0 170.0 171.0 173.0 175.0 176.0 178.0 180.0 182.0 184.0 186.0 187.0 189.0 191.0 193.0 194.0 196.0 99.0 1780180897.913144
319.0 315.0 315.0 314.0 314.0 313.0 313.0 312.0 312.0 311.0 311.0 310.0 310.0 310.0 309.0 309.0 308.0 308.0 307.0 307.0 307.0 306.0 306.0 305.0 305.0 304.0 304.0 303.0 303.0 303.0 302.0 302.0 301.0 301.0 300.0 300.0 300.0 299.0 299.0 298.0 298.0 297.0 297.0 296.0 296.0 296.0 295.0 295.0 294.0 294.0 293.0 293.0 292.0 292.0 292.0 291.0 291.0 290.0 290.0 289.0 289.0 288.0 288.0 288.0 287.0 287.0 286.0 286.0 285.0 285.0 285.0 284.0 284.0 283.0 283.0 282.0 282.0 282.0 281.0 281.0 280.0 280.0 279.0 279.0 278.0 278.0 277.0 277.0 276.0 276.0 275.0 275.0 275.0 274.0 274.0 273.0 273.0 272.0 272.0 272.0 2.0 22.0 24.0 25.0 27.0 29.0 31.0 33.0 35.0 36.0 38.0 40.0 42.0 44.0 45.0 47.0 49.0 51.0 53.0 55.0 56.0 58.0 60.0 62.0 63.0 65.0 67.0 69.0 70.0 72.0 74.0 76.0 78.0 79.0 81.0 83.0 85.0 87.0 89.0 90.0 92.0 94.0 96.0 98.0 99.0 101.0 103.0 105.0 107.0 108.0 110.0 112.0 114.0 115.0 117.0 119.0 121.0 123.0 125.0 127.0 128.0 130.0 132.0 134.0 136.0 137.0 139.0 141.0 142.0 144.0 146.0 148.0 150.0 152.0 153.0 155.0 157.0 159.0 161.0 163.0 164.0 166.0 168.0 170.0 172.0 173.0 175.0 177.0 178.0 180.0 182.0 184.0 186.0 187.0 189.0 191.0 193.0 194.0 196.0 198.0 100.0 1780180897.928392
319.0 317.0 317.0 317.0 316.0 316.0 316.0 315.0 315.0 315.0 315.0 315.0 314.0 314.0 313.0 314.0 313.0 313.0 313.0 312.0 312.0 312.0 312.0 311.0 311.0 311.0 311.0 310.0 310.0 310.0 310.0 310.0 309.0 309.0 309.0 308.0 308.0 308.0 308.0 308.0 307.0 307.0 307.0 306.0 306.0 306.0 306.0 306.0 305.0 305.0 305.0 304.0 304.0 304.0 304.0 303.0 303.0 303.0 303.0 303.0 302.0 302.0 301.0 302.0 301.0 301.0 301.0 300.0 300.0 300.0 300.0 299.0 299.0 299.0 299.0 298.0 298.0 298.0 298.0 297.0 297.0 297.0 297.0 296.0 296.0 296.0 296.0 296.0 296.0 295.0 295.0 295.0 295.0 295.0 294.0 294.0 294.0 294.0 294.0 294.0 2.0 23.0 25.0 27.0 29.0 31.0 33.0 35.0 37.0 38.0 40.0 42.0 44.0 46.0 48.0 50.0 52.0 53.0 56.0 58.0 59.0 61.0 63.0 65.0 67.0 69.0 71.0 73.0 74.0 77.0 79.0 81.0 82.0 84.0 86.0 88.0 90.0 92.0 94.0 95.0 98.0 100.0 102.0 103.0 105.0 107.0 109.0 111.0 113.0 115.0 117.0 119.0 121.0 123.0 124.0 126.0 128.0 130.0 132.0 134.0 136.0 138.0 140.0 142.0 144.0 146.0 148.0 149.0 151.0 153.0 155.0 157.0 159.0 161.0 163.0 165.0 167.0 169.0 170.0 172.0 174.0 176.0 178.0 180.0 182.0 184.0 185.0 188.0 189.0 191.0 193.0 195.0 197.0 199.0 200.0 202.0 204.0 206.0 207.0 209.0 101.0 1780180897.943782
319.0 319.0 319.0 319.0 319.0 319.0 319.0 318.0 318.0 318.0 318.0 318.0 318.0 318.0 318.0 318.0 318.0 318.0 318.0 318.0 318.0 318.0 318.0 318.0 318.0 318.0 318.0 317.0 317.0 317.0 317.0 318.0 317.0 317.0 317.0 317.0 317.0 317.0 317.0 317.0 317.0 317.0 317.0 317.0 317.0 316.0 317.0 317.0 317.0 316.0 316.0 316.0 316.0 316.0 316.0 316.0 316.0 316.0 316.0 316.0 316.0 315.0 315.0 315.0 316.0 315.0 315.0 315.0 315.0 315.0 315.0 315.0 315.0 315.0 315.0 315.0 315.0 315.0 315.0 315.0 315.0 314.0 315.0 314.0 314.0 314.0 314.0 314.0 315.0 314.0 314.0 314.0 315.0 315.0 315.0 315.0 315.0 315.0 316.0 316.0 2.0 23.0 26.0 27.0 29.0 31.0 33.0 35.0 37.0 39.0 41.0 43.0 45.0 47.0 49.0 51.0 53.0 55.0 57.0 59.0 61.0 63.0 65.0 67.0 69.0 71.0 73.0 75.0 77.0 79.0 81.0 83.0 85.0 86.0 89.0 91.0 93.0 95.0 97.0 98.0 100.0 103.0 105.0 107.0 109.0 110.0 112.0 114.0 116.0 119.0 120.0 123.0 124.0 126.0 128.0 130.0 132.0 134.0 136.0 138.0 140.0 142.0 144.0 146.0 148.0 150.0 152.0 154.0 156.0 158.0 160.0 162.0 164.0 166.0 168.0 170.0 172.0 174.0 176.0 178.0 180.0 182.0 184.0 186.0 188.0 190.0 192.0 194.0 196.0 197.0 199.0 201.0 203.0 205.0 207.0 209.0 211.0 212.0 214.0 216.0 102.0 1780180897.964620
319.0 321.0 321.0 321.0 321.0 321.0 321.0 321.0 321.0 321.0 322.0 322.0 322.0 322.0 322.0 322.0 322.0 323.0 323.0 323.0 323.0 323.0 324.0 323.0 324.0 324.0 324.0 324.0 324.0 325.0 325.0 325.0 325.0 325.0 325.0 325.0 326.0 326.0 326.0 326.0 326.0 326.0 327.0 327.0 327.0 327.0 327.0 327.0 328.0 328.0 328.0 328.0 328.0 328.0 329.0 329.0 329.0 329.0 329.0 329.0 330.0 330.0 330.0 330.0 330.0 331.0 330.0 331.0 331.0 331.0 331.0 331.0 331.0 332.0 332.0 332.0 332.0 332.0 333.0 333.0 333.0 333.0 333.0 333.0 333.0 333.0 334.0 334.0 334.0 334.0 334.0 334.0 335.0 335.0 335.0 336.0 336.0 336.0 337.0 337.0 2.0 23.0 25.0 27.0 29.0 31.0 33.0 35.0 37.0 39.0 41.0 43.0 45.0 47.0 49.0 51.0 53.0 55.0 57.0 59.0 61.0 63.0 65.0 67.0 68.0 70.0 72.0 74.0 76.0 78.0 80.0 82.0 84.0 86.0 88.0 90.0 92.0 94.0 96.0 98.0 100.0 102.0 104.0 106.0 108.0 109.0 111.0 113.0 115.0 117.0 119.0 122.0 123.0 125.0 127.0 129.0 131.0 133.0 135.0 137.0 139.0 141.0 143.0 145.0 147.0 149.0 151.0 152.0 155.0 157.0 159.0 161.0 163.0 165.0 166.0 168.0 170.0 172.0 174.0 176.0 178.0 180.0 182.0 184.0 186.0 188.0 190.0 192.0 194.0 196.0 197.0 199.0 201.0 203.0 205.0 207.0 209.0 211.0 213.0 214.0 103.0 1780180897.979908
319.0 322.0 322.0 323.0 323.0 323.0 324.0 323.0 324.0 324.0 325.0 325.0 325.0 326.0 326.0 326.0 327.0 327.0 327.0 328.0 328.0 328.0 329.0 329.0 329.0 329.0 330.0 330.0 331.0 331.0 331.0 332.0 332.0 333.0 333.0 333.0 334.0 334.0 334.0 335.0 335.0 336.0 336.0 336.0 337.0 337.0 338.0 338.0 338.0 339.0 339.0 339.0 340.0 340.0 340.0 341.0 341.0 341.0 342.0 342.0 343.0 343.0 343.0 344.0 344.0 344.0 345.0 345.0 346.0 346.0 346.0 347.0 347.0 347.0 348.0 348.0 348.0 349.0 349.0 350.0 350.0 350.0 350.0 351.0 351.0 351.0 352.0 352.0 352.0 353.0 353.0 353.0 354.0 354.0 355.0 355.0 355.0 356.0 357.0 357.0 2.0 23.0 25.0 27.0 29.0 31.0 33.0 35.0 37.0 39.0 41.0 43.0 44.0 46.0 48.0 50.0 52.0 54.0 56.0 58.0 60.0 62.0 64.0 66.0 68.0 70.0 71.0 73.0 75.0 77.0 79.0 81.0 83.0 85.0 87.0 89.0 91.0 93.0 94.0 96.0 98.0 100.0 102.0 104.0 106.0 108.0 110.0 112.0 114.0 116.0 117.0 120.0 121.0 123.0 125.0 127.0 129.0 131.0 133.0 135.0 137.0 138.0 141.0 143.0 144.0 146.0 148.0 150.0 152.0 154.0 156.0 158.0 160.0 162.0 163.0 165.0 167.0 169.0 171.0 173.0 175.0 177.0 179.0 181.0 183.0 185.0 187.0 189.0 191.0 193.0 194.0 196.0 198.0 200.0 202.0 204.0 206.0 208.0 209.0 211.0 104.0 1780180897.995295
319.0 323.0 324.0 324.0 325.0 325.0 326.0 326.0 327.0 327.0 328.0 328.0 328.0 329.0 330.0 330.0 331.0 331.0 332.0 332.0 333.0 333.0 334.0 334.0 335.0 335.0 336.0 336.0 337.0 337.0 338.0 338.0 339.0 340.0 340.0 341.0 341.0 342.0 342.0 343.0 343.0 344.0 345.0 345.0 346.0 346.0 347.0 347.0 348.0 349.0 349.0 350.0 350.0 351.0 351.0 352.0 353.0 353.0 354.0 354.0 355.0 355.0 356.0 356.0 357.0 357.0 358.0 358.0 359.0 359.0 360.0 361.0 361.0 362.0 362.0 363.0 363.0 364.0 364.0 365.0 365.0 366.0 366.0 367.0 367.0 368.0 368.0 369.0 369.0 370.0 371.0 371.0 372.0 372.0 372.0 373.0 374.0 374.0 375.0 376.0 2.0 23.0 25.0 27.0 29.0 30.0 32.0 34.0 36.0 38.0 40.0 42.0 44.0 46.0 48.0 50.0 51.0 53.0 55.0 57.0 59.0 61.0 63.0 65.0 67.0 68.0 70.0 72.0 74.0 76.0 78.0 80.0 81.0 83.0 85.0 87.0 89.0 91.0 93.0 94.0 96.0 99.0 100.0 102.0 104.0 106.0 108.0 110.0 111.0 113.0 115.0 117.0 119.0 121.0 123.0 125.0 127.0 128.0 130.0 132.0 134.0 136.0 138.0 140.0 142.0 144.0 146.0 147.0 149.0 151.0 153.0 155.0 157.0 158.0 160.0 162.0 164.0 166.0 168.0 170.0 172.0 174.0 175.0 177.0 179.0 181.0 183.0 185.0 187.0 189.0 191.0 193.0 194.0 196.0 198.0 200.0 202.0 203.0 205.0 207.0 105.0 1780180898.011154
319.0 325.0 325.0 326.0 327.0 327.0 328.0 328.0 329.0 330.0 330.0 331.0 332.0 332.0 333.0 334.0 335.0 335.0 336.0 337.0 337.0 338.0 339.0 340.0 340.0 341.0 342.0 342.0 343.0 344.0 344.0 345.0 346.0 347.0 347.0 348.0 349.0 349.0 350.0 351.0 351.0 352.0 353.0 354.0 354.0 355.0 356.0 357.0 357.0 358.0 359.0 360.0 360.0 361.0 362.0 363.0 363.0 364.0 365.0 365.0 366.0 367.0 368.0 368.0 369.0 369.0 370.0 371.0 372.0 372.0 373.0 374.0 375.0 375.0 376.0 377.0 377.0 378.0 379.0 379.0 380.0 381.0 381.0 382.0 383.0 383.0 384.0 385.0 385.0 386.0 387.0 388.0 389.0 389.0 390.0 391.0 391.0 392.0 394.0 394.0 2.0 23.0 25.0 26.0 28.0 30.0 32.0 34.0 36.0 38.0 40.0 41.0 43.0 45.0 47.0 49.0 51.0 52.0 54.0 56.0 58.0 60.0 62.0 64.0 65.0 67.0 69.0 71.0 73.0 75.0 76.0 78.0 80.0 82.0 84.0 86.0 88.0 90.0 91.0 93.0 95.0 97.0 99.0 101.0 102.0 104.0 106.0 108.0 109.0 112.0 113.0 115.0 117.0 119.0 121.0 122.0 124.0 126.0 128.0 130.0 132.0 134.0 135.0 137.0 139.0 141.0 143.0 144.0 146.0 148.0 150.0 152.0 154.0 156.0 157.0 159.0 161.0 163.0 165.0 167.0 169.0 171.0 172.0 174.0 176.0 178.0 180.0 182.0 184.0 185.0 187.0 189.0 191.0 193.0 195.0 196.0 198.0 200.0 202.0 203.0 106.0 1780180898.031366
319.0 326.0 327.0 328.0 328.0 329.0 330.0 331.0 332.0 332.0 334.0 334.0 335.0 336.0 337.0 338.0 339.0 340.0 340.0 342.0 342.0 343.0 344.0 345.0 346.0 347.0 348.0 349.0 350.0 350.0 351.0 352.0 353.0 354.0 355.0 356.0 357.0 358.0 359.0 360.0 360.0 361.0 362.0 363.0 364.0 365.0 366.0 367.0 368.0 369.0 369.0 371.0 372.0 372.0 373.0 374.0 375.0 376.0 377.0 378.0 379.0 380.0 381.0 382.0 382.0 383.0 384.0 385.0 386.0 387.0 388.0 389.0 390.0 391.0 392.0 393.0 393.0 394.0 395.0 396.0 397.0 398.0 399.0 400.0 400.0 402.0 403.0 403.0 405.0 405.0 407.0 408.0 408.0 410.0 411.0 411.0 413.0 414.0 415.0 416.0 2.0 23.0 24.0 26.0 28.0 30.0 32.0 34.0 35.0 37.0 39.0 41.0 43.0 45.0 47.0 49.0 50.0 52.0 54.0 56.0 58.0 59.0 61.0 63.0 65.0 67.0 69.0 70.0 72.0 74.0 76.0 78.0 79.0 81.0 83.0 85.0 87.0 89.0 90.0 92.0 94.0 96.0 98.0 100.0 102.0 103.0 105.0 107.0 109.0 111.0 112.0 114.0 116.0 118.0 120.0 121.0 123.0 125.0 127.0 129.0 131.0 132.0 134.0 136.0 138.0 140.0 142.0 143.0 145.0 147.0 149.0 151.0 152.0 154.0 156.0 158.0 160.0 162.0 164.0 165.0 167.0 169.0 171.0 173.0 174.0 176.0 178.0 180.0 182.0 183.0 185.0 187.0 189.0 190.0 192.0 194.0 195.0 197.0 198.0 200.0 107.0 1780180898.052152
319.0 327.0 328.0 329.0 330.0 331.0 332.0 333.0 334.0 335.0 336.0 337.0 338.0 339.0 340.0 341.0 342.0 343.0 344.0 345.0 346.0 347.0 349.0 350.0 351.0 352.0 353.0 354.0 355.0 356.0 357.0 358.0 359.0 361.0 362.0 363.0 364.0 365.0 366.0 367.0 368.0 369.0 371.0 372.0 373.0 374.0 375.0 376.0 377.0 379.0 380.0 381.0 382.0 383.0 384.0 385.0 386.0 387.0 389.0 390.0 391.0 392.0 393.0 394.0 395.0 396.0 398.0 398.0 400.0 401.0 402.0 403.0 404.0 406.0 407.0 408.0 409.0 410.0 411.0 412.0 414.0 414.0 416.0 417.0 418.0 419.0 421.0 421.0 423.0 424.0 425.0 426.0 428.0 429.0 430.0 431.0 432.0 434.0 436.0 437.0 2.0 23.0 24.0 26.0 28.0 30.0 32.0 34.0 35.0 37.0 39.0 41.0 43.0 44.0 46.0 48.0 50.0 52.0 53.0 55.0 57.0 59.0 61.0 62.0 64.0 66.0 68.0 69.0 71.0 73.0 75.0 77.0 78.0 80.0 82.0 84.0 85.0 87.0 89.0 91.0 93.0 94.0 96.0 98.0 100.0 101.0 103.0 105.0 107.0 109.0 110.0 112.0 114.0 116.0 117.0 119.0 121.0 123.0 125.0 126.0 128.0 130.0 132.0 133.0 135.0 137.0 139.0 140.0 142.0 144.0 146.0 148.0 149.0 151.0 153.0 154.0 156.0 158.0 160.0 162.0 164.0 165.0 167.0 169.0 170.0 172.0 174.0 176.0 177.0 179.0 180.0 182.0 184.0 185.0 187.0 189.0 190.0 191.0 193.0 194.0 108.0 1780180898.067335
319.0 328.0 329.0 330.0 331.0 332.0 333.0 335.0 336.0 337.0 338.0 339.0 340.0 341.0 343.0 344.0 345.0 346.0 347.0 349.0 350.0 351.0 353.0 354.0 355.0 356.0 357.0 359.0 360.0 361.0 363.0 364.0 365.0 367.0 368.0 369.0 370.0 372.0 373.0 374.0 375.0 377.0 378.0 379.0 381.0 382.0 383.0 385.0 386.0 387.0 388.0 390.0 391.0 392.0 394.0 395.0 396.0 398.0 399.0 400.0 401.0 403.0 404.0 405.0 407.0 408.0 409.0 410.0 412.0 413.0 415.0 416.0 417.0 419.0 420.0 421.0 422.0 424.0 425.0 426.0 428.0 429.0 430.0 432.0 433.0 434.0 436.0 437.0 438.0 440.0 441.0 442.0 444.0 445.0 447.0 448.0 449.0 451.0 453.0 454.0 2.0 22.0 24.0 26.0 28.0 29.0 31.0 33.0 35.0 37.0 39.0 41.0 42.0 44.0 46.0 48.0 49.0 51.0 53.0 55.0 56.0 58.0 60.0 62.0 63.0 65.0 67.0 69.0 70.0 72.0 74.0 76.0 77.0 79.0 81.0 82.0 84.0 86.0 88.0 89.0 91.0 93.0 94.0 96.0 98.0 99.0 101.0 103.0 104.0 106.0 108.0 110.0 111.0 113.0 115.0 116.0 118.0 120.0 122.0 123.0 125.0 126.0 128.0 130.0 131.0 133.0 135.0 136.0 138.0 140.0 142.0 143.0 145.0 146.0 148.0 150.0 152.0 153.0 155.0 157.0 159.0 160.0 162.0 163.0 165.0 167.0 169.0 170.0 172.0 173.0 175.0 176.0 178.0 179.0 181.0 182.0 183.0 185.0 186.0 187.0 109.0 1780180898.082664
319.0 329.0 330.0 331.0 332.0 334.0 335.0 336.0 338.0 339.0 340.0 341.0 343.0 344.0 345.0 347.0 348.0 350.0 351.0 352.0 354.0 355.0 356.0 358.0 359.0 360.0 362.0 363.0 364.0 366.0 367.0 369.0 370.0 372.0 373.0 375.0 376.0 377.0 379.0 380.0 382.0 383.0 385.0 386.0 388.0 389.0 390.0 392.0 394.0 395.0 396.0 398.0 399.0 401.0 402.0 404.0 405.0 406.0 408.0 409.0 411.0 412.0 414.0 415.0 416.0 418.0 419.0 421.0 422.0 424.0 425.0 427.0 428.0 430.0 431.0 432.0 434.0 436.0 437.0 438.0 440.0 441.0 443.0 444.0 445.0 447.0 449.0 450.0 452.0 453.0 454.0 456.0 458.0 459.0 461.0 463.0 464.0 466.0 468.0 469.0 2.0 22.0 24.0 26.0 28.0 29.0 31.0 33.0 35.0 36.0 38.0 40.0 42.0 44.0 45.0 47.0 49.0 50.0 52.0 54.0 56.0 58.0 59.0 61.0 62.0 64.0 66.0 68.0 69.0 71.0 73.0 74.0 76.0 77.0 79.0 81.0 83.0 84.0 86.0 87.0 89.0 91.0 92.0 94.0 95.0 97.0 99.0 100.0 102.0 104.0 105.0 107.0 108.0 110.0 111.0 113.0 115.0 116.0 118.0 119.0 121.0 123.0 124.0 126.0 127.0 129.0 131.0 132.0 134.0 135.0 137.0 138.0 140.0 141.0 143.0 145.0 146.0 148.0 150.0 151.0 153.0 154.0 156.0 158.0 159.0 161.0 162.0 164.0 166.0 167.0 168.0 170.0 171.0 173.0 174.0 175.0 176.0 177.0 178.0 180.0 110.0 1780180898.098243
319.0 330.0 331.0 332.0 334.0 335.0 336.0 338.0 339.0 340.0 342.0 343.0 345.0 346.0 348.0 349.0 351.0 352.0 354.0 355.0 357.0 358.0 360.0 361.0 363.0 364.0 366.0 367.0 368.0 370.0 372.0 374.0 375.0 377.0 378.0 380.0 381.0 383.0 384.0 386.0 387.0 389.0 390.0 392.0 394.0 395.0 397.0 398.0 400.0 401.0 403.0 404.0 406.0 408.0 409.0 411.0 412.0 414.0 415.0 417.0 419.0 420.0 422.0 423.0 425.0 426.0 428.0 430.0 431.0 433.0 434.0 436.0 437.0 439.0 441.0 442.0 444.0 445.0 447.0 448.0 450.0 452.0 453.0 455.0 456.0 458.0 460.0 461.0 463.0 465.0 466.0 468.0 469.0 471.0 473.0 475.0 476.0 478.0 480.0 482.0 2.0 22.0 24.0 26.0 28.0 29.0 31.0 33.0 35.0 36.0 38.0 40.0 41.0 43.0 45.0 47.0 48.0 50.0 51.0 53.0 55.0 56.0 58.0 60.0 61.0 63.0 64.0 66.0 68.0 69.0 71.0 72.0 74.0 75.0 77.0 79.0 80.0 82.0 84.0 85.0 87.0 88.0 89.0 91.0 93.0 94.0 96.0 97.0 99.0 100.0 102.0 104.0 105.0 106.0 108.0 110.0 111.0 113.0 114.0 116.0 117.0 119.0 120.0 122.0 123.0 125.0 126.0 127.0 129.0 131.0 132.0 133.0 135.0 137.0 138.0 140.0 141.0 143.0 144.0 146.0 147.0 148.0 150.0 152.0 153.0 154.0 156.0 158.0 159.0 160.0 162.0 163.0 164.0 166.0 167.0 168.0 169.0 170.0 171.0 172.0 111.0 1780180898.113584
319.0 331.0 332.0 334.0 335.0 337.0 338.0 339.0 341.0 342.0 344.0 345.0 347.0 349.0 350.0 352.0 353.0 355.0 357.0 358.0 360.0 361.0 363.0 365.0 366.0 368.0 369.0 371.0 372.0 374.0 376.0 378.0 379.0 381.0 382.0 384.0 385.0 387.0 389.0 391.0 392.0 394.0 395.0 397.0 399.0 400.0 402.0 404.0 405.0 407.0 409.0 410.0 412.0 414.0 415.0 417.0 419.0 420.0 422.0 424.0 425.0 427.0 429.0 430.0 432.0 433.0 435.0 437.0 439.0 440.0 442.0 444.0 445.0 447.0 449.0 450.0 452.0 454.0 455.0 457.0 459.0 460.0 462.0 464.0 465.0 467.0 469.0 470.0 472.0 474.0 476.0 477.0 479.0 481.0 483.0 485.0 487.0 489.0 491.0 492.0 2.0 22.0 24.0 26.0 27.0 29.0 31.0 32.0 34.0 36.0 37.0 39.0 41.0 42.0 44.0 45.0 47.0 49.0 50.0 52.0 53.0 55.0 56.0 58.0 60.0 61.0 63.0 64.0 66.0 67.0 69.0 70.0 72.0 73.0 75.0 76.0 78.0 80.0 81.0 82.0 84.0 85.0 87.0 88.0 90.0 91.0 93.0 94.0 96.0 97.0 98.0 100.0 101.0 103.0 104.0 106.0 107.0 109.0 110.0 112.0 113.0 115.0 116.0 118.0 119.0 120.0 122.0 123.0 124.0 126.0 127.0 129.0 130.0 132.0 133.0 134.0 136.0 137.0 139.0 140.0 142.0 143.0 145.0 146.0 147.0 148.0 150.0 151.0 152.0 154.0 155.0 156.0 157.0 158.0 159.0 160.0 161.0 162.0 163.0 164.0 112.0 1780180898.129059
319.0 331.0 333.0 335.0 336.0 338.0 339.0 341.0 342.0 344.0 345.0 347.0 349.0 351.0 352.0 354.0 355.0 357.0 359.0 360.0 362.0 364.0 366.0 367.0 369.0 371.0 372.0 374.0 375.0 377.0 379.0 381.0 383.0 384.0 386.0 388.0 389.0 391.0 393.0 395.0 396.0 398.0 400.0 402.0 403.0 405.0 407.0 408.0 410.0 412.0 414.0 415.0 417.0 419.0 421.0 422.0 424.0 425.0 427.0 429.0 431.0 433.0 435.0 436.0 438.0 440.0 441.0 443.0 445.0 447.0 449.0 450.0 452.0 454.0 456.0 457.0 459.0 461.0 463.0 464.0 466.0 468.0 469.0 471.0 473.0 475.0 477.0 479.0 481.0 482.0 484.0 486.0 488.0 490.0 492.0 494.0 496.0 498.0 500.0 502.0 2.0 22.0 24.0 25.0 27.0 29.0 31.0 32.0 33.0 35.0 37.0 39.0 40.0 42.0 43.0 44.0 46.0 48.0 49.0 51.0 52.0 54.0 55.0 57.0 58.0 60.0 61.0 62.0 64.0 65.0 67.0 68.0 70.0 71.0 73.0 74.0 75.0 77.0 79.0 80.0 81.0 83.0 84.0 85.0 87.0 88.0 90.0 91.0 92.0 94.0 95.0 97.0 98.0 100.0 101.0 102.0 104.0 105.0 107.0 108.0 109.0 110.0 112.0 114.0 115.0 116.0 117.0 119.0 120.0 122.0 123.0 124.0 125.0 127.0 128.0 129.0 131.0 132.0 133.0 135.0 136.0 137.0 139.0 140.0 141.0 143.0 144.0 145.0 146.0 147.0 148.0 149.0 151.0 151.0 152.0 153.0 154.0 154.0 155.0 156.0 113.0 1780180898.144500
319.0 332.0 334.0 335.0 337.0 338.0 340.0 342.0 344.0 345.0 347.0 348.0 350.0 352.0 354.0 355.0 357.0 359.0 361.0 362.0 364.0 366.0 368.0 369.0 371.0 373.0 375.0 376.0 378.0 380.0 382.0 384.0 385.0 387.0 389.0 391.0 392.0 394.0 396.0 398.0 399.0 401.0 403.0 405.0 407.0 408.0 410.0 412.0 414.0 416.0 418.0 419.0 421.0 423.0 425.0 427.0 429.0 430.0 432.0 434.0 436.0 438.0 440.0 441.0 443.0 445.0 447.0 449.0 450.0 452.0 454.0 456.0 458.0 460.0 461.0 463.0 465.0 467.0 469.0 470.0 472.0 474.0 476.0 478.0 480.0 481.0 483.0 485.0 487.0 490.0 491.0 493.0 495.0 497.0 499.0 501.0 503.0 505.0 507.0 509.0 2.0 22.0 23.0 25.0 27.0 28.0 30.0 32.0 33.0 35.0 36.0 38.0 39.0 41.0 42.0 44.0 46.0 47.0 48.0 50.0 51.0 53.0 54.0 56.0 57.0 58.0 60.0 61.0 62.0 64.0 65.0 67.0 68.0 69.0 71.0 72.0 74.0 75.0 76.0 77.0 79.0 80.0 82.0 83.0 84.0 85.0 87.0 88.0 90.0 91.0 92.0 94.0 95.0 96.0 98.0 99.0 100.0 102.0 103.0 104.0 106.0 107.0 108.0 109.0 111.0 112.0 113.0 114.0 116.0 117.0 118.0 120.0 121.0 122.0 123.0 125.0 126.0 127.0 128.0 129.0 131.0 132.0 133.0 134.0 136.0 137.0 138.0 139.0 140.0 141.0 142.0 143.0 144.0 145.0 146.0 146.0 147.0 147.0 148.0 149.0 114.0 1780180898.159928
319.0 332.0 334.0 336.0 337.0 339.0 341.0 342.0 344.0 346.0 347.0 349.0 351.0 353.0 355.0 356.0 358.0 360.0 362.0 363.0 365.0 367.0 369.0 371.0 373.0 374.0 376.0 378.0 380.0 382.0 384.0 386.0 387.0 389.0 391.0 393.0 395.0 396.0 398.0 400.0 402.0 404.0 405.0 407.0 409.0 411.0 413.0 415.0 417.0 419.0 420.0 422.0 424.0 426.0 428.0 430.0 432.0 433.0 435.0 437.0 439.0 441.0 443.0 445.0 447.0 448.0 450.0 453.0 455.0 456.0 458.0 460.0 462.0 464.0 466.0 468.0 470.0 471.0 473.0 475.0 477.0 479.0 481.0 483.0 484.0 486.0 488.0 490.0 492.0 495.0 497.0 499.0 500.0 502.0 504.0 507.0 509.0 511.0 513.0 515.0 2.0 22.0 23.0 25.0 27.0 28.0 30.0 31.0 33.0 35.0 36.0 38.0 39.0 41.0 42.0 43.0 45.0 46.0 47.0 49.0 50.0 52.0 53.0 54.0 56.0 57.0 58.0 60.0 61.0 63.0 64.0 65.0 67.0 68.0 69.0 71.0 72.0 73.0 74.0 75.0 77.0 78.0 80.0 81.0 82.0 83.0 84.0 86.0 87.0 88.0 89.0 91.0 92.0 94.0 95.0 96.0 97.0 98.0 100.0 101.0 102.0 103.0 104.0 106.0 107.0 108.0 109.0 110.0 111.0 113.0 114.0 115.0 116.0 117.0 119.0 120.0 121.0 123.0 124.0 125.0 126.0 127.0 128.0 129.0 130.0 131.0 133.0 134.0 135.0 136.0 136.0 137.0 138.0 139.0 140.0 140.0 141.0 141.0 142.0 143.0 115.0 1780180898.180628
319.0 332.0 334.0 336.0 337.0 339.0 341.0 343.0 344.0 346.0 348.0 349.0 351.0 353.0 355.0 357.0 359.0 361.0 362.0 364.0 366.0 368.0 370.0 372.0 374.0 375.0 377.0 379.0 381.0 383.0 385.0 387.0 389.0 390.0 392.0 394.0 396.0 398.0 400.0 402.0 404.0 406.0 407.0 409.0 411.0 413.0 415.0 417.0 419.0 421.0 423.0 425.0 427.0 429.0 431.0 433.0 434.0 436.0 438.0 440.0 442.0 444.0 446.0 448.0 450.0 452.0 454.0 456.0 458.0 460.0 462.0 464.0 466.0 468.0 469.0 471.0 473.0 476.0 477.0 479.0 481.0 483.0 485.0 487.0 489.0 491.0 493.0 495.0 497.0 499.0 501.0 503.0 505.0 507.0 509.0 512.0 514.0 516.0 518.0 520.0 2.0 22.0 23.0 25.0 27.0 29.0 30.0 32.0 33.0 35.0 36.0 38.0 39.0 41.0 42.0 43.0 45.0 46.0 47.0 49.0 50.0 52.0 53.0 54.0 55.0 57.0 58.0 59.0 61.0 62.0 63.0 64.0 66.0 67.0 68.0 69.0 71.0 72.0 73.0 74.0 75.0 77.0 78.0 79.0 80.0 81.0 83.0 84.0 85.0 86.0 87.0 88.0 89.0 91.0 92.0 93.0 94.0 95.0 96.0 98.0 99.0 100.0 101.0 102.0 103.0 104.0 105.0 106.0 107.0 109.0 110.0 111.0 112.0 113.0 114.0 115.0 116.0 118.0 119.0 120.0 121.0 122.0 123.0 124.0 125.0 126.0 127.0 128.0 129.0 130.0 130.0 131.0 132.0 133.0 134.0 134.0 135.0 135.0 135.0 136.0 116.0 1780180898.196098
319.0 333.0 334.0 336.0 337.0 339.0 341.0 343.0 345.0 346.0 348.0 350.0 352.0 354.0 355.0 357.0 359.0 361.0 363.0 365.0 367.0 368.0 370.0 372.0 374.0 376.0 378.0 380.0 382.0 384.0 386.0 388.0 390.0 391.0 394.0 395.0 397.0 400.0 401.0 403.0 405.0 407.0 409.0 411.0 413.0 415.0 417.0 419.0 421.0 423.0 425.0 427.0 429.0 431.0 433.0 435.0 437.0 439.0 441.0 443.0 445.0 447.0 449.0 451.0 452.0 455.0 457.0 459.0 461.0 463.0 465.0 467.0 469.0 471.0 473.0 475.0 477.0 479.0 481.0 483.0 485.0 487.0 489.0 491.0 493.0 495.0 497.0 499.0 501.0 503.0 505.0 508.0 510.0 512.0 514.0 516.0 519.0 521.0 523.0 525.0 2.0 22.0 24.0 25.0 27.0 29.0 30.0 32.0 33.0 35.0 36.0 38.0 39.0 41.0 42.0 43.0 45.0 46.0 48.0 49.0 50.0 51.0 52.0 54.0 55.0 56.0 58.0 59.0 60.0 62.0 63.0 64.0 65.0 66.0 68.0 69.0 70.0 71.0 72.0 73.0 74.0 75.0 77.0 78.0 79.0 80.0 81.0 82.0 83.0 84.0 85.0 86.0 87.0 89.0 90.0 91.0 92.0 93.0 94.0 95.0 96.0 97.0 98.0 99.0 100.0 101.0 102.0 103.0 104.0 106.0 106.0 107.0 109.0 110.0 111.0 112.0 113.0 114.0 115.0 116.0 117.0 118.0 119.0 120.0 121.0 122.0 122.0 124.0 124.0 125.0 126.0 126.0 127.0 128.0 128.0 129.0 129.0 130.0 130.0 130.0 117.0 1780180898.222100
319.0 333.0 334.0 336.0 338.0 339.0 341.0 343.0 345.0 347.0 348.0 350.0 352.0 354.0 356.0 357.0 359.0 361.0 363.0 365.0 367.0 369.0 371.0 373.0 375.0 377.0 379.0 380.0 382.0 384.0 386.0 388.0 390.0 392.0 394.0 396.0 398.0 400.0 402.0 404.0 406.0 408.0 410.0 412.0 414.0 416.0 418.0 420.0 422.0 424.0 426.0 428.0 430.0 432.0 434.0 436.0 438.0 440.0 442.0 444.0 446.0 448.0 451.0 452.0 454.0 457.0 459.0 461.0 463.0 465.0 467.0 469.0 471.0 473.0 475.0 477.0 479.0 481.0 483.0 485.0 487.0 489.0 492.0 494.0 496.0 498.0 499.0 502.0 504.0 506.0 508.0 511.0 513.0 515.0 517.0 520.0 522.0 524.0 526.0 528.0 2.0 22.0 24.0 26.0 27.0 29.0 31.0 32.0 34.0 35.0 37.0 38.0 39.0 41.0 42.0 44.0 45.0 46.0 48.0 49.0 50.0 51.0 53.0 54.0 55.0 56.0 58.0 59.0 60.0 61.0 62.0 64.0 65.0 66.0 67.0 68.0 69.0 70.0 72.0 73.0 74.0 75.0 76.0 77.0 78.0 79.0 80.0 81.0 82.0 83.0 84.0 85.0 86.0 88.0 89.0 90.0 91.0 92.0 93.0 94.0 95.0 95.0 97.0 98.0 98.0 99.0 100.0 101.0 102.0 104.0 104.0 105.0 106.0 107.0 109.0 109.0 110.0 111.0 112.0 113.0 114.0 115.0 116.0 117.0 117.0 118.0 119.0 120.0 121.0 121.0 122.0 123.0 123.0 124.0 124.0 125.0 125.0 125.0 125.0 126.0 118.0 1780180898.247650
319.0 333.0 334.0 336.0 338.0 339.0 341.0 343.0 345.0 347.0 349.0 350.0 352.0 354.0 356.0 358.0 360.0 362.0 363.0 365.0 367.0 369.0 371.0 373.0 375.0 377.0 379.0 381.0 383.0 385.0 387.0 389.0 390.0 392.0 394.0 396.0 398.0 401.0 402.0 404.0 406.0 409.0 410.0 412.0 414.0 416.0 418.0 421.0 423.0 425.0 427.0 429.0 431.0 433.0 435.0 437.0 439.0 441.0 443.0 445.0 447.0 449.0 451.0 453.0 455.0 457.0 459.0 461.0 464.0 466.0 468.0 470.0 472.0 474.0 476.0 478.0 480.0 482.0 484.0 486.0 488.0 491.0 493.0 495.0 497.0 499.0 501.0 504.0 506.0 508.0 510.0 512.0 514.0 517.0 519.0 521.0 524.0 526.0 528.0 530.0 2.0 22.0 24.0 26.0 27.0 29.0 31.0 32.0 34.0 35.0 37.0 38.0 40.0 41.0 42.0 44.0 45.0 46.0 48.0 49.0 50.0 51.0 53.0 54.0 55.0 56.0 58.0 59.0 60.0 61.0 63.0 64.0 65.0 66.0 67.0 68.0 70.0 71.0 72.0 73.0 74.0 75.0 76.0 77.0 78.0 79.0 80.0 81.0 82.0 83.0 84.0 85.0 86.0 87.0 88.0 89.0 91.0 91.0 92.0 93.0 94.0 95.0 96.0 97.0 98.0 99.0 100.0 101.0 102.0 103.0 104.0 104.0 105.0 106.0 107.0 108.0 109.0 110.0 111.0 112.0 112.0 113.0 114.0 115.0 116.0 117.0 117.0 118.0 119.0 119.0 120.0 120.0 121.0 121.0 121.0 122.0 122.0 122.0 122.0 122.0 119.0 1780180898.263024
319.0 332.0 333.0 335.0 337.0 339.0 340.0 342.0 344.0 346.0 348.0 349.0 351.0 353.0 355.0 357.0 358.0 360.0 362.0 364.0 366.0 368.0 370.0 371.0 373.0 375.0 377.0 379.0 381.0 383.0 385.0 387.0 388.0 390.0 392.0 394.0 396.0 398.0 400.0 402.0 404.0 406.0 408.0 410.0 412.0 414.0 416.0 418.0 420.0 422.0 423.0 425.0 427.0 430.0 432.0 433.0 435.0 437.0 439.0 442.0 443.0 445.0 447.0 449.0 451.0 453.0 455.0 457.0 460.0 462.0 464.0 466.0 468.0 470.0 471.0 474.0 476.0 478.0 480.0 482.0 484.0 486.0 488.0 490.0 492.0 494.0 496.0 499.0 501.0 503.0 505.0 507.0 509.0 511.0 514.0 516.0 518.0 520.0 522.0 525.0 2.0 22.0 24.0 25.0 27.0 29.0 30.0 32.0 33.0 34.0 36.0 37.0 39.0 40.0 42.0 43.0 44.0 45.0 47.0 48.0 49.0 51.0 52.0 53.0 54.0 56.0 57.0 58.0 60.0 61.0 62.0 63.0 64.0 65.0 66.0 68.0 69.0 70.0 71.0 72.0 73.0 74.0 75.0 76.0 77.0 78.0 79.0 80.0 81.0 82.0 83.0 84.0 85.0 86.0 87.0 88.0 89.0 90.0 91.0 92.0 93.0 94.0 95.0 96.0 97.0 98.0 99.0 100.0 101.0 101.0 102.0 103.0 104.0 105.0 106.0 107.0 107.0 108.0 109.0 110.0 111.0 111.0 112.0 113.0 114.0 115.0 116.0 116.0 117.0 117.0 118.0 118.0 119.0 119.0 120.0 120.0 120.0 121.0 121.0 121.0 120.0 1780180898.298924
319.0 331.0 333.0 334.0 336.0 338.0 339.0 341.0 342.0 344.0 346.0 348.0 349.0 351.0 353.0 355.0 356.0 358.0 360.0 362.0 363.0 365.0 367.0 369.0 371.0 373.0 375.0 376.0 378.0 380.0 382.0 384.0 385.0 387.0 389.0 391.0 393.0 395.0 397.0 399.0 401.0 403.0 404.0 406.0 408.0 410.0 412.0 414.0 416.0 418.0 420.0 422.0 424.0 426.0 428.0 429.0 431.0 433.0 435.0 437.0 439.0 441.0 443.0 445.0 447.0 449.0 451.0 453.0 455.0 457.0 459.0 461.0 463.0 465.0 467.0 469.0 471.0 473.0 475.0 477.0 478.0 481.0 483.0 485.0 487.0 489.0 491.0 493.0 495.0 497.0 499.0 501.0 503.0 506.0 508.0 510.0 512.0 514.0 516.0 519.0 2.0 21.0 23.0 25.0 26.0 28.0 30.0 31.0 33.0 35.0 36.0 38.0 39.0 41.0 42.0 43.0 45.0 46.0 47.0 49.0 50.0 51.0 52.0 54.0 55.0 56.0 58.0 59.0 60.0 61.0 62.0 64.0 65.0 66.0 67.0 68.0 69.0 70.0 72.0 73.0 74.0 75.0 76.0 77.0 78.0 79.0 80.0 81.0 82.0 83.0 84.0 85.0 86.0 87.0 88.0 89.0 90.0 91.0 92.0 93.0 94.0 95.0 96.0 97.0 98.0 99.0 100.0 101.0 101.0 102.0 103.0 104.0 105.0 106.0 107.0 107.0 108.0 109.0 110.0 111.0 112.0 113.0 113.0 114.0 115.0 116.0 116.0 117.0 118.0 118.0 119.0 120.0 120.0 120.0 121.0 121.0 122.0 122.0 122.0 122.0 121.0 1780180898.319549
319.0 331.0 332.0 333.0 335.0 336.0 338.0 339.0 341.0 343.0 344.0 346.0 347.0 349.0 351.0 353.0 354.0 356.0 358.0 360.0 361.0 363.0 365.0 366.0 368.0 370.0 372.0 373.0 375.0 377.0 379.0 381.0 382.0 384.0 386.0 388.0 390.0 392.0 393.0 395.0 397.0 399.0 401.0 403.0 404.0 406.0 408.0 410.0 412.0 414.0 416.0 418.0 420.0 421.0 423.0 425.0 427.0 429.0 431.0 433.0 435.0 437.0 439.0 440.0 442.0 444.0 446.0 448.0 450.0 452.0 454.0 456.0 458.0 460.0 462.0 464.0 466.0 467.0 469.0 471.0 473.0 475.0 477.0 479.0 481.0 483.0 485.0 487.0 489.0 491.0 493.0 496.0 498.0 500.0 501.0 504.0 506.0 508.0 510.0 512.0 2.0 22.0 23.0 25.0 27.0 28.0 30.0 32.0 33.0 35.0 36.0 38.0 39.0 41.0 42.0 44.0 45.0 47.0 48.0 49.0 51.0 52.0 53.0 55.0 56.0 57.0 59.0 60.0 61.0 62.0 64.0 65.0 66.0 67.0 68.0 69.0 71.0 72.0 73.0 74.0 75.0 76.0 77.0 78.0 79.0 81.0 82.0 83.0 84.0 85.0 86.0 87.0 88.0 89.0 90.0 91.0 92.0 93.0 94.0 95.0 96.0 97.0 98.0 99.0 100.0 101.0 102.0 103.0 103.0 104.0 105.0 106.0 107.0 108.0 109.0 110.0 111.0 111.0 112.0 113.0 114.0 115.0 116.0 116.0 117.0 118.0 119.0 120.0 120.0 121.0 121.0 122.0 123.0 123.0 124.0 124.0 124.0 125.0 125.0 126.0 122.0 1780180898.335161
319.0 330.0 331.0 333.0 334.0 336.0 337.0 339.0 340.0 342.0 343.0 345.0 347.0 349.0 350.0 352.0 353.0 355.0 357.0 359.0 361.0 362.0 364.0 366.0 367.0 369.0 371.0 373.0 375.0 376.0 378.0 380.0 382.0 384.0 385.0 387.0 389.0 391.0 393.0 394.0 396.0 398.0 400.0 402.0 404.0 406.0 408.0 409.0 411.0 413.0 415.0 417.0 419.0 421.0 423.0 424.0 426.0 428.0 430.0 432.0 434.0 436.0 438.0 440.0 442.0 444.0 446.0 448.0 450.0 452.0 454.0 455.0 457.0 459.0 461.0 463.0 465.0 467.0 469.0 471.0 473.0 475.0 477.0 479.0 481.0 483.0 485.0 487.0 489.0 491.0 493.0 496.0 498.0 500.0 502.0 504.0 506.0 508.0 510.0 512.0 2.0 22.0 24.0 26.0 27.0 29.0 31.0 32.0 34.0 36.0 37.0 39.0 40.0 42.0 43.0 45.0 46.0 48.0 49.0 51.0 52.0 54.0 55.0 57.0 58.0 59.0 61.0 62.0 64.0 65.0 66.0 67.0 69.0 70.0 71.0 73.0 74.0 75.0 76.0 77.0 79.0 80.0 81.0 82.0 83.0 84.0 86.0 87.0 88.0 89.0 90.0 91.0 92.0 93.0 94.0 95.0 96.0 97.0 98.0 99.0 100.0 101.0 102.0 103.0 105.0 106.0 106.0 107.0 108.0 109.0 110.0 111.0 112.0 113.0 114.0 115.0 116.0 117.0 117.0 118.0 119.0 120.0 121.0 122.0 123.0 123.0 124.0 125.0 126.0 126.0 127.0 127.0 128.0 128.0 129.0 130.0 130.0 130.0 131.0 131.0 123.0 1780180898.350626
319.0 330.0 331.0 333.0 334.0 335.0 337.0 338.0 340.0 341.0 343.0 344.0 346.0 348.0 349.0 351.0 352.0 354.0 356.0 358.0 359.0 361.0 363.0 365.0 366.0 368.0 370.0 371.0 373.0 375.0 376.0 378.0 380.0 382.0 384.0 386.0 387.0 389.0 391.0 393.0 395.0 397.0 398.0 400.0 402.0 404.0 406.0 408.0 409.0 411.0 413.0 415.0 417.0 419.0 421.0 422.0 424.0 426.0 428.0 430.0 432.0 434.0 436.0 438.0 440.0 442.0 444.0 446.0 448.0 450.0 452.0 453.0 455.0 457.0 459.0 461.0 463.0 465.0 467.0 469.0 471.0 473.0 475.0 477.0 479.0 481.0 483.0 485.0 487.0 489.0 491.0 493.0 495.0 497.0 500.0 502.0 504.0 506.0 508.0 510.0 2.0 22.0 24.0 26.0 27.0 29.0 31.0 33.0 35.0 36.0 38.0 39.0 41.0 43.0 44.0 46.0 48.0 49.0 51.0 52.0 54.0 55.0 57.0 58.0 59.0 61.0 63.0 64.0 66.0 67.0 68.0 70.0 71.0 72.0 74.0 75.0 77.0 78.0 79.0 80.0 82.0 83.0 84.0 85.0 86.0 88.0 89.0 90.0 91.0 92.0 94.0 95.0 96.0 97.0 98.0 100.0 101.0 102.0 103.0 104.0 105.0 106.0 107.0 108.0 109.0 110.0 111.0 112.0 113.0 114.0 115.0 116.0 117.0 118.0 119.0 120.0 121.0 122.0 123.0 124.0 125.0 126.0 126.0 127.0 128.0 129.0 130.0 131.0 131.0 132.0 133.0 133.0 134.0 135.0 135.0 136.0 136.0 136.0 137.0 137.0 124.0 1780180898.366040
319.0 330.0 331.0 332.0 334.0 335.0 336.0 338.0 339.0 341.0 342.0 344.0 345.0 347.0 348.0 350.0 352.0 353.0 355.0 357.0 358.0 360.0 362.0 363.0 365.0 366.0 368.0 370.0 372.0 373.0 375.0 377.0 379.0 380.0 382.0 384.0 386.0 387.0 389.0 391.0 393.0 395.0 397.0 398.0 400.0 402.0 404.0 406.0 407.0 409.0 411.0 413.0 415.0 417.0 418.0 420.0 422.0 424.0 426.0 428.0 430.0 431.0 433.0 435.0 437.0 439.0 441.0 443.0 445.0 447.0 449.0 451.0 452.0 454.0 456.0 458.0 460.0 462.0 464.0 466.0 468.0 470.0 472.0 474.0 476.0 478.0 480.0 482.0 484.0 486.0 488.0 490.0 492.0 494.0 496.0 498.0 500.0 502.0 504.0 507.0 2.0 22.0 24.0 26.0 28.0 29.0 31.0 33.0 35.0 36.0 38.0 40.0 41.0 43.0 45.0 46.0 48.0 49.0 51.0 53.0 54.0 56.0 58.0 59.0 61.0 62.0 64.0 65.0 67.0 69.0 70.0 71.0 73.0 74.0 76.0 77.0 79.0 80.0 81.0 82.0 84.0 85.0 87.0 88.0 89.0 91.0 92.0 93.0 95.0 96.0 97.0 98.0 100.0 101.0 102.0 103.0 104.0 106.0 107.0 108.0 109.0 110.0 112.0 112.0 114.0 115.0 116.0 117.0 118.0 119.0 120.0 121.0 123.0 123.0 124.0 125.0 127.0 128.0 129.0 130.0 130.0 131.0 133.0 133.0 134.0 135.0 136.0 137.0 138.0 139.0 140.0 140.0 141.0 141.0 142.0 143.0 143.0 143.0 144.0 144.0 125.0 1780180898.386699
319.0 329.0 330.0 332.0 333.0 335.0 336.0 338.0 339.0 340.0 342.0 343.0 345.0 346.0 348.0 349.0 351.0 353.0 354.0 356.0 357.0 359.0 361.0 362.0 364.0 365.0 367.0 369.0 370.0 372.0 374.0 375.0 377.0 378.0 380.0 382.0 384.0 385.0 387.0 389.0 390.0 392.0 394.0 396.0 397.0 399.0 401.0 403.0 404.0 406.0 408.0 410.0 411.0 413.0 415.0 417.0 419.0 421.0 422.0 424.0 426.0 428.0 430.0 432.0 433.0 435.0 437.0 439.0 441.0 443.0 444.0 446.0 448.0 450.0 451.0 454.0 455.0 457.0 459.0 461.0 463.0 465.0 467.0 468.0 470.0 472.0 474.0 476.0 478.0 480.0 482.0 484.0 486.0 488.0 490.0 492.0 494.0 496.0 498.0 501.0 2.0 22.0 24.0 26.0 28.0 29.0 31.0 33.0 35.0 36.0 38.0 40.0 42.0 43.0 45.0 47.0 48.0 50.0 51.0 53.0 54.0 56.0 58.0 60.0 61.0 63.0 65.0 66.0 68.0 69.0 71.0 72.0 74.0 75.0 77.0 78.0 80.0 81.0 83.0 84.0 86.0 87.0 89.0 90.0 91.0 93.0 94.0 95.0 97.0 98.0 100.0 101.0 102.0 104.0 105.0 106.0 108.0 109.0 110.0 112.0 113.0 114.0 116.0 117.0 118.0 119.0 121.0 122.0 123.0 124.0 126.0 127.0 128.0 129.0 130.0 131.0 133.0 134.0 135.0 136.0 137.0 138.0 139.0 141.0 141.0 143.0 144.0 145.0 146.0 147.0 147.0 148.0 149.0 150.0 150.0 151.0 152.0 152.0 153.0 153.0 126.0 1780180898.402151
319.0 330.0 331.0 332.0 334.0 335.0 336.0 338.0 339.0 340.0 342.0 343.0 345.0 346.0 348.0 349.0 351.0 352.0 354.0 355.0 357.0 358.0 360.0 361.0 363.0 364.0 366.0 367.0 369.0 371.0 373.0 374.0 376.0 377.0 379.0 380.0 382.0 384.0 385.0 387.0 388.0 390.0 392.0 393.0 395.0 397.0 399.0 400.0 402.0 403.0 405.0 407.0 409.0 410.0 412.0 414.0 415.0 417.0 419.0 421.0 422.0 424.0 426.0 428.0 429.0 431.0 433.0 434.0 436.0 438.0 440.0 441.0 443.0 445.0 447.0 448.0 450.0 452.0 454.0 455.0 457.0 459.0 461.0 463.0 464.0 466.0 468.0 470.0 472.0 473.0 476.0 477.0 479.0 481.0 483.0 485.0 487.0 489.0 491.0 493.0 2.0 22.0 24.0 26.0 27.0 29.0 31.0 33.0 35.0 36.0 38.0 40.0 41.0 43.0 45.0 47.0 48.0 50.0 52.0 54.0 55.0 56.0 58.0 60.0 61.0 63.0 65.0 66.0 68.0 70.0 71.0 73.0 74.0 76.0 77.0 79.0 81.0 82.0 84.0 85.0 87.0 88.0 90.0 91.0 93.0 94.0 96.0 97.0 99.0 100.0 102.0 103.0 105.0 106.0 108.0 109.0 111.0 112.0 113.0 115.0 116.0 117.0 119.0 120.0 122.0 123.0 125.0 126.0 127.0 129.0 130.0 131.0 133.0 134.0 135.0 137.0 138.0 139.0 141.0 142.0 143.0 144.0 146.0 147.0 148.0 149.0 151.0 152.0 153.0 154.0 155.0 156.0 157.0 158.0 159.0 160.0 160.0 161.0 162.0 162.0 127.0 1780180898.422571
319.0 330.0 331.0 332.0 334.0 335.0 336.0 338.0 339.0 340.0 342.0 343.0 345.0 346.0 347.0 349.0 350.0 352.0 354.0 355.0 357.0 358.0 359.0 361.0 362.0 364.0 365.0 367.0 368.0 370.0 371.0 373.0 375.0 376.0 377.0 379.0 381.0 382.0 384.0 385.0 387.0 388.0 390.0 391.0 393.0 394.0 396.0 398.0 399.0 401.0 403.0 404.0 405.0 407.0 409.0 410.0 412.0 413.0 415.0 417.0 418.0 420.0 421.0 423.0 424.0 426.0 428.0 429.0 431.0 433.0 434.0 436.0 437.0 439.0 440.0 442.0 443.0 445.0 447.0 448.0 450.0 451.0 453.0 455.0 456.0 458.0 460.0 461.0 463.0 464.0 466.0 468.0 470.0 471.0 473.0 475.0 476.0 478.0 480.0 482.0 2.0 22.0 24.0 26.0 27.0 29.0 31.0 33.0 34.0 36.0 38.0 40.0 41.0 43.0 45.0 47.0 48.0 50.0 52.0 53.0 55.0 57.0 59.0 60.0 62.0 63.0 65.0 66.0 68.0 70.0 71.0 73.0 75.0 77.0 78.0 80.0 81.0 83.0 84.0 86.0 88.0 89.0 91.0 92.0 94.0 96.0 97.0 99.0 100.0 102.0 104.0 105.0 107.0 108.0 110.0 111.0 113.0 114.0 116.0 117.0 119.0 120.0 122.0 123.0 125.0 126.0 128.0 129.0 131.0 132.0 134.0 135.0 137.0 138.0 140.0 141.0 143.0 144.0 146.0 147.0 149.0 150.0 151.0 153.0 154.0 156.0 157.0 159.0 160.0 161.0 162.0 164.0 165.0 166.0 167.0 168.0 169.0 170.0 171.0 172.0 128.0 1780180898.438109
319.0 330.0 331.0 332.0 333.0 335.0 336.0 338.0 339.0 340.0 342.0 343.0 345.0 346.0 347.0 349.0 350.0 352.0 353.0 354.0 356.0 357.0 359.0 360.0 362.0 363.0 365.0 366.0 367.0 369.0 370.0 372.0 373.0 375.0 376.0 378.0 379.0 380.0 382.0 383.0 385.0 386.0 388.0 389.0 391.0 392.0 394.0 395.0 396.0 398.0 400.0 401.0 402.0 404.0 405.0 406.0 408.0 410.0 411.0 412.0 414.0 415.0 417.0 418.0 419.0 421.0 422.0 424.0 425.0 427.0 428.0 429.0 431.0 432.0 434.0 435.0 436.0 438.0 439.0 441.0 442.0 443.0 445.0 446.0 447.0 449.0 450.0 452.0 453.0 455.0 456.0 457.0 459.0 460.0 462.0 464.0 465.0 467.0 468.0 470.0 2.0 22.0 24.0 26.0 28.0 29.0 31.0 33.0 35.0 36.0 38.0 40.0 42.0 43.0 45.0 47.0 48.0 50.0 52.0 54.0 55.0 57.0 59.0 60.0 62.0 64.0 66.0 67.0 69.0 71.0 72.0 74.0 76.0 77.0 79.0 81.0 83.0 84.0 86.0 87.0 89.0 91.0 92.0 94.0 96.0 97.0 99.0 100.0 102.0 104.0 105.0 107.0 109.0 110.0 112.0 113.0 115.0 117.0 119.0 120.0 122.0 123.0 125.0 127.0 128.0 130.0 132.0 133.0 135.0 136.0 138.0 139.0 141.0 143.0 144.0 146.0 148.0 149.0 151.0 152.0 154.0 156.0 157.0 159.0 160.0 162.0 164.0 165.0 167.0 168.0 169.0 171.0 172.0 174.0 175.0 177.0 178.0 179.0 180.0 181.0 129.0 1780180898.453442
319.0 330.0 331.0 332.0 333.0 334.0 335.0 337.0 338.0 340.0 341.0 342.0 344.0 345.0 346.0 348.0 349.0 351.0 352.0 353.0 355.0 356.0 357.0 359.0 360.0 361.0 363.0 364.0 366.0 367.0 368.0 370.0 371.0 373.0 374.0 375.0 377.0 378.0 380.0 381.0 382.0 384.0 385.0 386.0 388.0 389.0 390.0 392.0 393.0 394.0 396.0 397.0 398.0 400.0 401.0 402.0 404.0 405.0 406.0 408.0 409.0 410.0 411.0 412.0 414.0 415.0 416.0 417.0 419.0 420.0 421.0 422.0 423.0 425.0 426.0 427.0 428.0 429.0 431.0 432.0 433.0 434.0 435.0 436.0 437.0 439.0 440.0 441.0 442.0 444.0 445.0 446.0 447.0 449.0 450.0 451.0 453.0 454.0 456.0 457.0 2.0 22.0 24.0 26.0 28.0 30.0 31.0 33.0 35.0 37.0 38.0 40.0 42.0 44.0 46.0 47.0 49.0 51.0 53.0 54.0 56.0 58.0 60.0 61.0 63.0 65.0 66.0 68.0 70.0 72.0 73.0 75.0 77.0 78.0 80.0 82.0 84.0 85.0 87.0 89.0 91.0 92.0 94.0 96.0 97.0 99.0 101.0 103.0 104.0 106.0 108.0 109.0 111.0 113.0 115.0 116.0 118.0 120.0 122.0 123.0 125.0 127.0 129.0 130.0 132.0 134.0 136.0 137.0 139.0 141.0 142.0 144.0 146.0 147.0 149.0 151.0 153.0 155.0 156.0 158.0 160.0 162.0 163.0 165.0 167.0 169.0 170.0 172.0 174.0 175.0 177.0 178.0 180.0 182.0 183.0 185.0 186.0 188.0 189.0 190.0 130.0 1780180898.474314
319.0 329.0 330.0 331.0 332.0 334.0 335.0 336.0 337.0 339.0 340.0 341.0 342.0 343.0 345.0 346.0 347.0 349.0 350.0 351.0 353.0 354.0 355.0 356.0 357.0 359.0 360.0 361.0 363.0 364.0 365.0 366.0 368.0 369.0 370.0 371.0 372.0 374.0 375.0 376.0 377.0 379.0 380.0 381.0 383.0 384.0 385.0 386.0 387.0 388.0 390.0 390.0 392.0 393.0 394.0 395.0 396.0 397.0 399.0 400.0 401.0 402.0 403.0 404.0 405.0 406.0 407.0 408.0 409.0 410.0 412.0 412.0 413.0 414.0 415.0 416.0 417.0 418.0 420.0 420.0 421.0 422.0 423.0 424.0 425.0 426.0 427.0 428.0 429.0 430.0 431.0 432.0 433.0 434.0 436.0 437.0 438.0 439.0 441.0 442.0 2.0 22.0 24.0 26.0 28.0 30.0 32.0 34.0 36.0 37.0 39.0 41.0 43.0 45.0 46.0 48.0 50.0 52.0 54.0 55.0 57.0 59.0 61.0 63.0 64.0 66.0 68.0 70.0 72.0 74.0 75.0 77.0 79.0 81.0 82.0 84.0 86.0 88.0 90.0 92.0 93.0 95.0 97.0 99.0 101.0 103.0 104.0 106.0 108.0 110.0 111.0 113.0 115.0 117.0 119.0 120.0 122.0 124.0 126.0 128.0 130.0 132.0 134.0 135.0 137.0 139.0 141.0 143.0 144.0 146.0 148.0 150.0 152.0 154.0 156.0 157.0 159.0 161.0 163.0 165.0 167.0 169.0 171.0 173.0 174.0 176.0 178.0 180.0 182.0 184.0 185.0 187.0 189.0 190.0 192.0 194.0 196.0 197.0 199.0 200.0 131.0 1780180898.494572
319.0 328.0 329.0 330.0 331.0 332.0 333.0 334.0 335.0 336.0 337.0 338.0 339.0 340.0 341.0 343.0 344.0 345.0 346.0 347.0 348.0 349.0 350.0 351.0 352.0 353.0 354.0 355.0 356.0 357.0 358.0 359.0 361.0 361.0 363.0 363.0 364.0 365.0 367.0 368.0 369.0 370.0 371.0 372.0 373.0 374.0 375.0 376.0 377.0 378.0 379.0 380.0 381.0 381.0 383.0 383.0 384.0 385.0 386.0 387.0 388.0 389.0 390.0 391.0 392.0 393.0 394.0 394.0 395.0 396.0 397.0 398.0 399.0 399.0 401.0 401.0 402.0 403.0 404.0 405.0 405.0 406.0 407.0 407.0 408.0 409.0 410.0 411.0 412.0 413.0 413.0 415.0 415.0 416.0 417.0 418.0 419.0 420.0 421.0 422.0 2.0 22.0 24.0 26.0 28.0 30.0 32.0 34.0 35.0 37.0 39.0 41.0 43.0 45.0 47.0 48.0 50.0 52.0 54.0 56.0 57.0 59.0 61.0 63.0 65.0 67.0 68.0 70.0 72.0 74.0 76.0 78.0 79.0 81.0 83.0 85.0 87.0 89.0 90.0 92.0 94.0 96.0 98.0 100.0 102.0 104.0 105.0 107.0 109.0 111.0 112.0 114.0 116.0 118.0 120.0 122.0 124.0 125.0 127.0 129.0 131.0 133.0 135.0 137.0 139.0 140.0 142.0 144.0 146.0 148.0 150.0 152.0 153.0 155.0 157.0 159.0 161.0 163.0 165.0 167.0 169.0 171.0 173.0 175.0 176.0 178.0 180.0 182.0 184.0 186.0 188.0 189.0 191.0 193.0 195.0 197.0 198.0 200.0 201.0 203.0 132.0 1780180898.510220
319.0 326.0 327.0 328.0 329.0 330.0 330.0 331.0 332.0 333.0 333.0 334.0 335.0 336.0 337.0 338.0 339.0 340.0 340.0 341.0 342.0 343.0 344.0 345.0 345.0 346.0 347.0 348.0 349.0 350.0 351.0 351.0 352.0 353.0 354.0 355.0 356.0 356.0 357.0 358.0 359.0 360.0 361.0 361.0 362.0 363.0 364.0 365.0 365.0 366.0 367.0 368.0 369.0 369.0 370.0 371.0 372.0 372.0 373.0 374.0 375.0 375.0 376.0 377.0 377.0 378.0 379.0 380.0 381.0 381.0 382.0 383.0 383.0 384.0 385.0 385.0 386.0 387.0 387.0 388.0 389.0 389.0 390.0 391.0 391.0 392.0 393.0 393.0 394.0 395.0 395.0 396.0 397.0 397.0 398.0 399.0 400.0 401.0 402.0 402.0 2.0 22.0 24.0 26.0 28.0 30.0 32.0 34.0 36.0 38.0 40.0 42.0 44.0 45.0 47.0 49.0 51.0 53.0 54.0 56.0 58.0 60.0 62.0 64.0 66.0 68.0 69.0 71.0 73.0 75.0 77.0 79.0 81.0 83.0 85.0 86.0 88.0 90.0 92.0 94.0 96.0 98.0 99.0 101.0 103.0 105.0 107.0 109.0 111.0 113.0 114.0 116.0 118.0 120.0 122.0 124.0 126.0 128.0 130.0 131.0 133.0 135.0 137.0 139.0 141.0 143.0 145.0 147.0 148.0 150.0 152.0 154.0 156.0 158.0 160.0 162.0 164.0 166.0 168.0 170.0 172.0 173.0 175.0 177.0 179.0 181.0 183.0 185.0 187.0 189.0 190.0 192.0 194.0 196.0 198.0 200.0 202.0 203.0 205.0 207.0 133.0 1780180898.525676
319.0 324.0 325.0 326.0 326.0 327.0 327.0 328.0 328.0 329.0 329.0 330.0 331.0 331.0 332.0 333.0 333.0 334.0 335.0 335.0 336.0 336.0 337.0 338.0 338.0 339.0 339.0 340.0 341.0 341.0 342.0 343.0 343.0 344.0 344.0 345.0 346.0 346.0 347.0 348.0 348.0 349.0 350.0 350.0 351.0 351.0 352.0 353.0 353.0 354.0 355.0 355.0 356.0 356.0 357.0 357.0 358.0 358.0 359.0 360.0 360.0 361.0 361.0 362.0 363.0 363.0 364.0 364.0 365.0 365.0 366.0 367.0 367.0 367.0 368.0 369.0 369.0 370.0 370.0 371.0 371.0 372.0 372.0 373.0 373.0 374.0 375.0 375.0 376.0 376.0 377.0 377.0 378.0 378.0 379.0 380.0 381.0 381.0 382.0 383.0 2.0 23.0 25.0 27.0 29.0 31.0 33.0 35.0 37.0 38.0 40.0 42.0 44.0 46.0 48.0 50.0 52.0 54.0 56.0 57.0 59.0 61.0 63.0 65.0 67.0 69.0 71.0 73.0 75.0 77.0 79.0 81.0 82.0 84.0 86.0 88.0 90.0 92.0 94.0 96.0 98.0 99.0 101.0 103.0 105.0 107.0 109.0 111.0 113.0 115.0 117.0 119.0 121.0 123.0 124.0 126.0 128.0 130.0 132.0 134.0 136.0 138.0 140.0 142.0 144.0 146.0 147.0 149.0 151.0 153.0 155.0 157.0 159.0 161.0 163.0 165.0 167.0 168.0 170.0 172.0 174.0 176.0 178.0 180.0 182.0 184.0 186.0 188.0 190.0 192.0 194.0 196.0 197.0 199.0 201.0 203.0 205.0 207.0 208.0 210.0 134.0 1780180898.540901
319.0 323.0 323.0 323.0 323.0 324.0 324.0 325.0 325.0 325.0 325.0 326.0 326.0 327.0 327.0 327.0 328.0 328.0 329.0 329.0 329.0 330.0 330.0 331.0 331.0 331.0 331.0 332.0 332.0 333.0 333.0 333.0 334.0 334.0 335.0 335.0 335.0 336.0 336.0 337.0 337.0 338.0 338.0 338.0 339.0 339.0 339.0 340.0 341.0 341.0 342.0 342.0 342.0 343.0 343.0 343.0 344.0 344.0 345.0 345.0 346.0 346.0 346.0 347.0 347.0 348.0 348.0 348.0 349.0 349.0 350.0 350.0 351.0 351.0 351.0 352.0 352.0 352.0 353.0 353.0 354.0 354.0 354.0 355.0 356.0 356.0 356.0 357.0 357.0 358.0 358.0 359.0 359.0 360.0 360.0 361.0 362.0 362.0 362.0 363.0 2.0 23.0 25.0 27.0 29.0 31.0 33.0 35.0 37.0 39.0 41.0 43.0 45.0 47.0 49.0 51.0 52.0 54.0 56.0 58.0 60.0 62.0 64.0 66.0 68.0 70.0 71.0 73.0 75.0 77.0 79.0 81.0 83.0 85.0 87.0 89.0 91.0 93.0 95.0 97.0 99.0 101.0 102.0 104.0 106.0 108.0 110.0 112.0 114.0 116.0 118.0 120.0 122.0 124.0 126.0 128.0 130.0 132.0 134.0 136.0 138.0 140.0 142.0 144.0 145.0 147.0 149.0 151.0 153.0 155.0 157.0 159.0 161.0 163.0 165.0 167.0 169.0 171.0 173.0 175.0 177.0 179.0 181.0 183.0 185.0 186.0 188.0 190.0 192.0 194.0 196.0 198.0 200.0 202.0 204.0 205.0 207.0 209.0 211.0 213.0 135.0 1780180898.556384
319.0 321.0 321.0 321.0 321.0 321.0 321.0 321.0 322.0 321.0 322.0 322.0 322.0 322.0 322.0 322.0 323.0 323.0 323.0 323.0 323.0 323.0 323.0 324.0 324.0 324.0 324.0 324.0 324.0 325.0 325.0 325.0 325.0 325.0 325.0 326.0 326.0 326.0 326.0 326.0 326.0 327.0 327.0 327.0 327.0 327.0 328.0 328.0 328.0 328.0 329.0 329.0 329.0 329.0 330.0 330.0 330.0 330.0 330.0 331.0 331.0 331.0 331.0 332.0 332.0 332.0 332.0 333.0 333.0 333.0 333.0 334.0 334.0 334.0 335.0 335.0 335.0 335.0 336.0 336.0 337.0 337.0 337.0 338.0 338.0 338.0 339.0 339.0 339.0 340.0 340.0 340.0 341.0 341.0 341.0 342.0 343.0 343.0 343.0 344.0 2.0 23.0 25.0 27.0 29.0 31.0 33.0 35.0 37.0 39.0 41.0 43.0 45.0 47.0 48.0 50.0 52.0 54.0 56.0 58.0 60.0 62.0 64.0 65.0 67.0 69.0 71.0 73.0 75.0 77.0 79.0 81.0 83.0 85.0 87.0 89.0 91.0 93.0 94.0 96.0 98.0 100.0 102.0 104.0 106.0 108.0 110.0 112.0 114.0 116.0 118.0 120.0 122.0 124.0 126.0 128.0 130.0 132.0 134.0 136.0 138.0 140.0 142.0 144.0 146.0 148.0 150.0 152.0 154.0 156.0 158.0 159.0 161.0 163.0 165.0 167.0 169.0 171.0 173.0 175.0 177.0 179.0 181.0 183.0 185.0 187.0 189.0 191.0 193.0 195.0 197.0 199.0 201.0 203.0 205.0 206.0 208.0 210.0 212.0 214.0 136.0 1780180898.571859
319.0 319.0 319.0 319.0 319.0 319.0 319.0 319.0 319.0 318.0 318.0 318.0 318.0 318.0 318.0 318.0 318.0 318.0 318.0 317.0 318.0 318.0 318.0 318.0 317.0 317.0 317.0 317.0 317.0 317.0 317.0 317.0 317.0 317.0 317.0 317.0 317.0 317.0 317.0 317.0 317.0 317.0 317.0 317.0 317.0 317.0 317.0 317.0 317.0 317.0 317.0 317.0 317.0 317.0 317.0 317.0 317.0 317.0 317.0 318.0 317.0 318.0 318.0 318.0 318.0 318.0 318.0 318.0 318.0 318.0 318.0 319.0 319.0 319.0 319.0 319.0 319.0 319.0 320.0 320.0 320.0 320.0 320.0 321.0 321.0 321.0 321.0 321.0 321.0 322.0 322.0 322.0 322.0 323.0 323.0 323.0 324.0 324.0 324.0 325.0 2.0 23.0 25.0 27.0 29.0 31.0 33.0 34.0 36.0 38.0 40.0 42.0 44.0 46.0 48.0 50.0 52.0 54.0 55.0 57.0 59.0 61.0 63.0 65.0 67.0 69.0 71.0 73.0 75.0 77.0 79.0 81.0 83.0 85.0 86.0 88.0 90.0 92.0 94.0 96.0 98.0 100.0 102.0 104.0 106.0 108.0 110.0 112.0 114.0 116.0 117.0 119.0 122.0 123.0 125.0 127.0 129.0 131.0 133.0 135.0 137.0 139.0 141.0 143.0 145.0 147.0 149.0 151.0 153.0 155.0 157.0 159.0 161.0 163.0 165.0 167.0 169.0 171.0 173.0 175.0 177.0 179.0 181.0 183.0 185.0 187.0 189.0 191.0 193.0 195.0 197.0 199.0 201.0 203.0 205.0 207.0 209.0 211.0 213.0 215.0 137.0 1780180898.587244
319.0 318.0 317.0 317.0 317.0 316.0 316.0 316.0 316.0 315.0 315.0 315.0 315.0 314.0 314.0 314.0 314.0 313.0 313.0 313.0 313.0 313.0 312.0 312.0 312.0 312.0 311.0 311.0 311.0 311.0 310.0 310.0 310.0 310.0 310.0 309.0 309.0 309.0 309.0 309.0 308.0 309.0 308.0 308.0 308.0 308.0 308.0 307.0 307.0 307.0 307.0 307.0 306.0 307.0 306.0 306.0 306.0 306.0 306.0 306.0 306.0 306.0 306.0 305.0 305.0 305.0 305.0 305.0 305.0 305.0 305.0 305.0 305.0 305.0 305.0 305.0 304.0 305.0 305.0 305.0 305.0 304.0 304.0 304.0 305.0 305.0 305.0 305.0 305.0 305.0 305.0 305.0 305.0 305.0 305.0 305.0 306.0 306.0 306.0 306.0 2.0 23.0 25.0 27.0 28.0 30.0 32.0 34.0 36.0 38.0 40.0 42.0 44.0 46.0 48.0 50.0 52.0 53.0 55.0 57.0 59.0 61.0 63.0 65.0 67.0 69.0 71.0 73.0 75.0 77.0 79.0 80.0 82.0 84.0 86.0 88.0 90.0 92.0 94.0 96.0 98.0 100.0 102.0 104.0 105.0 107.0 109.0 111.0 113.0 115.0 117.0 119.0 121.0 123.0 125.0 127.0 129.0 131.0 133.0 135.0 137.0 139.0 141.0 143.0 145.0 146.0 148.0 150.0 152.0 154.0 156.0 158.0 160.0 162.0 164.0 166.0 168.0 170.0 173.0 175.0 177.0 179.0 181.0 183.0 185.0 187.0 189.0 190.0 192.0 194.0 196.0 198.0 200.0 203.0 204.0 206.0 208.0 210.0 212.0 214.0 138.0 1780180898.602686
319.0 317.0 316.0 316.0 315.0 315.0 314.0 314.0 314.0 313.0 313.0 313.0 312.0 312.0 311.0 311.0 311.0 310.0 310.0 309.0 309.0 309.0 308.0 308.0 307.0 307.0 307.0 306.0 306.0 306.0 305.0 305.0 304.0 304.0 304.0 303.0 303.0 303.0 302.0 302.0 302.0 301.0 301.0 301.0 300.0 300.0 300.0 299.0 299.0 299.0 299.0 298.0 298.0 298.0 297.0 297.0 297.0 296.0 296.0 296.0 296.0 295.0 295.0 295.0 294.0 294.0 294.0 294.0 294.0 293.0 293.0 293.0 293.0 292.0 292.0 292.0 291.0 292.0 291.0 291.0 291.0 290.0 291.0 290.0 290.0 290.0 290.0 289.0 289.0 289.0 289.0 289.0 289.0 289.0 288.0 289.0 289.0 288.0 288.0 288.0 2.0 23.0 25.0 27.0 28.0 30.0 32.0 34.0 36.0 38.0 40.0 42.0 44.0 46.0 48.0 49.0 51.0 53.0 55.0 57.0 59.0 61.0 63.0 65.0 66.0 68.0 70.0 72.0 74.0 76.0 78.0 80.0 82.0 84.0 86.0 88.0 89.0 91.0 93.0 95.0 97.0 99.0 101.0 103.0 105.0 107.0 109.0 111.0 113.0 115.0 116.0 118.0 120.0 122.0 124.0 126.0 128.0 130.0 132.0 134.0 136.0 138.0 140.0 142.0 144.0 145.0 147.0 149.0 151.0 153.0 155.0 157.0 159.0 161.0 163.0 165.0 167.0 169.0 171.0 173.0 175.0 177.0 179.0 181.0 183.0 185.0 187.0 189.0 191.0 193.0 195.0 197.0 199.0 201.0 203.0 205.0 207.0 209.0 211.0 213.0 139.0 1780180898.628568
319.0 315.0 315.0 315.0 314.0 313.0 313.0 312.0 312.0 311.0 311.0 311.0 310.0 309.0 309.0 308.0 308.0 307.0 307.0 306.0 306.0 305.0 305.0 304.0 304.0 303.0 303.0 302.0 302.0 301.0 301.0 300.0 300.0 299.0 299.0 298.0 298.0 297.0 297.0 296.0 296.0 295.0 295.0 294.0 294.0 293.0 293.0 292.0 292.0 291.0 291.0 291.0 290.0 290.0 289.0 289.0 288.0 288.0 287.0 287.0 286.0 286.0 285.0 285.0 284.0 284.0 283.0 283.0 283.0 282.0 281.0 281.0 280.0 280.0 280.0 279.0 278.0 278.0 278.0 277.0 277.0 276.0 276.0 275.0 275.0 274.0 274.0 273.0 273.0 273.0 272.0 272.0 271.0 271.0 270.0 270.0 270.0 269.0 269.0 269.0 2.0 23.0 24.0 26.0 28.0 30.0 32.0 34.0 36.0 38.0 40.0 41.0 43.0 45.0 47.0 49.0 51.0 53.0 55.0 57.0 59.0 60.0 62.0 64.0 66.0 68.0 70.0 72.0 74.0 76.0 78.0 80.0 82.0 84.0 85.0 87.0 89.0 91.0 93.0 95.0 97.0 99.0 101.0 103.0 104.0 106.0 108.0 110.0 112.0 114.0 116.0 118.0 120.0 122.0 123.0 125.0 127.0 129.0 131.0 133.0 135.0 137.0 139.0 141.0 143.0 144.0 146.0 148.0 150.0 152.0 154.0 156.0 158.0 160.0 161.0 163.0 165.0 167.0 169.0 171.0 173.0 175.0 177.0 179.0 181.0 183.0 184.0 186.0 188.0 190.0 192.0 194.0 196.0 198.0 200.0 202.0 203.0 205.0 207.0 209.0 140.0 1780180898.649187
319.0 315.0 314.0 314.0 313.0 312.0 312.0 311.0 311.0 310.0 309.0 309.0 308.0 307.0 307.0 306.0 306.0 305.0 305.0 304.0 304.0 303.0 302.0 302.0 301.0 300.0 300.0 299.0 298.0 298.0 297.0 297.0 296.0 295.0 295.0 294.0 294.0 293.0 292.0 292.0 291.0 290.0 290.0 289.0 289.0 288.0 287.0 287.0 286.0 285.0 285.0 284.0 283.0 283.0 282.0 282.0 281.0 280.0 280.0 279.0 278.0 277.0 277.0 276.0 275.0 275.0 274.0 273.0 273.0 272.0 271.0 271.0 270.0 269.0 268.0 268.0 267.0 266.0 266.0 265.0 264.0 263.0 263.0 262.0 261.0 260.0 259.0 259.0 258.0 257.0 257.0 256.0 255.0 255.0 254.0 253.0 253.0 252.0 251.0 251.0 2.0 23.0 24.0 26.0 28.0 30.0 32.0 34.0 36.0 38.0 40.0 41.0 43.0 45.0 47.0 49.0 51.0 53.0 55.0 57.0 58.0 60.0 62.0 64.0 66.0 68.0 70.0 72.0 74.0 75.0 77.0 79.0 81.0 83.0 84.0 86.0 88.0 90.0 92.0 94.0 96.0 98.0 100.0 102.0 104.0 105.0 107.0 109.0 111.0 113.0 115.0 117.0 119.0 121.0 122.0 124.0 126.0 128.0 130.0 132.0 133.0 135.0 137.0 139.0 141.0 142.0 144.0 146.0 148.0 150.0 152.0 153.0 155.0 157.0 159.0 161.0 163.0 164.0 166.0 168.0 170.0 172.0 174.0 176.0 178.0 179.0 181.0 183.0 185.0 187.0 188.0 190.0 192.0 194.0 195.0 197.0 199.0 201.0 203.0 205.0 141.0 1780180898.664933
319.0 314.0 313.0 313.0 312.0 312.0 311.0 310.0 310.0 309.0 308.0 308.0 307.0 306.0 305.0 305.0 304.0 304.0 303.0 302.0 302.0 301.0 300.0 299.0 298.0 298.0 297.0 296.0 296.0 295.0 294.0 293.0 293.0 292.0 291.0 290.0 290.0 289.0 288.0 287.0 286.0 286.0 285.0 284.0 283.0 282.0 282.0 281.0 280.0 279.0 278.0 277.0 277.0 276.0 275.0 274.0 273.0 273.0 272.0 271.0 270.0 269.0 268.0 267.0 266.0 266.0 264.0 264.0 263.0 262.0 261.0 260.0 259.0 258.0 257.0 256.0 255.0 254.0 253.0 252.0 251.0 250.0 250.0 248.0 247.0 247.0 246.0 245.0 244.0 243.0 242.0 241.0 240.0 239.0 238.0 237.0 236.0 235.0 234.0 233.0 2.0 23.0 24.0 26.0 28.0 30.0 32.0 34.0 36.0 38.0 40.0 41.0 43.0 45.0 47.0 49.0 51.0 52.0 54.0 56.0 58.0 60.0 62.0 63.0 65.0 67.0 69.0 71.0 73.0 75.0 76.0 78.0 80.0 82.0 83.0 85.0 87.0 89.0 91.0 93.0 94.0 96.0 98.0 100.0 102.0 104.0 106.0 107.0 109.0 111.0 113.0 115.0 116.0 118.0 120.0 122.0 124.0 126.0 127.0 129.0 130.0 132.0 134.0 136.0 138.0 139.0 141.0 143.0 145.0 147.0 148.0 150.0 152.0 154.0 155.0 157.0 159.0 160.0 162.0 164.0 166.0 168.0 169.0 171.0 173.0 175.0 176.0 178.0 180.0 181.0 183.0 185.0 187.0 188.0 190.0 192.0 194.0 195.0 197.0 199.0 142.0 1780180898.680408
319.0 314.0 313.0 313.0 312.0 311.0 310.0 309.0 309.0 308.0 307.0 306.0 305.0 305.0 304.0 303.0 302.0 302.0 301.0 300.0 299.0 298.0 298.0 297.0 296.0 295.0 294.0 293.0 292.0 292.0 291.0 290.0 289.0 288.0 287.0 286.0 285.0 284.0 284.0 283.0 282.0 281.0 280.0 279.0 278.0 277.0 276.0 275.0 274.0 273.0 272.0 271.0 270.0 269.0 268.0 267.0 266.0 265.0 264.0 263.0 262.0 260.0 259.0 258.0 257.0 256.0 255.0 254.0 253.0 252.0 251.0 249.0 249.0 247.0 246.0 245.0 244.0 243.0 242.0 240.0 239.0 238.0 237.0 236.0 234.0 233.0 232.0 231.0 230.0 229.0 228.0 226.0 225.0 224.0 223.0 222.0 221.0 220.0 219.0 218.0 2.0 22.0 24.0 26.0 28.0 30.0 32.0 34.0 36.0 37.0 39.0 41.0 43.0 45.0 46.0 48.0 50.0 52.0 54.0 55.0 57.0 59.0 61.0 63.0 65.0 67.0 68.0 70.0 72.0 74.0 75.0 77.0 79.0 81.0 82.0 84.0 86.0 88.0 90.0 92.0 93.0 95.0 97.0 99.0 100.0 102.0 104.0 105.0 107.0 109.0 111.0 112.0 114.0 116.0 118.0 119.0 121.0 123.0 125.0 126.0 128.0 129.0 131.0 133.0 135.0 136.0 138.0 140.0 141.0 143.0 145.0 146.0 148.0 150.0 152.0 153.0 155.0 156.0 158.0 160.0 161.0 163.0 165.0 166.0 168.0 170.0 171.0 173.0 174.0 176.0 178.0 179.0 181.0 183.0 184.0 186.0 187.0 189.0 191.0 193.0 143.0 1780180898.695464
319.0 313.0 312.0 311.0 311.0 310.0 309.0 308.0 307.0 306.0 306.0 305.0 304.0 303.0 302.0 301.0 300.0 299.0 298.0 298.0 297.0 296.0 295.0 294.0 293.0 292.0 291.0 290.0 289.0 288.0 287.0 286.0 285.0 284.0 282.0 282.0 280.0 279.0 279.0 277.0 276.0 275.0 274.0 273.0 272.0 271.0 270.0 269.0 267.0 266.0 265.0 264.0 263.0 262.0 260.0 259.0 258.0 257.0 256.0 254.0 253.0 252.0 251.0 250.0 248.0 247.0 246.0 245.0 243.0 242.0 241.0 239.0 238.0 237.0 235.0 234.0 233.0 232.0 231.0 229.0 228.0 227.0 225.0 224.0 223.0 221.0 220.0 219.0 217.0 216.0 215.0 213.0 212.0 211.0 210.0 209.0 207.0 206.0 205.0 204.0 2.0 22.0 24.0 26.0 28.0 30.0 31.0 33.0 35.0 37.0 38.0 40.0 42.0 44.0 46.0 48.0 49.0 51.0 53.0 55.0 56.0 58.0 60.0 62.0 64.0 66.0 67.0 69.0 71.0 72.0 74.0 76.0 77.0 79.0 81.0 83.0 84.0 86.0 88.0 90.0 91.0 93.0 95.0 97.0 98.0 100.0 101.0 103.0 105.0 107.0 108.0 110.0 112.0 113.0 115.0 116.0 118.0 120.0 122.0 123.0 125.0 126.0 128.0 130.0 131.0 133.0 134.0 136.0 138.0 139.0 141.0 142.0 144.0 146.0 147.0 149.0 151.0 152.0 154.0 155.0 156.0 158.0 160.0 161.0 163.0 164.0 166.0 167.0 169.0 170.0 172.0 173.0 175.0 176.0 178.0 180.0 181.0 182.0 184.0 186.0 144.0 1780180898.710866
319.0 312.0 311.0 310.0 309.0 308.0 307.0 306.0 305.0 305.0 304.0 302.0 301.0 301.0 299.0 298.0 297.0 296.0 295.0 294.0 293.0 292.0 291.0 290.0 289.0 288.0 287.0 285.0 284.0 283.0 282.0 281.0 280.0 278.0 277.0 276.0 275.0 274.0 273.0 271.0 270.0 269.0 268.0 266.0 265.0 264.0 263.0 261.0 260.0 259.0 258.0 256.0 255.0 254.0 253.0 251.0 250.0 249.0 247.0 246.0 244.0 243.0 242.0 240.0 239.0 238.0 236.0 235.0 234.0 232.0 231.0 229.0 228.0 227.0 225.0 224.0 223.0 221.0 220.0 218.0 217.0 215.0 214.0 213.0 211.0 210.0 208.0 207.0 206.0 204.0 203.0 201.0 200.0 198.0 197.0 196.0 194.0 193.0 191.0 190.0 2.0 22.0 24.0 26.0 28.0 29.0 31.0 33.0 34.0 36.0 38.0 40.0 42.0 43.0 45.0 47.0 49.0 50.0 52.0 54.0 55.0 57.0 59.0 60.0 62.0 64.0 66.0 68.0 69.0 71.0 73.0 74.0 76.0 78.0 79.0 81.0 83.0 84.0 86.0 88.0 89.0 91.0 93.0 95.0 96.0 98.0 99.0 101.0 103.0 104.0 106.0 107.0 109.0 111.0 112.0 114.0 115.0 117.0 119.0 120.0 122.0 123.0 125.0 126.0 128.0 129.0 131.0 133.0 134.0 136.0 137.0 138.0 140.0 142.0 143.0 144.0 146.0 147.0 149.0 151.0 152.0 153.0 155.0 156.0 158.0 159.0 160.0 162.0 163.0 165.0 166.0 167.0 169.0 171.0 172.0 174.0 175.0 176.0 178.0 180.0 145.0 1780180898.726341
319.0 311.0 310.0 309.0 308.0 307.0 306.0 304.0 303.0 303.0 301.0 300.0 299.0 298.0 296.0 295.0 294.0 293.0 292.0 291.0 289.0 288.0 287.0 286.0 284.0 283.0 282.0 281.0 279.0 278.0 277.0 276.0 274.0 273.0 272.0 270.0 269.0 268.0 267.0 265.0 264.0 263.0 261.0 260.0 259.0 257.0 256.0 254.0 253.0 252.0 251.0 249.0 247.0 246.0 245.0 243.0 242.0 241.0 239.0 238.0 236.0 235.0 234.0 232.0 231.0 229.0 227.0 226.0 225.0 223.0 222.0 220.0 219.0 218.0 216.0 215.0 213.0 212.0 210.0 209.0 207.0 205.0 204.0 203.0 201.0 200.0 198.0 196.0 195.0 194.0 192.0 191.0 189.0 187.0 186.0 185.0 183.0 182.0 180.0 179.0 2.0 22.0 23.0 25.0 27.0 28.0 30.0 32.0 34.0 36.0 37.0 39.0 41.0 42.0 44.0 46.0 48.0 49.0 51.0 52.0 54.0 56.0 58.0 59.0 61.0 63.0 64.0 66.0 67.0 69.0 71.0 72.0 74.0 75.0 77.0 79.0 80.0 82.0 84.0 85.0 87.0 88.0 90.0 92.0 93.0 95.0 96.0 98.0 99.0 101.0 103.0 104.0 106.0 107.0 109.0 110.0 112.0 113.0 115.0 116.0 118.0 119.0 121.0 122.0 124.0 125.0 127.0 128.0 129.0 131.0 133.0 134.0 135.0 137.0 138.0 139.0 141.0 142.0 144.0 145.0 146.0 148.0 149.0 151.0 152.0 153.0 155.0 156.0 157.0 159.0 160.0 162.0 163.0 164.0 166.0 167.0 169.0 170.0 171.0 173.0 146.0 1780180898.741729
319.0 310.0 309.0 308.0 306.0 305.0 304.0 302.0 302.0 300.0 299.0 298.0 296.0 295.0 294.0 292.0 291.0 290.0 289.0 287.0 286.0 285.0 283.0 282.0 280.0 279.0 278.0 276.0 275.0 274.0 272.0 271.0 269.0 268.0 266.0 265.0 264.0 262.0 261.0 259.0 258.0 257.0 255.0 254.0 252.0 251.0 249.0 248.0 247.0 245.0 244.0 242.0 240.0 239.0 238.0 236.0 235.0 233.0 232.0 230.0 229.0 227.0 226.0 224.0 223.0 221.0 219.0 218.0 217.0 215.0 214.0 212.0 211.0 209.0 207.0 206.0 204.0 203.0 201.0 200.0 198.0 197.0 195.0 193.0 192.0 190.0 189.0 187.0 186.0 184.0 182.0 181.0 179.0 178.0 176.0 175.0 173.0 172.0 170.0 169.0 2.0 22.0 23.0 25.0 26.0 28.0 30.0 32.0 33.0 35.0 36.0 38.0 40.0 41.0 43.0 44.0 46.0 47.0 49.0 51.0 52.0 54.0 56.0 57.0 59.0 60.0 62.0 64.0 65.0 67.0 68.0 70.0 71.0 73.0 74.0 76.0 77.0 79.0 80.0 82.0 84.0 85.0 86.0 88.0 89.0 91.0 92.0 94.0 95.0 97.0 99.0 100.0 102.0 103.0 104.0 106.0 107.0 109.0 110.0 112.0 113.0 115.0 116.0 117.0 119.0 120.0 122.0 123.0 125.0 126.0 127.0 128.0 130.0 131.0 133.0 134.0 136.0 137.0 138.0 140.0 141.0 142.0 144.0 145.0 146.0 148.0 149.0 150.0 152.0 153.0 154.0 155.0 157.0 158.0 159.0 161.0 162.0 164.0 165.0 167.0 147.0 1780180898.757132
319.0 309.0 308.0 306.0 305.0 304.0 302.0 300.0 300.0 298.0 297.0 295.0 294.0 292.0 291.0 290.0 288.0 287.0 285.0 284.0 282.0 281.0 279.0 278.0 276.0 275.0 274.0 272.0 270.0 269.0 268.0 266.0 265.0 263.0 262.0 260.0 259.0 257.0 256.0 254.0 253.0 251.0 249.0 248.0 247.0 245.0 243.0 242.0 240.0 239.0 237.0 236.0 234.0 233.0 231.0 229.0 228.0 226.0 225.0 223.0 222.0 220.0 218.0 217.0 215.0 214.0 212.0 211.0 209.0 207.0 206.0 204.0 203.0 201.0 199.0 198.0 196.0 194.0 193.0 191.0 190.0 188.0 187.0 185.0 183.0 182.0 180.0 178.0 177.0 175.0 174.0 172.0 170.0 169.0 167.0 166.0 164.0 163.0 161.0 159.0 2.0 21.0 23.0 24.0 26.0 27.0 29.0 31.0 32.0 34.0 35.0 37.0 39.0 40.0 42.0 43.0 45.0 46.0 48.0 49.0 50.0 52.0 54.0 55.0 57.0 58.0 60.0 61.0 63.0 64.0 65.0 67.0 68.0 70.0 71.0 72.0 74.0 76.0 77.0 79.0 80.0 81.0 83.0 85.0 86.0 87.0 89.0 90.0 91.0 93.0 94.0 96.0 97.0 99.0 100.0 101.0 103.0 104.0 106.0 107.0 108.0 110.0 111.0 112.0 114.0 115.0 117.0 118.0 119.0 120.0 122.0 123.0 125.0 126.0 127.0 129.0 130.0 131.0 133.0 134.0 135.0 137.0 138.0 139.0 141.0 142.0 143.0 144.0 146.0 147.0 148.0 150.0 151.0 152.0 154.0 155.0 157.0 158.0 159.0 161.0 148.0 1780180898.772600
319.0 308.0 307.0 305.0 304.0 302.0 301.0 299.0 298.0 296.0 295.0 293.0 292.0 290.0 289.0 287.0 286.0 284.0 283.0 281.0 279.0 278.0 276.0 275.0 273.0 272.0 270.0 268.0 267.0 266.0 264.0 262.0 260.0 259.0 257.0 256.0 254.0 252.0 251.0 249.0 248.0 246.0 244.0 243.0 242.0 240.0 238.0 237.0 235.0 233.0 232.0 230.0 229.0 227.0 225.0 224.0 222.0 220.0 219.0 217.0 215.0 214.0 212.0 211.0 209.0 207.0 206.0 204.0 202.0 201.0 199.0 197.0 196.0 194.0 193.0 191.0 189.0 187.0 186.0 184.0 183.0 181.0 179.0 178.0 176.0 174.0 173.0 171.0 169.0 168.0 166.0 164.0 163.0 161.0 159.0 158.0 156.0 155.0 153.0 152.0 2.0 21.0 22.0 24.0 25.0 27.0 28.0 30.0 31.0 33.0 34.0 36.0 37.0 39.0 40.0 41.0 43.0 45.0 46.0 47.0 49.0 50.0 52.0 53.0 54.0 56.0 57.0 59.0 60.0 61.0 63.0 64.0 66.0 67.0 68.0 69.0 71.0 72.0 74.0 75.0 76.0 78.0 79.0 81.0 82.0 83.0 85.0 86.0 87.0 89.0 90.0 91.0 93.0 94.0 95.0 97.0 98.0 99.0 101.0 102.0 103.0 105.0 106.0 107.0 109.0 110.0 111.0 113.0 114.0 115.0 117.0 118.0 119.0 120.0 122.0 123.0 124.0 126.0 127.0 128.0 129.0 131.0 132.0 134.0 135.0 136.0 137.0 139.0 140.0 141.0 143.0 144.0 145.0 147.0 148.0 149.0 151.0 152.0 153.0 155.0 149.0 1780180898.788113
319.0 307.0 306.0 304.0 303.0 301.0 300.0 298.0 296.0 295.0 293.0 292.0 290.0 288.0 287.0 285.0 284.0 282.0 280.0 279.0 277.0 276.0 274.0 272.0 270.0 269.0 267.0 266.0 264.0 262.0 261.0 259.0 257.0 256.0 254.0 252.0 251.0 249.0 247.0 246.0 244.0 242.0 240.0 239.0 237.0 235.0 234.0 232.0 231.0 229.0 227.0 225.0 224.0 222.0 220.0 219.0 217.0 215.0 214.0 212.0 210.0 209.0 207.0 205.0 204.0 202.0 200.0 198.0 197.0 195.0 194.0 192.0 190.0 188.0 186.0 185.0 183.0 181.0 180.0 178.0 176.0 175.0 173.0 171.0 169.0 168.0 166.0 164.0 163.0 161.0 159.0 158.0 156.0 154.0 153.0 151.0 150.0 148.0 146.0 145.0 2.0 21.0 22.0 24.0 25.0 27.0 28.0 29.0 31.0 32.0 34.0 35.0 36.0 38.0 39.0 40.0 42.0 43.0 45.0 46.0 47.0 49.0 50.0 51.0 52.0 54.0 55.0 57.0 58.0 59.0 60.0 62.0 63.0 64.0 65.0 67.0 68.0 70.0 71.0 72.0 73.0 74.0 76.0 77.0 78.0 80.0 81.0 82.0 84.0 85.0 86.0 87.0 89.0 90.0 91.0 93.0 94.0 95.0 97.0 98.0 99.0 100.0 102.0 103.0 104.0 105.0 106.0 108.0 109.0 110.0 112.0 113.0 114.0 115.0 117.0 118.0 119.0 120.0 122.0 123.0 124.0 125.0 127.0 128.0 129.0 131.0 132.0 133.0 134.0 136.0 137.0 138.0 140.0 141.0 142.0 144.0 145.0 146.0 148.0 150.0 150.0 1780180898.803597
319.0 307.0 305.0 303.0 302.0 301.0 299.0 297.0 295.0 294.0 292.0 291.0 289.0 287.0 286.0 284.0 282.0 280.0 279.0 277.0 276.0 274.0 272.0 270.0 269.0 267.0 266.0 264.0 262.0 260.0 258.0 256.0 255.0 253.0 252.0 250.0 248.0 246.0 245.0 243.0 241.0 239.0 238.0 236.0 234.0 232.0 231.0 229.0 227.0 226.0 224.0 222.0 220.0 219.0 217.0 215.0 213.0 212.0 210.0 208.0 206.0 205.0 203.0 201.0 199.0 198.0 196.0 194.0 192.0 190.0 189.0 187.0 185.0 184.0 182.0 180.0 179.0 177.0 175.0 173.0 171.0 170.0 168.0 166.0 164.0 163.0 161.0 159.0 158.0 156.0 154.0 153.0 151.0 149.0 147.0 146.0 144.0 142.0 141.0 139.0 2.0 20.0 22.0 23.0 25.0 26.0 28.0 29.0 30.0 32.0 33.0 34.0 36.0 37.0 38.0 40.0 41.0 42.0 43.0 45.0 46.0 47.0 48.0 50.0 51.0 52.0 54.0 55.0 56.0 57.0 58.0 60.0 61.0 62.0 63.0 64.0 66.0 67.0 68.0 69.0 71.0 72.0 73.0 74.0 76.0 77.0 78.0 79.0 80.0 82.0 83.0 84.0 85.0 87.0 88.0 89.0 90.0 91.0 92.0 94.0 95.0 96.0 97.0 99.0 100.0 101.0 102.0 103.0 104.0 106.0 107.0 108.0 109.0 111.0 112.0 113.0 114.0 115.0 117.0 118.0 119.0 121.0 122.0 123.0 124.0 126.0 127.0 128.0 130.0 131.0 132.0 133.0 135.0 136.0 137.0 139.0 140.0 142.0 143.0 145.0 151.0 1780180898.819073
319.0 307.0 305.0 303.0 302.0 300.0 298.0 296.0 295.0 293.0 292.0 290.0 288.0 286.0 285.0 283.0 281.0 279.0 278.0 276.0 275.0 273.0 271.0 269.0 267.0 265.0 264.0 262.0 260.0 259.0 257.0 255.0 253.0 251.0 250.0 248.0 246.0 244.0 243.0 241.0 239.0 237.0 235.0 234.0 232.0 230.0 228.0 227.0 225.0 223.0 221.0 219.0 218.0 216.0 214.0 212.0 210.0 209.0 207.0 205.0 203.0 201.0 199.0 198.0 196.0 194.0 193.0 191.0 189.0 187.0 186.0 184.0 182.0 180.0 178.0 177.0 175.0 173.0 171.0 170.0 168.0 166.0 164.0 162.0 160.0 159.0 157.0 155.0 154.0 152.0 150.0 149.0 147.0 145.0 143.0 142.0 140.0 138.0 137.0 135.0 2.0 20.0 22.0 23.0 24.0 26.0 28.0 29.0 30.0 32.0 33.0 34.0 35.0 37.0 38.0 39.0 40.0 42.0 43.0 44.0 45.0 47.0 48.0 49.0 50.0 51.0 53.0 54.0 55.0 56.0 57.0 58.0 59.0 61.0 62.0 63.0 64.0 65.0 66.0 67.0 69.0 70.0 71.0 72.0 74.0 75.0 76.0 77.0 78.0 79.0 80.0 82.0 83.0 84.0 85.0 86.0 87.0 88.0 90.0 91.0 92.0 93.0 94.0 95.0 97.0 98.0 99.0 100.0 101.0 102.0 103.0 105.0 106.0 107.0 108.0 110.0 111.0 112.0 113.0 114.0 116.0 117.0 118.0 119.0 120.0 122.0 123.0 124.0 125.0 127.0 128.0 129.0 131.0 132.0 133.0 135.0 136.0 137.0 139.0 140.0 152.0 1780180898.834544
319.0 306.0 305.0 303.0 302.0 300.0 298.0 296.0 295.0 293.0 291.0 290.0 288.0 286.0 284.0 282.0 281.0 279.0 277.0 275.0 274.0 272.0 270.0 268.0 267.0 265.0 263.0 261.0 259.0 258.0 256.0 254.0 252.0 250.0 249.0 247.0 245.0 243.0 241.0 239.0 237.0 236.0 234.0 232.0 230.0 228.0 227.0 225.0 223.0 221.0 219.0 217.0 216.0 214.0 212.0 210.0 208.0 207.0 205.0 203.0 201.0 199.0 197.0 195.0 194.0 192.0 190.0 188.0 186.0 185.0 183.0 181.0 179.0 178.0 176.0 174.0 172.0 170.0 168.0 167.0 165.0 163.0 161.0 160.0 158.0 156.0 154.0 153.0 151.0 149.0 147.0 145.0 143.0 142.0 140.0 139.0 137.0 135.0 134.0 132.0 2.0 20.0 22.0 23.0 25.0 26.0 27.0 29.0 30.0 31.0 33.0 34.0 35.0 36.0 38.0 39.0 40.0 41.0 43.0 44.0 45.0 46.0 48.0 49.0 50.0 51.0 52.0 53.0 54.0 55.0 56.0 58.0 59.0 60.0 61.0 62.0 63.0 64.0 65.0 66.0 68.0 69.0 70.0 71.0 72.0 73.0 75.0 76.0 77.0 78.0 79.0 80.0 81.0 82.0 84.0 85.0 86.0 87.0 88.0 89.0 90.0 91.0 92.0 93.0 94.0 95.0 97.0 98.0 99.0 100.0 101.0 102.0 104.0 105.0 106.0 107.0 108.0 109.0 110.0 112.0 113.0 114.0 115.0 117.0 118.0 119.0 120.0 122.0 123.0 124.0 125.0 126.0 128.0 129.0 130.0 132.0 133.0 135.0 136.0 137.0 153.0 1780180898.850292
319.0 306.0 305.0 303.0 301.0 300.0 298.0 296.0 294.0 293.0 291.0 289.0 287.0 286.0 284.0 282.0 281.0 279.0 277.0 275.0 274.0 272.0 270.0 268.0 266.0 264.0 263.0 261.0 259.0 257.0 255.0 254.0 252.0 250.0 248.0 246.0 244.0 243.0 241.0 239.0 237.0 235.0 233.0 232.0 230.0 228.0 226.0 224.0 222.0 221.0 219.0 217.0 215.0 213.0 211.0 209.0 208.0 206.0 204.0 202.0 200.0 198.0 196.0 194.0 193.0 191.0 189.0 187.0 185.0 183.0 182.0 180.0 178.0 176.0 174.0 173.0 171.0 169.0 167.0 165.0 163.0 162.0 160.0 158.0 156.0 155.0 153.0 151.0 149.0 147.0 146.0 144.0 142.0 140.0 138.0 137.0 135.0 133.0 132.0 130.0 2.0 20.0 22.0 23.0 25.0 26.0 28.0 29.0 30.0 32.0 33.0 34.0 36.0 37.0 38.0 39.0 41.0 42.0 43.0 44.0 45.0 47.0 48.0 49.0 50.0 51.0 52.0 53.0 55.0 56.0 57.0 58.0 59.0 60.0 61.0 62.0 63.0 64.0 65.0 67.0 68.0 69.0 70.0 71.0 72.0 73.0 74.0 75.0 77.0 78.0 79.0 80.0 81.0 82.0 83.0 84.0 85.0 86.0 87.0 88.0 89.0 90.0 91.0 92.0 93.0 94.0 96.0 97.0 98.0 99.0 100.0 101.0 103.0 104.0 105.0 106.0 107.0 108.0 109.0 110.0 112.0 113.0 114.0 115.0 116.0 117.0 118.0 120.0 121.0 122.0 123.0 124.0 126.0 127.0 128.0 130.0 131.0 132.0 134.0 135.0 154.0 1780180898.870605
319.0 306.0 305.0 303.0 302.0 300.0 298.0 296.0 295.0 293.0 291.0 290.0 288.0 286.0 284.0 283.0 281.0 279.0 277.0 275.0 274.0 272.0 270.0 268.0 267.0 265.0 263.0 261.0 259.0 257.0 256.0 254.0 252.0 250.0 248.0 246.0 245.0 243.0 241.0 239.0 237.0 235.0 234.0 232.0 230.0 228.0 226.0 225.0 223.0 221.0 219.0 217.0 215.0 213.0 211.0 209.0 208.0 206.0 204.0 202.0 200.0 198.0 196.0 195.0 193.0 191.0 189.0 187.0 185.0 184.0 182.0 180.0 178.0 176.0 174.0 173.0 171.0 169.0 167.0 165.0 163.0 161.0 160.0 158.0 156.0 154.0 152.0 151.0 149.0 147.0 145.0 143.0 141.0 140.0 138.0 136.0 134.0 133.0 131.0 129.0 2.0 21.0 22.0 24.0 25.0 26.0 28.0 29.0 30.0 32.0 33.0 34.0 36.0 37.0 38.0 40.0 41.0 42.0 43.0 45.0 46.0 47.0 48.0 49.0 51.0 52.0 53.0 54.0 55.0 57.0 58.0 59.0 60.0 61.0 62.0 63.0 64.0 65.0 66.0 68.0 69.0 70.0 71.0 72.0 73.0 74.0 75.0 77.0 78.0 79.0 80.0 81.0 82.0 83.0 84.0 85.0 86.0 87.0 88.0 89.0 90.0 91.0 93.0 93.0 94.0 95.0 97.0 98.0 99.0 100.0 101.0 102.0 103.0 104.0 105.0 106.0 107.0 108.0 110.0 111.0 112.0 113.0 114.0 115.0 116.0 117.0 118.0 120.0 121.0 122.0 123.0 124.0 125.0 127.0 128.0 129.0 131.0 132.0 133.0 135.0 155.0 1780180898.885854
319.0 307.0 305.0 303.0 302.0 300.0 298.0 297.0 295.0 293.0 291.0 290.0 288.0 286.0 285.0 283.0 281.0 279.0 278.0 276.0 274.0 272.0 270.0 269.0 267.0 265.0 263.0 261.0 260.0 258.0 256.0 254.0 252.0 251.0 249.0 247.0 245.0 243.0 242.0 240.0 238.0 236.0 234.0 232.0 230.0 229.0 227.0 225.0 223.0 221.0 219.0 217.0 216.0 214.0 212.0 210.0 208.0 207.0 205.0 203.0 201.0 199.0 197.0 195.0 193.0 192.0 190.0 188.0 186.0 184.0 182.0 180.0 179.0 177.0 175.0 173.0 171.0 169.0 168.0 166.0 164.0 162.0 160.0 158.0 156.0 155.0 153.0 151.0 149.0 147.0 145.0 143.0 142.0 140.0 138.0 136.0 135.0 133.0 131.0 129.0 2.0 21.0 22.0 24.0 25.0 27.0 28.0 29.0 31.0 32.0 34.0 35.0 37.0 38.0 39.0 40.0 42.0 43.0 44.0 46.0 47.0 48.0 49.0 51.0 52.0 53.0 54.0 55.0 57.0 58.0 59.0 60.0 61.0 62.0 63.0 65.0 66.0 67.0 68.0 69.0 71.0 72.0 73.0 74.0 75.0 76.0 77.0 78.0 80.0 81.0 82.0 83.0 84.0 85.0 86.0 87.0 88.0 90.0 91.0 92.0 93.0 94.0 95.0 96.0 97.0 98.0 99.0 100.0 101.0 102.0 103.0 104.0 105.0 107.0 108.0 109.0 110.0 111.0 112.0 113.0 114.0 115.0 116.0 117.0 118.0 119.0 120.0 121.0 122.0 124.0 125.0 126.0 127.0 128.0 129.0 130.0 132.0 133.0 134.0 136.0 156.0 1780180898.901247
319.0 307.0 305.0 303.0 302.0 300.0 299.0 297.0 295.0 293.0 292.0 290.0 288.0 287.0 285.0 283.0 282.0 280.0 278.0 276.0 275.0 273.0 271.0 269.0 268.0 266.0 264.0 262.0 260.0 259.0 257.0 255.0 253.0 252.0 250.0 248.0 246.0 245.0 243.0 241.0 239.0 237.0 235.0 233.0 231.0 230.0 228.0 226.0 224.0 223.0 221.0 219.0 217.0 216.0 214.0 212.0 210.0 208.0 206.0 204.0 203.0 201.0 199.0 197.0 195.0 193.0 192.0 190.0 188.0 186.0 184.0 182.0 180.0 179.0 177.0 175.0 173.0 171.0 169.0 167.0 165.0 163.0 162.0 160.0 158.0 156.0 154.0 152.0 151.0 149.0 147.0 145.0 143.0 141.0 139.0 137.0 136.0 134.0 132.0 130.0 2.0 21.0 23.0 24.0 25.0 27.0 28.0 30.0 31.0 33.0 34.0 35.0 37.0 38.0 40.0 41.0 42.0 44.0 45.0 47.0 48.0 49.0 51.0 52.0 53.0 54.0 56.0 57.0 58.0 59.0 60.0 62.0 63.0 64.0 65.0 67.0 68.0 69.0 70.0 71.0 73.0 74.0 75.0 76.0 78.0 79.0 80.0 81.0 82.0 83.0 85.0 86.0 87.0 88.0 89.0 90.0 91.0 92.0 94.0 95.0 96.0 97.0 98.0 99.0 100.0 101.0 102.0 103.0 104.0 105.0 106.0 107.0 109.0 110.0 111.0 112.0 113.0 114.0 115.0 116.0 117.0 118.0 119.0 120.0 121.0 122.0 123.0 124.0 125.0 126.0 127.0 128.0 129.0 130.0 132.0 133.0 134.0 135.0 136.0 137.0 157.0 1780180898.916794
319.0 307.0 305.0 304.0 302.0 301.0 299.0 298.0 296.0 294.0 292.0 291.0 289.0 287.0 286.0 284.0 282.0 281.0 279.0 277.0 276.0 274.0 272.0 270.0 269.0 267.0 265.0 264.0 262.0 260.0 258.0 256.0 255.0 253.0 251.0 250.0 248.0 246.0 244.0 243.0 241.0 239.0 237.0 235.0 234.0 232.0 230.0 229.0 227.0 225.0 223.0 221.0 220.0 218.0 216.0 214.0 212.0 210.0 209.0 207.0 205.0 203.0 201.0 199.0 198.0 196.0 194.0 192.0 190.0 189.0 187.0 185.0 183.0 181.0 179.0 178.0 176.0 174.0 172.0 170.0 168.0 167.0 165.0 163.0 161.0 159.0 157.0 155.0 153.0 152.0 150.0 148.0 146.0 144.0 142.0 140.0 138.0 137.0 135.0 133.0 2.0 21.0 23.0 24.0 26.0 27.0 29.0 30.0 31.0 33.0 34.0 36.0 37.0 39.0 40.0 42.0 43.0 45.0 46.0 47.0 49.0 50.0 52.0 53.0 54.0 55.0 57.0 58.0 59.0 61.0 62.0 63.0 65.0 66.0 67.0 69.0 70.0 71.0 72.0 74.0 75.0 76.0 77.0 79.0 80.0 81.0 82.0 84.0 85.0 86.0 87.0 88.0 90.0 91.0 92.0 93.0 94.0 96.0 97.0 98.0 99.0 100.0 101.0 102.0 103.0 104.0 105.0 107.0 108.0 109.0 110.0 111.0 112.0 113.0 114.0 115.0 116.0 117.0 118.0 119.0 120.0 121.0 122.0 123.0 124.0 125.0 126.0 127.0 128.0 129.0 130.0 131.0 132.0 133.0 134.0 135.0 136.0 137.0 139.0 140.0 158.0 1780180898.932149
319.0 308.0 306.0 304.0 303.0 301.0 300.0 298.0 297.0 295.0 294.0 292.0 290.0 289.0 287.0 285.0 284.0 282.0 280.0 279.0 277.0 275.0 274.0 272.0 270.0 269.0 267.0 265.0 264.0 262.0 260.0 258.0 257.0 255.0 253.0 252.0 250.0 249.0 247.0 245.0 243.0 242.0 240.0 238.0 236.0 235.0 233.0 231.0 229.0 228.0 226.0 224.0 222.0 221.0 219.0 217.0 215.0 213.0 212.0 210.0 208.0 206.0 205.0 203.0 201.0 199.0 198.0 196.0 194.0 192.0 190.0 188.0 186.0 185.0 183.0 181.0 179.0 177.0 176.0 174.0 172.0 170.0 168.0 166.0 164.0 163.0 161.0 159.0 157.0 155.0 153.0 151.0 150.0 148.0 146.0 144.0 142.0 140.0 139.0 137.0 2.0 21.0 23.0 24.0 26.0 27.0 29.0 30.0 32.0 34.0 35.0 37.0 38.0 39.0 41.0 42.0 44.0 45.0 47.0 48.0 50.0 51.0 53.0 54.0 56.0 57.0 58.0 60.0 61.0 62.0 64.0 65.0 67.0 68.0 69.0 71.0 72.0 73.0 75.0 76.0 77.0 78.0 80.0 81.0 83.0 84.0 85.0 87.0 88.0 89.0 90.0 91.0 93.0 94.0 95.0 96.0 97.0 99.0 100.0 101.0 102.0 103.0 104.0 106.0 107.0 108.0 109.0 110.0 111.0 113.0 114.0 115.0 116.0 117.0 118.0 119.0 120.0 121.0 122.0 123.0 124.0 125.0 126.0 127.0 128.0 129.0 130.0 131.0 132.0 133.0 134.0 134.0 135.0 136.0 138.0 138.0 140.0 141.0 142.0 143.0 159.0 1780180898.947682
319.0 308.0 307.0 305.0 304.0 302.0 301.0 299.0 298.0 296.0 295.0 293.0 292.0 290.0 289.0 287.0 285.0 284.0 282.0 281.0 279.0 277.0 276.0 274.0 273.0 271.0 269.0 268.0 266.0 264.0 263.0 261.0 260.0 258.0 256.0 255.0 253.0 251.0 250.0 248.0 246.0 245.0 243.0 241.0 239.0 238.0 236.0 234.0 233.0 231.0 229.0 227.0 226.0 224.0 222.0 220.0 219.0 217.0 215.0 214.0 212.0 210.0 208.0 206.0 204.0 203.0 201.0 199.0 197.0 196.0 194.0 192.0 190.0 188.0 187.0 185.0 183.0 181.0 179.0 178.0 176.0 174.0 172.0 170.0 168.0 167.0 165.0 163.0 161.0 159.0 157.0 155.0 154.0 152.0 150.0 148.0 146.0 144.0 143.0 141.0 2.0 21.0 23.0 24.0 26.0 28.0 29.0 31.0 33.0 34.0 35.0 37.0 38.0 40.0 42.0 43.0 45.0 46.0 48.0 49.0 51.0 52.0 54.0 55.0 57.0 58.0 60.0 61.0 63.0 64.0 66.0 67.0 69.0 70.0 71.0 72.0 74.0 76.0 77.0 78.0 80.0 81.0 82.0 84.0 85.0 86.0 88.0 89.0 90.0 92.0 93.0 94.0 95.0 97.0 98.0 99.0 101.0 102.0 103.0 104.0 105.0 106.0 108.0 109.0 110.0 111.0 112.0 113.0 115.0 116.0 117.0 118.0 119.0 120.0 121.0 122.0 123.0 124.0 125.0 126.0 127.0 128.0 129.0 130.0 131.0 132.0 133.0 134.0 135.0 136.0 137.0 138.0 139.0 140.0 141.0 142.0 143.0 144.0 145.0 147.0 160.0 1780180898.963184
319.0 309.0 307.0 306.0 305.0 303.0 302.0 301.0 299.0 298.0 296.0 295.0 293.0 292.0 291.0 289.0 287.0 286.0 285.0 283.0 282.0 280.0 278.0 277.0 275.0 274.0 272.0 271.0 269.0 267.0 266.0 264.0 263.0 261.0 259.0 258.0 256.0 255.0 253.0 251.0 249.0 248.0 246.0 245.0 243.0 241.0 240.0 238.0 236.0 234.0 233.0 231.0 229.0 228.0 226.0 224.0 222.0 221.0 219.0 217.0 216.0 214.0 212.0 210.0 209.0 207.0 205.0 203.0 201.0 200.0 198.0 196.0 194.0 192.0 191.0 189.0 187.0 185.0 184.0 182.0 180.0 178.0 177.0 175.0 173.0 171.0 169.0 167.0 165.0 163.0 162.0 160.0 158.0 156.0 154.0 153.0 151.0 149.0 147.0 146.0 2.0 21.0 23.0 25.0 26.0 28.0 30.0 31.0 33.0 35.0 36.0 38.0 39.0 41.0 43.0 44.0 46.0 47.0 49.0 51.0 52.0 53.0 55.0 56.0 58.0 60.0 61.0 63.0 64.0 66.0 67.0 68.0 70.0 71.0 73.0 74.0 76.0 77.0 79.0 80.0 82.0 83.0 85.0 86.0 88.0 89.0 90.0 91.0 93.0 94.0 96.0 97.0 98.0 100.0 101.0 102.0 103.0 105.0 106.0 107.0 108.0 109.0 110.0 112.0 113.0 114.0 115.0 116.0 118.0 119.0 120.0 121.0 122.0 123.0 124.0 125.0 127.0 128.0 129.0 130.0 131.0 132.0 133.0 134.0 135.0 136.0 137.0 138.0 139.0 140.0 141.0 142.0 143.0 144.0 145.0 146.0 147.0 148.0 150.0 151.0 161.0 1780180898.978595
319.0 309.0 308.0 307.0 306.0 304.0 303.0 302.0 300.0 299.0 298.0 296.0 295.0 293.0 292.0 291.0 289.0 288.0 287.0 285.0 284.0 282.0 281.0 279.0 278.0 276.0 275.0 274.0 272.0 270.0 269.0 267.0 266.0 264.0 263.0 261.0 259.0 258.0 256.0 255.0 253.0 252.0 250.0 248.0 247.0 245.0 243.0 242.0 240.0 238.0 237.0 235.0 233.0 232.0 230.0 228.0 226.0 225.0 223.0 221.0 220.0 218.0 216.0 214.0 213.0 211.0 210.0 208.0 206.0 204.0 203.0 201.0 199.0 197.0 195.0 194.0 192.0 190.0 188.0 187.0 185.0 183.0 181.0 179.0 178.0 176.0 174.0 172.0 170.0 169.0 167.0 165.0 164.0 162.0 160.0 158.0 156.0 154.0 153.0 151.0 2.0 22.0 23.0 25.0 27.0 28.0 30.0 31.0 33.0 35.0 36.0 38.0 40.0 41.0 43.0 45.0 46.0 48.0 49.0 51.0 53.0 54.0 56.0 57.0 59.0 61.0 62.0 64.0 65.0 67.0 68.0 70.0 71.0 73.0 74.0 76.0 77.0 79.0 80.0 82.0 83.0 85.0 86.0 88.0 90.0 91.0 92.0 93.0 95.0 96.0 98.0 99.0 100.0 102.0 103.0 104.0 106.0 107.0 108.0 109.0 111.0 112.0 113.0 115.0 116.0 117.0 118.0 119.0 121.0 122.0 123.0 124.0 126.0 127.0 128.0 129.0 130.0 131.0 132.0 134.0 135.0 136.0 137.0 138.0 139.0 140.0 141.0 142.0 143.0 144.0 145.0 146.0 148.0 149.0 150.0 151.0 152.0 153.0 155.0 156.0 162.0 1780180898.994026
319.0 310.0 309.0 308.0 306.0 305.0 304.0 303.0 301.0 300.0 299.0 297.0 296.0 295.0 294.0 292.0 291.0 290.0 288.0 287.0 286.0 284.0 283.0 281.0 280.0 279.0 277.0 276.0 274.0 273.0 271.0 270.0 269.0 267.0 265.0 264.0 262.0 261.0 259.0 258.0 256.0 255.0 253.0 252.0 250.0 248.0 247.0 245.0 244.0 242.0 241.0 239.0 237.0 236.0 234.0 232.0 231.0 229.0 227.0 226.0 224.0 223.0 221.0 219.0 217.0 216.0 214.0 212.0 210.0 209.0 207.0 206.0 204.0 202.0 200.0 199.0 197.0 195.0 193.0 192.0 190.0 188.0 187.0 185.0 183.0 181.0 180.0 178.0 176.0 175.0 173.0 171.0 169.0 167.0 166.0 164.0 163.0 161.0 159.0 157.0 2.0 22.0 23.0 25.0 27.0 29.0 30.0 32.0 33.0 35.0 36.0 38.0 40.0 42.0 43.0 45.0 46.0 48.0 50.0 52.0 53.0 55.0 57.0 58.0 60.0 61.0 63.0 64.0 66.0 68.0 69.0 71.0 72.0 74.0 76.0 77.0 78.0 80.0 81.0 83.0 84.0 86.0 87.0 89.0 91.0 92.0 94.0 95.0 97.0 98.0 99.0 101.0 102.0 104.0 105.0 106.0 108.0 109.0 110.0 112.0 113.0 114.0 115.0 117.0 118.0 120.0 121.0 122.0 123.0 125.0 126.0 127.0 129.0 130.0 131.0 132.0 133.0 135.0 136.0 137.0 138.0 139.0 141.0 142.0 143.0 144.0 145.0 146.0 148.0 149.0 150.0 151.0 153.0 154.0 155.0 156.0 157.0 158.0 160.0 161.0 163.0 1780180899.009591
319.0 310.0 309.0 308.0 307.0 305.0 304.0 303.0 302.0 301.0 299.0 298.0 297.0 295.0 294.0 293.0 292.0 291.0 289.0 288.0 287.0 285.0 284.0 283.0 281.0 280.0 279.0 277.0 276.0 275.0 273.0 272.0 271.0 269.0 268.0 266.0 265.0 263.0 262.0 260.0 259.0 258.0 256.0 255.0 253.0 251.0 250.0 248.0 247.0 245.0 244.0 243.0 241.0 239.0 238.0 236.0 235.0 233.0 231.0 230.0 228.0 227.0 225.0 223.0 222.0 220.0 219.0 217.0 215.0 214.0 212.0 211.0 209.0 207.0 206.0 204.0 202.0 201.0 199.0 198.0 196.0 194.0 193.0 191.0 189.0 188.0 186.0 184.0 183.0 181.0 179.0 177.0 176.0 174.0 173.0 171.0 170.0 168.0 167.0 165.0 2.0 22.0 23.0 25.0 27.0 29.0 30.0 32.0 34.0 35.0 37.0 39.0 40.0 42.0 43.0 45.0 47.0 48.0 50.0 52.0 53.0 55.0 57.0 58.0 60.0 62.0 63.0 65.0 67.0 68.0 70.0 71.0 73.0 74.0 76.0 77.0 79.0 81.0 82.0 84.0 86.0 87.0 88.0 90.0 92.0 93.0 95.0 96.0 98.0 99.0 101.0 102.0 104.0 105.0 106.0 108.0 110.0 111.0 112.0 114.0 115.0 117.0 118.0 119.0 121.0 122.0 124.0 125.0 126.0 127.0 129.0 130.0 132.0 133.0 134.0 136.0 137.0 138.0 140.0 141.0 142.0 143.0 145.0 146.0 147.0 149.0 150.0 151.0 153.0 154.0 155.0 156.0 158.0 159.0 161.0 162.0 163.0 165.0 166.0 167.0 164.0 1780180899.025086
319.0 310.0 309.0 308.0 307.0 306.0 304.0 303.0 302.0 301.0 300.0 298.0 297.0 296.0 295.0 293.0 292.0 291.0 290.0 288.0 287.0 286.0 285.0 283.0 282.0 280.0 279.0 278.0 277.0 275.0 274.0 273.0 272.0 270.0 269.0 267.0 266.0 265.0 263.0 262.0 260.0 259.0 258.0 257.0 255.0 254.0 252.0 251.0 249.0 248.0 247.0 245.0 244.0 242.0 241.0 239.0 238.0 237.0 235.0 234.0 232.0 231.0 229.0 228.0 226.0 225.0 223.0 222.0 220.0 219.0 217.0 216.0 214.0 213.0 211.0 210.0 208.0 207.0 205.0 204.0 202.0 201.0 199.0 198.0 196.0 195.0 193.0 192.0 190.0 188.0 187.0 185.0 184.0 183.0 181.0 180.0 178.0 177.0 175.0 174.0 2.0 22.0 23.0 25.0 27.0 29.0 30.0 32.0 34.0 35.0 37.0 39.0 41.0 42.0 44.0 46.0 47.0 49.0 50.0 52.0 54.0 55.0 57.0 58.0 60.0 62.0 64.0 65.0 67.0 69.0 70.0 72.0 73.0 75.0 77.0 78.0 80.0 81.0 83.0 85.0 87.0 88.0 90.0 91.0 93.0 94.0 96.0 98.0 99.0 101.0 102.0 104.0 105.0 107.0 108.0 110.0 111.0 113.0 115.0 116.0 117.0 119.0 120.0 122.0 123.0 125.0 126.0 128.0 129.0 131.0 132.0 134.0 135.0 137.0 138.0 140.0 141.0 142.0 144.0 145.0 147.0 148.0 149.0 151.0 152.0 154.0 155.0 157.0 158.0 159.0 161.0 162.0 164.0 165.0 167.0 168.0 170.0 171.0 173.0 174.0 165.0 1780180899.040383
319.0 310.0 309.0 308.0 307.0 305.0 304.0 303.0 302.0 300.0 299.0 298.0 297.0 295.0 294.0 293.0 292.0 291.0 290.0 288.0 287.0 286.0 285.0 283.0 282.0 281.0 280.0 279.0 277.0 276.0 275.0 273.0 272.0 271.0 270.0 268.0 267.0 266.0 265.0 263.0 262.0 261.0 259.0 258.0 257.0 256.0 254.0 253.0 252.0 250.0 249.0 248.0 247.0 245.0 244.0 243.0 242.0 240.0 239.0 238.0 236.0 235.0 234.0 232.0 231.0 230.0 228.0 227.0 226.0 224.0 223.0 222.0 220.0 219.0 218.0 216.0 215.0 213.0 212.0 211.0 209.0 208.0 207.0 205.0 204.0 203.0 201.0 200.0 199.0 197.0 196.0 194.0 193.0 192.0 190.0 189.0 188.0 186.0 185.0 184.0 2.0 22.0 23.0 25.0 27.0 29.0 30.0 32.0 34.0 35.0 37.0 39.0 40.0 42.0 44.0 46.0 47.0 49.0 51.0 53.0 54.0 56.0 58.0 59.0 61.0 62.0 64.0 66.0 67.0 69.0 71.0 73.0 74.0 76.0 77.0 79.0 81.0 82.0 84.0 86.0 87.0 89.0 91.0 92.0 94.0 95.0 97.0 99.0 101.0 102.0 104.0 105.0 107.0 109.0 110.0 112.0 113.0 115.0 117.0 118.0 120.0 122.0 123.0 125.0 126.0 128.0 129.0 131.0 133.0 134.0 136.0 137.0 139.0 140.0 142.0 144.0 145.0 147.0 148.0 150.0 151.0 153.0 154.0 156.0 157.0 159.0 160.0 162.0 163.0 165.0 167.0 168.0 170.0 171.0 173.0 174.0 176.0 177.0 179.0 181.0 166.0 1780180899.055794
319.0 310.0 309.0 308.0 307.0 306.0 304.0 303.0 302.0 301.0 300.0 298.0 297.0 296.0 295.0 294.0 293.0 291.0 290.0 289.0 288.0 287.0 285.0 284.0 283.0 282.0 281.0 280.0 278.0 277.0 276.0 275.0 274.0 272.0 271.0 270.0 269.0 268.0 267.0 265.0 264.0 263.0 262.0 261.0 260.0 258.0 257.0 256.0 255.0 254.0 252.0 251.0 251.0 249.0 248.0 247.0 246.0 244.0 243.0 242.0 241.0 240.0 239.0 237.0 236.0 235.0 234.0 233.0 231.0 230.0 229.0 228.0 227.0 226.0 224.0 223.0 222.0 221.0 220.0 218.0 217.0 216.0 215.0 214.0 212.0 211.0 210.0 209.0 207.0 206.0 205.0 204.0 203.0 202.0 200.0 199.0 198.0 197.0 196.0 195.0 2.0 22.0 23.0 25.0 27.0 29.0 30.0 32.0 34.0 35.0 37.0 39.0 41.0 42.0 44.0 46.0 47.0 49.0 51.0 53.0 54.0 56.0 58.0 60.0 61.0 63.0 65.0 66.0 68.0 70.0 71.0 73.0 75.0 77.0 78.0 80.0 82.0 83.0 85.0 87.0 88.0 90.0 92.0 94.0 96.0 97.0 99.0 100.0 102.0 104.0 106.0 107.0 109.0 111.0 112.0 114.0 116.0 117.0 119.0 121.0 122.0 124.0 126.0 128.0 129.0 131.0 132.0 134.0 136.0 137.0 139.0 141.0 142.0 144.0 146.0 148.0 149.0 151.0 152.0 154.0 156.0 157.0 159.0 161.0 162.0 164.0 165.0 167.0 169.0 170.0 172.0 174.0 175.0 177.0 179.0 180.0 182.0 184.0 185.0 187.0 167.0 1780180899.076942
319.0 311.0 309.0 309.0 308.0 307.0 305.0 304.0 303.0 302.0 301.0 300.0 299.0 298.0 297.0 296.0 295.0 293.0 292.0 291.0 290.0 289.0 288.0 287.0 286.0 285.0 284.0 283.0 282.0 280.0 279.0 278.0 277.0 276.0 275.0 274.0 273.0 272.0 271.0 270.0 268.0 267.0 266.0 265.0 264.0 263.0 262.0 261.0 260.0 259.0 258.0 257.0 256.0 255.0 254.0 253.0 252.0 251.0 249.0 249.0 248.0 246.0 245.0 244.0 243.0 242.0 241.0 240.0 239.0 238.0 237.0 236.0 235.0 234.0 233.0 232.0 231.0 230.0 229.0 228.0 227.0 226.0 225.0 224.0 223.0 222.0 221.0 220.0 219.0 218.0 217.0 216.0 215.0 214.0 213.0 212.0 211.0 210.0 209.0 208.0 2.0 22.0 24.0 25.0 27.0 29.0 31.0 32.0 34.0 36.0 38.0 39.0 41.0 43.0 45.0 46.0 48.0 50.0 52.0 54.0 55.0 57.0 59.0 60.0 62.0 64.0 66.0 67.0 69.0 71.0 72.0 74.0 76.0 78.0 80.0 81.0 83.0 85.0 87.0 89.0 90.0 92.0 93.0 95.0 97.0 99.0 101.0 102.0 104.0 106.0 108.0 109.0 111.0 113.0 115.0 116.0 118.0 120.0 122.0 123.0 125.0 127.0 128.0 130.0 132.0 134.0 135.0 137.0 139.0 141.0 142.0 144.0 146.0 148.0 150.0 151.0 153.0 155.0 156.0 158.0 160.0 161.0 163.0 165.0 167.0 168.0 170.0 172.0 174.0 175.0 177.0 179.0 180.0 182.0 184.0 186.0 188.0 189.0 191.0 193.0 168.0 1780180899.091838
319.0 312.0 311.0 310.0 309.0 308.0 307.0 306.0 305.0 304.0 303.0 302.0 301.0 300.0 299.0 298.0 297.0 296.0 296.0 295.0 293.0 293.0 292.0 290.0 290.0 289.0 288.0 287.0 286.0 285.0 284.0 283.0 282.0 281.0 280.0 279.0 278.0 277.0 276.0 275.0 274.0 273.0 272.0 271.0 270.0 270.0 268.0 267.0 267.0 265.0 265.0 264.0 263.0 262.0 261.0 260.0 259.0 258.0 257.0 256.0 255.0 254.0 254.0 253.0 252.0 251.0 250.0 249.0 248.0 247.0 246.0 245.0 245.0 244.0 243.0 242.0 241.0 240.0 239.0 238.0 238.0 237.0 236.0 235.0 234.0 233.0 232.0 231.0 231.0 230.0 229.0 228.0 227.0 227.0 226.0 225.0 224.0 224.0 223.0 223.0 2.0 22.0 24.0 25.0 27.0 29.0 31.0 33.0 35.0 36.0 38.0 40.0 42.0 43.0 45.0 47.0 49.0 51.0 53.0 55.0 56.0 58.0 60.0 61.0 63.0 65.0 67.0 69.0 71.0 72.0 74.0 76.0 78.0 79.0 81.0 83.0 85.0 87.0 89.0 90.0 92.0 94.0 95.0 97.0 99.0 101.0 103.0 105.0 107.0 108.0 110.0 112.0 113.0 115.0 117.0 119.0 121.0 123.0 124.0 126.0 128.0 130.0 131.0 133.0 135.0 137.0 139.0 140.0 142.0 144.0 146.0 148.0 150.0 151.0 153.0 155.0 156.0 158.0 160.0 162.0 164.0 165.0 167.0 169.0 171.0 173.0 174.0 176.0 178.0 180.0 182.0 184.0 185.0 187.0 189.0 191.0 193.0 195.0 197.0 198.0 169.0 1780180899.107296
319.0 313.0 312.0 311.0 310.0 309.0 309.0 308.0 307.0 306.0 306.0 305.0 304.0 303.0 302.0 302.0 301.0 300.0 299.0 298.0 297.0 297.0 296.0 295.0 294.0 293.0 293.0 292.0 291.0 290.0 289.0 288.0 288.0 287.0 286.0 285.0 284.0 283.0 283.0 282.0 281.0 280.0 279.0 278.0 278.0 277.0 276.0 275.0 274.0 273.0 273.0 272.0 271.0 271.0 270.0 269.0 268.0 267.0 266.0 266.0 265.0 264.0 263.0 263.0 262.0 261.0 260.0 260.0 259.0 258.0 257.0 257.0 256.0 255.0 254.0 254.0 253.0 252.0 252.0 251.0 250.0 249.0 248.0 248.0 247.0 246.0 246.0 245.0 244.0 244.0 243.0 242.0 242.0 241.0 240.0 240.0 239.0 239.0 238.0 238.0 2.0 22.0 24.0 26.0 28.0 30.0 32.0 33.0 35.0 37.0 39.0 41.0 43.0 44.0 46.0 48.0 50.0 52.0 54.0 56.0 57.0 59.0 61.0 63.0 65.0 67.0 68.0 70.0 72.0 74.0 76.0 77.0 79.0 81.0 83.0 85.0 87.0 89.0 90.0 92.0 94.0 96.0 98.0 100.0 102.0 103.0 105.0 107.0 109.0 110.0 112.0 114.0 116.0 118.0 120.0 122.0 124.0 125.0 127.0 129.0 131.0 133.0 134.0 136.0 138.0 140.0 142.0 144.0 146.0 147.0 149.0 151.0 153.0 155.0 157.0 158.0 160.0 162.0 164.0 166.0 168.0 170.0 171.0 173.0 175.0 177.0 179.0 181.0 183.0 185.0 186.0 188.0 190.0 192.0 194.0 196.0 198.0 200.0 201.0 203.0 170.0 1780180899.127884
319.0 314.0 313.0 313.0 312.0 312.0 311.0 310.0 310.0 309.0 308.0 308.0 307.0 307.0 306.0 305.0 305.0 304.0 304.0 303.0 302.0 302.0 301.0 300.0 300.0 299.0 298.0 298.0 297.0 297.0 296.0 295.0 295.0 294.0 294.0 293.0 292.0 292.0 291.0 290.0 290.0 289.0 289.0 288.0 287.0 287.0 286.0 285.0 285.0 284.0 284.0 283.0 283.0 282.0 281.0 281.0 280.0 280.0 279.0 278.0 278.0 277.0 276.0 276.0 275.0 275.0 274.0 274.0 273.0 272.0 272.0 271.0 271.0 270.0 270.0 269.0 269.0 268.0 268.0 267.0 266.0 266.0 265.0 265.0 264.0 263.0 263.0 262.0 262.0 261.0 261.0 260.0 260.0 259.0 259.0 258.0 258.0 257.0 257.0 256.0 2.0 22.0 24.0 26.0 28.0 29.0 31.0 33.0 35.0 37.0 39.0 40.0 42.0 44.0 46.0 48.0 50.0 51.0 53.0 55.0 57.0 59.0 61.0 63.0 64.0 66.0 68.0 70.0 72.0 73.0 75.0 77.0 79.0 81.0 83.0 85.0 86.0 88.0 90.0 92.0 94.0 96.0 97.0 99.0 101.0 103.0 105.0 107.0 109.0 110.0 112.0 114.0 116.0 118.0 120.0 121.0 123.0 125.0 127.0 129.0 131.0 132.0 134.0 136.0 138.0 140.0 142.0 144.0 146.0 147.0 149.0 151.0 153.0 155.0 156.0 158.0 160.0 162.0 164.0 166.0 167.0 169.0 171.0 173.0 175.0 177.0 179.0 181.0 182.0 184.0 186.0 188.0 190.0 192.0 194.0 196.0 197.0 199.0 201.0 203.0 171.0 1780180899.153771
319.0 316.0 316.0 315.0 315.0 315.0 314.0 313.0 313.0 313.0 312.0 312.0 312.0 311.0 311.0 310.0 310.0 309.0 309.0 309.0 308.0 308.0 307.0 307.0 307.0 307.0 306.0 306.0 305.0 305.0 305.0 304.0 304.0 303.0 303.0 302.0 302.0 302.0 301.0 301.0 301.0 300.0 300.0 300.0 299.0 299.0 298.0 298.0 298.0 297.0 297.0 297.0 297.0 296.0 296.0 295.0 295.0 294.0 294.0 294.0 294.0 293.0 292.0 292.0 292.0 291.0 291.0 291.0 290.0 290.0 289.0 289.0 289.0 288.0 288.0 288.0 287.0 287.0 287.0 286.0 285.0 285.0 285.0 284.0 284.0 283.0 283.0 283.0 282.0 282.0 281.0 281.0 281.0 280.0 280.0 280.0 279.0 279.0 278.0 278.0 2.0 23.0 25.0 26.0 28.0 30.0 32.0 34.0 36.0 38.0 40.0 42.0 43.0 45.0 47.0 49.0 51.0 53.0 55.0 57.0 58.0 60.0 62.0 64.0 66.0 68.0 70.0 72.0 74.0 75.0 77.0 79.0 81.0 83.0 85.0 86.0 88.0 90.0 92.0 94.0 96.0 98.0 100.0 102.0 104.0 106.0 107.0 109.0 111.0 113.0 115.0 117.0 119.0 121.0 122.0 124.0 126.0 128.0 130.0 132.0 134.0 135.0 137.0 139.0 141.0 143.0 145.0 147.0 149.0 151.0 153.0 155.0 157.0 158.0 160.0 162.0 164.0 166.0 168.0 170.0 172.0 173.0 175.0 177.0 179.0 181.0 183.0 185.0 187.0 189.0 191.0 193.0 194.0 196.0 198.0 200.0 202.0 204.0 206.0 207.0 172.0 1780180899.168969
319.0 318.0 318.0 318.0 317.0 317.0 317.0 317.0 317.0 316.0 316.0 316.0 316.0 316.0 316.0 315.0 315.0 315.0 315.0 315.0 314.0 314.0 314.0 314.0 314.0 314.0 314.0 313.0 313.0 313.0 313.0 313.0 313.0 312.0 312.0 312.0 312.0 312.0 311.0 311.0 311.0 311.0 311.0 311.0 311.0 310.0 310.0 310.0 310.0 309.0 310.0 309.0 309.0 309.0 309.0 309.0 308.0 308.0 308.0 308.0 308.0 308.0 307.0 307.0 307.0 307.0 306.0 306.0 306.0 306.0 305.0 305.0 305.0 305.0 305.0 305.0 304.0 304.0 304.0 303.0 303.0 303.0 302.0 303.0 302.0 302.0 302.0 301.0 301.0 301.0 301.0 300.0 300.0 300.0 300.0 300.0 299.0 299.0 299.0 299.0 2.0 23.0 25.0 27.0 29.0 30.0 32.0 34.0 36.0 38.0 40.0 42.0 44.0 46.0 47.0 49.0 51.0 53.0 55.0 57.0 59.0 61.0 63.0 65.0 67.0 69.0 70.0 72.0 74.0 76.0 78.0 80.0 81.0 83.0 85.0 87.0 89.0 91.0 93.0 95.0 97.0 99.0 101.0 103.0 105.0 106.0 108.0 110.0 112.0 114.0 116.0 118.0 120.0 122.0 123.0 125.0 127.0 129.0 131.0 133.0 135.0 137.0 139.0 141.0 143.0 145.0 147.0 149.0 150.0 152.0 154.0 156.0 158.0 160.0 162.0 164.0 166.0 168.0 170.0 172.0 173.0 176.0 178.0 180.0 182.0 184.0 185.0 187.0 189.0 191.0 193.0 195.0 197.0 199.0 201.0 203.0 205.0 206.0 208.0 210.0 173.0 1780180899.184435
319.0 320.0 320.0 320.0 320.0 320.0 320.0 320.0 320.0 320.0 320.0 320.0 320.0 320.0 320.0 320.0 320.0 320.0 320.0 320.0 320.0 320.0 320.0 320.0 321.0 321.0 321.0 320.0 321.0 320.0 321.0 321.0 321.0 321.0 321.0 321.0 321.0 321.0 321.0 321.0 321.0 321.0 321.0 321.0 321.0 321.0 321.0 321.0 321.0 321.0 321.0 321.0 321.0 321.0 321.0 321.0 321.0 321.0 321.0 321.0 321.0 321.0 320.0 321.0 320.0 320.0 320.0 320.0 320.0 320.0 320.0 320.0 320.0 320.0 320.0 320.0 320.0 320.0 320.0 319.0 319.0 319.0 319.0 319.0 319.0 319.0 319.0 319.0 319.0 318.0 318.0 318.0 318.0 318.0 318.0 318.0 318.0 318.0 318.0 318.0 2.0 23.0 25.0 27.0 29.0 31.0 32.0 34.0 36.0 38.0 40.0 42.0 44.0 46.0 48.0 50.0 51.0 53.0 55.0 57.0 59.0 61.0 63.0 65.0 67.0 69.0 70.0 72.0 74.0 76.0 78.0 80.0 82.0 84.0 86.0 87.0 89.0 91.0 93.0 95.0 97.0 99.0 101.0 103.0 105.0 107.0 109.0 111.0 113.0 114.0 116.0 118.0 120.0 122.0 124.0 126.0 128.0 130.0 132.0 134.0 136.0 137.0 139.0 141.0 143.0 145.0 147.0 149.0 151.0 153.0 155.0 157.0 159.0 161.0 163.0 165.0 167.0 169.0 171.0 173.0 175.0 177.0 179.0 181.0 183.0 185.0 186.0 189.0 191.0 193.0 195.0 197.0 198.0 200.0 202.0 204.0 206.0 208.0 210.0 212.0 174.0 1780180899.199874
319.0 321.0 321.0 322.0 322.0 322.0 322.0 322.0 323.0 323.0 323.0 323.0 323.0 324.0 324.0 324.0 324.0 324.0 325.0 325.0 325.0 325.0 326.0 326.0 326.0 326.0 326.0 327.0 327.0 327.0 327.0 327.0 328.0 328.0 328.0 328.0 328.0 329.0 329.0 329.0 329.0 329.0 330.0 330.0 330.0 330.0 330.0 330.0 331.0 331.0 331.0 331.0 331.0 331.0 331.0 332.0 331.0 332.0 332.0 332.0 332.0 332.0 332.0 333.0 333.0 333.0 333.0 333.0 333.0 333.0 333.0 333.0 334.0 334.0 334.0 334.0 334.0 334.0 334.0 334.0 334.0 334.0 334.0 334.0 335.0 334.0 335.0 335.0 335.0 335.0 335.0 335.0 335.0 335.0 336.0 335.0 336.0 336.0 336.0 336.0 2.0 23.0 25.0 26.0 28.0 30.0 32.0 34.0 36.0 38.0 40.0 42.0 44.0 45.0 47.0 49.0 51.0 53.0 55.0 57.0 59.0 61.0 63.0 65.0 67.0 69.0 70.0 72.0 74.0 76.0 78.0 79.0 81.0 83.0 85.0 87.0 89.0 91.0 93.0 95.0 97.0 99.0 101.0 103.0 105.0 106.0 108.0 110.0 112.0 114.0 116.0 118.0 120.0 122.0 124.0 126.0 127.0 129.0 131.0 133.0 135.0 137.0 139.0 141.0 143.0 145.0 147.0 149.0 151.0 153.0 155.0 156.0 158.0 160.0 162.0 164.0 166.0 168.0 170.0 172.0 174.0 176.0 178.0 180.0 182.0 184.0 186.0 188.0 190.0 192.0 194.0 196.0 198.0 200.0 202.0 204.0 206.0 207.0 209.0 211.0 175.0 1780180899.215338
319.0 322.0 322.0 323.0 323.0 324.0 324.0 324.0 324.0 325.0 325.0 326.0 326.0 326.0 326.0 327.0 327.0 327.0 328.0 329.0 329.0 329.0 330.0 330.0 330.0 331.0 331.0 331.0 332.0 332.0 333.0 333.0 333.0 333.0 334.0 334.0 335.0 335.0 335.0 336.0 336.0 336.0 337.0 337.0 337.0 338.0 338.0 338.0 339.0 339.0 339.0 340.0 340.0 340.0 341.0 341.0 341.0 342.0 342.0 342.0 342.0 343.0 343.0 344.0 344.0 344.0 344.0 344.0 345.0 345.0 345.0 346.0 346.0 346.0 346.0 347.0 347.0 347.0 348.0 348.0 348.0 348.0 349.0 349.0 349.0 349.0 350.0 350.0 350.0 350.0 351.0 351.0 351.0 351.0 352.0 352.0 352.0 353.0 353.0 353.0 2.0 23.0 24.0 26.0 28.0 30.0 32.0 34.0 36.0 38.0 40.0 41.0 43.0 45.0 47.0 49.0 51.0 53.0 55.0 57.0 58.0 60.0 62.0 64.0 66.0 68.0 70.0 72.0 74.0 75.0 77.0 79.0 81.0 83.0 85.0 87.0 88.0 90.0 92.0 94.0 96.0 98.0 100.0 102.0 104.0 106.0 107.0 109.0 111.0 113.0 115.0 117.0 119.0 121.0 123.0 125.0 126.0 128.0 130.0 132.0 134.0 136.0 138.0 140.0 142.0 144.0 146.0 148.0 149.0 151.0 153.0 155.0 157.0 159.0 161.0 163.0 165.0 167.0 169.0 171.0 173.0 175.0 176.0 178.0 180.0 182.0 184.0 186.0 188.0 190.0 192.0 194.0 196.0 198.0 200.0 202.0 204.0 205.0 207.0 209.0 176.0 1780180899.230770
319.0 323.0 323.0 324.0 324.0 325.0 325.0 325.0 326.0 326.0 327.0 328.0 328.0 328.0 329.0 329.0 330.0 330.0 331.0 331.0 332.0 332.0 333.0 333.0 334.0 334.0 335.0 335.0 336.0 336.0 337.0 337.0 338.0 338.0 339.0 339.0 340.0 340.0 341.0 341.0 342.0 343.0 343.0 343.0 344.0 344.0 345.0 345.0 346.0 347.0 347.0 348.0 348.0 349.0 349.0 350.0 350.0 350.0 351.0 352.0 352.0 352.0 353.0 354.0 354.0 354.0 355.0 355.0 356.0 356.0 357.0 357.0 358.0 358.0 359.0 359.0 360.0 360.0 361.0 361.0 361.0 362.0 362.0 363.0 363.0 364.0 364.0 365.0 365.0 365.0 366.0 366.0 367.0 367.0 368.0 368.0 369.0 369.0 370.0 370.0 2.0 23.0 25.0 27.0 29.0 31.0 32.0 34.0 36.0 38.0 40.0 42.0 44.0 46.0 47.0 49.0 51.0 53.0 55.0 57.0 59.0 61.0 63.0 64.0 66.0 68.0 70.0 72.0 74.0 76.0 77.0 79.0 81.0 83.0 85.0 87.0 88.0 90.0 92.0 94.0 96.0 98.0 100.0 102.0 104.0 105.0 107.0 109.0 111.0 113.0 115.0 117.0 118.0 120.0 122.0 124.0 126.0 128.0 130.0 132.0 134.0 135.0 137.0 139.0 141.0 143.0 145.0 147.0 148.0 150.0 152.0 154.0 156.0 158.0 160.0 162.0 164.0 166.0 167.0 169.0 171.0 173.0 175.0 177.0 179.0 181.0 183.0 185.0 187.0 189.0 190.0 192.0 194.0 196.0 198.0 200.0 202.0 203.0 205.0 207.0 177.0 1780180899.246268
319.0 324.0 324.0 325.0 325.0 326.0 326.0 327.0 328.0 328.0 328.0 329.0 330.0 330.0 331.0 331.0 332.0 332.0 333.0 334.0 335.0 335.0 336.0 336.0 337.0 338.0 338.0 339.0 339.0 340.0 341.0 341.0 342.0 343.0 343.0 344.0 345.0 345.0 346.0 346.0 347.0 348.0 348.0 349.0 350.0 351.0 351.0 352.0 353.0 353.0 354.0 355.0 355.0 356.0 357.0 357.0 358.0 358.0 359.0 360.0 360.0 361.0 362.0 362.0 363.0 364.0 364.0 365.0 366.0 366.0 367.0 368.0 368.0 369.0 369.0 370.0 371.0 372.0 372.0 373.0 374.0 374.0 375.0 375.0 376.0 377.0 377.0 378.0 379.0 379.0 380.0 381.0 381.0 382.0 383.0 383.0 384.0 385.0 385.0 386.0 2.0 23.0 25.0 26.0 28.0 30.0 32.0 34.0 36.0 38.0 40.0 41.0 43.0 45.0 47.0 49.0 51.0 53.0 55.0 56.0 58.0 60.0 62.0 64.0 66.0 68.0 70.0 72.0 74.0 75.0 77.0 79.0 81.0 83.0 84.0 86.0 88.0 90.0 92.0 94.0 96.0 97.0 99.0 101.0 103.0 105.0 107.0 108.0 110.0 112.0 114.0 116.0 117.0 119.0 121.0 123.0 125.0 127.0 129.0 131.0 132.0 134.0 136.0 138.0 140.0 141.0 143.0 145.0 147.0 149.0 151.0 153.0 155.0 156.0 158.0 160.0 162.0 164.0 165.0 167.0 169.0 171.0 173.0 175.0 176.0 178.0 180.0 182.0 184.0 186.0 188.0 190.0 191.0 193.0 195.0 197.0 199.0 201.0 203.0 204.0 178.0 1780180899.261935
319.0 325.0 325.0 326.0 327.0 327.0 328.0 328.0 329.0 330.0 330.0 331.0 332.0 333.0 333.0 334.0 335.0 335.0 336.0 337.0 338.0 338.0 339.0 340.0 341.0 341.0 342.0 343.0 344.0 345.0 345.0 346.0 347.0 348.0 348.0 349.0 350.0 351.0 351.0 352.0 353.0 354.0 355.0 356.0 357.0 357.0 358.0 359.0 360.0 361.0 361.0 362.0 363.0 364.0 365.0 366.0 366.0 367.0 368.0 369.0 370.0 371.0 371.0 372.0 373.0 374.0 375.0 376.0 377.0 377.0 378.0 379.0 380.0 381.0 382.0 382.0 383.0 384.0 385.0 386.0 387.0 387.0 389.0 389.0 390.0 391.0 392.0 393.0 394.0 395.0 396.0 397.0 397.0 398.0 399.0 400.0 401.0 402.0 403.0 404.0 2.0 23.0 25.0 27.0 29.0 31.0 32.0 34.0 36.0 38.0 40.0 42.0 44.0 46.0 48.0 50.0 51.0 53.0 55.0 57.0 59.0 61.0 63.0 65.0 66.0 68.0 70.0 72.0 74.0 76.0 77.0 79.0 81.0 83.0 85.0 87.0 89.0 91.0 93.0 94.0 96.0 98.0 100.0 102.0 103.0 105.0 107.0 109.0 111.0 113.0 115.0 117.0 118.0 120.0 122.0 124.0 126.0 127.0 129.0 131.0 133.0 135.0 137.0 138.0 140.0 142.0 144.0 146.0 148.0 149.0 151.0 153.0 155.0 157.0 159.0 161.0 162.0 164.0 166.0 168.0 170.0 171.0 173.0 175.0 177.0 179.0 181.0 183.0 184.0 186.0 188.0 190.0 191.0 193.0 195.0 197.0 198.0 200.0 202.0 203.0 179.0 1780180899.287788
319.0 326.0 326.0 327.0 328.0 329.0 329.0 330.0 331.0 332.0 332.0 334.0 334.0 335.0 336.0 337.0 338.0 339.0 339.0 340.0 341.0 342.0 343.0 344.0 345.0 346.0 347.0 347.0 348.0 349.0 350.0 351.0 352.0 353.0 354.0 355.0 356.0 357.0 358.0 358.0 359.0 361.0 362.0 362.0 363.0 364.0 365.0 366.0 367.0 368.0 369.0 370.0 371.0 372.0 373.0 374.0 375.0 376.0 377.0 378.0 379.0 380.0 381.0 382.0 383.0 384.0 385.0 386.0 388.0 388.0 390.0 390.0 392.0 392.0 394.0 395.0 396.0 397.0 398.0 399.0 400.0 401.0 402.0 403.0 404.0 405.0 406.0 408.0 409.0 410.0 411.0 412.0 413.0 414.0 416.0 417.0 418.0 420.0 421.0 422.0 2.0 23.0 25.0 27.0 29.0 30.0 32.0 34.0 36.0 38.0 40.0 42.0 44.0 46.0 48.0 49.0 51.0 53.0 55.0 57.0 59.0 61.0 63.0 64.0 66.0 68.0 70.0 72.0 74.0 75.0 77.0 79.0 81.0 83.0 85.0 87.0 88.0 90.0 92.0 94.0 96.0 98.0 99.0 101.0 103.0 105.0 107.0 109.0 110.0 112.0 114.0 116.0 118.0 119.0 121.0 123.0 125.0 127.0 129.0 131.0 132.0 134.0 136.0 138.0 139.0 141.0 143.0 145.0 147.0 148.0 150.0 152.0 154.0 156.0 157.0 159.0 161.0 163.0 164.0 166.0 168.0 170.0 172.0 174.0 175.0 177.0 179.0 181.0 182.0 184.0 186.0 187.0 189.0 191.0 192.0 194.0 195.0 197.0 198.0 200.0 180.0 1780180899.303166
319.0 326.0 327.0 328.0 329.0 330.0 331.0 332.0 332.0 333.0 334.0 335.0 336.0 337.0 338.0 339.0 340.0 341.0 342.0 343.0 344.0 345.0 347.0 347.0 348.0 350.0 351.0 352.0 353.0 354.0 355.0 356.0 357.0 358.0 359.0 360.0 362.0 362.0 363.0 365.0 366.0 367.0 368.0 369.0 370.0 371.0 372.0 374.0 375.0 376.0 377.0 378.0 379.0 380.0 382.0 383.0 384.0 385.0 386.0 387.0 388.0 390.0 391.0 392.0 393.0 394.0 396.0 397.0 398.0 399.0 401.0 402.0 403.0 404.0 405.0 406.0 408.0 409.0 410.0 411.0 413.0 413.0 415.0 416.0 417.0 419.0 420.0 422.0 423.0 424.0 425.0 427.0 428.0 429.0 431.0 432.0 434.0 435.0 437.0 438.0 2.0 23.0 25.0 26.0 28.0 30.0 32.0 34.0 36.0 38.0 40.0 41.0 43.0 45.0 47.0 49.0 51.0 53.0 54.0 56.0 58.0 60.0 62.0 63.0 65.0 67.0 69.0 71.0 73.0 74.0 76.0 78.0 80.0 81.0 83.0 85.0 87.0 89.0 91.0 92.0 94.0 96.0 98.0 99.0 101.0 103.0 105.0 107.0 108.0 110.0 112.0 114.0 115.0 117.0 119.0 121.0 122.0 124.0 126.0 128.0 130.0 131.0 133.0 135.0 137.0 138.0 140.0 142.0 144.0 146.0 147.0 149.0 151.0 152.0 154.0 156.0 158.0 160.0 161.0 163.0 165.0 166.0 168.0 170.0 172.0 173.0 175.0 177.0 178.0 180.0 181.0 183.0 184.0 186.0 187.0 189.0 190.0 191.0 193.0 194.0 181.0 1780180899.323912
319.0 327.0 328.0 329.0 330.0 331.0 332.0 333.0 334.0 335.0 336.0 337.0 338.0 339.0 341.0 342.0 343.0 344.0 345.0 346.0 348.0 349.0 350.0 351.0 352.0 354.0 355.0 356.0 357.0 358.0 360.0 361.0 362.0 363.0 365.0 366.0 367.0 368.0 369.0 371.0 372.0 373.0 375.0 376.0 377.0 379.0 380.0 381.0 382.0 384.0 385.0 386.0 388.0 389.0 390.0 392.0 393.0 394.0 395.0 397.0 398.0 399.0 400.0 402.0 403.0 404.0 406.0 407.0 409.0 410.0 412.0 413.0 414.0 415.0 417.0 418.0 419.0 421.0 422.0 423.0 425.0 426.0 428.0 429.0 430.0 432.0 433.0 435.0 436.0 437.0 439.0 440.0 442.0 443.0 445.0 447.0 448.0 450.0 452.0 453.0 2.0 22.0 24.0 26.0 28.0 30.0 32.0 34.0 36.0 37.0 39.0 41.0 43.0 44.0 46.0 48.0 50.0 52.0 54.0 55.0 57.0 59.0 61.0 62.0 64.0 66.0 68.0 69.0 71.0 73.0 75.0 76.0 78.0 80.0 82.0 84.0 85.0 87.0 89.0 91.0 92.0 94.0 96.0 97.0 99.0 101.0 102.0 104.0 106.0 108.0 109.0 111.0 112.0 114.0 116.0 118.0 119.0 121.0 123.0 125.0 126.0 128.0 130.0 131.0 133.0 135.0 136.0 138.0 140.0 142.0 143.0 145.0 146.0 148.0 150.0 151.0 153.0 155.0 156.0 158.0 160.0 162.0 163.0 165.0 166.0 168.0 170.0 171.0 173.0 174.0 176.0 177.0 179.0 180.0 181.0 183.0 184.0 185.0 186.0 187.0 182.0 1780180899.344223
319.0 328.0 329.0 330.0 331.0 332.0 333.0 334.0 335.0 337.0 338.0 339.0 340.0 342.0 343.0 344.0 346.0 347.0 348.0 349.0 351.0 352.0 353.0 355.0 356.0 357.0 359.0 360.0 362.0 363.0 364.0 366.0 367.0 368.0 370.0 371.0 372.0 374.0 375.0 377.0 378.0 379.0 381.0 382.0 384.0 385.0 386.0 388.0 389.0 391.0 392.0 394.0 395.0 397.0 398.0 399.0 401.0 402.0 404.0 405.0 407.0 408.0 409.0 411.0 413.0 414.0 415.0 417.0 418.0 419.0 421.0 423.0 424.0 425.0 427.0 429.0 430.0 431.0 433.0 434.0 436.0 437.0 439.0 440.0 441.0 443.0 445.0 446.0 448.0 449.0 451.0 452.0 454.0 456.0 458.0 459.0 461.0 463.0 464.0 466.0 2.0 22.0 24.0 26.0 28.0 30.0 32.0 33.0 35.0 37.0 39.0 40.0 42.0 44.0 46.0 48.0 49.0 51.0 53.0 54.0 56.0 58.0 60.0 61.0 63.0 65.0 66.0 68.0 70.0 72.0 73.0 75.0 76.0 78.0 80.0 82.0 83.0 85.0 86.0 88.0 90.0 92.0 93.0 94.0 96.0 98.0 100.0 101.0 103.0 104.0 106.0 108.0 109.0 111.0 113.0 114.0 116.0 117.0 119.0 121.0 122.0 124.0 125.0 127.0 128.0 130.0 132.0 133.0 135.0 137.0 138.0 140.0 141.0 143.0 144.0 146.0 148.0 149.0 150.0 152.0 154.0 156.0 157.0 159.0 160.0 162.0 163.0 165.0 166.0 168.0 169.0 171.0 172.0 173.0 174.0 176.0 177.0 178.0 179.0 180.0 183.0 1780180899.369811
319.0 329.0 330.0 331.0 332.0 334.0 335.0 336.0 337.0 339.0 340.0 341.0 343.0 344.0 345.0 347.0 348.0 350.0 351.0 353.0 354.0 356.0 357.0 358.0 360.0 361.0 363.0 364.0 366.0 367.0 369.0 370.0 372.0 373.0 375.0 376.0 378.0 379.0 381.0 382.0 384.0 385.0 387.0 388.0 390.0 391.0 393.0 395.0 396.0 398.0 399.0 401.0 402.0 404.0 405.0 407.0 408.0 410.0 411.0 413.0 414.0 416.0 417.0 419.0 421.0 422.0 424.0 425.0 427.0 428.0 430.0 432.0 433.0 435.0 436.0 438.0 440.0 441.0 443.0 444.0 446.0 447.0 449.0 450.0 452.0 454.0 455.0 457.0 458.0 460.0 462.0 463.0 465.0 467.0 469.0 470.0 472.0 474.0 476.0 478.0 2.0 22.0 24.0 26.0 28.0 29.0 31.0 33.0 35.0 37.0 38.0 40.0 42.0 43.0 45.0 47.0 49.0 50.0 52.0 53.0 55.0 57.0 59.0 60.0 62.0 63.0 65.0 66.0 68.0 70.0 71.0 73.0 75.0 76.0 78.0 79.0 81.0 82.0 84.0 86.0 87.0 89.0 90.0 92.0 94.0 95.0 96.0 98.0 100.0 101.0 103.0 104.0 105.0 107.0 109.0 110.0 112.0 113.0 115.0 117.0 118.0 120.0 121.0 123.0 124.0 126.0 127.0 129.0 130.0 132.0 133.0 135.0 136.0 138.0 139.0 141.0 142.0 144.0 145.0 147.0 148.0 150.0 151.0 153.0 154.0 156.0 157.0 158.0 160.0 162.0 163.0 164.0 165.0 166.0 168.0 169.0 170.0 171.0 172.0 173.0 184.0 1780180899.385288
319.0 330.0 331.0 332.0 334.0 335.0 336.0 338.0 339.0 341.0 342.0 344.0 345.0 346.0 348.0 350.0 351.0 353.0 354.0 356.0 357.0 359.0 360.0 362.0 364.0 365.0 366.0 368.0 370.0 371.0 373.0 374.0 376.0 378.0 379.0 381.0 382.0 384.0 386.0 387.0 389.0 390.0 392.0 394.0 395.0 397.0 398.0 400.0 402.0 403.0 405.0 406.0 408.0 410.0 411.0 413.0 415.0 416.0 418.0 420.0 421.0 423.0 424.0 426.0 428.0 429.0 431.0 433.0 434.0 436.0 438.0 439.0 441.0 443.0 444.0 446.0 448.0 449.0 451.0 453.0 454.0 456.0 457.0 459.0 461.0 462.0 464.0 466.0 467.0 469.0 471.0 473.0 474.0 476.0 478.0 480.0 482.0 484.0 486.0 488.0 2.0 22.0 24.0 26.0 27.0 29.0 31.0 33.0 34.0 36.0 38.0 39.0 41.0 43.0 44.0 46.0 48.0 49.0 51.0 52.0 54.0 55.0 57.0 59.0 60.0 62.0 63.0 65.0 66.0 68.0 69.0 71.0 72.0 74.0 75.0 77.0 78.0 80.0 81.0 83.0 84.0 86.0 88.0 89.0 91.0 92.0 93.0 95.0 96.0 98.0 99.0 101.0 102.0 104.0 105.0 106.0 108.0 110.0 111.0 113.0 114.0 115.0 117.0 119.0 120.0 121.0 123.0 124.0 125.0 127.0 129.0 130.0 131.0 133.0 134.0 136.0 137.0 139.0 140.0 142.0 143.0 145.0 146.0 147.0 149.0 150.0 152.0 153.0 154.0 155.0 157.0 158.0 159.0 160.0 161.0 162.0 163.0 164.0 165.0 166.0 185.0 1780180899.400680
319.0 331.0 332.0 333.0 335.0 336.0 338.0 339.0 341.0 342.0 344.0 346.0 347.0 348.0 350.0 352.0 354.0 355.0 356.0 358.0 360.0 362.0 363.0 365.0 366.0 368.0 370.0 371.0 373.0 375.0 376.0 378.0 380.0 381.0 383.0 385.0 386.0 388.0 390.0 391.0 393.0 394.0 396.0 398.0 400.0 402.0 403.0 405.0 406.0 408.0 410.0 411.0 413.0 415.0 416.0 418.0 420.0 422.0 423.0 425.0 427.0 428.0 430.0 432.0 434.0 435.0 437.0 438.0 440.0 442.0 444.0 446.0 447.0 449.0 450.0 452.0 454.0 456.0 457.0 459.0 461.0 462.0 464.0 466.0 468.0 470.0 471.0 473.0 475.0 477.0 478.0 480.0 482.0 484.0 486.0 488.0 490.0 492.0 494.0 496.0 2.0 22.0 24.0 25.0 27.0 29.0 31.0 32.0 34.0 36.0 37.0 39.0 40.0 42.0 43.0 45.0 46.0 48.0 50.0 51.0 53.0 54.0 56.0 57.0 58.0 60.0 61.0 63.0 65.0 66.0 67.0 69.0 70.0 72.0 73.0 75.0 77.0 78.0 79.0 81.0 82.0 84.0 85.0 86.0 88.0 90.0 91.0 92.0 94.0 95.0 97.0 98.0 99.0 101.0 102.0 104.0 105.0 106.0 108.0 110.0 111.0 112.0 114.0 115.0 116.0 118.0 119.0 121.0 122.0 123.0 125.0 126.0 127.0 129.0 130.0 132.0 133.0 134.0 136.0 137.0 138.0 140.0 141.0 143.0 144.0 145.0 147.0 148.0 149.0 150.0 151.0 152.0 154.0 155.0 155.0 156.0 157.0 158.0 159.0 160.0 186.0 1780180899.421291
319.0 331.0 333.0 334.0 336.0 337.0 339.0 340.0 342.0 343.0 345.0 347.0 349.0 350.0 352.0 353.0 355.0 357.0 358.0 360.0 362.0 363.0 365.0 367.0 369.0 370.0 372.0 374.0 376.0 377.0 379.0 380.0 382.0 384.0 386.0 387.0 389.0 391.0 392.0 394.0 396.0 398.0 399.0 401.0 403.0 405.0 406.0 408.0 410.0 412.0 413.0 415.0 417.0 418.0 420.0 422.0 424.0 426.0 427.0 429.0 431.0 432.0 434.0 436.0 438.0 440.0 441.0 443.0 445.0 446.0 448.0 450.0 452.0 454.0 455.0 457.0 459.0 461.0 462.0 464.0 466.0 468.0 469.0 471.0 473.0 475.0 477.0 479.0 480.0 482.0 484.0 486.0 488.0 490.0 492.0 494.0 496.0 498.0 500.0 502.0 2.0 22.0 23.0 25.0 27.0 28.0 30.0 32.0 34.0 35.0 37.0 38.0 40.0 41.0 43.0 44.0 46.0 48.0 49.0 50.0 52.0 53.0 55.0 56.0 57.0 59.0 60.0 62.0 63.0 65.0 66.0 68.0 69.0 71.0 72.0 73.0 75.0 76.0 77.0 79.0 80.0 82.0 83.0 84.0 86.0 87.0 88.0 90.0 92.0 93.0 94.0 95.0 97.0 98.0 99.0 101.0 102.0 104.0 105.0 106.0 107.0 109.0 111.0 112.0 113.0 114.0 116.0 117.0 118.0 120.0 121.0 122.0 124.0 125.0 126.0 128.0 129.0 130.0 132.0 133.0 134.0 136.0 137.0 138.0 140.0 141.0 142.0 143.0 144.0 145.0 146.0 147.0 149.0 150.0 150.0 151.0 152.0 153.0 154.0 154.0 187.0 1780180899.436929
319.0 332.0 333.0 334.0 336.0 338.0 339.0 341.0 343.0 344.0 346.0 348.0 349.0 351.0 353.0 354.0 356.0 358.0 359.0 361.0 363.0 365.0 366.0 368.0 370.0 372.0 373.0 375.0 377.0 379.0 380.0 382.0 384.0 386.0 388.0 389.0 391.0 393.0 394.0 396.0 398.0 400.0 402.0 404.0 405.0 407.0 408.0 410.0 412.0 414.0 416.0 418.0 420.0 421.0 423.0 425.0 427.0 428.0 430.0 432.0 434.0 436.0 437.0 439.0 441.0 443.0 445.0 446.0 448.0 450.0 452.0 454.0 456.0 457.0 459.0 461.0 463.0 464.0 466.0 468.0 470.0 472.0 474.0 475.0 477.0 479.0 481.0 483.0 485.0 486.0 488.0 490.0 492.0 494.0 496.0 498.0 500.0 502.0 504.0 506.0 2.0 22.0 24.0 25.0 27.0 29.0 30.0 32.0 33.0 35.0 37.0 38.0 40.0 41.0 43.0 44.0 46.0 47.0 49.0 50.0 51.0 53.0 54.0 56.0 57.0 58.0 60.0 61.0 63.0 64.0 65.0 67.0 68.0 70.0 71.0 72.0 74.0 75.0 76.0 77.0 79.0 80.0 82.0 83.0 84.0 86.0 87.0 88.0 90.0 91.0 92.0 94.0 95.0 96.0 97.0 98.0 100.0 101.0 103.0 104.0 105.0 106.0 108.0 109.0 110.0 111.0 113.0 114.0 115.0 117.0 118.0 119.0 120.0 122.0 123.0 125.0 126.0 127.0 128.0 130.0 131.0 132.0 133.0 135.0 136.0 137.0 138.0 139.0 141.0 142.0 143.0 144.0 144.0 146.0 146.0 147.0 148.0 148.0 149.0 150.0 188.0 1780180899.457594
319.0 331.0 333.0 334.0 336.0 338.0 339.0 341.0 343.0 344.0 346.0 348.0 350.0 351.0 353.0 354.0 356.0 358.0 359.0 361.0 363.0 365.0 367.0 369.0 371.0 372.0 374.0 376.0 378.0 379.0 381.0 383.0 385.0 386.0 388.0 390.0 392.0 394.0 396.0 397.0 399.0 401.0 403.0 405.0 406.0 408.0 410.0 412.0 414.0 416.0 417.0 419.0 421.0 423.0 425.0 426.0 428.0 430.0 432.0 434.0 436.0 438.0 439.0 441.0 443.0 445.0 447.0 448.0 450.0 452.0 454.0 456.0 458.0 460.0 461.0 463.0 465.0 467.0 469.0 470.0 472.0 474.0 476.0 478.0 480.0 482.0 484.0 485.0 487.0 489.0 491.0 493.0 495.0 497.0 499.0 501.0 503.0 505.0 508.0 509.0 2.0 22.0 24.0 25.0 27.0 29.0 31.0 32.0 34.0 35.0 37.0 38.0 40.0 41.0 43.0 44.0 46.0 47.0 48.0 50.0 51.0 53.0 54.0 55.0 57.0 58.0 59.0 61.0 62.0 64.0 65.0 66.0 68.0 69.0 70.0 71.0 73.0 74.0 75.0 77.0 78.0 79.0 81.0 82.0 83.0 85.0 86.0 87.0 88.0 89.0 90.0 92.0 93.0 95.0 96.0 97.0 98.0 99.0 101.0 102.0 103.0 104.0 106.0 107.0 108.0 109.0 111.0 112.0 113.0 114.0 116.0 117.0 118.0 120.0 121.0 122.0 123.0 125.0 126.0 127.0 128.0 129.0 131.0 132.0 133.0 134.0 136.0 137.0 138.0 139.0 140.0 141.0 142.0 142.0 143.0 144.0 145.0 145.0 146.0 147.0 189.0 1780180899.483402
319.0 331.0 333.0 334.0 336.0 337.0 339.0 340.0 342.0 344.0 345.0 347.0 349.0 350.0 352.0 354.0 356.0 358.0 359.0 361.0 363.0 365.0 367.0 368.0 370.0 372.0 374.0 375.0 377.0 379.0 381.0 383.0 385.0 386.0 388.0 390.0 392.0 394.0 395.0 397.0 399.0 401.0 403.0 405.0 407.0 408.0 410.0 412.0 414.0 416.0 418.0 420.0 421.0 423.0 425.0 427.0 429.0 431.0 433.0 434.0 436.0 438.0 440.0 442.0 444.0 446.0 447.0 449.0 451.0 453.0 455.0 457.0 459.0 461.0 462.0 464.0 466.0 468.0 470.0 472.0 473.0 475.0 477.0 479.0 481.0 483.0 485.0 487.0 489.0 491.0 493.0 495.0 497.0 499.0 501.0 503.0 505.0 507.0 509.0 511.0 2.0 22.0 24.0 26.0 27.0 29.0 31.0 32.0 34.0 35.0 37.0 38.0 40.0 42.0 43.0 45.0 46.0 48.0 49.0 50.0 52.0 53.0 55.0 56.0 57.0 59.0 60.0 61.0 63.0 64.0 65.0 67.0 68.0 69.0 71.0 72.0 73.0 75.0 76.0 77.0 78.0 80.0 81.0 82.0 83.0 85.0 86.0 87.0 88.0 89.0 91.0 92.0 94.0 95.0 96.0 97.0 98.0 99.0 101.0 102.0 103.0 104.0 106.0 107.0 108.0 109.0 111.0 112.0 113.0 114.0 115.0 116.0 118.0 119.0 120.0 121.0 123.0 124.0 125.0 126.0 127.0 128.0 130.0 131.0 132.0 133.0 134.0 135.0 136.0 137.0 138.0 139.0 140.0 141.0 142.0 142.0 143.0 143.0 144.0 145.0 190.0 1780180899.503778
319.0 331.0 332.0 334.0 335.0 337.0 338.0 340.0 342.0 343.0 345.0 347.0 348.0 350.0 352.0 353.0 355.0 357.0 358.0 360.0 362.0 364.0 366.0 368.0 369.0 371.0 373.0 375.0 376.0 378.0 380.0 382.0 384.0 385.0 387.0 389.0 391.0 393.0 394.0 396.0 398.0 400.0 402.0 404.0 406.0 407.0 409.0 411.0 413.0 415.0 417.0 419.0 420.0 422.0 424.0 426.0 428.0 430.0 432.0 434.0 435.0 437.0 439.0 441.0 443.0 445.0 447.0 449.0 450.0 452.0 454.0 456.0 458.0 460.0 461.0 463.0 465.0 467.0 469.0 471.0 473.0 475.0 477.0 479.0 481.0 483.0 485.0 487.0 489.0 491.0 492.0 494.0 496.0 498.0 501.0 503.0 505.0 507.0 509.0 511.0 2.0 22.0 24.0 26.0 28.0 29.0 31.0 32.0 34.0 36.0 37.0 39.0 40.0 42.0 43.0 45.0 47.0 48.0 50.0 51.0 52.0 54.0 55.0 57.0 58.0 60.0 61.0 62.0 64.0 65.0 67.0 68.0 69.0 70.0 72.0 73.0 74.0 76.0 77.0 78.0 80.0 81.0 82.0 83.0 85.0 86.0 87.0 89.0 90.0 91.0 92.0 93.0 95.0 96.0 97.0 98.0 99.0 101.0 102.0 103.0 104.0 105.0 107.0 108.0 109.0 110.0 112.0 113.0 114.0 115.0 116.0 117.0 118.0 119.0 121.0 122.0 123.0 124.0 126.0 127.0 128.0 129.0 130.0 131.0 132.0 133.0 134.0 135.0 136.0 137.0 138.0 139.0 140.0 141.0 141.0 142.0 143.0 143.0 143.0 144.0 191.0 1780180899.519269
319.0 330.0 332.0 333.0 335.0 336.0 338.0 339.0 341.0 343.0 344.0 346.0 348.0 349.0 351.0 353.0 354.0 356.0 358.0 360.0 361.0 363.0 365.0 366.0 368.0 370.0 372.0 374.0 375.0 377.0 379.0 381.0 383.0 384.0 386.0 388.0 390.0 392.0 393.0 395.0 397.0 399.0 401.0 403.0 404.0 406.0 408.0 410.0 412.0 414.0 415.0 417.0 419.0 421.0 423.0 425.0 426.0 428.0 430.0 432.0 434.0 436.0 438.0 440.0 442.0 443.0 445.0 447.0 449.0 451.0 453.0 455.0 457.0 459.0 460.0 462.0 464.0 466.0 468.0 470.0 472.0 474.0 476.0 478.0 480.0 482.0 484.0 485.0 487.0 489.0 491.0 494.0 496.0 498.0 500.0 502.0 504.0 506.0 508.0 510.0 2.0 22.0 24.0 26.0 28.0 29.0 31.0 33.0 34.0 36.0 38.0 39.0 41.0 42.0 44.0 46.0 47.0 49.0 50.0 52.0 53.0 54.0 56.0 58.0 59.0 61.0 62.0 64.0 65.0 66.0 68.0 69.0 71.0 72.0 73.0 75.0 76.0 77.0 78.0 80.0 81.0 83.0 84.0 85.0 87.0 88.0 89.0 91.0 92.0 93.0 94.0 95.0 97.0 98.0 99.0 100.0 101.0 103.0 104.0 105.0 106.0 107.0 109.0 110.0 111.0 112.0 114.0 115.0 116.0 117.0 118.0 119.0 120.0 121.0 123.0 124.0 125.0 126.0 127.0 128.0 129.0 130.0 132.0 133.0 134.0 135.0 136.0 137.0 138.0 138.0 139.0 140.0 141.0 142.0 142.0 143.0 143.0 144.0 144.0 145.0 192.0 1780180899.539656
319.0 330.0 332.0 333.0 334.0 336.0 337.0 339.0 340.0 342.0 343.0 345.0 347.0 348.0 350.0 352.0 353.0 355.0 357.0 358.0 360.0 362.0 363.0 365.0 367.0 369.0 370.0 372.0 374.0 376.0 378.0 379.0 381.0 383.0 384.0 386.0 388.0 390.0 391.0 393.0 395.0 397.0 399.0 401.0 402.0 404.0 406.0 408.0 410.0 412.0 413.0 415.0 417.0 419.0 421.0 422.0 424.0 426.0 428.0 430.0 432.0 434.0 435.0 437.0 439.0 441.0 443.0 445.0 447.0 449.0 451.0 453.0 455.0 457.0 458.0 460.0 462.0 464.0 466.0 467.0 469.0 471.0 473.0 475.0 477.0 479.0 481.0 483.0 485.0 487.0 489.0 491.0 493.0 495.0 498.0 500.0 502.0 504.0 506.0 508.0 2.0 22.0 24.0 26.0 28.0 29.0 31.0 33.0 34.0 36.0 38.0 39.0 41.0 43.0 45.0 46.0 48.0 49.0 51.0 52.0 54.0 55.0 57.0 59.0 60.0 62.0 63.0 65.0 66.0 68.0 69.0 70.0 72.0 73.0 75.0 76.0 78.0 79.0 80.0 82.0 83.0 85.0 86.0 87.0 89.0 90.0 91.0 93.0 94.0 95.0 96.0 98.0 99.0 101.0 102.0 103.0 104.0 106.0 107.0 108.0 109.0 110.0 112.0 113.0 114.0 115.0 116.0 118.0 119.0 120.0 121.0 122.0 124.0 125.0 126.0 127.0 128.0 129.0 130.0 131.0 133.0 134.0 135.0 136.0 137.0 138.0 139.0 140.0 141.0 141.0 142.0 143.0 143.0 144.0 145.0 145.0 146.0 146.0 146.0 147.0 193.0 1780180899.560328
319.0 330.0 331.0 332.0 334.0 335.0 337.0 338.0 339.0 341.0 342.0 344.0 346.0 347.0 348.0 350.0 352.0 353.0 355.0 357.0 358.0 360.0 362.0 363.0 365.0 367.0 368.0 370.0 372.0 373.0 375.0 377.0 379.0 380.0 382.0 384.0 386.0 387.0 389.0 391.0 392.0 394.0 396.0 398.0 400.0 401.0 403.0 405.0 407.0 409.0 410.0 412.0 414.0 416.0 418.0 419.0 421.0 423.0 425.0 427.0 428.0 430.0 432.0 434.0 436.0 438.0 439.0 441.0 443.0 445.0 447.0 449.0 451.0 453.0 454.0 456.0 458.0 460.0 462.0 464.0 466.0 468.0 470.0 472.0 474.0 475.0 477.0 479.0 481.0 483.0 485.0 487.0 489.0 491.0 494.0 496.0 498.0 500.0 502.0 504.0 2.0 22.0 24.0 26.0 28.0 29.0 31.0 33.0 35.0 36.0 38.0 40.0 41.0 43.0 45.0 47.0 48.0 50.0 51.0 53.0 55.0 56.0 58.0 60.0 61.0 63.0 64.0 66.0 67.0 69.0 70.0 72.0 73.0 75.0 77.0 78.0 79.0 81.0 82.0 84.0 85.0 87.0 88.0 89.0 91.0 92.0 94.0 95.0 96.0 98.0 99.0 100.0 102.0 103.0 105.0 106.0 107.0 108.0 110.0 111.0 112.0 113.0 115.0 116.0 117.0 118.0 120.0 121.0 122.0 124.0 125.0 126.0 127.0 128.0 129.0 131.0 132.0 133.0 134.0 135.0 136.0 137.0 138.0 140.0 141.0 142.0 143.0 144.0 145.0 145.0 146.0 147.0 148.0 148.0 149.0 149.0 150.0 150.0 151.0 151.0 194.0 1780180899.575717
319.0 329.0 330.0 332.0 333.0 334.0 336.0 337.0 338.0 340.0 341.0 343.0 344.0 346.0 347.0 349.0 350.0 352.0 353.0 355.0 356.0 358.0 360.0 361.0 363.0 365.0 366.0 368.0 369.0 371.0 373.0 374.0 376.0 378.0 379.0 381.0 383.0 384.0 386.0 388.0 389.0 391.0 393.0 395.0 396.0 398.0 400.0 402.0 403.0 405.0 407.0 408.0 410.0 412.0 414.0 416.0 418.0 419.0 421.0 423.0 424.0 426.0 428.0 430.0 432.0 434.0 435.0 437.0 439.0 441.0 443.0 444.0 446.0 448.0 450.0 452.0 454.0 455.0 457.0 459.0 461.0 463.0 465.0 467.0 469.0 470.0 472.0 474.0 476.0 478.0 480.0 482.0 484.0 486.0 488.0 490.0 492.0 495.0 497.0 499.0 2.0 22.0 24.0 26.0 28.0 30.0 32.0 33.0 35.0 37.0 39.0 40.0 42.0 43.0 45.0 47.0 48.0 50.0 52.0 54.0 55.0 57.0 59.0 60.0 62.0 63.0 65.0 66.0 68.0 70.0 71.0 73.0 75.0 76.0 78.0 79.0 80.0 82.0 84.0 85.0 86.0 88.0 90.0 91.0 92.0 94.0 95.0 97.0 98.0 99.0 101.0 102.0 104.0 105.0 107.0 108.0 110.0 111.0 112.0 113.0 115.0 116.0 117.0 119.0 120.0 121.0 123.0 124.0 125.0 127.0 128.0 129.0 130.0 132.0 133.0 134.0 135.0 137.0 138.0 139.0 140.0 141.0 142.0 143.0 144.0 146.0 147.0 148.0 149.0 149.0 150.0 151.0 152.0 152.0 153.0 154.0 154.0 155.0 155.0 155.0 195.0 1780180899.596307
319.0 329.0 330.0 331.0 332.0 334.0 335.0 336.0 338.0 339.0 340.0 342.0 343.0 345.0 346.0 347.0 349.0 350.0 352.0 353.0 355.0 356.0 358.0 359.0 361.0 362.0 364.0 365.0 367.0 368.0 370.0 372.0 373.0 375.0 376.0 378.0 380.0 381.0 383.0 385.0 386.0 388.0 389.0 391.0 393.0 394.0 396.0 398.0 399.0 401.0 403.0 404.0 406.0 408.0 410.0 411.0 413.0 415.0 416.0 418.0 420.0 422.0 424.0 425.0 427.0 429.0 431.0 432.0 434.0 436.0 438.0 439.0 441.0 443.0 445.0 446.0 448.0 450.0 452.0 454.0 455.0 457.0 459.0 461.0 463.0 465.0 467.0 468.0 470.0 472.0 474.0 476.0 478.0 480.0 482.0 484.0 486.0 488.0 490.0 492.0 2.0 22.0 24.0 26.0 28.0 30.0 31.0 33.0 35.0 37.0 39.0 40.0 42.0 44.0 45.0 47.0 49.0 50.0 52.0 54.0 55.0 57.0 59.0 60.0 62.0 64.0 66.0 67.0 69.0 70.0 72.0 73.0 75.0 77.0 78.0 80.0 82.0 83.0 85.0 86.0 88.0 89.0 91.0 92.0 94.0 95.0 97.0 98.0 100.0 101.0 103.0 104.0 106.0 107.0 109.0 110.0 112.0 113.0 115.0 116.0 117.0 119.0 120.0 122.0 123.0 124.0 126.0 127.0 128.0 130.0 131.0 132.0 134.0 135.0 136.0 138.0 139.0 140.0 141.0 143.0 144.0 145.0 146.0 148.0 149.0 150.0 151.0 152.0 154.0 154.0 155.0 156.0 157.0 158.0 159.0 160.0 160.0 160.0 161.0 162.0 196.0 1780180899.616956
319.0 329.0 330.0 331.0 332.0 333.0 334.0 336.0 337.0 338.0 340.0 341.0 342.0 344.0 345.0 346.0 348.0 349.0 351.0 352.0 353.0 355.0 356.0 358.0 359.0 360.0 362.0 363.0 365.0 367.0 368.0 369.0 371.0 372.0 374.0 375.0 377.0 378.0 380.0 382.0 383.0 385.0 386.0 388.0 389.0 391.0 393.0 394.0 396.0 398.0 399.0 401.0 402.0 404.0 406.0 407.0 409.0 410.0 412.0 414.0 415.0 417.0 419.0 420.0 422.0 424.0 425.0 427.0 428.0 430.0 432.0 434.0 435.0 437.0 439.0 440.0 442.0 444.0 446.0 447.0 449.0 451.0 453.0 454.0 456.0 458.0 460.0 461.0 463.0 465.0 466.0 468.0 470.0 472.0 474.0 476.0 478.0 480.0 482.0 484.0 2.0 22.0 24.0 26.0 28.0 30.0 31.0 33.0 35.0 37.0 39.0 40.0 42.0 44.0 46.0 47.0 49.0 51.0 52.0 54.0 56.0 57.0 59.0 61.0 62.0 64.0 66.0 67.0 69.0 71.0 72.0 74.0 76.0 77.0 79.0 81.0 82.0 84.0 86.0 87.0 89.0 90.0 92.0 93.0 95.0 97.0 98.0 100.0 102.0 103.0 104.0 106.0 108.0 109.0 111.0 112.0 114.0 115.0 117.0 118.0 120.0 121.0 123.0 124.0 126.0 127.0 128.0 130.0 131.0 133.0 134.0 136.0 137.0 139.0 140.0 141.0 143.0 144.0 145.0 147.0 148.0 150.0 151.0 153.0 154.0 155.0 157.0 158.0 159.0 160.0 161.0 162.0 163.0 164.0 165.0 166.0 167.0 167.0 168.0 169.0 197.0 1780180899.632400
319.0 328.0 330.0 331.0 332.0 333.0 334.0 335.0 337.0 338.0 339.0 340.0 342.0 343.0 344.0 346.0 347.0 348.0 350.0 351.0 352.0 354.0 355.0 357.0 358.0 359.0 361.0 362.0 363.0 365.0 367.0 368.0 369.0 371.0 372.0 374.0 375.0 376.0 378.0 379.0 381.0 383.0 384.0 385.0 387.0 388.0 390.0 391.0 393.0 394.0 396.0 397.0 399.0 400.0 402.0 403.0 405.0 406.0 408.0 410.0 411.0 413.0 414.0 416.0 417.0 419.0 420.0 422.0 423.0 425.0 427.0 428.0 430.0 432.0 433.0 434.0 436.0 437.0 439.0 440.0 442.0 444.0 446.0 447.0 448.0 450.0 452.0 453.0 455.0 457.0 458.0 460.0 462.0 464.0 465.0 467.0 469.0 471.0 473.0 475.0 2.0 22.0 24.0 26.0 28.0 30.0 31.0 33.0 35.0 37.0 39.0 40.0 42.0 44.0 46.0 48.0 49.0 51.0 53.0 54.0 56.0 58.0 59.0 61.0 63.0 64.0 66.0 68.0 70.0 71.0 73.0 75.0 76.0 78.0 80.0 82.0 83.0 85.0 86.0 88.0 90.0 92.0 93.0 94.0 96.0 98.0 99.0 101.0 103.0 104.0 106.0 108.0 109.0 111.0 112.0 114.0 116.0 117.0 119.0 120.0 122.0 124.0 125.0 127.0 128.0 130.0 131.0 133.0 134.0 136.0 137.0 139.0 140.0 142.0 144.0 145.0 146.0 148.0 150.0 151.0 152.0 154.0 156.0 157.0 158.0 160.0 161.0 162.0 164.0 165.0 167.0 168.0 169.0 171.0 171.0 173.0 174.0 175.0 175.0 176.0 198.0 1780180899.652945
319.0 329.0 330.0 331.0 332.0 333.0 334.0 335.0 337.0 338.0 339.0 340.0 342.0 343.0 344.0 345.0 346.0 348.0 349.0 350.0 352.0 353.0 355.0 356.0 357.0 358.0 360.0 361.0 362.0 364.0 365.0 366.0 368.0 369.0 370.0 372.0 373.0 375.0 376.0 377.0 378.0 380.0 381.0 383.0 384.0 386.0 387.0 388.0 390.0 391.0 392.0 394.0 395.0 397.0 398.0 399.0 401.0 402.0 403.0 405.0 406.0 408.0 409.0 410.0 412.0 413.0 415.0 416.0 417.0 419.0 421.0 422.0 423.0 425.0 426.0 427.0 429.0 430.0 432.0 433.0 434.0 436.0 437.0 439.0 440.0 441.0 443.0 444.0 446.0 447.0 448.0 450.0 452.0 453.0 455.0 456.0 458.0 460.0 462.0 463.0 2.0 22.0 24.0 26.0 28.0 30.0 31.0 33.0 35.0 37.0 39.0 40.0 42.0 44.0 46.0 48.0 49.0 51.0 53.0 55.0 56.0 58.0 60.0 61.0 63.0 65.0 67.0 68.0 70.0 72.0 73.0 75.0 77.0 79.0 80.0 82.0 84.0 86.0 87.0 89.0 91.0 93.0 94.0 96.0 97.0 99.0 101.0 103.0 104.0 106.0 107.0 109.0 111.0 113.0 114.0 116.0 118.0 119.0 121.0 123.0 124.0 126.0 128.0 129.0 131.0 133.0 134.0 136.0 137.0 139.0 141.0 142.0 144.0 146.0 147.0 149.0 151.0 152.0 154.0 155.0 157.0 158.0 160.0 162.0 163.0 165.0 167.0 168.0 170.0 171.0 173.0 174.0 175.0 177.0 178.0 179.0 181.0 182.0 183.0 184.0 199.0 1780180899.668827
319.0 329.0 330.0 331.0 332.0 333.0 334.0 335.0 336.0 337.0 339.0 340.0 341.0 343.0 344.0 345.0 346.0 347.0 349.0 350.0 351.0 352.0 354.0 355.0 356.0 357.0 359.0 360.0 361.0 363.0 364.0 365.0 366.0 368.0 369.0 370.0 371.0 373.0 374.0 375.0 376.0 378.0 379.0 380.0 382.0 383.0 384.0 385.0 387.0 388.0 389.0 391.0 392.0 393.0 394.0 396.0 397.0 398.0 399.0 401.0 402.0 403.0 405.0 406.0 407.0 408.0 410.0 411.0 412.0 413.0 415.0 416.0 417.0 419.0 420.0 421.0 422.0 423.0 425.0 426.0 427.0 428.0 430.0 431.0 432.0 433.0 434.0 435.0 437.0 438.0 439.0 441.0 442.0 444.0 445.0 447.0 448.0 450.0 451.0 453.0 2.0 22.0 24.0 26.0 28.0 30.0 31.0 33.0 35.0 37.0 39.0 40.0 42.0 44.0 46.0 48.0 49.0 51.0 53.0 55.0 56.0 58.0 60.0 62.0 64.0 66.0 67.0 69.0 71.0 72.0 74.0 76.0 78.0 79.0 81.0 83.0 85.0 87.0 88.0 90.0 92.0 94.0 95.0 97.0 99.0 101.0 102.0 104.0 106.0 108.0 109.0 111.0 113.0 115.0 116.0 118.0 120.0 122.0 123.0 125.0 127.0 128.0 130.0 132.0 134.0 135.0 137.0 139.0 141.0 142.0 144.0 145.0 147.0 149.0 151.0 152.0 154.0 156.0 158.0 159.0 161.0 163.0 165.0 166.0 168.0 170.0 172.0 173.0 175.0 176.0 178.0 179.0 181.0 183.0 184.0 186.0 187.0 189.0 189.0 191.0 200.0 1780180899.694246
319.0 328.0 329.0 330.0 331.0 332.0 333.0 334.0 335.0 336.0 337.0 338.0 340.0 341.0 342.0 342.0 344.0 345.0 346.0 347.0 348.0 349.0 351.0 352.0 353.0 354.0 355.0 356.0 357.0 359.0 360.0 361.0 362.0 363.0 364.0 365.0 366.0 368.0 369.0 370.0 371.0 372.0 373.0 374.0 375.0 377.0 378.0 379.0 380.0 381.0 382.0 383.0 384.0 386.0 386.0 388.0 389.0 390.0 391.0 392.0 393.0 394.0 395.0 396.0 397.0 398.0 399.0 401.0 401.0 403.0 404.0 405.0 406.0 407.0 408.0 409.0 410.0 411.0 412.0 413.0 414.0 415.0 416.0 417.0 418.0 419.0 420.0 421.0 422.0 423.0 424.0 426.0 426.0 428.0 429.0 430.0 431.0 432.0 433.0 435.0 2.0 22.0 24.0 26.0 28.0 30.0 31.0 33.0 35.0 37.0 39.0 40.0 42.0 44.0 46.0 48.0 49.0 51.0 53.0 55.0 56.0 58.0 60.0 62.0 64.0 65.0 67.0 69.0 71.0 73.0 74.0 76.0 78.0 80.0 81.0 83.0 85.0 87.0 89.0 90.0 92.0 94.0 96.0 97.0 99.0 101.0 103.0 104.0 106.0 108.0 110.0 112.0 113.0 115.0 117.0 119.0 121.0 122.0 124.0 126.0 128.0 129.0 131.0 133.0 135.0 136.0 138.0 140.0 142.0 144.0 145.0 147.0 149.0 151.0 152.0 154.0 156.0 158.0 160.0 161.0 163.0 165.0 167.0 169.0 170.0 172.0 174.0 175.0 177.0 179.0 181.0 182.0 184.0 186.0 187.0 189.0 191.0 192.0 194.0 195.0 201.0 1780180899.709559
319.0 327.0 328.0 329.0 330.0 330.0 331.0 332.0 333.0 334.0 335.0 336.0 337.0 338.0 339.0 340.0 341.0 342.0 343.0 344.0 345.0 346.0 347.0 348.0 349.0 350.0 351.0 352.0 353.0 354.0 355.0 356.0 357.0 358.0 359.0 360.0 361.0 362.0 363.0 364.0 365.0 366.0 366.0 368.0 368.0 370.0 370.0 371.0 372.0 373.0 374.0 375.0 376.0 377.0 378.0 379.0 380.0 381.0 382.0 383.0 383.0 384.0 385.0 386.0 387.0 388.0 389.0 390.0 391.0 392.0 392.0 393.0 394.0 395.0 396.0 397.0 398.0 399.0 399.0 400.0 401.0 402.0 403.0 403.0 404.0 405.0 406.0 407.0 408.0 408.0 409.0 410.0 411.0 412.0 413.0 414.0 415.0 416.0 417.0 418.0 2.0 22.0 24.0 26.0 28.0 30.0 31.0 33.0 35.0 37.0 39.0 41.0 42.0 44.0 46.0 48.0 50.0 51.0 53.0 55.0 57.0 59.0 61.0 63.0 64.0 66.0 68.0 69.0 71.0 73.0 75.0 77.0 79.0 80.0 82.0 84.0 86.0 88.0 90.0 92.0 93.0 95.0 97.0 98.0 100.0 102.0 104.0 106.0 108.0 109.0 111.0 113.0 115.0 116.0 118.0 120.0 122.0 124.0 126.0 127.0 129.0 131.0 133.0 135.0 137.0 138.0 140.0 142.0 144.0 146.0 148.0 149.0 151.0 153.0 155.0 156.0 158.0 160.0 162.0 164.0 166.0 168.0 170.0 171.0 173.0 175.0 177.0 179.0 180.0 182.0 184.0 186.0 188.0 189.0 191.0 193.0 195.0 196.0 198.0 200.0 202.0 1780180899.725179
319.0 326.0 327.0 327.0 328.0 329.0 330.0 331.0 331.0 332.0 333.0 334.0 334.0 335.0 336.0 337.0 337.0 339.0 339.0 340.0 341.0 342.0 343.0 343.0 344.0 345.0 346.0 347.0 347.0 349.0 349.0 350.0 351.0 351.0 352.0 353.0 354.0 355.0 356.0 357.0 357.0 358.0 359.0 360.0 360.0 361.0 362.0 363.0 364.0 364.0 365.0 366.0 367.0 368.0 368.0 369.0 370.0 371.0 372.0 372.0 373.0 374.0 374.0 375.0 376.0 376.0 377.0 378.0 379.0 380.0 380.0 381.0 382.0 383.0 383.0 384.0 385.0 386.0 386.0 387.0 388.0 388.0 389.0 389.0 390.0 391.0 392.0 392.0 393.0 394.0 394.0 395.0 396.0 397.0 397.0 398.0 399.0 399.0 400.0 401.0 2.0 22.0 24.0 26.0 28.0 30.0 32.0 34.0 35.0 37.0 39.0 41.0 43.0 45.0 47.0 49.0 50.0 52.0 54.0 56.0 57.0 59.0 61.0 63.0 65.0 67.0 69.0 71.0 72.0 74.0 76.0 78.0 80.0 81.0 83.0 85.0 87.0 89.0 91.0 93.0 94.0 96.0 98.0 100.0 102.0 104.0 106.0 107.0 109.0 111.0 113.0 115.0 117.0 118.0 120.0 122.0 124.0 126.0 128.0 129.0 131.0 133.0 135.0 137.0 139.0 141.0 143.0 145.0 146.0 148.0 150.0 152.0 154.0 156.0 157.0 159.0 161.0 163.0 165.0 167.0 169.0 170.0 172.0 174.0 176.0 178.0 180.0 182.0 184.0 185.0 187.0 189.0 191.0 193.0 195.0 197.0 198.0 200.0 202.0 204.0 203.0 1780180899.740458
319.0 325.0 325.0 326.0 326.0 327.0 328.0 328.0 329.0 330.0 330.0 331.0 331.0 332.0 333.0 333.0 334.0 335.0 335.0 336.0 336.0 337.0 338.0 338.0 339.0 340.0 340.0 341.0 342.0 342.0 343.0 343.0 344.0 345.0 345.0 346.0 347.0 347.0 348.0 349.0 349.0 350.0 350.0 351.0 352.0 352.0 353.0 354.0 354.0 355.0 355.0 356.0 357.0 357.0 358.0 359.0 359.0 360.0 361.0 361.0 362.0 362.0 363.0 364.0 364.0 364.0 365.0 366.0 366.0 367.0 368.0 368.0 369.0 369.0 370.0 371.0 371.0 372.0 372.0 373.0 373.0 374.0 375.0 375.0 375.0 376.0 377.0 377.0 377.0 378.0 379.0 379.0 380.0 381.0 381.0 382.0 382.0 383.0 384.0 384.0 2.0 23.0 25.0 27.0 28.0 30.0 32.0 34.0 36.0 38.0 40.0 42.0 44.0 46.0 48.0 50.0 51.0 53.0 55.0 57.0 59.0 60.0 62.0 64.0 66.0 68.0 70.0 72.0 74.0 76.0 77.0 79.0 81.0 83.0 85.0 87.0 89.0 91.0 93.0 95.0 96.0 98.0 100.0 102.0 104.0 106.0 107.0 109.0 111.0 113.0 115.0 117.0 119.0 121.0 123.0 125.0 127.0 128.0 130.0 132.0 134.0 136.0 138.0 140.0 142.0 143.0 145.0 147.0 149.0 151.0 153.0 155.0 157.0 158.0 160.0 162.0 164.0 166.0 168.0 170.0 172.0 174.0 176.0 178.0 179.0 181.0 183.0 185.0 187.0 189.0 191.0 192.0 194.0 196.0 198.0 200.0 202.0 204.0 205.0 207.0 204.0 1780180899.755939
319.0 323.0 324.0 324.0 324.0 325.0 325.0 326.0 326.0 327.0 327.0 327.0 328.0 328.0 329.0 329.0 330.0 330.0 331.0 331.0 332.0 332.0 332.0 333.0 333.0 334.0 334.0 335.0 335.0 336.0 336.0 336.0 337.0 337.0 338.0 338.0 339.0 339.0 340.0 340.0 340.0 341.0 341.0 342.0 342.0 343.0 343.0 344.0 344.0 345.0 345.0 346.0 346.0 346.0 347.0 347.0 348.0 348.0 349.0 349.0 350.0 350.0 351.0 351.0 351.0 352.0 353.0 353.0 353.0 354.0 354.0 355.0 355.0 356.0 356.0 357.0 357.0 357.0 358.0 358.0 359.0 359.0 360.0 360.0 360.0 361.0 361.0 362.0 362.0 362.0 363.0 363.0 364.0 365.0 365.0 365.0 366.0 367.0 367.0 368.0 2.0 23.0 25.0 27.0 29.0 31.0 33.0 35.0 37.0 39.0 41.0 43.0 45.0 47.0 49.0 51.0 52.0 54.0 56.0 58.0 60.0 62.0 64.0 66.0 68.0 70.0 71.0 73.0 75.0 77.0 79.0 81.0 83.0 85.0 87.0 89.0 91.0 93.0 95.0 97.0 98.0 100.0 102.0 104.0 106.0 108.0 110.0 112.0 114.0 115.0 117.0 119.0 121.0 123.0 125.0 127.0 129.0 131.0 133.0 135.0 137.0 139.0 140.0 142.0 144.0 146.0 148.0 150.0 152.0 154.0 156.0 157.0 159.0 161.0 163.0 165.0 167.0 169.0 171.0 173.0 175.0 177.0 179.0 181.0 183.0 185.0 186.0 188.0 190.0 192.0 194.0 196.0 198.0 199.0 201.0 203.0 205.0 207.0 209.0 211.0 205.0 1780180899.771393
319.0 322.0 322.0 322.0 322.0 323.0 323.0 323.0 323.0 323.0 324.0 324.0 324.0 324.0 325.0 325.0 325.0 326.0 326.0 326.0 326.0 327.0 327.0 327.0 327.0 327.0 328.0 328.0 328.0 329.0 329.0 329.0 329.0 330.0 330.0 330.0 330.0 331.0 331.0 331.0 332.0 332.0 332.0 332.0 333.0 333.0 333.0 334.0 334.0 334.0 335.0 335.0 335.0 335.0 336.0 336.0 337.0 337.0 337.0 338.0 338.0 338.0 338.0 339.0 339.0 339.0 340.0 340.0 340.0 341.0 341.0 341.0 342.0 342.0 342.0 343.0 343.0 343.0 343.0 344.0 344.0 344.0 345.0 345.0 345.0 345.0 346.0 346.0 346.0 347.0 347.0 347.0 348.0 348.0 348.0 349.0 350.0 350.0 350.0 351.0 2.0 23.0 25.0 27.0 29.0 31.0 33.0 35.0 37.0 39.0 41.0 43.0 45.0 47.0 49.0 50.0 52.0 54.0 56.0 58.0 60.0 62.0 64.0 66.0 68.0 70.0 72.0 74.0 76.0 77.0 79.0 81.0 83.0 85.0 87.0 89.0 91.0 93.0 95.0 97.0 99.0 101.0 102.0 104.0 106.0 108.0 110.0 112.0 114.0 116.0 118.0 120.0 122.0 124.0 126.0 128.0 130.0 132.0 134.0 136.0 138.0 140.0 142.0 143.0 145.0 147.0 149.0 151.0 153.0 155.0 157.0 159.0 161.0 163.0 165.0 167.0 168.0 170.0 172.0 174.0 176.0 179.0 181.0 183.0 185.0 186.0 188.0 190.0 192.0 194.0 196.0 198.0 200.0 202.0 204.0 206.0 208.0 209.0 211.0 213.0 206.0 1780180899.786850
319.0 320.0 320.0 320.0 320.0 320.0 321.0 321.0 321.0 321.0 321.0 321.0 321.0 321.0 321.0 321.0 321.0 321.0 321.0 321.0 321.0 322.0 321.0 321.0 322.0 322.0 322.0 322.0 322.0 322.0 322.0 322.0 322.0 322.0 322.0 323.0 322.0 323.0 323.0 323.0 323.0 323.0 323.0 323.0 323.0 324.0 324.0 324.0 324.0 324.0 324.0 324.0 325.0 325.0 325.0 325.0 325.0 325.0 326.0 326.0 326.0 326.0 326.0 327.0 326.0 327.0 327.0 327.0 327.0 328.0 328.0 328.0 328.0 328.0 328.0 329.0 329.0 329.0 329.0 329.0 330.0 330.0 330.0 330.0 330.0 330.0 331.0 331.0 331.0 331.0 331.0 332.0 332.0 332.0 332.0 333.0 333.0 333.0 334.0 334.0 2.0 23.0 25.0 27.0 29.0 31.0 33.0 35.0 37.0 38.0 40.0 42.0 44.0 46.0 48.0 50.0 52.0 54.0 56.0 58.0 60.0 62.0 64.0 66.0 68.0 69.0 71.0 73.0 75.0 77.0 79.0 81.0 83.0 85.0 87.0 89.0 91.0 93.0 95.0 96.0 98.0 100.0 102.0 104.0 106.0 108.0 110.0 112.0 114.0 116.0 118.0 120.0 122.0 124.0 126.0 128.0 130.0 132.0 134.0 136.0 138.0 140.0 142.0 144.0 146.0 148.0 150.0 151.0 153.0 155.0 157.0 159.0 161.0 163.0 165.0 167.0 169.0 171.0 173.0 175.0 177.0 179.0 181.0 183.0 185.0 187.0 189.0 191.0 193.0 195.0 197.0 199.0 201.0 203.0 205.0 207.0 209.0 211.0 212.0 214.0 207.0 1780180899.802322
319.0 319.0 319.0 319.0 318.0 318.0 318.0 318.0 318.0 318.0 318.0 318.0 318.0 317.0 317.0 317.0 317.0 317.0 317.0 317.0 317.0 317.0 317.0 317.0 317.0 316.0 316.0 316.0 316.0 316.0 316.0 316.0 316.0 316.0 316.0 315.0 315.0 316.0 315.0 315.0 315.0 315.0 315.0 315.0 315.0 315.0 315.0 315.0 315.0 315.0 315.0 315.0 315.0 315.0 315.0 315.0 315.0 315.0 315.0 315.0 315.0 315.0 315.0 315.0 315.0 315.0 315.0 315.0 315.0 315.0 315.0 315.0 315.0 315.0 315.0 315.0 315.0 316.0 315.0 315.0 316.0 315.0 316.0 316.0 316.0 316.0 316.0 316.0 316.0 316.0 316.0 316.0 316.0 316.0 316.0 317.0 317.0 317.0 317.0 318.0 2.0 23.0 25.0 27.0 29.0 31.0 33.0 35.0 37.0 38.0 40.0 42.0 44.0 46.0 48.0 50.0 52.0 54.0 56.0 58.0 60.0 62.0 64.0 65.0 67.0 69.0 71.0 73.0 75.0 77.0 79.0 81.0 83.0 85.0 87.0 89.0 91.0 93.0 94.0 96.0 98.0 100.0 102.0 104.0 106.0 108.0 110.0 112.0 114.0 116.0 118.0 120.0 122.0 124.0 126.0 128.0 130.0 132.0 134.0 136.0 138.0 140.0 142.0 144.0 146.0 148.0 149.0 151.0 153.0 155.0 157.0 159.0 161.0 163.0 165.0 167.0 169.0 171.0 173.0 175.0 177.0 179.0 181.0 183.0 185.0 187.0 189.0 191.0 193.0 195.0 197.0 199.0 201.0 203.0 205.0 207.0 209.0 211.0 213.0 215.0 208.0 1780180899.822856
319.0 318.0 317.0 317.0 317.0 316.0 316.0 316.0 316.0 316.0 315.0 315.0 315.0 315.0 314.0 314.0 314.0 314.0 314.0 313.0 313.0 313.0 312.0 312.0 312.0 312.0 312.0 311.0 311.0 311.0 311.0 310.0 310.0 310.0 309.0 309.0 309.0 309.0 309.0 308.0 308.0 308.0 308.0 307.0 307.0 307.0 307.0 307.0 307.0 306.0 306.0 306.0 306.0 306.0 305.0 305.0 305.0 305.0 305.0 304.0 304.0 304.0 304.0 304.0 303.0 303.0 303.0 303.0 303.0 303.0 303.0 302.0 303.0 302.0 302.0 302.0 302.0 302.0 301.0 302.0 301.0 301.0 301.0 301.0 301.0 300.0 300.0 300.0 300.0 300.0 300.0 300.0 300.0 300.0 299.0 300.0 300.0 300.0 299.0 300.0 2.0 23.0 25.0 27.0 29.0 31.0 33.0 35.0 36.0 38.0 40.0 42.0 44.0 46.0 48.0 50.0 52.0 54.0 56.0 58.0 60.0 62.0 64.0 65.0 67.0 69.0 71.0 73.0 75.0 77.0 79.0 81.0 83.0 85.0 87.0 89.0 90.0 92.0 94.0 96.0 98.0 100.0 102.0 104.0 106.0 108.0 110.0 112.0 114.0 116.0 118.0 120.0 122.0 124.0 125.0 127.0 129.0 131.0 133.0 135.0 137.0 139.0 141.0 143.0 145.0 147.0 149.0 151.0 153.0 155.0 157.0 158.0 160.0 162.0 164.0 166.0 168.0 170.0 172.0 174.0 176.0 178.0 180.0 182.0 184.0 186.0 188.0 190.0 192.0 194.0 196.0 198.0 200.0 202.0 204.0 206.0 208.0 210.0 212.0 214.0 209.0 1780180899.838234
319.0 317.0 316.0 316.0 315.0 315.0 315.0 315.0 314.0 314.0 313.0 313.0 312.0 312.0 312.0 312.0 311.0 311.0 310.0 310.0 310.0 309.0 309.0 309.0 308.0 308.0 307.0 307.0 307.0 306.0 306.0 305.0 305.0 305.0 304.0 304.0 304.0 303.0 303.0 303.0 302.0 302.0 301.0 301.0 301.0 300.0 300.0 299.0 299.0 299.0 299.0 298.0 298.0 297.0 297.0 297.0 296.0 296.0 296.0 295.0 295.0 295.0 294.0 294.0 293.0 293.0 293.0 293.0 292.0 292.0 292.0 291.0 291.0 291.0 290.0 290.0 290.0 290.0 289.0 289.0 288.0 288.0 288.0 287.0 287.0 287.0 287.0 286.0 286.0 285.0 285.0 285.0 284.0 284.0 284.0 284.0 283.0 284.0 283.0 283.0 2.0 23.0 25.0 27.0 29.0 31.0 33.0 34.0 36.0 38.0 40.0 42.0 44.0 46.0 48.0 50.0 52.0 54.0 56.0 57.0 59.0 61.0 63.0 65.0 67.0 69.0 71.0 73.0 75.0 77.0 79.0 81.0 82.0 84.0 86.0 88.0 90.0 92.0 94.0 96.0 98.0 100.0 102.0 104.0 106.0 107.0 109.0 111.0 113.0 115.0 117.0 119.0 121.0 123.0 125.0 127.0 129.0 131.0 133.0 135.0 137.0 138.0 140.0 142.0 144.0 146.0 148.0 150.0 152.0 154.0 155.0 157.0 159.0 161.0 163.0 165.0 167.0 169.0 171.0 173.0 175.0 177.0 179.0 181.0 183.0 185.0 187.0 189.0 191.0 193.0 195.0 197.0 199.0 200.0 202.0 204.0 206.0 208.0 210.0 212.0 210.0 1780180899.859273
319.0 316.0 315.0 315.0 314.0 314.0 313.0 313.0 313.0 312.0 311.0 311.0 311.0 310.0 309.0 309.0 309.0 308.0 308.0 307.0 307.0 306.0 306.0 305.0 304.0 304.0 304.0 303.0 302.0 302.0 301.0 301.0 301.0 300.0 299.0 299.0 299.0 298.0 297.0 297.0 296.0 296.0 295.0 295.0 294.0 294.0 293.0 293.0 292.0 292.0 292.0 291.0 290.0 290.0 289.0 289.0 288.0 288.0 287.0 287.0 286.0 286.0 285.0 285.0 284.0 284.0 283.0 282.0 282.0 282.0 281.0 280.0 280.0 279.0 279.0 278.0 278.0 277.0 277.0 276.0 276.0 275.0 275.0 274.0 274.0 273.0 273.0 272.0 271.0 271.0 270.0 270.0 269.0 269.0 268.0 268.0 267.0 267.0 267.0 266.0 2.0 23.0 25.0 27.0 29.0 31.0 32.0 34.0 36.0 38.0 40.0 42.0 44.0 46.0 48.0 50.0 52.0 54.0 55.0 57.0 59.0 61.0 63.0 65.0 67.0 69.0 71.0 73.0 75.0 77.0 78.0 80.0 82.0 84.0 86.0 88.0 90.0 91.0 93.0 95.0 97.0 99.0 101.0 103.0 105.0 107.0 109.0 111.0 113.0 115.0 116.0 118.0 120.0 122.0 124.0 126.0 128.0 130.0 132.0 134.0 136.0 137.0 139.0 141.0 143.0 145.0 147.0 149.0 150.0 152.0 154.0 156.0 158.0 160.0 162.0 164.0 166.0 168.0 169.0 171.0 173.0 175.0 177.0 179.0 181.0 183.0 185.0 186.0 188.0 190.0 192.0 194.0 196.0 198.0 200.0 202.0 203.0 205.0 207.0 209.0 211.0 1780180899.895164
319.0 315.0 314.0 314.0 313.0 312.0 312.0 311.0 311.0 310.0 309.0 309.0 308.0 308.0 307.0 306.0 306.0 305.0 304.0 304.0 304.0 303.0 302.0 301.0 301.0 300.0 300.0 299.0 298.0 297.0 297.0 296.0 296.0 295.0 294.0 294.0 293.0 292.0 292.0 291.0 290.0 290.0 289.0 288.0 288.0 287.0 286.0 285.0 285.0 284.0 284.0 283.0 282.0 281.0 281.0 280.0 279.0 278.0 278.0 277.0 277.0 276.0 275.0 274.0 274.0 273.0 272.0 271.0 271.0 270.0 269.0 268.0 268.0 267.0 266.0 265.0 265.0 264.0 263.0 262.0 262.0 261.0 260.0 259.0 259.0 258.0 257.0 256.0 255.0 255.0 254.0 253.0 252.0 252.0 251.0 250.0 249.0 249.0 248.0 247.0 2.0 23.0 25.0 27.0 28.0 30.0 32.0 34.0 36.0 38.0 40.0 42.0 43.0 45.0 47.0 49.0 51.0 53.0 55.0 57.0 59.0 61.0 62.0 64.0 66.0 68.0 70.0 72.0 74.0 75.0 77.0 79.0 81.0 83.0 85.0 87.0 89.0 90.0 92.0 94.0 96.0 98.0 100.0 102.0 103.0 105.0 107.0 109.0 111.0 113.0 114.0 116.0 118.0 120.0 122.0 124.0 126.0 128.0 129.0 131.0 133.0 135.0 137.0 139.0 141.0 142.0 144.0 146.0 148.0 150.0 151.0 153.0 155.0 157.0 159.0 161.0 163.0 164.0 166.0 168.0 170.0 172.0 173.0 175.0 177.0 179.0 181.0 182.0 184.0 186.0 188.0 190.0 192.0 193.0 195.0 197.0 199.0 200.0 202.0 204.0 212.0 1780180899.920715
319.0 314.0 313.0 313.0 312.0 311.0 310.0 310.0 309.0 308.0 308.0 307.0 306.0 305.0 304.0 303.0 303.0 302.0 301.0 301.0 300.0 299.0 298.0 297.0 297.0 296.0 295.0 294.0 293.0 293.0 292.0 291.0 290.0 289.0 288.0 288.0 287.0 286.0 285.0 284.0 284.0 282.0 282.0 281.0 280.0 279.0 278.0 277.0 276.0 276.0 275.0 274.0 273.0 272.0 271.0 270.0 269.0 268.0 267.0 267.0 266.0 265.0 264.0 263.0 262.0 261.0 260.0 259.0 258.0 257.0 256.0 255.0 254.0 254.0 252.0 251.0 250.0 250.0 249.0 248.0 246.0 246.0 244.0 244.0 243.0 241.0 241.0 239.0 238.0 237.0 236.0 235.0 234.0 233.0 233.0 231.0 231.0 230.0 229.0 228.0 2.0 22.0 24.0 26.0 28.0 30.0 32.0 33.0 35.0 37.0 39.0 41.0 43.0 45.0 46.0 48.0 50.0 52.0 54.0 56.0 58.0 59.0 61.0 63.0 64.0 66.0 68.0 70.0 72.0 74.0 75.0 77.0 79.0 81.0 83.0 85.0 86.0 88.0 90.0 92.0 94.0 96.0 97.0 99.0 101.0 102.0 104.0 106.0 108.0 110.0 111.0 113.0 115.0 117.0 119.0 120.0 122.0 124.0 126.0 128.0 129.0 131.0 133.0 135.0 137.0 138.0 140.0 142.0 143.0 145.0 147.0 149.0 150.0 152.0 154.0 156.0 157.0 159.0 161.0 162.0 164.0 166.0 168.0 169.0 171.0 173.0 174.0 176.0 178.0 180.0 181.0 183.0 185.0 187.0 188.0 190.0 192.0 193.0 195.0 197.0 213.0 1780180899.941294
319.0 313.0 312.0 311.0 311.0 310.0 309.0 308.0 307.0 306.0 306.0 305.0 303.0 303.0 302.0 301.0 300.0 299.0 298.0 297.0 296.0 295.0 295.0 293.0 293.0 292.0 291.0 290.0 289.0 288.0 287.0 286.0 285.0 284.0 283.0 282.0 281.0 280.0 279.0 278.0 277.0 275.0 275.0 274.0 272.0 271.0 270.0 269.0 268.0 267.0 266.0 265.0 264.0 263.0 262.0 261.0 260.0 258.0 257.0 256.0 255.0 254.0 253.0 252.0 251.0 250.0 248.0 247.0 246.0 245.0 244.0 243.0 242.0 240.0 239.0 238.0 237.0 236.0 235.0 234.0 232.0 231.0 230.0 229.0 228.0 226.0 225.0 224.0 223.0 222.0 220.0 219.0 218.0 217.0 216.0 215.0 214.0 213.0 211.0 210.0 2.0 22.0 24.0 26.0 28.0 29.0 31.0 33.0 35.0 37.0 38.0 40.0 42.0 44.0 45.0 47.0 49.0 51.0 53.0 54.0 56.0 58.0 60.0 61.0 63.0 65.0 67.0 69.0 70.0 72.0 74.0 75.0 77.0 79.0 81.0 82.0 84.0 86.0 88.0 89.0 91.0 93.0 95.0 96.0 98.0 100.0 101.0 103.0 105.0 107.0 108.0 110.0 112.0 114.0 115.0 117.0 119.0 120.0 122.0 124.0 125.0 127.0 129.0 130.0 132.0 134.0 135.0 137.0 139.0 140.0 142.0 144.0 145.0 147.0 149.0 150.0 152.0 154.0 155.0 157.0 158.0 160.0 162.0 164.0 165.0 167.0 168.0 170.0 172.0 173.0 175.0 176.0 178.0 180.0 181.0 183.0 185.0 186.0 188.0 190.0 214.0 1780180899.956689
319.0 312.0 311.0 310.0 310.0 308.0 307.0 306.0 306.0 304.0 304.0 303.0 301.0 300.0 299.0 298.0 297.0 296.0 295.0 294.0 293.0 292.0 291.0 290.0 289.0 288.0 287.0 285.0 284.0 283.0 282.0 281.0 280.0 278.0 277.0 276.0 275.0 274.0 273.0 271.0 271.0 269.0 268.0 267.0 266.0 264.0 263.0 262.0 261.0 260.0 258.0 257.0 256.0 255.0 254.0 252.0 251.0 250.0 249.0 247.0 246.0 245.0 243.0 242.0 241.0 240.0 238.0 237.0 236.0 234.0 233.0 232.0 231.0 230.0 228.0 227.0 225.0 224.0 223.0 222.0 220.0 219.0 218.0 217.0 215.0 214.0 213.0 211.0 210.0 209.0 207.0 206.0 205.0 204.0 202.0 201.0 200.0 199.0 197.0 196.0 2.0 22.0 24.0 26.0 27.0 29.0 31.0 32.0 34.0 36.0 38.0 39.0 41.0 43.0 45.0 46.0 48.0 50.0 51.0 53.0 55.0 57.0 58.0 60.0 62.0 63.0 65.0 67.0 69.0 70.0 72.0 73.0 75.0 77.0 79.0 80.0 82.0 84.0 85.0 87.0 89.0 91.0 92.0 94.0 95.0 97.0 99.0 100.0 102.0 104.0 105.0 107.0 109.0 110.0 112.0 113.0 115.0 117.0 118.0 120.0 121.0 123.0 125.0 126.0 128.0 129.0 131.0 133.0 134.0 136.0 137.0 139.0 140.0 142.0 144.0 145.0 147.0 148.0 150.0 152.0 153.0 155.0 156.0 158.0 159.0 161.0 162.0 164.0 165.0 167.0 169.0 170.0 172.0 173.0 175.0 177.0 178.0 180.0 182.0 183.0 215.0 1780180899.972552
319.0 311.0 310.0 309.0 308.0 307.0 306.0 305.0 304.0 303.0 302.0 301.0 299.0 298.0 297.0 296.0 294.0 294.0 292.0 291.0 290.0 289.0 287.0 286.0 285.0 284.0 282.0 281.0 280.0 278.0 277.0 276.0 275.0 274.0 272.0 271.0 270.0 268.0 267.0 266.0 264.0 263.0 262.0 261.0 259.0 258.0 256.0 255.0 254.0 252.0 251.0 250.0 248.0 247.0 246.0 244.0 243.0 242.0 240.0 239.0 238.0 236.0 235.0 233.0 232.0 231.0 229.0 228.0 227.0 225.0 224.0 222.0 221.0 220.0 218.0 217.0 215.0 214.0 213.0 211.0 210.0 209.0 207.0 206.0 204.0 203.0 202.0 200.0 199.0 197.0 196.0 195.0 193.0 192.0 191.0 189.0 188.0 186.0 185.0 184.0 2.0 22.0 23.0 25.0 27.0 29.0 31.0 32.0 34.0 35.0 37.0 39.0 41.0 42.0 44.0 46.0 48.0 49.0 51.0 52.0 54.0 56.0 57.0 59.0 61.0 62.0 64.0 65.0 67.0 69.0 71.0 72.0 74.0 75.0 77.0 79.0 80.0 82.0 83.0 85.0 86.0 88.0 90.0 91.0 93.0 95.0 96.0 98.0 99.0 101.0 102.0 104.0 106.0 107.0 109.0 110.0 112.0 113.0 115.0 116.0 118.0 120.0 121.0 122.0 124.0 125.0 127.0 129.0 130.0 132.0 133.0 135.0 136.0 137.0 139.0 141.0 142.0 144.0 145.0 147.0 148.0 150.0 151.0 153.0 154.0 156.0 157.0 159.0 160.0 161.0 163.0 165.0 166.0 168.0 169.0 171.0 173.0 174.0 176.0 177.0 216.0 1780180899.987920
319.0 311.0 309.0 308.0 307.0 306.0 305.0 303.0 302.0 301.0 300.0 299.0 297.0 296.0 295.0 293.0 292.0 291.0 289.0 288.0 287.0 285.0 284.0 283.0 281.0 280.0 279.0 277.0 276.0 274.0 273.0 272.0 270.0 269.0 268.0 266.0 265.0 263.0 262.0 261.0 259.0 258.0 256.0 255.0 254.0 252.0 251.0 249.0 248.0 247.0 245.0 244.0 242.0 241.0 239.0 238.0 237.0 235.0 234.0 232.0 231.0 229.0 228.0 226.0 225.0 223.0 222.0 220.0 219.0 218.0 216.0 214.0 213.0 212.0 210.0 209.0 207.0 206.0 204.0 203.0 202.0 200.0 198.0 197.0 196.0 194.0 193.0 191.0 189.0 188.0 187.0 185.0 184.0 182.0 181.0 179.0 178.0 177.0 176.0 174.0 2.0 21.0 23.0 25.0 27.0 28.0 30.0 32.0 33.0 35.0 37.0 38.0 40.0 42.0 43.0 45.0 47.0 48.0 50.0 51.0 53.0 55.0 56.0 58.0 59.0 61.0 63.0 64.0 66.0 67.0 69.0 70.0 72.0 73.0 75.0 77.0 78.0 79.0 81.0 83.0 84.0 86.0 87.0 89.0 90.0 92.0 93.0 95.0 96.0 98.0 99.0 101.0 103.0 104.0 105.0 107.0 108.0 110.0 111.0 113.0 114.0 116.0 117.0 119.0 120.0 122.0 123.0 124.0 126.0 127.0 129.0 131.0 132.0 133.0 135.0 136.0 138.0 139.0 140.0 142.0 144.0 145.0 147.0 148.0 149.0 151.0 152.0 154.0 155.0 157.0 158.0 160.0 161.0 163.0 164.0 166.0 167.0 169.0 171.0 172.0 217.0 1780180900.002989
319.0 310.0 308.0 307.0 306.0 305.0 303.0 302.0 301.0 299.0 298.0 297.0 295.0 294.0 292.0 291.0 290.0 288.0 287.0 285.0 284.0 283.0 281.0 279.0 278.0 277.0 275.0 274.0 272.0 271.0 270.0 268.0 267.0 265.0 264.0 262.0 261.0 259.0 258.0 256.0 255.0 253.0 252.0 250.0 249.0 247.0 246.0 244.0 243.0 241.0 240.0 238.0 237.0 236.0 234.0 232.0 231.0 229.0 228.0 226.0 225.0 223.0 221.0 220.0 219.0 217.0 216.0 214.0 212.0 211.0 210.0 208.0 207.0 205.0 203.0 202.0 200.0 199.0 197.0 196.0 194.0 193.0 191.0 190.0 188.0 186.0 185.0 184.0 182.0 180.0 179.0 178.0 176.0 174.0 173.0 171.0 170.0 168.0 167.0 166.0 2.0 21.0 23.0 25.0 26.0 28.0 30.0 31.0 33.0 34.0 36.0 38.0 40.0 41.0 43.0 44.0 46.0 47.0 49.0 50.0 52.0 53.0 55.0 57.0 58.0 59.0 61.0 63.0 64.0 66.0 67.0 69.0 70.0 71.0 73.0 75.0 76.0 78.0 79.0 81.0 82.0 83.0 85.0 87.0 88.0 90.0 91.0 92.0 94.0 95.0 97.0 98.0 100.0 101.0 103.0 104.0 105.0 107.0 108.0 110.0 111.0 113.0 114.0 116.0 117.0 118.0 120.0 121.0 123.0 124.0 125.0 127.0 128.0 129.0 131.0 133.0 134.0 136.0 137.0 138.0 140.0 141.0 143.0 144.0 145.0 147.0 148.0 150.0 151.0 152.0 154.0 156.0 157.0 158.0 160.0 161.0 163.0 164.0 166.0 168.0 218.0 1780180900.018450
319.0 309.0 308.0 306.0 305.0 304.0 302.0 301.0 299.0 298.0 297.0 295.0 293.0 292.0 290.0 289.0 288.0 286.0 285.0 283.0 282.0 280.0 279.0 277.0 276.0 274.0 272.0 271.0 270.0 268.0 267.0 265.0 264.0 262.0 260.0 259.0 258.0 256.0 255.0 253.0 251.0 250.0 248.0 247.0 245.0 244.0 242.0 241.0 239.0 237.0 236.0 234.0 233.0 231.0 230.0 228.0 227.0 225.0 223.0 222.0 220.0 219.0 217.0 216.0 214.0 212.0 211.0 209.0 207.0 206.0 205.0 203.0 202.0 200.0 198.0 197.0 195.0 193.0 192.0 190.0 189.0 187.0 186.0 184.0 182.0 181.0 179.0 178.0 176.0 175.0 173.0 172.0 170.0 168.0 167.0 165.0 164.0 162.0 161.0 160.0 2.0 21.0 23.0 24.0 26.0 28.0 29.0 31.0 32.0 34.0 35.0 37.0 39.0 40.0 42.0 43.0 45.0 46.0 48.0 49.0 51.0 52.0 54.0 55.0 57.0 58.0 60.0 61.0 63.0 64.0 66.0 67.0 68.0 70.0 71.0 73.0 74.0 76.0 77.0 79.0 80.0 81.0 83.0 84.0 86.0 87.0 88.0 90.0 92.0 93.0 94.0 96.0 97.0 98.0 100.0 101.0 103.0 104.0 105.0 107.0 108.0 110.0 111.0 113.0 114.0 115.0 117.0 118.0 119.0 121.0 122.0 124.0 125.0 126.0 128.0 129.0 131.0 132.0 133.0 135.0 136.0 137.0 139.0 140.0 142.0 143.0 145.0 146.0 147.0 148.0 150.0 151.0 153.0 154.0 156.0 157.0 159.0 160.0 162.0 164.0 219.0 1780180900.034217
319.0 308.0 307.0 306.0 304.0 303.0 301.0 300.0 298.0 297.0 295.0 294.0 292.0 291.0 289.0 288.0 286.0 285.0 283.0 281.0 280.0 278.0 277.0 275.0 274.0 272.0 270.0 269.0 267.0 266.0 264.0 263.0 261.0 259.0 258.0 256.0 255.0 253.0 252.0 250.0 248.0 247.0 245.0 243.0 242.0 240.0 239.0 237.0 236.0 234.0 232.0 231.0 229.0 228.0 226.0 224.0 223.0 221.0 220.0 218.0 216.0 215.0 213.0 212.0 210.0 208.0 207.0 205.0 203.0 202.0 200.0 198.0 197.0 195.0 194.0 192.0 191.0 189.0 187.0 186.0 184.0 182.0 181.0 179.0 177.0 176.0 174.0 173.0 171.0 169.0 168.0 166.0 164.0 163.0 162.0 160.0 158.0 157.0 155.0 154.0 2.0 21.0 22.0 24.0 26.0 28.0 29.0 31.0 32.0 34.0 35.0 36.0 38.0 39.0 41.0 42.0 44.0 46.0 47.0 49.0 50.0 51.0 53.0 54.0 56.0 57.0 59.0 60.0 62.0 63.0 65.0 66.0 67.0 69.0 70.0 71.0 73.0 74.0 75.0 77.0 78.0 80.0 81.0 83.0 84.0 86.0 87.0 88.0 90.0 91.0 92.0 94.0 95.0 96.0 98.0 99.0 101.0 102.0 103.0 105.0 107.0 108.0 109.0 110.0 112.0 113.0 114.0 116.0 117.0 118.0 120.0 121.0 123.0 124.0 126.0 127.0 128.0 130.0 131.0 132.0 134.0 135.0 136.0 138.0 139.0 140.0 142.0 143.0 145.0 146.0 147.0 149.0 150.0 152.0 153.0 155.0 156.0 157.0 159.0 161.0 220.0 1780180900.049511
319.0 308.0 306.0 305.0 303.0 302.0 300.0 299.0 297.0 296.0 294.0 293.0 291.0 290.0 288.0 287.0 285.0 283.0 282.0 280.0 278.0 277.0 275.0 273.0 272.0 270.0 269.0 267.0 266.0 264.0 262.0 261.0 259.0 257.0 256.0 254.0 253.0 251.0 249.0 248.0 246.0 245.0 243.0 241.0 240.0 238.0 236.0 235.0 233.0 231.0 230.0 228.0 226.0 225.0 223.0 222.0 220.0 218.0 217.0 215.0 213.0 212.0 210.0 208.0 207.0 205.0 204.0 202.0 200.0 198.0 197.0 195.0 194.0 192.0 190.0 189.0 187.0 185.0 183.0 182.0 180.0 179.0 177.0 175.0 173.0 172.0 170.0 169.0 167.0 165.0 164.0 162.0 160.0 159.0 157.0 155.0 154.0 152.0 151.0 149.0 2.0 21.0 22.0 24.0 26.0 27.0 29.0 30.0 32.0 33.0 35.0 36.0 38.0 39.0 41.0 42.0 44.0 45.0 47.0 48.0 50.0 51.0 53.0 54.0 55.0 57.0 58.0 60.0 61.0 62.0 64.0 65.0 66.0 68.0 69.0 71.0 72.0 74.0 75.0 76.0 78.0 79.0 80.0 82.0 83.0 85.0 86.0 87.0 89.0 90.0 91.0 93.0 94.0 95.0 97.0 98.0 100.0 101.0 102.0 103.0 105.0 106.0 107.0 109.0 110.0 112.0 113.0 114.0 116.0 117.0 119.0 120.0 121.0 123.0 124.0 125.0 127.0 128.0 129.0 130.0 132.0 133.0 134.0 136.0 137.0 138.0 140.0 141.0 143.0 144.0 145.0 147.0 148.0 150.0 151.0 152.0 154.0 155.0 157.0 158.0 221.0 1780180900.064907
319.0 308.0 306.0 305.0 303.0 302.0 300.0 299.0 297.0 296.0 294.0 292.0 291.0 289.0 287.0 286.0 284.0 283.0 281.0 279.0 278.0 276.0 275.0 273.0 271.0 270.0 268.0 267.0 265.0 263.0 261.0 260.0 258.0 256.0 255.0 253.0 252.0 250.0 248.0 247.0 245.0 243.0 242.0 240.0 238.0 237.0 235.0 233.0 232.0 230.0 228.0 227.0 225.0 223.0 222.0 220.0 218.0 217.0 215.0 213.0 212.0 210.0 208.0 206.0 205.0 203.0 202.0 200.0 198.0 196.0 195.0 193.0 192.0 190.0 188.0 186.0 185.0 183.0 181.0 180.0 178.0 176.0 175.0 173.0 171.0 170.0 168.0 166.0 164.0 163.0 161.0 159.0 158.0 156.0 154.0 153.0 151.0 150.0 148.0 147.0 2.0 21.0 23.0 24.0 26.0 27.0 29.0 30.0 32.0 33.0 35.0 36.0 38.0 39.0 41.0 42.0 44.0 45.0 47.0 48.0 49.0 51.0 52.0 54.0 55.0 57.0 58.0 59.0 61.0 62.0 64.0 65.0 66.0 68.0 69.0 70.0 72.0 73.0 74.0 76.0 77.0 78.0 80.0 81.0 82.0 84.0 85.0 87.0 88.0 89.0 91.0 92.0 93.0 95.0 96.0 97.0 99.0 100.0 101.0 102.0 104.0 105.0 106.0 108.0 109.0 111.0 112.0 113.0 115.0 116.0 117.0 119.0 120.0 121.0 122.0 124.0 125.0 126.0 128.0 129.0 131.0 132.0 133.0 134.0 136.0 137.0 138.0 139.0 141.0 142.0 143.0 145.0 146.0 148.0 149.0 150.0 152.0 153.0 155.0 156.0 222.0 1780180900.080522
319.0 308.0 306.0 305.0 303.0 302.0 300.0 299.0 297.0 296.0 294.0 292.0 291.0 289.0 287.0 286.0 284.0 283.0 281.0 279.0 278.0 276.0 274.0 273.0 271.0 270.0 268.0 266.0 265.0 263.0 261.0 260.0 258.0 256.0 255.0 253.0 251.0 250.0 248.0 246.0 245.0 243.0 241.0 240.0 238.0 236.0 234.0 233.0 231.0 229.0 228.0 226.0 224.0 223.0 221.0 219.0 218.0 216.0 214.0 212.0 211.0 209.0 207.0 206.0 204.0 202.0 201.0 199.0 197.0 195.0 194.0 192.0 191.0 189.0 187.0 185.0 184.0 182.0 180.0 178.0 177.0 175.0 173.0 171.0 170.0 168.0 166.0 165.0 163.0 161.0 160.0 158.0 156.0 155.0 153.0 151.0 150.0 148.0 147.0 145.0 2.0 21.0 23.0 24.0 26.0 27.0 29.0 30.0 32.0 34.0 35.0 36.0 38.0 39.0 41.0 42.0 44.0 46.0 47.0 48.0 50.0 51.0 53.0 54.0 55.0 57.0 58.0 60.0 61.0 62.0 64.0 65.0 67.0 68.0 69.0 71.0 72.0 73.0 74.0 76.0 77.0 79.0 80.0 82.0 83.0 84.0 86.0 87.0 88.0 89.0 91.0 92.0 93.0 94.0 96.0 97.0 99.0 100.0 101.0 102.0 104.0 105.0 106.0 108.0 109.0 110.0 111.0 113.0 114.0 115.0 117.0 118.0 119.0 121.0 122.0 123.0 125.0 126.0 127.0 128.0 129.0 131.0 132.0 133.0 135.0 136.0 137.0 138.0 140.0 141.0 142.0 144.0 145.0 146.0 148.0 149.0 150.0 152.0 153.0 155.0 223.0 1780180900.101161
319.0 308.0 306.0 305.0 303.0 302.0 300.0 299.0 297.0 296.0 294.0 292.0 291.0 289.0 288.0 286.0 284.0 283.0 281.0 280.0 278.0 277.0 275.0 273.0 272.0 270.0 268.0 267.0 265.0 263.0 262.0 260.0 258.0 257.0 255.0 253.0 252.0 250.0 248.0 246.0 245.0 243.0 241.0 240.0 238.0 236.0 235.0 233.0 231.0 230.0 228.0 226.0 224.0 223.0 221.0 220.0 218.0 216.0 214.0 213.0 211.0 209.0 207.0 206.0 204.0 202.0 200.0 199.0 197.0 195.0 193.0 192.0 190.0 189.0 187.0 185.0 183.0 182.0 180.0 178.0 177.0 175.0 173.0 171.0 170.0 168.0 166.0 164.0 163.0 161.0 159.0 157.0 156.0 154.0 152.0 151.0 149.0 147.0 146.0 144.0 2.0 21.0 23.0 25.0 26.0 28.0 29.0 31.0 32.0 34.0 35.0 37.0 38.0 40.0 41.0 43.0 45.0 46.0 48.0 49.0 51.0 52.0 53.0 55.0 56.0 58.0 59.0 60.0 62.0 63.0 65.0 66.0 67.0 69.0 70.0 71.0 73.0 74.0 75.0 77.0 78.0 79.0 81.0 82.0 83.0 85.0 86.0 87.0 89.0 90.0 91.0 93.0 94.0 95.0 97.0 98.0 99.0 100.0 102.0 103.0 104.0 105.0 106.0 108.0 109.0 110.0 111.0 113.0 114.0 116.0 117.0 118.0 119.0 121.0 122.0 123.0 124.0 126.0 127.0 128.0 129.0 131.0 132.0 133.0 134.0 135.0 137.0 138.0 139.0 141.0 142.0 143.0 144.0 146.0 147.0 148.0 150.0 151.0 153.0 154.0 224.0 1780180900.116277
319.0 308.0 307.0 306.0 304.0 303.0 301.0 300.0 298.0 297.0 295.0 293.0 292.0 290.0 289.0 287.0 285.0 284.0 283.0 281.0 279.0 278.0 276.0 274.0 273.0 271.0 270.0 268.0 266.0 265.0 263.0 261.0 260.0 258.0 257.0 255.0 253.0 251.0 250.0 248.0 246.0 245.0 243.0 241.0 240.0 238.0 236.0 235.0 233.0 231.0 229.0 228.0 226.0 224.0 222.0 221.0 219.0 217.0 216.0 214.0 212.0 211.0 209.0 207.0 206.0 204.0 202.0 200.0 199.0 197.0 195.0 193.0 192.0 190.0 188.0 187.0 185.0 183.0 181.0 180.0 178.0 176.0 174.0 172.0 171.0 169.0 167.0 166.0 164.0 162.0 161.0 159.0 157.0 156.0 154.0 152.0 150.0 149.0 147.0 145.0 2.0 21.0 23.0 25.0 26.0 28.0 29.0 31.0 32.0 34.0 36.0 37.0 39.0 40.0 42.0 44.0 45.0 47.0 48.0 50.0 51.0 52.0 54.0 55.0 57.0 58.0 60.0 61.0 63.0 64.0 66.0 67.0 68.0 70.0 71.0 72.0 74.0 75.0 76.0 78.0 79.0 80.0 82.0 83.0 84.0 86.0 87.0 88.0 90.0 91.0 92.0 94.0 95.0 96.0 98.0 99.0 100.0 101.0 103.0 104.0 105.0 106.0 107.0 109.0 110.0 111.0 113.0 114.0 115.0 117.0 118.0 119.0 120.0 122.0 123.0 124.0 125.0 126.0 128.0 129.0 130.0 131.0 132.0 134.0 135.0 136.0 137.0 139.0 140.0 141.0 142.0 144.0 145.0 146.0 147.0 149.0 150.0 152.0 153.0 155.0 225.0 1780180900.131727
319.0 308.0 307.0 306.0 305.0 303.0 302.0 300.0 299.0 297.0 296.0 294.0 293.0 292.0 290.0 289.0 287.0 285.0 284.0 282.0 280.0 279.0 277.0 276.0 274.0 273.0 271.0 269.0 268.0 266.0 264.0 263.0 261.0 259.0 258.0 256.0 254.0 253.0 251.0 250.0 248.0 246.0 245.0 243.0 242.0 240.0 238.0 237.0 235.0 233.0 231.0 230.0 228.0 226.0 224.0 223.0 221.0 219.0 217.0 216.0 214.0 212.0 211.0 209.0 207.0 206.0 204.0 202.0 201.0 199.0 197.0 195.0 194.0 192.0 190.0 189.0 187.0 185.0 183.0 182.0 180.0 178.0 176.0 174.0 173.0 171.0 169.0 167.0 166.0 164.0 162.0 161.0 159.0 158.0 156.0 154.0 152.0 151.0 149.0 147.0 2.0 22.0 23.0 25.0 26.0 28.0 30.0 31.0 33.0 34.0 36.0 37.0 39.0 41.0 42.0 44.0 46.0 47.0 49.0 50.0 52.0 53.0 55.0 56.0 58.0 59.0 61.0 62.0 64.0 65.0 67.0 68.0 69.0 71.0 72.0 74.0 75.0 77.0 78.0 79.0 81.0 82.0 84.0 85.0 86.0 87.0 89.0 90.0 91.0 93.0 94.0 96.0 97.0 98.0 100.0 101.0 102.0 103.0 105.0 106.0 107.0 108.0 109.0 111.0 112.0 113.0 114.0 116.0 117.0 118.0 120.0 121.0 122.0 124.0 125.0 126.0 127.0 128.0 130.0 131.0 132.0 133.0 134.0 135.0 137.0 138.0 139.0 140.0 142.0 143.0 144.0 145.0 146.0 148.0 149.0 150.0 152.0 153.0 154.0 156.0 226.0 1780180900.147153
319.0 309.0 307.0 306.0 305.0 304.0 302.0 301.0 299.0 298.0 297.0 295.0 294.0 292.0 291.0 290.0 288.0 286.0 285.0 283.0 282.0 280.0 279.0 277.0 276.0 274.0 272.0 271.0 269.0 268.0 266.0 265.0 263.0 261.0 260.0 258.0 256.0 255.0 253.0 252.0 250.0 249.0 247.0 245.0 244.0 242.0 240.0 239.0 237.0 235.0 234.0 232.0 230.0 229.0 227.0 225.0 224.0 222.0 220.0 219.0 217.0 215.0 213.0 212.0 210.0 208.0 207.0 205.0 203.0 202.0 200.0 198.0 196.0 195.0 193.0 191.0 190.0 188.0 186.0 185.0 183.0 181.0 179.0 178.0 176.0 174.0 173.0 171.0 169.0 167.0 166.0 164.0 162.0 161.0 159.0 157.0 155.0 154.0 152.0 151.0 2.0 22.0 23.0 25.0 27.0 28.0 30.0 32.0 33.0 35.0 36.0 38.0 39.0 41.0 42.0 44.0 46.0 47.0 49.0 51.0 52.0 54.0 55.0 57.0 59.0 60.0 62.0 63.0 64.0 66.0 67.0 69.0 70.0 72.0 73.0 75.0 76.0 78.0 79.0 81.0 82.0 84.0 85.0 86.0 88.0 89.0 91.0 92.0 93.0 95.0 96.0 98.0 99.0 100.0 101.0 103.0 104.0 105.0 107.0 108.0 109.0 111.0 112.0 113.0 115.0 116.0 117.0 118.0 120.0 121.0 122.0 123.0 124.0 126.0 127.0 128.0 130.0 131.0 132.0 133.0 134.0 136.0 137.0 138.0 139.0 140.0 141.0 143.0 144.0 145.0 146.0 148.0 149.0 150.0 151.0 153.0 154.0 156.0 157.0 158.0 227.0 1780180900.162578
319.0 309.0 308.0 307.0 305.0 304.0 303.0 301.0 300.0 299.0 297.0 296.0 294.0 293.0 291.0 290.0 289.0 287.0 286.0 284.0 283.0 281.0 280.0 278.0 277.0 276.0 274.0 273.0 271.0 269.0 268.0 266.0 265.0 263.0 262.0 260.0 258.0 257.0 255.0 254.0 253.0 251.0 249.0 248.0 246.0 245.0 243.0 241.0 240.0 238.0 237.0 235.0 233.0 232.0 230.0 228.0 227.0 225.0 223.0 222.0 220.0 218.0 217.0 215.0 214.0 212.0 210.0 208.0 207.0 205.0 203.0 202.0 200.0 198.0 196.0 195.0 193.0 191.0 190.0 188.0 186.0 185.0 183.0 181.0 180.0 178.0 176.0 174.0 173.0 171.0 169.0 167.0 166.0 164.0 162.0 161.0 159.0 157.0 156.0 154.0 2.0 22.0 23.0 25.0 27.0 28.0 30.0 32.0 33.0 35.0 37.0 38.0 40.0 41.0 43.0 45.0 46.0 48.0 49.0 51.0 53.0 54.0 56.0 57.0 59.0 60.0 62.0 64.0 65.0 66.0 68.0 70.0 71.0 73.0 74.0 76.0 77.0 79.0 80.0 82.0 83.0 85.0 86.0 88.0 89.0 91.0 92.0 93.0 95.0 97.0 98.0 100.0 101.0 102.0 103.0 105.0 106.0 108.0 109.0 110.0 111.0 113.0 114.0 116.0 117.0 118.0 120.0 121.0 122.0 124.0 125.0 126.0 127.0 129.0 130.0 131.0 133.0 134.0 135.0 136.0 138.0 139.0 140.0 141.0 142.0 144.0 145.0 146.0 147.0 148.0 150.0 151.0 152.0 154.0 155.0 156.0 157.0 159.0 160.0 162.0 228.0 1780180900.178011
319.0 309.0 308.0 307.0 306.0 304.0 303.0 302.0 300.0 299.0 298.0 296.0 295.0 294.0 292.0 291.0 290.0 288.0 287.0 286.0 284.0 283.0 281.0 280.0 278.0 277.0 275.0 274.0 273.0 271.0 270.0 268.0 267.0 265.0 264.0 262.0 261.0 260.0 258.0 256.0 255.0 253.0 252.0 250.0 249.0 247.0 246.0 244.0 243.0 241.0 240.0 238.0 236.0 235.0 233.0 232.0 230.0 229.0 227.0 226.0 224.0 222.0 220.0 219.0 217.0 216.0 214.0 213.0 211.0 209.0 207.0 206.0 204.0 202.0 201.0 199.0 197.0 196.0 194.0 193.0 191.0 189.0 187.0 186.0 184.0 182.0 181.0 179.0 177.0 175.0 174.0 172.0 170.0 169.0 167.0 166.0 164.0 162.0 161.0 159.0 2.0 22.0 23.0 25.0 27.0 28.0 30.0 32.0 33.0 35.0 37.0 38.0 40.0 42.0 43.0 45.0 47.0 48.0 50.0 51.0 53.0 54.0 56.0 57.0 59.0 61.0 62.0 64.0 66.0 67.0 69.0 71.0 72.0 73.0 75.0 76.0 78.0 79.0 81.0 83.0 84.0 86.0 87.0 89.0 90.0 92.0 93.0 95.0 96.0 98.0 99.0 101.0 102.0 104.0 105.0 106.0 108.0 110.0 111.0 112.0 113.0 115.0 116.0 118.0 119.0 121.0 122.0 123.0 125.0 126.0 127.0 129.0 130.0 132.0 133.0 134.0 135.0 137.0 138.0 139.0 141.0 142.0 143.0 145.0 146.0 147.0 148.0 149.0 151.0 152.0 153.0 154.0 155.0 157.0 158.0 160.0 161.0 162.0 164.0 165.0 229.0 1780180900.193496
319.0 310.0 308.0 307.0 306.0 305.0 304.0 302.0 301.0 300.0 298.0 297.0 296.0 295.0 293.0 292.0 291.0 289.0 288.0 287.0 285.0 284.0 283.0 281.0 280.0 278.0 277.0 276.0 275.0 273.0 272.0 270.0 269.0 267.0 266.0 265.0 263.0 262.0 260.0 259.0 257.0 256.0 255.0 253.0 252.0 250.0 249.0 247.0 246.0 244.0 243.0 241.0 240.0 238.0 237.0 235.0 234.0 232.0 230.0 229.0 227.0 226.0 224.0 223.0 221.0 220.0 218.0 217.0 215.0 213.0 212.0 210.0 209.0 207.0 205.0 204.0 202.0 200.0 199.0 197.0 196.0 194.0 192.0 190.0 189.0 187.0 185.0 184.0 182.0 180.0 179.0 177.0 176.0 174.0 172.0 171.0 169.0 167.0 166.0 164.0 2.0 22.0 23.0 25.0 27.0 28.0 30.0 32.0 33.0 35.0 37.0 38.0 40.0 42.0 43.0 45.0 47.0 48.0 50.0 52.0 53.0 55.0 56.0 58.0 60.0 61.0 63.0 64.0 66.0 68.0 69.0 71.0 72.0 74.0 75.0 77.0 79.0 80.0 82.0 84.0 85.0 86.0 88.0 90.0 91.0 93.0 94.0 96.0 97.0 99.0 100.0 102.0 103.0 105.0 107.0 108.0 109.0 111.0 112.0 114.0 115.0 117.0 118.0 120.0 121.0 123.0 124.0 125.0 127.0 128.0 130.0 131.0 132.0 134.0 135.0 137.0 138.0 139.0 141.0 142.0 143.0 145.0 146.0 148.0 149.0 150.0 151.0 153.0 154.0 155.0 157.0 158.0 159.0 161.0 162.0 163.0 165.0 166.0 168.0 169.0 230.0 1780180900.208925
319.0 310.0 309.0 308.0 307.0 306.0 304.0 303.0 302.0 300.0 299.0 298.0 297.0 296.0 294.0 293.0 292.0 291.0 289.0 288.0 287.0 285.0 284.0 283.0 281.0 280.0 279.0 278.0 276.0 275.0 274.0 272.0 271.0 269.0 268.0 267.0 265.0 264.0 262.0 261.0 260.0 258.0 257.0 256.0 254.0 253.0 252.0 250.0 249.0 247.0 246.0 244.0 243.0 242.0 240.0 238.0 237.0 236.0 234.0 233.0 231.0 230.0 228.0 226.0 225.0 224.0 222.0 221.0 219.0 217.0 216.0 214.0 213.0 211.0 210.0 208.0 207.0 205.0 204.0 202.0 201.0 199.0 197.0 195.0 194.0 192.0 191.0 189.0 188.0 186.0 184.0 183.0 181.0 180.0 178.0 177.0 175.0 174.0 172.0 170.0 2.0 22.0 23.0 25.0 27.0 28.0 30.0 32.0 33.0 35.0 37.0 38.0 40.0 42.0 43.0 45.0 47.0 48.0 50.0 52.0 53.0 55.0 57.0 58.0 60.0 62.0 63.0 65.0 67.0 68.0 70.0 72.0 73.0 75.0 76.0 78.0 79.0 81.0 83.0 84.0 86.0 88.0 89.0 91.0 92.0 94.0 96.0 97.0 98.0 100.0 102.0 103.0 105.0 106.0 108.0 109.0 111.0 112.0 114.0 116.0 117.0 119.0 120.0 122.0 123.0 125.0 126.0 127.0 129.0 130.0 132.0 133.0 135.0 137.0 138.0 139.0 141.0 142.0 144.0 145.0 146.0 148.0 149.0 151.0 152.0 153.0 155.0 156.0 158.0 159.0 160.0 162.0 163.0 165.0 166.0 167.0 169.0 170.0 172.0 173.0 231.0 1780180900.224457
319.0 310.0 309.0 308.0 307.0 306.0 305.0 304.0 302.0 301.0 300.0 299.0 298.0 296.0 295.0 294.0 293.0 292.0 290.0 289.0 288.0 287.0 285.0 284.0 283.0 282.0 280.0 279.0 278.0 276.0 275.0 274.0 273.0 271.0 270.0 269.0 267.0 266.0 265.0 264.0 262.0 261.0 260.0 258.0 257.0 255.0 254.0 253.0 251.0 250.0 249.0 247.0 246.0 244.0 243.0 242.0 240.0 239.0 237.0 236.0 235.0 233.0 232.0 230.0 229.0 227.0 226.0 225.0 223.0 221.0 220.0 219.0 217.0 216.0 214.0 213.0 211.0 210.0 209.0 207.0 205.0 204.0 202.0 201.0 199.0 198.0 196.0 195.0 193.0 192.0 190.0 189.0 188.0 186.0 185.0 183.0 182.0 180.0 179.0 178.0 2.0 22.0 23.0 25.0 27.0 28.0 30.0 32.0 34.0 35.0 37.0 39.0 40.0 42.0 44.0 45.0 47.0 49.0 51.0 52.0 54.0 56.0 58.0 59.0 61.0 62.0 64.0 65.0 67.0 69.0 70.0 72.0 74.0 76.0 77.0 79.0 80.0 82.0 84.0 85.0 87.0 89.0 90.0 92.0 93.0 95.0 97.0 98.0 100.0 102.0 103.0 105.0 106.0 108.0 109.0 111.0 113.0 114.0 116.0 117.0 119.0 121.0 122.0 124.0 125.0 127.0 128.0 130.0 131.0 133.0 134.0 136.0 137.0 139.0 141.0 142.0 144.0 145.0 147.0 148.0 150.0 151.0 152.0 154.0 156.0 157.0 159.0 160.0 161.0 163.0 164.0 166.0 167.0 169.0 170.0 172.0 174.0 175.0 176.0 178.0 232.0 1780180900.239896
319.0 311.0 309.0 308.0 307.0 306.0 305.0 304.0 303.0 302.0 301.0 300.0 298.0 297.0 296.0 295.0 294.0 293.0 291.0 290.0 289.0 288.0 286.0 285.0 284.0 283.0 282.0 281.0 279.0 278.0 277.0 276.0 274.0 273.0 272.0 271.0 269.0 268.0 267.0 266.0 264.0 263.0 262.0 261.0 259.0 258.0 257.0 256.0 254.0 253.0 251.0 250.0 249.0 248.0 246.0 245.0 244.0 242.0 241.0 240.0 238.0 237.0 236.0 234.0 233.0 231.0 230.0 229.0 228.0 226.0 225.0 223.0 222.0 221.0 219.0 218.0 217.0 215.0 214.0 212.0 211.0 210.0 208.0 207.0 206.0 204.0 203.0 202.0 200.0 199.0 197.0 196.0 195.0 193.0 192.0 190.0 189.0 188.0 187.0 186.0 2.0 22.0 23.0 25.0 27.0 28.0 30.0 32.0 34.0 35.0 37.0 39.0 41.0 42.0 44.0 46.0 48.0 49.0 51.0 53.0 55.0 56.0 58.0 59.0 61.0 63.0 65.0 66.0 68.0 70.0 71.0 73.0 75.0 77.0 78.0 80.0 82.0 83.0 85.0 86.0 88.0 90.0 91.0 93.0 95.0 96.0 98.0 100.0 101.0 103.0 104.0 106.0 108.0 110.0 111.0 113.0 115.0 116.0 118.0 119.0 121.0 123.0 124.0 126.0 127.0 129.0 130.0 132.0 134.0 135.0 137.0 139.0 140.0 142.0 143.0 145.0 147.0 148.0 150.0 151.0 153.0 154.0 156.0 158.0 159.0 160.0 162.0 164.0 165.0 167.0 168.0 170.0 172.0 173.0 175.0 176.0 178.0 180.0 181.0 183.0 233.0 1780180900.255250
319.0 311.0 310.0 309.0 308.0 306.0 305.0 304.0 303.0 302.0 301.0 300.0 299.0 298.0 297.0 296.0 294.0 293.0 292.0 291.0 290.0 289.0 288.0 286.0 285.0 284.0 283.0 282.0 281.0 280.0 278.0 277.0 276.0 275.0 274.0 273.0 271.0 270.0 269.0 268.0 267.0 265.0 264.0 263.0 262.0 261.0 260.0 258.0 257.0 256.0 255.0 253.0 252.0 251.0 250.0 249.0 247.0 246.0 245.0 244.0 242.0 241.0 240.0 239.0 237.0 236.0 235.0 234.0 232.0 231.0 230.0 229.0 227.0 226.0 225.0 224.0 222.0 221.0 220.0 219.0 218.0 216.0 215.0 214.0 213.0 211.0 210.0 209.0 207.0 206.0 205.0 204.0 203.0 202.0 200.0 199.0 198.0 197.0 196.0 195.0 2.0 22.0 24.0 25.0 27.0 29.0 31.0 32.0 34.0 36.0 38.0 39.0 41.0 43.0 44.0 46.0 48.0 50.0 52.0 53.0 55.0 57.0 59.0 60.0 62.0 64.0 65.0 67.0 69.0 71.0 72.0 74.0 76.0 78.0 79.0 81.0 83.0 84.0 86.0 88.0 90.0 91.0 93.0 95.0 96.0 98.0 100.0 101.0 103.0 105.0 106.0 108.0 110.0 112.0 113.0 115.0 117.0 119.0 120.0 122.0 123.0 125.0 127.0 128.0 130.0 132.0 133.0 135.0 137.0 138.0 140.0 142.0 144.0 145.0 147.0 148.0 150.0 152.0 153.0 155.0 157.0 158.0 160.0 162.0 163.0 165.0 167.0 168.0 170.0 171.0 173.0 175.0 177.0 178.0 180.0 182.0 183.0 185.0 187.0 189.0 234.0 1780180900.270715
319.0 311.0 310.0 309.0 308.0 307.0 306.0 305.0 304.0 303.0 302.0 301.0 299.0 298.0 297.0 296.0 295.0 294.0 293.0 292.0 291.0 290.0 289.0 288.0 287.0 286.0 285.0 284.0 282.0 281.0 280.0 279.0 278.0 277.0 276.0 275.0 274.0 273.0 272.0 271.0 269.0 268.0 267.0 266.0 265.0 264.0 263.0 262.0 261.0 259.0 259.0 257.0 256.0 255.0 254.0 253.0 252.0 251.0 250.0 249.0 247.0 246.0 245.0 244.0 243.0 242.0 241.0 240.0 239.0 237.0 236.0 235.0 234.0 233.0 232.0 231.0 230.0 229.0 228.0 226.0 226.0 224.0 223.0 222.0 221.0 220.0 219.0 218.0 216.0 215.0 214.0 213.0 212.0 211.0 210.0 209.0 208.0 207.0 206.0 205.0 2.0 22.0 24.0 26.0 27.0 29.0 31.0 33.0 34.0 36.0 38.0 40.0 41.0 43.0 45.0 46.0 48.0 50.0 52.0 54.0 56.0 57.0 59.0 61.0 63.0 64.0 66.0 68.0 70.0 72.0 73.0 75.0 77.0 78.0 80.0 82.0 84.0 85.0 87.0 89.0 91.0 92.0 94.0 96.0 98.0 100.0 101.0 103.0 105.0 107.0 108.0 110.0 112.0 114.0 115.0 117.0 119.0 120.0 122.0 124.0 126.0 128.0 129.0 131.0 132.0 134.0 136.0 138.0 140.0 141.0 143.0 145.0 146.0 148.0 150.0 152.0 153.0 155.0 157.0 159.0 160.0 162.0 163.0 165.0 167.0 169.0 171.0 172.0 174.0 175.0 177.0 179.0 181.0 183.0 184.0 186.0 188.0 190.0 192.0 193.0 235.0 1780180900.286349
319.0 311.0 310.0 310.0 309.0 308.0 307.0 305.0 304.0 304.0 303.0 302.0 301.0 300.0 298.0 298.0 297.0 296.0 295.0 294.0 293.0 292.0 291.0 290.0 289.0 288.0 287.0 286.0 285.0 284.0 283.0 282.0 281.0 280.0 279.0 278.0 277.0 276.0 275.0 274.0 273.0 272.0 271.0 270.0 269.0 268.0 267.0 266.0 265.0 264.0 263.0 262.0 261.0 260.0 259.0 258.0 257.0 257.0 255.0 254.0 254.0 252.0 252.0 251.0 250.0 249.0 248.0 247.0 246.0 245.0 244.0 243.0 242.0 241.0 240.0 239.0 238.0 237.0 236.0 235.0 234.0 233.0 232.0 231.0 230.0 230.0 228.0 227.0 226.0 226.0 224.0 224.0 223.0 222.0 221.0 220.0 219.0 218.0 217.0 217.0 2.0 22.0 24.0 26.0 27.0 29.0 31.0 33.0 35.0 36.0 38.0 40.0 42.0 43.0 45.0 47.0 49.0 51.0 53.0 55.0 56.0 58.0 60.0 61.0 63.0 65.0 67.0 69.0 70.0 72.0 74.0 76.0 78.0 79.0 81.0 83.0 85.0 86.0 88.0 90.0 92.0 94.0 95.0 97.0 99.0 101.0 103.0 105.0 106.0 108.0 110.0 112.0 114.0 116.0 117.0 119.0 121.0 123.0 124.0 126.0 128.0 130.0 131.0 133.0 135.0 137.0 139.0 141.0 142.0 144.0 146.0 148.0 150.0 151.0 153.0 155.0 157.0 158.0 160.0 162.0 164.0 165.0 167.0 169.0 171.0 173.0 175.0 177.0 178.0 180.0 182.0 184.0 185.0 187.0 189.0 191.0 192.0 194.0 196.0 198.0 236.0 1780180900.306951
319.0 312.0 311.0 311.0 310.0 309.0 308.0 307.0 306.0 305.0 304.0 304.0 302.0 302.0 301.0 300.0 299.0 298.0 298.0 296.0 296.0 295.0 294.0 293.0 292.0 291.0 290.0 290.0 289.0 288.0 287.0 286.0 285.0 284.0 284.0 283.0 282.0 281.0 280.0 279.0 279.0 278.0 277.0 276.0 275.0 274.0 273.0 273.0 272.0 271.0 270.0 269.0 268.0 268.0 267.0 266.0 265.0 265.0 263.0 263.0 262.0 261.0 260.0 260.0 258.0 258.0 257.0 256.0 255.0 254.0 253.0 253.0 252.0 251.0 250.0 249.0 249.0 248.0 247.0 246.0 245.0 245.0 244.0 243.0 242.0 241.0 240.0 240.0 239.0 238.0 237.0 236.0 235.0 235.0 234.0 233.0 233.0 232.0 231.0 231.0 2.0 22.0 24.0 26.0 27.0 29.0 31.0 33.0 35.0 37.0 39.0 41.0 42.0 44.0 46.0 48.0 49.0 51.0 53.0 55.0 57.0 59.0 61.0 62.0 64.0 66.0 68.0 70.0 72.0 74.0 75.0 77.0 79.0 81.0 83.0 85.0 86.0 88.0 90.0 92.0 94.0 96.0 97.0 99.0 101.0 103.0 105.0 107.0 109.0 111.0 112.0 114.0 116.0 118.0 119.0 121.0 123.0 125.0 127.0 129.0 131.0 133.0 134.0 136.0 138.0 140.0 142.0 144.0 146.0 147.0 149.0 151.0 153.0 155.0 157.0 159.0 160.0 162.0 164.0 166.0 167.0 169.0 171.0 173.0 175.0 177.0 179.0 181.0 182.0 184.0 186.0 188.0 190.0 192.0 193.0 195.0 197.0 199.0 201.0 203.0 237.0 1780180900.327437
319.0 314.0 313.0 312.0 312.0 311.0 310.0 309.0 308.0 308.0 307.0 307.0 306.0 305.0 304.0 304.0 303.0 302.0 302.0 301.0 300.0 299.0 299.0 298.0 297.0 297.0 296.0 295.0 294.0 294.0 293.0 292.0 292.0 291.0 290.0 289.0 289.0 288.0 288.0 287.0 286.0 285.0 285.0 284.0 283.0 283.0 282.0 281.0 281.0 280.0 279.0 278.0 278.0 277.0 276.0 276.0 275.0 274.0 273.0 273.0 272.0 272.0 271.0 270.0 269.0 269.0 268.0 267.0 267.0 266.0 265.0 265.0 264.0 263.0 262.0 262.0 261.0 261.0 260.0 259.0 258.0 258.0 257.0 256.0 255.0 255.0 254.0 253.0 253.0 252.0 251.0 251.0 250.0 250.0 249.0 248.0 248.0 247.0 247.0 246.0 2.0 22.0 24.0 26.0 28.0 30.0 32.0 34.0 36.0 37.0 39.0 41.0 43.0 45.0 47.0 49.0 51.0 52.0 54.0 56.0 58.0 60.0 62.0 64.0 66.0 68.0 70.0 71.0 73.0 75.0 77.0 79.0 81.0 83.0 85.0 87.0 88.0 90.0 92.0 94.0 96.0 98.0 99.0 101.0 103.0 105.0 107.0 109.0 111.0 113.0 115.0 117.0 118.0 120.0 122.0 124.0 126.0 128.0 130.0 132.0 134.0 135.0 137.0 139.0 141.0 143.0 145.0 147.0 149.0 151.0 152.0 154.0 156.0 158.0 160.0 162.0 164.0 165.0 167.0 169.0 171.0 173.0 175.0 177.0 179.0 180.0 182.0 184.0 186.0 188.0 190.0 192.0 194.0 196.0 197.0 199.0 201.0 204.0 205.0 207.0 238.0 1780180900.342772
319.0 315.0 314.0 314.0 313.0 313.0 312.0 312.0 311.0 311.0 310.0 310.0 309.0 309.0 308.0 307.0 307.0 306.0 306.0 305.0 305.0 304.0 304.0 303.0 302.0 302.0 302.0 301.0 301.0 300.0 299.0 299.0 298.0 298.0 297.0 296.0 296.0 296.0 295.0 295.0 294.0 293.0 293.0 292.0 292.0 291.0 290.0 290.0 290.0 289.0 288.0 288.0 287.0 287.0 286.0 286.0 285.0 285.0 284.0 283.0 283.0 282.0 282.0 281.0 281.0 280.0 280.0 279.0 278.0 278.0 277.0 277.0 276.0 276.0 275.0 275.0 274.0 274.0 273.0 273.0 272.0 271.0 271.0 270.0 269.0 269.0 269.0 268.0 267.0 267.0 266.0 266.0 265.0 265.0 264.0 264.0 264.0 263.0 262.0 262.0 2.0 23.0 25.0 27.0 29.0 31.0 32.0 34.0 36.0 38.0 40.0 42.0 44.0 46.0 48.0 50.0 52.0 54.0 56.0 57.0 60.0 61.0 63.0 65.0 67.0 69.0 71.0 73.0 75.0 77.0 79.0 81.0 83.0 85.0 86.0 88.0 90.0 92.0 94.0 96.0 98.0 100.0 101.0 103.0 105.0 107.0 109.0 111.0 113.0 115.0 117.0 119.0 121.0 123.0 124.0 126.0 128.0 130.0 132.0 134.0 136.0 138.0 140.0 142.0 144.0 146.0 148.0 150.0 152.0 153.0 155.0 157.0 159.0 161.0 163.0 165.0 167.0 169.0 171.0 173.0 174.0 176.0 178.0 180.0 182.0 184.0 186.0 188.0 189.0 191.0 193.0 195.0 197.0 199.0 201.0 203.0 205.0 207.0 209.0 211.0 239.0 1780180900.363776
319.0 316.0 316.0 316.0 315.0 315.0 315.0 314.0 314.0 313.0 313.0 313.0 313.0 312.0 312.0 311.0 311.0 311.0 310.0 310.0 310.0 309.0 309.0 309.0 308.0 308.0 308.0 307.0 307.0 307.0 306.0 306.0 305.0 305.0 305.0 304.0 304.0 304.0 304.0 303.0 303.0 302.0 302.0 301.0 301.0 301.0 300.0 300.0 300.0 300.0 299.0 299.0 298.0 298.0 298.0 297.0 297.0 296.0 296.0 295.0 295.0 295.0 294.0 294.0 294.0 293.0 293.0 293.0 292.0 292.0 291.0 291.0 291.0 290.0 290.0 290.0 289.0 288.0 288.0 288.0 287.0 287.0 286.0 286.0 285.0 285.0 285.0 284.0 284.0 283.0 283.0 283.0 282.0 282.0 282.0 281.0 281.0 281.0 280.0 280.0 2.0 23.0 25.0 27.0 29.0 31.0 33.0 35.0 37.0 39.0 41.0 43.0 45.0 47.0 49.0 50.0 52.0 54.0 56.0 58.0 60.0 62.0 64.0 66.0 68.0 70.0 72.0 74.0 76.0 78.0 80.0 82.0 84.0 86.0 88.0 90.0 91.0 93.0 95.0 97.0 99.0 101.0 103.0 105.0 107.0 109.0 111.0 113.0 114.0 116.0 118.0 120.0 122.0 124.0 126.0 128.0 130.0 132.0 134.0 136.0 138.0 140.0 142.0 144.0 146.0 148.0 150.0 151.0 153.0 155.0 157.0 159.0 161.0 163.0 165.0 167.0 169.0 171.0 173.0 175.0 176.0 178.0 180.0 182.0 184.0 186.0 188.0 190.0 192.0 194.0 196.0 198.0 200.0 202.0 204.0 206.0 208.0 210.0 212.0 214.0 240.0 1780180900.378964
319.0 318.0 317.0 317.0 317.0 317.0 317.0 317.0 316.0 316.0 316.0 316.0 316.0 316.0 316.0 315.0 315.0 315.0 314.0 315.0 314.0 314.0 314.0 314.0 314.0 314.0 313.0 313.0 313.0 313.0 312.0 312.0 312.0 312.0 312.0 311.0 312.0 311.0 311.0 311.0 311.0 311.0 310.0 310.0 310.0 310.0 309.0 309.0 309.0 309.0 309.0 309.0 308.0 309.0 308.0 308.0 308.0 307.0 307.0 307.0 307.0 307.0 306.0 306.0 306.0 306.0 306.0 305.0 305.0 305.0 305.0 305.0 304.0 304.0 304.0 304.0 303.0 303.0 303.0 302.0 302.0 302.0 302.0 301.0 301.0 301.0 301.0 300.0 300.0 300.0 299.0 299.0 299.0 299.0 298.0 298.0 298.0 298.0 298.0 298.0 2.0 23.0 25.0 27.0 29.0 31.0 33.0 35.0 37.0 39.0 41.0 43.0 45.0 47.0 49.0 51.0 53.0 55.0 57.0 59.0 61.0 63.0 65.0 67.0 69.0 71.0 73.0 75.0 77.0 79.0 80.0 82.0 84.0 86.0 88.0 90.0 92.0 94.0 96.0 98.0 100.0 102.0 103.0 105.0 107.0 109.0 111.0 113.0 115.0 117.0 119.0 121.0 123.0 125.0 127.0 129.0 131.0 133.0 135.0 137.0 139.0 140.0 142.0 144.0 146.0 148.0 150.0 152.0 154.0 156.0 158.0 160.0 162.0 164.0 166.0 168.0 170.0 172.0 174.0 176.0 178.0 179.0 181.0 183.0 185.0 187.0 190.0 192.0 193.0 195.0 197.0 199.0 201.0 203.0 205.0 207.0 209.0 211.0 213.0 215.0 241.0 1780180900.394443
319.0 319.0 319.0 319.0 319.0 319.0 319.0 319.0 319.0 318.0 319.0 319.0 319.0 319.0 319.0 319.0 319.0 318.0 319.0 319.0 318.0 319.0 318.0 319.0 319.0 318.0 319.0 319.0 318.0 319.0 318.0 318.0 318.0 318.0 318.0 318.0 318.0 318.0 318.0 318.0 318.0 318.0 318.0 318.0 318.0 318.0 318.0 318.0 318.0 318.0 318.0 318.0 318.0 318.0 318.0 318.0 318.0 318.0 318.0 318.0 318.0 318.0 317.0 318.0 317.0 317.0 317.0 317.0 317.0 317.0 317.0 317.0 317.0 317.0 317.0 317.0 317.0 316.0 316.0 316.0 316.0 316.0 316.0 316.0 315.0 316.0 316.0 315.0 315.0 315.0 315.0 315.0 315.0 314.0 314.0 314.0 314.0 314.0 314.0 314.0 2.0 24.0 26.0 28.0 30.0 31.0 33.0 35.0 37.0 39.0 41.0 43.0 45.0 47.0 49.0 51.0 53.0 55.0 57.0 59.0 61.0 63.0 65.0 67.0 69.0 71.0 73.0 75.0 77.0 79.0 81.0 82.0 84.0 86.0 88.0 90.0 92.0 94.0 96.0 98.0 100.0 102.0 104.0 106.0 108.0 110.0 112.0 114.0 115.0 117.0 119.0 121.0 123.0 125.0 127.0 129.0 131.0 133.0 135.0 137.0 139.0 141.0 143.0 145.0 147.0 149.0 151.0 153.0 155.0 157.0 159.0 161.0 163.0 165.0 167.0 168.0 170.0 172.0 174.0 176.0 178.0 180.0 182.0 184.0 186.0 188.0 190.0 192.0 194.0 196.0 198.0 200.0 202.0 204.0 206.0 208.0 210.0 212.0 214.0 216.0 242.0 1780180900.409916
319.0 320.0 320.0 321.0 321.0 321.0 321.0 321.0 321.0 321.0 321.0 321.0 321.0 321.0 322.0 322.0 322.0 322.0 322.0 322.0 322.0 323.0 322.0 323.0 323.0 323.0 323.0 324.0 323.0 324.0 324.0 324.0 324.0 324.0 324.0 324.0 325.0 325.0 325.0 325.0 325.0 325.0 325.0 326.0 326.0 326.0 326.0 326.0 326.0 326.0 326.0 326.0 327.0 327.0 327.0 327.0 327.0 327.0 327.0 327.0 327.0 328.0 327.0 328.0 328.0 328.0 328.0 328.0 328.0 328.0 328.0 328.0 328.0 329.0 329.0 329.0 329.0 329.0 329.0 329.0 329.0 329.0 329.0 329.0 329.0 329.0 329.0 329.0 329.0 329.0 329.0 329.0 329.0 329.0 329.0 330.0 330.0 330.0 330.0 330.0 2.0 23.0 25.0 27.0 29.0 31.0 33.0 35.0 37.0 39.0 41.0 43.0 45.0 47.0 49.0 51.0 53.0 55.0 57.0 59.0 61.0 63.0 65.0 67.0 69.0 71.0 73.0 75.0 76.0 78.0 80.0 82.0 84.0 86.0 88.0 90.0 92.0 94.0 96.0 98.0 100.0 102.0 104.0 105.0 107.0 109.0 111.0 113.0 115.0 117.0 119.0 121.0 123.0 125.0 127.0 129.0 131.0 133.0 135.0 137.0 139.0 141.0 143.0 145.0 146.0 148.0 150.0 152.0 154.0 156.0 158.0 160.0 162.0 164.0 166.0 168.0 170.0 172.0 174.0 176.0 178.0 180.0 182.0 184.0 186.0 188.0 190.0 192.0 194.0 196.0 198.0 200.0 201.0 203.0 205.0 207.0 209.0 211.0 213.0 215.0 243.0 1780180900.435612
319.0 321.0 322.0 322.0 322.0 322.0 323.0 323.0 323.0 323.0 324.0 324.0 324.0 324.0 325.0 325.0 325.0 325.0 326.0 326.0 326.0 327.0 327.0 327.0 327.0 328.0 328.0 328.0 328.0 329.0 329.0 329.0 330.0 330.0 330.0 331.0 331.0 331.0 331.0 332.0 332.0 332.0 332.0 333.0 333.0 333.0 334.0 334.0 334.0 335.0 335.0 335.0 335.0 335.0 336.0 336.0 336.0 337.0 337.0 337.0 337.0 338.0 338.0 338.0 339.0 339.0 339.0 339.0 339.0 340.0 340.0 340.0 340.0 341.0 341.0 341.0 342.0 342.0 342.0 342.0 343.0 343.0 343.0 343.0 343.0 344.0 344.0 344.0 344.0 344.0 345.0 345.0 345.0 345.0 346.0 346.0 346.0 347.0 347.0 347.0 2.0 23.0 25.0 27.0 29.0 31.0 33.0 35.0 37.0 39.0 41.0 43.0 45.0 47.0 49.0 50.0 52.0 54.0 56.0 58.0 60.0 62.0 64.0 66.0 68.0 70.0 72.0 74.0 76.0 77.0 79.0 81.0 83.0 85.0 87.0 89.0 91.0 93.0 95.0 97.0 99.0 101.0 103.0 104.0 106.0 108.0 110.0 112.0 114.0 116.0 118.0 120.0 122.0 123.0 125.0 127.0 129.0 131.0 133.0 135.0 137.0 139.0 141.0 143.0 145.0 147.0 149.0 151.0 152.0 154.0 156.0 158.0 160.0 162.0 164.0 166.0 168.0 170.0 172.0 174.0 176.0 178.0 179.0 181.0 183.0 185.0 188.0 190.0 192.0 193.0 195.0 197.0 199.0 201.0 203.0 205.0 207.0 209.0 211.0 213.0 244.0 1780180900.450957
319.0 322.0 323.0 323.0 323.0 324.0 324.0 324.0 325.0 325.0 325.0 326.0 326.0 327.0 327.0 328.0 328.0 328.0 329.0 329.0 329.0 330.0 330.0 331.0 331.0 332.0 332.0 333.0 333.0 333.0 334.0 334.0 335.0 335.0 336.0 336.0 336.0 337.0 337.0 338.0 338.0 339.0 339.0 340.0 340.0 341.0 341.0 341.0 342.0 342.0 343.0 343.0 344.0 344.0 344.0 345.0 345.0 346.0 346.0 346.0 347.0 348.0 348.0 348.0 349.0 349.0 350.0 350.0 350.0 351.0 351.0 352.0 352.0 353.0 353.0 354.0 354.0 354.0 355.0 355.0 356.0 356.0 356.0 357.0 357.0 358.0 358.0 358.0 359.0 359.0 360.0 360.0 361.0 361.0 362.0 362.0 363.0 363.0 364.0 365.0 2.0 23.0 25.0 27.0 29.0 31.0 33.0 35.0 37.0 39.0 41.0 43.0 45.0 47.0 49.0 50.0 52.0 54.0 56.0 58.0 60.0 62.0 64.0 66.0 68.0 70.0 72.0 74.0 76.0 77.0 79.0 81.0 83.0 85.0 87.0 89.0 91.0 92.0 94.0 96.0 98.0 100.0 102.0 104.0 106.0 108.0 110.0 112.0 114.0 116.0 118.0 120.0 121.0 123.0 125.0 127.0 129.0 131.0 133.0 135.0 137.0 138.0 140.0 142.0 144.0 146.0 148.0 150.0 152.0 154.0 156.0 158.0 160.0 162.0 163.0 165.0 167.0 169.0 171.0 173.0 175.0 177.0 178.0 180.0 182.0 184.0 186.0 188.0 190.0 192.0 194.0 196.0 198.0 199.0 201.0 203.0 205.0 207.0 209.0 211.0 245.0 1780180900.466357
319.0 323.0 324.0 324.0 324.0 325.0 325.0 326.0 326.0 327.0 327.0 328.0 328.0 329.0 330.0 330.0 331.0 331.0 331.0 332.0 333.0 333.0 334.0 335.0 335.0 335.0 336.0 337.0 337.0 338.0 338.0 339.0 340.0 340.0 341.0 341.0 342.0 343.0 343.0 344.0 345.0 345.0 346.0 346.0 347.0 348.0 348.0 349.0 349.0 350.0 351.0 351.0 352.0 352.0 353.0 354.0 354.0 355.0 355.0 356.0 357.0 358.0 358.0 359.0 359.0 360.0 361.0 361.0 362.0 363.0 363.0 364.0 364.0 365.0 366.0 366.0 367.0 367.0 368.0 369.0 369.0 370.0 371.0 371.0 372.0 373.0 373.0 374.0 374.0 375.0 376.0 376.0 377.0 378.0 379.0 380.0 380.0 381.0 382.0 383.0 2.0 23.0 25.0 27.0 29.0 31.0 33.0 35.0 37.0 39.0 41.0 43.0 45.0 47.0 49.0 51.0 53.0 55.0 57.0 59.0 61.0 63.0 65.0 66.0 68.0 70.0 72.0 74.0 76.0 78.0 80.0 82.0 84.0 86.0 88.0 90.0 92.0 94.0 95.0 97.0 99.0 101.0 103.0 105.0 107.0 109.0 111.0 113.0 115.0 117.0 119.0 120.0 122.0 124.0 126.0 128.0 130.0 132.0 134.0 136.0 138.0 139.0 141.0 143.0 145.0 147.0 149.0 151.0 153.0 155.0 156.0 158.0 160.0 162.0 164.0 166.0 168.0 170.0 172.0 174.0 176.0 177.0 179.0 181.0 183.0 185.0 187.0 189.0 191.0 193.0 194.0 196.0 198.0 200.0 202.0 204.0 205.0 207.0 209.0 211.0 246.0 1780180900.481869
319.0 324.0 325.0 325.0 326.0 326.0 327.0 327.0 328.0 328.0 329.0 330.0 330.0 331.0 332.0 332.0 333.0 334.0 334.0 335.0 336.0 336.0 337.0 338.0 338.0 339.0 340.0 340.0 341.0 342.0 343.0 344.0 344.0 345.0 346.0 346.0 347.0 348.0 349.0 349.0 350.0 351.0 352.0 352.0 353.0 354.0 355.0 356.0 356.0 357.0 358.0 359.0 359.0 360.0 361.0 362.0 363.0 363.0 364.0 365.0 366.0 367.0 367.0 368.0 369.0 370.0 371.0 372.0 372.0 373.0 374.0 375.0 376.0 376.0 377.0 378.0 379.0 380.0 380.0 381.0 382.0 383.0 384.0 384.0 385.0 386.0 387.0 388.0 389.0 389.0 391.0 391.0 392.0 393.0 394.0 395.0 396.0 398.0 399.0 400.0 2.0 24.0 26.0 28.0 29.0 31.0 33.0 35.0 37.0 39.0 41.0 43.0 45.0 47.0 49.0 51.0 53.0 55.0 57.0 59.0 61.0 63.0 65.0 67.0 69.0 70.0 72.0 74.0 76.0 78.0 80.0 82.0 84.0 86.0 88.0 90.0 92.0 94.0 95.0 97.0 99.0 101.0 103.0 105.0 107.0 109.0 111.0 113.0 115.0 116.0 118.0 120.0 122.0 124.0 126.0 128.0 130.0 132.0 134.0 136.0 137.0 139.0 141.0 143.0 145.0 147.0 149.0 151.0 152.0 154.0 156.0 158.0 160.0 162.0 164.0 165.0 167.0 169.0 171.0 173.0 175.0 177.0 179.0 181.0 183.0 185.0 187.0 188.0 190.0 192.0 194.0 195.0 197.0 199.0 201.0 203.0 204.0 206.0 207.0 209.0 247.0 1780180900.502990
319.0 325.0 326.0 326.0 327.0 327.0 328.0 329.0 329.0 330.0 331.0 332.0 332.0 333.0 334.0 335.0 336.0 336.0 337.0 338.0 339.0 339.0 340.0 341.0 342.0 343.0 344.0 345.0 345.0 347.0 347.0 348.0 349.0 350.0 351.0 352.0 352.0 353.0 354.0 355.0 356.0 357.0 358.0 359.0 360.0 361.0 361.0 363.0 363.0 364.0 365.0 366.0 367.0 368.0 369.0 370.0 371.0 372.0 373.0 374.0 375.0 375.0 377.0 378.0 378.0 379.0 380.0 381.0 382.0 383.0 384.0 385.0 386.0 387.0 388.0 389.0 390.0 391.0 392.0 393.0 394.0 395.0 396.0 397.0 398.0 399.0 400.0 401.0 402.0 403.0 404.0 405.0 406.0 408.0 409.0 410.0 411.0 412.0 414.0 415.0 2.0 23.0 25.0 27.0 29.0 31.0 33.0 35.0 37.0 39.0 41.0 43.0 45.0 47.0 49.0 51.0 52.0 54.0 56.0 58.0 60.0 62.0 64.0 66.0 68.0 70.0 72.0 74.0 75.0 77.0 79.0 81.0 83.0 85.0 87.0 89.0 91.0 93.0 94.0 96.0 98.0 100.0 102.0 104.0 105.0 107.0 109.0 111.0 113.0 115.0 117.0 119.0 121.0 122.0 124.0 126.0 128.0 130.0 132.0 134.0 135.0 137.0 139.0 141.0 143.0 145.0 146.0 148.0 150.0 152.0 154.0 156.0 158.0 160.0 161.0 163.0 165.0 167.0 169.0 171.0 172.0 174.0 176.0 178.0 180.0 182.0 183.0 185.0 187.0 189.0 190.0 192.0 194.0 196.0 197.0 199.0 200.0 202.0 204.0 205.0 248.0 1780180900.523361
319.0 326.0 327.0 327.0 328.0 329.0 330.0 330.0 331.0 332.0 333.0 334.0 335.0 336.0 337.0 338.0 339.0 340.0 340.0 341.0 342.0 343.0 344.0 345.0 346.0 347.0 348.0 349.0 350.0 351.0 352.0 353.0 354.0 355.0 356.0 357.0 358.0 359.0 360.0 361.0 362.0 363.0 364.0 366.0 366.0 367.0 368.0 370.0 371.0 372.0 373.0 374.0 375.0 376.0 377.0 378.0 379.0 380.0 381.0 382.0 383.0 384.0 386.0 387.0 388.0 389.0 390.0 391.0 392.0 393.0 394.0 396.0 397.0 398.0 399.0 400.0 401.0 402.0 403.0 404.0 405.0 407.0 408.0 409.0 410.0 411.0 412.0 413.0 415.0 416.0 417.0 418.0 420.0 421.0 422.0 424.0 425.0 427.0 428.0 430.0 2.0 23.0 25.0 27.0 29.0 31.0 33.0 35.0 36.0 38.0 40.0 42.0 44.0 46.0 48.0 50.0 52.0 53.0 55.0 57.0 59.0 61.0 63.0 65.0 67.0 68.0 70.0 72.0 74.0 76.0 78.0 80.0 82.0 83.0 85.0 87.0 89.0 91.0 92.0 94.0 96.0 98.0 100.0 102.0 103.0 105.0 107.0 109.0 111.0 112.0 114.0 116.0 118.0 120.0 122.0 124.0 125.0 127.0 129.0 131.0 133.0 135.0 136.0 138.0 140.0 142.0 143.0 145.0 147.0 149.0 150.0 152.0 154.0 156.0 158.0 160.0 162.0 163.0 165.0 167.0 169.0 170.0 172.0 174.0 176.0 178.0 179.0 181.0 183.0 185.0 186.0 188.0 190.0 191.0 193.0 194.0 196.0 197.0 199.0 200.0 249.0 1780180900.538435
319.0 326.0 328.0 328.0 329.0 330.0 331.0 332.0 333.0 334.0 335.0 336.0 337.0 338.0 339.0 340.0 341.0 342.0 343.0 344.0 345.0 346.0 348.0 349.0 350.0 351.0 352.0 353.0 354.0 355.0 357.0 358.0 359.0 360.0 361.0 362.0 363.0 365.0 365.0 367.0 368.0 369.0 370.0 371.0 373.0 374.0 375.0 376.0 377.0 378.0 379.0 381.0 382.0 383.0 384.0 385.0 386.0 388.0 389.0 390.0 391.0 392.0 394.0 395.0 396.0 397.0 398.0 400.0 401.0 402.0 403.0 405.0 406.0 407.0 408.0 410.0 411.0 412.0 413.0 414.0 415.0 417.0 418.0 419.0 420.0 422.0 423.0 424.0 426.0 427.0 428.0 430.0 432.0 433.0 434.0 436.0 437.0 439.0 440.0 442.0 2.0 23.0 25.0 27.0 28.0 30.0 32.0 34.0 36.0 38.0 40.0 42.0 43.0 45.0 47.0 49.0 51.0 52.0 54.0 56.0 58.0 60.0 61.0 63.0 65.0 67.0 69.0 71.0 73.0 74.0 76.0 78.0 80.0 81.0 83.0 85.0 87.0 89.0 91.0 92.0 94.0 96.0 97.0 99.0 101.0 103.0 105.0 107.0 108.0 110.0 112.0 114.0 115.0 117.0 119.0 121.0 123.0 124.0 126.0 128.0 129.0 131.0 133.0 135.0 137.0 139.0 140.0 142.0 144.0 146.0 147.0 149.0 151.0 152.0 154.0 156.0 158.0 160.0 161.0 163.0 165.0 166.0 168.0 170.0 172.0 174.0 175.0 177.0 179.0 180.0 182.0 183.0 185.0 186.0 188.0 189.0 191.0 192.0 193.0 195.0 250.0 1780180900.553881
319.0 327.0 328.0 329.0 330.0 331.0 332.0 333.0 334.0 335.0 336.0 337.0 339.0 340.0 341.0 342.0 343.0 345.0 346.0 347.0 348.0 349.0 350.0 352.0 353.0 354.0 355.0 356.0 358.0 359.0 360.0 361.0 362.0 364.0 365.0 366.0 367.0 369.0 370.0 371.0 373.0 374.0 375.0 376.0 378.0 379.0 380.0 381.0 382.0 384.0 385.0 387.0 388.0 389.0 390.0 391.0 393.0 394.0 395.0 397.0 398.0 399.0 401.0 402.0 403.0 404.0 405.0 407.0 408.0 410.0 411.0 412.0 413.0 415.0 416.0 418.0 419.0 420.0 421.0 423.0 424.0 425.0 427.0 428.0 429.0 431.0 432.0 434.0 435.0 436.0 438.0 440.0 441.0 442.0 444.0 446.0 448.0 449.0 450.0 452.0 2.0 22.0 24.0 26.0 28.0 30.0 32.0 34.0 35.0 37.0 39.0 41.0 43.0 45.0 46.0 48.0 50.0 51.0 53.0 55.0 57.0 59.0 60.0 62.0 64.0 66.0 67.0 69.0 71.0 73.0 75.0 76.0 78.0 80.0 81.0 83.0 85.0 87.0 89.0 90.0 92.0 94.0 96.0 97.0 99.0 101.0 102.0 104.0 106.0 108.0 110.0 111.0 113.0 115.0 116.0 118.0 120.0 121.0 123.0 125.0 127.0 129.0 130.0 132.0 134.0 135.0 137.0 139.0 141.0 142.0 144.0 146.0 147.0 149.0 151.0 153.0 154.0 156.0 158.0 159.0 161.0 163.0 165.0 166.0 168.0 170.0 171.0 173.0 175.0 176.0 178.0 179.0 181.0 182.0 183.0 185.0 186.0 188.0 189.0 190.0 251.0 1780180900.574493
319.0 328.0 329.0 330.0 331.0 332.0 333.0 334.0 335.0 336.0 338.0 339.0 340.0 341.0 343.0 344.0 345.0 347.0 348.0 349.0 350.0 351.0 353.0 354.0 356.0 357.0 358.0 360.0 361.0 362.0 363.0 365.0 366.0 367.0 369.0 370.0 371.0 373.0 374.0 376.0 377.0 378.0 380.0 381.0 382.0 384.0 385.0 387.0 388.0 389.0 391.0 392.0 393.0 395.0 396.0 398.0 399.0 400.0 401.0 403.0 405.0 406.0 407.0 409.0 410.0 411.0 412.0 414.0 416.0 417.0 418.0 420.0 421.0 423.0 424.0 425.0 427.0 428.0 430.0 431.0 432.0 434.0 435.0 437.0 438.0 440.0 441.0 442.0 444.0 445.0 447.0 449.0 450.0 452.0 453.0 455.0 457.0 459.0 460.0 462.0 2.0 22.0 24.0 26.0 28.0 30.0 31.0 33.0 35.0 37.0 39.0 40.0 42.0 44.0 46.0 47.0 49.0 51.0 52.0 54.0 56.0 58.0 59.0 61.0 63.0 64.0 66.0 68.0 70.0 71.0 73.0 75.0 76.0 78.0 80.0 81.0 83.0 85.0 87.0 88.0 90.0 92.0 93.0 95.0 97.0 98.0 100.0 102.0 104.0 105.0 107.0 108.0 110.0 112.0 113.0 115.0 117.0 118.0 120.0 122.0 123.0 125.0 127.0 129.0 130.0 132.0 133.0 135.0 137.0 139.0 140.0 142.0 144.0 145.0 147.0 148.0 150.0 152.0 154.0 155.0 157.0 159.0 160.0 162.0 163.0 165.0 167.0 169.0 170.0 172.0 173.0 175.0 176.0 177.0 179.0 180.0 181.0 182.0 183.0 185.0 252.0 1780180900.589900
319.0 328.0 329.0 330.0 332.0 333.0 334.0 335.0 336.0 338.0 339.0 340.0 342.0 343.0 344.0 345.0 347.0 348.0 350.0 351.0 352.0 354.0 355.0 356.0 358.0 359.0 361.0 362.0 364.0 365.0 367.0 368.0 369.0 371.0 372.0 374.0 375.0 377.0 378.0 380.0 381.0 382.0 384.0 385.0 387.0 388.0 390.0 391.0 393.0 394.0 396.0 397.0 398.0 400.0 401.0 403.0 404.0 406.0 407.0 409.0 410.0 411.0 413.0 415.0 416.0 418.0 419.0 420.0 422.0 424.0 425.0 426.0 428.0 429.0 431.0 433.0 434.0 435.0 437.0 438.0 440.0 441.0 443.0 444.0 446.0 447.0 449.0 450.0 452.0 453.0 455.0 457.0 458.0 460.0 462.0 464.0 465.0 467.0 468.0 470.0 2.0 22.0 24.0 26.0 27.0 29.0 31.0 33.0 35.0 36.0 38.0 40.0 41.0 43.0 45.0 47.0 48.0 50.0 52.0 54.0 55.0 57.0 58.0 60.0 62.0 63.0 65.0 67.0 69.0 70.0 72.0 73.0 75.0 77.0 78.0 80.0 82.0 83.0 85.0 86.0 88.0 90.0 91.0 93.0 94.0 96.0 98.0 100.0 101.0 103.0 104.0 106.0 107.0 109.0 111.0 112.0 114.0 115.0 117.0 119.0 120.0 122.0 123.0 125.0 127.0 128.0 130.0 132.0 133.0 135.0 136.0 138.0 140.0 141.0 143.0 144.0 146.0 148.0 149.0 151.0 153.0 154.0 156.0 157.0 159.0 160.0 162.0 164.0 165.0 167.0 168.0 170.0 171.0 172.0 173.0 175.0 176.0 177.0 178.0 179.0 253.0 1780180900.605509
319.0 329.0 330.0 331.0 332.0 333.0 335.0 336.0 337.0 338.0 340.0 341.0 343.0 344.0 345.0 347.0 348.0 350.0 351.0 352.0 354.0 355.0 357.0 358.0 360.0 361.0 363.0 364.0 366.0 367.0 369.0 370.0 372.0 373.0 375.0 376.0 378.0 379.0 381.0 383.0 384.0 385.0 387.0 388.0 390.0 391.0 393.0 395.0 396.0 398.0 399.0 401.0 402.0 404.0 405.0 407.0 408.0 410.0 411.0 413.0 414.0 416.0 417.0 419.0 420.0 422.0 423.0 425.0 426.0 428.0 430.0 431.0 433.0 434.0 436.0 437.0 439.0 440.0 442.0 443.0 445.0 447.0 448.0 450.0 451.0 453.0 455.0 456.0 458.0 459.0 461.0 463.0 464.0 466.0 467.0 469.0 471.0 473.0 475.0 476.0 2.0 22.0 24.0 25.0 27.0 29.0 31.0 33.0 34.0 36.0 37.0 39.0 41.0 43.0 44.0 46.0 48.0 49.0 51.0 53.0 54.0 56.0 57.0 59.0 61.0 62.0 64.0 66.0 67.0 69.0 70.0 72.0 74.0 75.0 77.0 78.0 80.0 81.0 83.0 85.0 86.0 88.0 89.0 91.0 92.0 94.0 95.0 97.0 99.0 100.0 101.0 103.0 105.0 106.0 108.0 109.0 111.0 112.0 114.0 116.0 117.0 119.0 120.0 122.0 123.0 125.0 126.0 128.0 130.0 131.0 132.0 134.0 136.0 137.0 139.0 140.0 142.0 143.0 145.0 147.0 148.0 150.0 151.0 152.0 154.0 156.0 157.0 159.0 160.0 162.0 163.0 164.0 166.0 167.0 168.0 169.0 170.0 171.0 173.0 174.0 254.0 1780180900.620993
319.0 329.0 330.0 331.0 332.0 334.0 335.0 337.0 338.0 339.0 341.0 342.0 343.0 345.0 346.0 348.0 349.0 351.0 352.0 354.0 355.0 356.0 358.0 360.0 361.0 363.0 364.0 366.0 367.0 369.0 370.0 372.0 373.0 375.0 376.0 378.0 380.0 381.0 383.0 384.0 386.0 387.0 389.0 390.0 392.0 393.0 395.0 397.0 398.0 400.0 401.0 403.0 405.0 406.0 408.0 409.0 410.0 412.0 414.0 415.0 417.0 419.0 420.0 422.0 423.0 425.0 426.0 428.0 429.0 431.0 433.0 434.0 436.0 438.0 439.0 441.0 442.0 444.0 445.0 447.0 448.0 450.0 452.0 453.0 455.0 457.0 458.0 460.0 461.0 463.0 464.0 466.0 468.0 469.0 471.0 473.0 475.0 477.0 478.0 480.0 2.0 22.0 23.0 25.0 27.0 29.0 30.0 32.0 34.0 35.0 37.0 39.0 40.0 42.0 44.0 45.0 47.0 48.0 50.0 52.0 53.0 55.0 56.0 58.0 59.0 61.0 63.0 64.0 66.0 67.0 69.0 70.0 72.0 73.0 75.0 76.0 78.0 79.0 81.0 83.0 84.0 86.0 87.0 89.0 90.0 91.0 93.0 95.0 96.0 98.0 99.0 100.0 102.0 103.0 105.0 106.0 108.0 109.0 111.0 112.0 114.0 115.0 117.0 119.0 120.0 121.0 123.0 124.0 126.0 127.0 129.0 130.0 131.0 133.0 135.0 136.0 137.0 139.0 140.0 142.0 143.0 145.0 146.0 148.0 149.0 151.0 152.0 154.0 155.0 156.0 158.0 159.0 160.0 162.0 163.0 164.0 165.0 166.0 167.0 168.0 255.0 1780180900.636420
319.0 329.0 330.0 331.0 333.0 334.0 335.0 337.0 338.0 340.0 341.0 343.0 344.0 346.0 347.0 348.0 350.0 351.0 353.0 354.0 356.0 357.0 359.0 360.0 362.0 363.0 365.0 366.0 368.0 369.0 371.0 372.0 374.0 376.0 377.0 379.0 380.0 382.0 384.0 385.0 387.0 388.0 390.0 392.0 393.0 395.0 396.0 398.0 399.0 401.0 402.0 404.0 406.0 407.0 409.0 410.0 412.0 413.0 415.0 417.0 418.0 420.0 421.0 423.0 425.0 426.0 428.0 430.0 431.0 433.0 434.0 436.0 437.0 439.0 440.0 442.0 444.0 445.0 447.0 448.0 450.0 452.0 453.0 455.0 456.0 458.0 460.0 461.0 463.0 464.0 466.0 468.0 469.0 471.0 473.0 475.0 476.0 478.0 480.0 482.0 2.0 21.0 23.0 25.0 27.0 28.0 30.0 31.0 33.0 35.0 36.0 38.0 40.0 41.0 43.0 44.0 46.0 47.0 49.0 51.0 52.0 54.0 55.0 57.0 58.0 60.0 62.0 63.0 65.0 66.0 68.0 69.0 70.0 72.0 74.0 75.0 77.0 78.0 79.0 81.0 82.0 84.0 85.0 87.0 88.0 89.0 91.0 92.0 94.0 95.0 97.0 98.0 99.0 101.0 102.0 104.0 105.0 107.0 108.0 109.0 111.0 112.0 113.0 115.0 117.0 118.0 119.0 121.0 122.0 123.0 125.0 126.0 128.0 129.0 130.0 132.0 133.0 135.0 136.0 137.0 139.0 140.0 142.0 143.0 145.0 146.0 147.0 149.0 150.0 151.0 153.0 154.0 155.0 157.0 158.0 159.0 160.0 161.0 162.0 164.0 256.0 1780180900.651783
319.0 330.0 331.0 332.0 333.0 334.0 336.0 337.0 339.0 340.0 342.0 343.0 345.0 346.0 347.0 349.0 350.0 352.0 354.0 355.0 357.0 358.0 360.0 362.0 363.0 364.0 366.0 368.0 369.0 371.0 373.0 374.0 376.0 377.0 379.0 380.0 382.0 384.0 386.0 387.0 389.0 390.0 392.0 393.0 395.0 397.0 398.0 400.0 402.0 403.0 405.0 406.0 408.0 409.0 411.0 413.0 415.0 416.0 418.0 419.0 421.0 423.0 424.0 426.0 427.0 429.0 431.0 432.0 434.0 436.0 438.0 439.0 441.0 442.0 444.0 445.0 447.0 448.0 450.0 452.0 454.0 455.0 457.0 458.0 460.0 462.0 463.0 465.0 467.0 468.0 470.0 472.0 473.0 475.0 477.0 479.0 480.0 482.0 484.0 486.0 2.0 22.0 23.0 25.0 27.0 28.0 30.0 32.0 33.0 35.0 37.0 38.0 40.0 41.0 43.0 45.0 46.0 48.0 49.0 51.0 52.0 54.0 55.0 57.0 58.0 60.0 61.0 63.0 65.0 66.0 67.0 69.0 70.0 72.0 73.0 75.0 76.0 78.0 79.0 81.0 82.0 83.0 85.0 86.0 87.0 89.0 90.0 92.0 93.0 95.0 96.0 97.0 99.0 100.0 102.0 103.0 104.0 106.0 107.0 109.0 110.0 111.0 113.0 114.0 115.0 117.0 118.0 120.0 121.0 122.0 124.0 125.0 127.0 128.0 129.0 131.0 132.0 134.0 135.0 136.0 138.0 139.0 141.0 142.0 144.0 145.0 146.0 148.0 149.0 150.0 152.0 153.0 154.0 156.0 157.0 158.0 159.0 160.0 161.0 162.0 257.0 1780180900.667228
319.0 329.0 331.0 332.0 333.0 335.0 336.0 338.0 339.0 340.0 342.0 343.0 345.0 347.0 348.0 350.0 351.0 353.0 354.0 356.0 357.0 359.0 360.0 362.0 364.0 365.0 367.0 369.0 370.0 372.0 374.0 375.0 377.0 379.0 380.0 382.0 383.0 385.0 387.0 388.0 390.0 392.0 393.0 395.0 397.0 398.0 400.0 401.0 403.0 405.0 406.0 408.0 410.0 411.0 413.0 415.0 416.0 418.0 420.0 421.0 423.0 425.0 426.0 428.0 429.0 431.0 433.0 435.0 436.0 438.0 440.0 441.0 443.0 445.0 446.0 448.0 449.0 451.0 453.0 454.0 456.0 457.0 459.0 461.0 463.0 464.0 466.0 468.0 469.0 471.0 473.0 475.0 476.0 478.0 480.0 482.0 484.0 485.0 487.0 489.0 2.0 22.0 23.0 25.0 27.0 28.0 30.0 32.0 33.0 35.0 37.0 38.0 40.0 42.0 43.0 45.0 46.0 48.0 49.0 51.0 52.0 54.0 55.0 57.0 59.0 60.0 61.0 63.0 64.0 66.0 67.0 69.0 70.0 72.0 73.0 74.0 76.0 77.0 79.0 80.0 81.0 83.0 85.0 86.0 87.0 89.0 90.0 91.0 93.0 94.0 96.0 97.0 98.0 100.0 101.0 103.0 104.0 106.0 107.0 108.0 110.0 111.0 113.0 114.0 115.0 117.0 118.0 120.0 121.0 123.0 124.0 125.0 127.0 128.0 130.0 131.0 133.0 134.0 135.0 137.0 138.0 140.0 141.0 143.0 144.0 145.0 147.0 148.0 149.0 150.0 152.0 153.0 154.0 155.0 156.0 157.0 158.0 159.0 160.0 161.0 258.0 1780180900.682796
319.0 330.0 331.0 332.0 333.0 335.0 336.0 338.0 339.0 341.0 342.0 343.0 345.0 347.0 348.0 350.0 351.0 353.0 355.0 356.0 358.0 360.0 361.0 363.0 365.0 366.0 368.0 369.0 371.0 372.0 374.0 376.0 378.0 379.0 381.0 383.0 384.0 386.0 388.0 389.0 391.0 393.0 394.0 396.0 398.0 399.0 401.0 403.0 404.0 406.0 408.0 410.0 411.0 413.0 414.0 416.0 418.0 419.0 421.0 423.0 424.0 426.0 428.0 430.0 431.0 433.0 434.0 436.0 438.0 440.0 441.0 443.0 445.0 446.0 448.0 450.0 451.0 453.0 455.0 456.0 458.0 460.0 461.0 463.0 465.0 467.0 468.0 470.0 472.0 474.0 475.0 477.0 479.0 481.0 483.0 485.0 486.0 488.0 490.0 492.0 2.0 22.0 24.0 25.0 27.0 29.0 30.0 32.0 34.0 35.0 37.0 39.0 40.0 42.0 43.0 45.0 47.0 48.0 50.0 51.0 53.0 55.0 56.0 58.0 59.0 61.0 62.0 64.0 65.0 67.0 68.0 70.0 71.0 72.0 74.0 75.0 77.0 78.0 79.0 81.0 82.0 83.0 85.0 87.0 88.0 89.0 91.0 92.0 94.0 95.0 97.0 98.0 100.0 101.0 103.0 104.0 105.0 107.0 108.0 109.0 111.0 112.0 114.0 115.0 117.0 118.0 120.0 121.0 123.0 124.0 125.0 127.0 128.0 130.0 131.0 133.0 134.0 135.0 137.0 138.0 140.0 141.0 142.0 144.0 145.0 147.0 148.0 149.0 150.0 151.0 153.0 154.0 155.0 156.0 157.0 158.0 159.0 159.0 160.0 161.0 259.0 1780180900.703527
319.0 329.0 331.0 332.0 333.0 335.0 336.0 337.0 339.0 340.0 342.0 343.0 345.0 346.0 348.0 350.0 351.0 353.0 355.0 356.0 358.0 359.0 361.0 363.0 364.0 366.0 367.0 369.0 371.0 372.0 374.0 376.0 377.0 379.0 381.0 382.0 384.0 386.0 387.0 389.0 391.0 392.0 394.0 396.0 397.0 399.0 401.0 402.0 404.0 406.0 407.0 409.0 411.0 412.0 414.0 416.0 417.0 419.0 421.0 422.0 424.0 426.0 427.0 429.0 431.0 432.0 434.0 436.0 437.0 439.0 441.0 442.0 444.0 446.0 447.0 449.0 451.0 453.0 454.0 456.0 458.0 459.0 461.0 463.0 465.0 466.0 468.0 470.0 472.0 474.0 475.0 477.0 479.0 480.0 482.0 484.0 486.0 488.0 490.0 492.0 2.0 22.0 24.0 25.0 27.0 29.0 31.0 32.0 34.0 36.0 37.0 39.0 40.0 42.0 44.0 45.0 47.0 48.0 50.0 51.0 53.0 55.0 56.0 58.0 59.0 61.0 62.0 64.0 65.0 67.0 68.0 70.0 71.0 73.0 74.0 76.0 77.0 79.0 80.0 82.0 83.0 84.0 86.0 87.0 89.0 90.0 92.0 93.0 95.0 96.0 97.0 99.0 101.0 102.0 103.0 105.0 106.0 108.0 109.0 111.0 112.0 113.0 115.0 116.0 118.0 119.0 121.0 122.0 124.0 125.0 127.0 128.0 129.0 131.0 132.0 134.0 135.0 137.0 138.0 139.0 141.0 142.0 143.0 145.0 146.0 147.0 149.0 150.0 151.0 152.0 153.0 155.0 156.0 156.0 157.0 158.0 159.0 160.0 161.0 161.0 260.0 1780180900.718744
319.0 329.0 330.0 331.0 332.0 334.0 335.0 337.0 338.0 339.0 340.0 342.0 344.0 345.0 347.0 348.0 349.0 351.0 353.0 354.0 356.0 357.0 359.0 360.0 362.0 363.0 365.0 367.0 368.0 370.0 371.0 373.0 374.0 376.0 378.0 379.0 381.0 382.0 384.0 386.0 388.0 389.0 391.0 392.0 394.0 395.0 397.0 399.0 400.0 402.0 404.0 405.0 407.0 408.0 410.0 412.0 413.0 415.0 417.0 418.0 420.0 422.0 423.0 425.0 426.0 428.0 430.0 431.0 433.0 435.0 436.0 438.0 440.0 442.0 443.0 445.0 446.0 448.0 449.0 451.0 453.0 455.0 456.0 458.0 460.0 461.0 463.0 465.0 466.0 468.0 470.0 472.0 473.0 475.0 477.0 479.0 481.0 482.0 484.0 487.0 2.0 22.0 24.0 25.0 27.0 28.0 30.0 32.0 34.0 35.0 37.0 38.0 40.0 42.0 43.0 45.0 46.0 48.0 50.0 51.0 53.0 54.0 56.0 57.0 59.0 60.0 62.0 64.0 65.0 67.0 68.0 70.0 71.0 72.0 74.0 75.0 77.0 78.0 80.0 81.0 83.0 84.0 86.0 87.0 89.0 90.0 92.0 93.0 95.0 96.0 97.0 99.0 100.0 102.0 103.0 104.0 106.0 107.0 109.0 110.0 112.0 113.0 115.0 116.0 117.0 119.0 120.0 122.0 123.0 124.0 126.0 127.0 129.0 130.0 132.0 133.0 134.0 136.0 137.0 138.0 140.0 141.0 142.0 144.0 145.0 146.0 148.0 149.0 150.0 151.0 152.0 153.0 155.0 156.0 157.0 157.0 158.0 159.0 160.0 161.0 261.0 1780180900.739220
319.0 329.0 330.0 331.0 332.0 333.0 335.0 336.0 337.0 339.0 340.0 342.0 343.0 344.0 346.0 347.0 348.0 350.0 352.0 353.0 354.0 356.0 357.0 359.0 360.0 362.0 363.0 365.0 366.0 368.0 369.0 371.0 372.0 374.0 376.0 377.0 379.0 380.0 382.0 384.0 385.0 387.0 388.0 390.0 392.0 393.0 395.0 396.0 398.0 400.0 401.0 403.0 405.0 406.0 408.0 409.0 411.0 412.0 414.0 416.0 417.0 419.0 421.0 423.0 424.0 426.0 428.0 429.0 431.0 433.0 434.0 436.0 438.0 439.0 441.0 443.0 444.0 446.0 447.0 449.0 451.0 453.0 454.0 456.0 458.0 460.0 461.0 463.0 464.0 466.0 468.0 470.0 471.0 473.0 475.0 477.0 479.0 481.0 483.0 485.0 2.0 22.0 24.0 25.0 27.0 29.0 30.0 32.0 34.0 36.0 37.0 39.0 41.0 42.0 44.0 46.0 47.0 49.0 51.0 52.0 54.0 55.0 57.0 58.0 60.0 62.0 63.0 65.0 66.0 68.0 70.0 71.0 73.0 74.0 76.0 77.0 79.0 80.0 82.0 83.0 85.0 86.0 88.0 90.0 91.0 92.0 94.0 95.0 97.0 98.0 100.0 102.0 103.0 105.0 106.0 107.0 109.0 110.0 112.0 113.0 115.0 116.0 118.0 119.0 121.0 122.0 123.0 125.0 126.0 128.0 129.0 130.0 132.0 133.0 135.0 136.0 137.0 139.0 140.0 142.0 143.0 144.0 146.0 147.0 148.0 150.0 151.0 152.0 153.0 154.0 156.0 157.0 158.0 159.0 160.0 161.0 162.0 162.0 163.0 164.0 262.0 1780180900.754687
319.0 328.0 329.0 330.0 331.0 333.0 334.0 336.0 337.0 338.0 339.0 341.0 342.0 343.0 345.0 346.0 347.0 348.0 350.0 351.0 353.0 355.0 356.0 357.0 359.0 360.0 361.0 363.0 364.0 366.0 367.0 369.0 371.0 372.0 374.0 375.0 377.0 378.0 380.0 381.0 383.0 384.0 386.0 388.0 389.0 391.0 392.0 394.0 395.0 397.0 398.0 400.0 402.0 403.0 405.0 407.0 408.0 410.0 412.0 413.0 415.0 417.0 418.0 420.0 421.0 423.0 425.0 426.0 428.0 430.0 431.0 433.0 435.0 436.0 438.0 440.0 441.0 443.0 445.0 447.0 448.0 450.0 452.0 453.0 455.0 457.0 458.0 460.0 462.0 464.0 465.0 467.0 469.0 471.0 472.0 474.0 476.0 478.0 480.0 482.0 2.0 22.0 24.0 25.0 27.0 29.0 31.0 33.0 35.0 36.0 38.0 39.0 41.0 43.0 45.0 46.0 48.0 50.0 52.0 53.0 55.0 56.0 58.0 60.0 61.0 63.0 64.0 66.0 68.0 70.0 71.0 73.0 74.0 76.0 77.0 79.0 80.0 82.0 84.0 85.0 87.0 88.0 90.0 91.0 93.0 95.0 96.0 98.0 99.0 101.0 102.0 104.0 105.0 107.0 108.0 110.0 112.0 113.0 115.0 116.0 118.0 119.0 121.0 122.0 123.0 125.0 127.0 128.0 129.0 131.0 132.0 134.0 135.0 137.0 138.0 139.0 141.0 142.0 144.0 145.0 147.0 148.0 149.0 151.0 152.0 153.0 155.0 156.0 157.0 158.0 159.0 161.0 162.0 163.0 164.0 164.0 165.0 166.0 167.0 168.0 263.0 1780180900.775536
319.0 328.0 329.0 330.0 331.0 332.0 334.0 335.0 336.0 337.0 338.0 339.0 341.0 342.0 343.0 345.0 346.0 347.0 349.0 350.0 351.0 353.0 354.0 355.0 357.0 358.0 360.0 361.0 363.0 364.0 365.0 367.0 368.0 369.0 371.0 373.0 374.0 375.0 377.0 379.0 380.0 382.0 383.0 385.0 386.0 388.0 389.0 391.0 392.0 394.0 395.0 397.0 398.0 400.0 402.0 403.0 405.0 406.0 408.0 409.0 411.0 412.0 414.0 416.0 417.0 419.0 421.0 422.0 424.0 426.0 427.0 429.0 430.0 432.0 433.0 435.0 437.0 438.0 440.0 442.0 443.0 445.0 447.0 448.0 450.0 452.0 453.0 455.0 457.0 459.0 461.0 462.0 464.0 466.0 467.0 469.0 471.0 473.0 475.0 477.0 2.0 22.0 24.0 26.0 28.0 29.0 31.0 33.0 35.0 37.0 38.0 40.0 42.0 44.0 45.0 47.0 49.0 50.0 52.0 54.0 56.0 57.0 59.0 61.0 62.0 64.0 65.0 67.0 69.0 71.0 72.0 74.0 76.0 77.0 79.0 81.0 82.0 84.0 85.0 87.0 89.0 90.0 92.0 93.0 95.0 97.0 98.0 100.0 101.0 103.0 105.0 106.0 108.0 109.0 111.0 112.0 114.0 115.0 117.0 119.0 120.0 122.0 123.0 125.0 126.0 128.0 129.0 131.0 133.0 134.0 136.0 137.0 138.0 140.0 142.0 143.0 145.0 146.0 147.0 149.0 150.0 152.0 153.0 155.0 156.0 157.0 159.0 160.0 162.0 163.0 164.0 165.0 167.0 167.0 168.0 169.0 170.0 171.0 172.0 173.0 264.0 1780180900.790712
319.0 328.0 329.0 330.0 331.0 332.0 333.0 334.0 335.0 336.0 337.0 339.0 340.0 341.0 343.0 344.0 345.0 346.0 348.0 349.0 350.0 352.0 353.0 354.0 356.0 357.0 358.0 360.0 361.0 362.0 363.0 365.0 366.0 368.0 369.0 370.0 372.0 373.0 375.0 376.0 377.0 379.0 380.0 382.0 383.0 385.0 386.0 387.0 389.0 390.0 392.0 393.0 395.0 396.0 398.0 399.0 401.0 402.0 404.0 405.0 407.0 408.0 410.0 411.0 413.0 414.0 416.0 418.0 419.0 421.0 423.0 424.0 426.0 427.0 428.0 430.0 432.0 434.0 435.0 437.0 438.0 440.0 441.0 443.0 445.0 447.0 448.0 450.0 452.0 453.0 455.0 457.0 459.0 460.0 462.0 464.0 466.0 468.0 470.0 472.0 2.0 23.0 24.0 26.0 28.0 30.0 31.0 33.0 35.0 37.0 38.0 40.0 42.0 44.0 46.0 48.0 49.0 51.0 53.0 54.0 56.0 58.0 60.0 61.0 63.0 65.0 66.0 68.0 70.0 72.0 73.0 75.0 77.0 78.0 80.0 82.0 84.0 85.0 87.0 89.0 90.0 92.0 93.0 95.0 97.0 99.0 100.0 102.0 103.0 105.0 107.0 108.0 110.0 112.0 113.0 115.0 117.0 118.0 120.0 121.0 123.0 124.0 126.0 127.0 129.0 131.0 132.0 134.0 135.0 137.0 139.0 140.0 142.0 143.0 145.0 146.0 148.0 150.0 151.0 153.0 154.0 155.0 157.0 159.0 160.0 161.0 163.0 164.0 166.0 167.0 168.0 170.0 171.0 172.0 173.0 174.0 175.0 176.0 177.0 178.0 265.0 1780180900.811482
319.0 328.0 328.0 329.0 330.0 332.0 333.0 334.0 335.0 336.0 337.0 338.0 339.0 341.0 342.0 343.0 344.0 346.0 347.0 348.0 349.0 351.0 352.0 353.0 354.0 356.0 357.0 358.0 359.0 361.0 362.0 363.0 364.0 366.0 367.0 368.0 370.0 371.0 372.0 374.0 375.0 377.0 378.0 379.0 380.0 382.0 383.0 384.0 386.0 387.0 389.0 390.0 391.0 393.0 394.0 396.0 397.0 398.0 400.0 401.0 403.0 404.0 406.0 407.0 409.0 410.0 412.0 413.0 414.0 416.0 418.0 419.0 420.0 422.0 423.0 425.0 426.0 428.0 429.0 431.0 432.0 434.0 436.0 437.0 439.0 440.0 442.0 443.0 445.0 447.0 448.0 450.0 452.0 453.0 455.0 457.0 459.0 461.0 462.0 464.0 2.0 23.0 24.0 26.0 28.0 30.0 32.0 34.0 36.0 37.0 39.0 41.0 43.0 45.0 46.0 48.0 50.0 52.0 54.0 55.0 57.0 59.0 60.0 62.0 64.0 66.0 68.0 69.0 71.0 73.0 74.0 76.0 78.0 80.0 82.0 83.0 85.0 86.0 88.0 90.0 92.0 94.0 95.0 97.0 99.0 100.0 102.0 104.0 105.0 107.0 109.0 111.0 112.0 114.0 115.0 117.0 119.0 121.0 122.0 124.0 126.0 127.0 129.0 131.0 132.0 134.0 136.0 137.0 139.0 140.0 142.0 144.0 145.0 147.0 149.0 150.0 152.0 153.0 155.0 157.0 158.0 160.0 161.0 163.0 165.0 166.0 167.0 169.0 171.0 172.0 173.0 175.0 176.0 177.0 178.0 180.0 181.0 182.0 183.0 184.0 266.0 1780180900.831951
319.0 327.0 328.0 329.0 330.0 331.0 332.0 333.0 334.0 335.0 336.0 338.0 339.0 340.0 341.0 342.0 343.0 344.0 346.0 347.0 348.0 349.0 350.0 351.0 353.0 354.0 355.0 357.0 358.0 359.0 360.0 361.0 362.0 364.0 365.0 366.0 367.0 369.0 370.0 371.0 372.0 374.0 375.0 376.0 378.0 379.0 380.0 381.0 383.0 384.0 385.0 387.0 388.0 389.0 391.0 392.0 393.0 394.0 396.0 397.0 399.0 400.0 401.0 403.0 404.0 405.0 407.0 408.0 409.0 411.0 412.0 413.0 415.0 416.0 417.0 419.0 420.0 421.0 423.0 424.0 425.0 427.0 428.0 429.0 431.0 432.0 434.0 435.0 437.0 438.0 440.0 441.0 443.0 444.0 446.0 448.0 449.0 451.0 453.0 455.0 2.0 23.0 25.0 26.0 28.0 30.0 32.0 34.0 36.0 38.0 39.0 41.0 43.0 45.0 47.0 49.0 50.0 52.0 54.0 56.0 58.0 59.0 61.0 63.0 65.0 67.0 68.0 70.0 72.0 74.0 75.0 77.0 79.0 81.0 83.0 84.0 86.0 88.0 90.0 92.0 93.0 95.0 97.0 98.0 100.0 102.0 104.0 105.0 107.0 109.0 111.0 113.0 114.0 116.0 117.0 119.0 121.0 123.0 125.0 126.0 128.0 130.0 131.0 133.0 135.0 137.0 138.0 140.0 142.0 143.0 145.0 147.0 149.0 150.0 152.0 154.0 156.0 157.0 159.0 160.0 162.0 164.0 165.0 167.0 169.0 171.0 172.0 174.0 175.0 177.0 178.0 180.0 181.0 183.0 184.0 185.0 186.0 188.0 189.0 190.0 267.0 1780180900.847343
319.0 327.0 328.0 329.0 330.0 331.0 332.0 333.0 334.0 335.0 336.0 337.0 338.0 339.0 340.0 341.0 342.0 343.0 345.0 346.0 347.0 348.0 349.0 350.0 351.0 352.0 353.0 355.0 356.0 357.0 358.0 359.0 360.0 362.0 363.0 364.0 365.0 366.0 368.0 369.0 370.0 371.0 372.0 374.0 375.0 376.0 378.0 379.0 380.0 381.0 382.0 383.0 384.0 386.0 387.0 388.0 389.0 390.0 392.0 393.0 394.0 395.0 397.0 398.0 399.0 400.0 401.0 402.0 404.0 405.0 406.0 407.0 409.0 410.0 411.0 412.0 413.0 415.0 416.0 417.0 418.0 419.0 421.0 422.0 423.0 424.0 425.0 427.0 428.0 429.0 431.0 432.0 434.0 435.0 436.0 438.0 439.0 441.0 442.0 444.0 2.0 23.0 25.0 27.0 29.0 30.0 32.0 34.0 36.0 38.0 40.0 42.0 43.0 45.0 47.0 49.0 51.0 53.0 55.0 56.0 58.0 60.0 62.0 64.0 66.0 67.0 69.0 71.0 73.0 75.0 77.0 78.0 80.0 82.0 84.0 85.0 87.0 89.0 91.0 93.0 94.0 96.0 98.0 100.0 102.0 104.0 105.0 107.0 109.0 110.0 112.0 114.0 116.0 118.0 119.0 121.0 123.0 125.0 127.0 128.0 130.0 132.0 134.0 136.0 137.0 139.0 141.0 143.0 145.0 146.0 148.0 150.0 152.0 153.0 155.0 157.0 159.0 160.0 162.0 164.0 166.0 167.0 169.0 171.0 173.0 175.0 176.0 178.0 180.0 181.0 183.0 185.0 186.0 188.0 189.0 191.0 192.0 194.0 195.0 196.0 268.0 1780180900.867966
319.0 327.0 327.0 328.0 330.0 331.0 332.0 333.0 334.0 334.0 335.0 336.0 337.0 338.0 340.0 341.0 342.0 342.0 344.0 345.0 346.0 347.0 348.0 349.0 350.0 351.0 352.0 353.0 354.0 355.0 356.0 357.0 358.0 359.0 361.0 362.0 363.0 364.0 365.0 366.0 367.0 368.0 369.0 370.0 371.0 373.0 374.0 375.0 376.0 377.0 378.0 379.0 380.0 381.0 382.0 383.0 384.0 385.0 387.0 388.0 389.0 390.0 391.0 392.0 393.0 394.0 395.0 396.0 397.0 398.0 399.0 400.0 401.0 403.0 403.0 405.0 405.0 407.0 407.0 409.0 410.0 411.0 412.0 413.0 414.0 415.0 416.0 417.0 418.0 419.0 421.0 422.0 423.0 424.0 425.0 427.0 428.0 430.0 431.0 432.0 2.0 23.0 25.0 27.0 29.0 31.0 33.0 35.0 36.0 38.0 40.0 42.0 44.0 46.0 48.0 50.0 51.0 53.0 55.0 57.0 59.0 61.0 63.0 65.0 67.0 69.0 70.0 72.0 74.0 76.0 78.0 79.0 81.0 83.0 85.0 87.0 89.0 91.0 93.0 94.0 96.0 98.0 100.0 102.0 104.0 106.0 107.0 109.0 111.0 113.0 115.0 117.0 118.0 120.0 122.0 124.0 126.0 128.0 130.0 131.0 133.0 135.0 137.0 139.0 141.0 143.0 145.0 146.0 148.0 150.0 152.0 154.0 156.0 157.0 159.0 161.0 163.0 165.0 166.0 168.0 170.0 172.0 174.0 176.0 178.0 180.0 182.0 183.0 185.0 187.0 189.0 191.0 192.0 194.0 195.0 197.0 198.0 200.0 202.0 203.0 269.0 1780180900.888568
319.0 326.0 327.0 328.0 329.0 330.0 331.0 332.0 333.0 333.0 334.0 335.0 336.0 337.0 338.0 339.0 340.0 340.0 342.0 342.0 343.0 344.0 345.0 346.0 347.0 348.0 349.0 350.0 351.0 352.0 353.0 354.0 355.0 356.0 356.0 358.0 358.0 359.0 360.0 361.0 362.0 363.0 364.0 365.0 366.0 367.0 368.0 369.0 370.0 370.0 372.0 372.0 373.0 374.0 375.0 376.0 377.0 378.0 379.0 380.0 381.0 382.0 382.0 384.0 384.0 385.0 386.0 387.0 388.0 389.0 390.0 391.0 391.0 392.0 393.0 394.0 395.0 396.0 397.0 398.0 398.0 399.0 400.0 401.0 402.0 403.0 404.0 404.0 406.0 406.0 408.0 408.0 409.0 410.0 412.0 412.0 414.0 415.0 416.0 417.0 2.0 23.0 25.0 26.0 28.0 30.0 32.0 34.0 36.0 38.0 40.0 42.0 44.0 46.0 47.0 49.0 51.0 53.0 55.0 57.0 59.0 61.0 62.0 64.0 66.0 68.0 70.0 72.0 74.0 76.0 78.0 80.0 81.0 83.0 85.0 87.0 89.0 91.0 93.0 94.0 96.0 98.0 100.0 102.0 104.0 106.0 107.0 109.0 111.0 113.0 115.0 117.0 119.0 121.0 123.0 125.0 126.0 128.0 130.0 132.0 134.0 136.0 138.0 140.0 142.0 144.0 146.0 148.0 149.0 151.0 153.0 155.0 157.0 159.0 161.0 162.0 164.0 166.0 168.0 170.0 172.0 174.0 175.0 177.0 179.0 181.0 183.0 185.0 187.0 189.0 191.0 192.0 194.0 196.0 198.0 199.0 201.0 203.0 204.0 206.0 270.0 1780180900.903999
319.0 326.0 326.0 327.0 328.0 329.0 329.0 330.0 331.0 332.0 332.0 333.0 334.0 335.0 336.0 337.0 337.0 338.0 339.0 339.0 340.0 341.0 342.0 343.0 344.0 344.0 345.0 346.0 347.0 348.0 349.0 349.0 350.0 351.0 352.0 353.0 353.0 354.0 355.0 356.0 357.0 357.0 358.0 359.0 360.0 361.0 362.0 362.0 363.0 364.0 365.0 365.0 366.0 367.0 368.0 369.0 369.0 370.0 371.0 372.0 372.0 373.0 374.0 375.0 375.0 376.0 377.0 377.0 378.0 379.0 380.0 381.0 381.0 382.0 383.0 383.0 384.0 385.0 385.0 386.0 387.0 387.0 388.0 389.0 390.0 390.0 391.0 392.0 392.0 393.0 394.0 395.0 396.0 396.0 397.0 398.0 399.0 400.0 401.0 402.0 2.0 23.0 25.0 27.0 29.0 30.0 32.0 34.0 36.0 38.0 40.0 42.0 44.0 46.0 48.0 50.0 52.0 54.0 55.0 57.0 59.0 61.0 63.0 65.0 67.0 69.0 70.0 72.0 74.0 76.0 78.0 80.0 82.0 83.0 85.0 87.0 89.0 91.0 93.0 95.0 97.0 98.0 100.0 102.0 104.0 106.0 108.0 110.0 112.0 114.0 116.0 118.0 120.0 121.0 123.0 125.0 127.0 129.0 131.0 133.0 135.0 136.0 138.0 140.0 142.0 144.0 146.0 148.0 150.0 152.0 154.0 156.0 158.0 160.0 162.0 163.0 165.0 167.0 169.0 171.0 173.0 175.0 177.0 179.0 181.0 183.0 185.0 187.0 188.0 190.0 192.0 194.0 196.0 198.0 200.0 201.0 203.0 205.0 207.0 208.0 271.0 1780180900.929768
319.0 325.0 325.0 326.0 326.0 327.0 327.0 328.0 329.0 329.0 330.0 330.0 331.0 332.0 332.0 333.0 333.0 334.0 335.0 335.0 336.0 337.0 337.0 338.0 338.0 339.0 340.0 340.0 341.0 342.0 343.0 343.0 344.0 344.0 345.0 346.0 346.0 347.0 347.0 348.0 349.0 349.0 350.0 351.0 351.0 352.0 352.0 353.0 354.0 354.0 355.0 356.0 356.0 357.0 357.0 358.0 359.0 359.0 360.0 361.0 361.0 362.0 362.0 363.0 363.0 364.0 364.0 365.0 366.0 366.0 367.0 368.0 368.0 369.0 369.0 370.0 370.0 371.0 371.0 372.0 373.0 373.0 374.0 374.0 375.0 375.0 376.0 376.0 377.0 378.0 378.0 379.0 379.0 380.0 381.0 381.0 382.0 383.0 384.0 384.0 2.0 23.0 25.0 27.0 29.0 31.0 33.0 35.0 37.0 39.0 41.0 43.0 44.0 46.0 48.0 50.0 52.0 54.0 56.0 58.0 60.0 62.0 64.0 66.0 68.0 70.0 71.0 73.0 75.0 77.0 79.0 81.0 83.0 84.0 86.0 88.0 90.0 92.0 94.0 96.0 98.0 100.0 102.0 104.0 106.0 108.0 109.0 111.0 113.0 115.0 117.0 119.0 121.0 123.0 125.0 127.0 129.0 131.0 133.0 134.0 136.0 138.0 140.0 142.0 144.0 146.0 148.0 150.0 152.0 154.0 156.0 158.0 160.0 162.0 163.0 165.0 167.0 169.0 171.0 173.0 175.0 177.0 179.0 181.0 183.0 185.0 187.0 189.0 191.0 193.0 195.0 197.0 198.0 200.0 202.0 204.0 206.0 208.0 210.0 211.0 272.0 1780180900.945316
319.0 323.0 323.0 324.0 324.0 325.0 326.0 326.0 326.0 327.0 327.0 328.0 328.0 328.0 329.0 329.0 330.0 330.0 331.0 331.0 331.0 332.0 332.0 333.0 333.0 334.0 334.0 335.0 335.0 335.0 336.0 336.0 337.0 337.0 338.0 338.0 339.0 339.0 339.0 340.0 340.0 341.0 341.0 342.0 342.0 343.0 343.0 344.0 344.0 345.0 345.0 346.0 346.0 346.0 347.0 348.0 348.0 348.0 349.0 349.0 350.0 350.0 350.0 351.0 352.0 352.0 352.0 353.0 353.0 354.0 354.0 354.0 355.0 356.0 356.0 356.0 357.0 357.0 357.0 358.0 358.0 359.0 360.0 360.0 360.0 361.0 361.0 361.0 362.0 362.0 363.0 363.0 364.0 364.0 365.0 365.0 365.0 366.0 367.0 367.0 2.0 23.0 25.0 27.0 29.0 31.0 33.0 35.0 37.0 39.0 41.0 43.0 45.0 47.0 49.0 51.0 53.0 55.0 57.0 59.0 61.0 63.0 64.0 66.0 68.0 70.0 72.0 74.0 76.0 78.0 80.0 82.0 84.0 85.0 87.0 89.0 91.0 93.0 95.0 97.0 99.0 101.0 103.0 105.0 107.0 109.0 111.0 112.0 114.0 116.0 118.0 120.0 122.0 124.0 126.0 128.0 130.0 132.0 134.0 136.0 138.0 140.0 142.0 144.0 146.0 148.0 150.0 151.0 153.0 155.0 157.0 159.0 161.0 163.0 165.0 167.0 169.0 171.0 173.0 175.0 177.0 179.0 180.0 182.0 184.0 186.0 188.0 190.0 192.0 194.0 196.0 198.0 200.0 202.0 204.0 205.0 207.0 209.0 211.0 213.0 273.0 1780180900.960930
319.0 322.0 322.0 323.0 323.0 323.0 323.0 324.0 324.0 324.0 324.0 324.0 325.0 325.0 325.0 326.0 326.0 326.0 326.0 326.0 327.0 327.0 327.0 328.0 328.0 328.0 328.0 329.0 329.0 329.0 330.0 330.0 330.0 330.0 331.0 331.0 331.0 331.0 332.0 332.0 332.0 332.0 333.0 333.0 334.0 334.0 334.0 335.0 335.0 335.0 335.0 336.0 336.0 336.0 337.0 337.0 337.0 337.0 338.0 338.0 338.0 339.0 339.0 339.0 340.0 340.0 340.0 340.0 341.0 341.0 341.0 342.0 342.0 343.0 343.0 343.0 343.0 344.0 344.0 344.0 344.0 345.0 345.0 346.0 346.0 346.0 346.0 346.0 347.0 347.0 347.0 348.0 348.0 348.0 349.0 349.0 349.0 350.0 350.0 351.0 2.0 24.0 26.0 28.0 30.0 31.0 33.0 35.0 37.0 39.0 41.0 43.0 45.0 47.0 49.0 51.0 53.0 55.0 57.0 59.0 61.0 63.0 65.0 67.0 69.0 71.0 72.0 74.0 76.0 78.0 80.0 82.0 84.0 86.0 88.0 90.0 92.0 94.0 96.0 98.0 100.0 102.0 104.0 106.0 108.0 110.0 111.0 113.0 115.0 117.0 119.0 121.0 123.0 125.0 127.0 129.0 131.0 133.0 135.0 137.0 139.0 141.0 143.0 145.0 147.0 149.0 151.0 153.0 154.0 156.0 158.0 160.0 162.0 164.0 166.0 168.0 170.0 172.0 174.0 176.0 178.0 180.0 182.0 184.0 186.0 188.0 190.0 192.0 194.0 196.0 198.0 200.0 202.0 204.0 205.0 207.0 209.0 211.0 213.0 215.0 274.0 1780180900.976199
319.0 320.0 321.0 321.0 321.0 321.0 321.0 321.0 321.0 321.0 321.0 322.0 321.0 322.0 322.0 322.0 322.0 322.0 322.0 322.0 322.0 323.0 323.0 323.0 323.0 323.0 323.0 323.0 323.0 323.0 324.0 324.0 324.0 324.0 324.0 324.0 324.0 324.0 324.0 325.0 325.0 324.0 325.0 325.0 325.0 325.0 325.0 326.0 326.0 326.0 326.0 326.0 326.0 326.0 326.0 327.0 327.0 327.0 327.0 327.0 327.0 328.0 328.0 328.0 328.0 328.0 328.0 328.0 329.0 329.0 329.0 329.0 330.0 330.0 330.0 330.0 330.0 330.0 330.0 330.0 330.0 331.0 331.0 331.0 331.0 331.0 331.0 332.0 332.0 332.0 332.0 332.0 333.0 333.0 333.0 333.0 334.0 334.0 334.0 335.0 2.0 23.0 25.0 27.0 29.0 31.0 33.0 35.0 37.0 39.0 41.0 43.0 45.0 47.0 49.0 51.0 53.0 55.0 57.0 59.0 61.0 63.0 65.0 67.0 69.0 71.0 73.0 75.0 77.0 78.0 80.0 82.0 84.0 86.0 88.0 90.0 92.0 94.0 96.0 98.0 100.0 102.0 104.0 106.0 108.0 110.0 112.0 113.0 115.0 117.0 119.0 121.0 123.0 125.0 127.0 129.0 131.0 133.0 135.0 137.0 139.0 141.0 143.0 145.0 147.0 149.0 151.0 153.0 155.0 157.0 159.0 161.0 163.0 165.0 167.0 169.0 171.0 173.0 175.0 177.0 179.0 181.0 183.0 185.0 187.0 189.0 191.0 193.0 195.0 197.0 199.0 201.0 203.0 205.0 207.0 209.0 210.0 212.0 214.0 216.0 275.0 1780180900.991554
319.0 319.0 319.0 319.0 319.0 319.0 319.0 319.0 319.0 319.0 319.0 319.0 319.0 319.0 319.0 319.0 318.0 318.0 319.0 318.0 318.0 318.0 318.0 318.0 318.0 318.0 318.0 318.0 318.0 318.0 318.0 318.0 318.0 318.0 318.0 318.0 318.0 317.0 317.0 318.0 317.0 317.0 317.0 317.0 317.0 317.0 317.0 317.0 317.0 317.0 317.0 317.0 317.0 317.0 317.0 317.0 317.0 317.0 317.0 317.0 317.0 317.0 317.0 317.0 317.0 317.0 317.0 317.0 317.0 317.0 317.0 317.0 317.0 317.0 317.0 317.0 317.0 317.0 317.0 317.0 317.0 317.0 318.0 318.0 317.0 317.0 318.0 318.0 318.0 318.0 318.0 318.0 318.0 318.0 318.0 318.0 318.0 319.0 319.0 319.0 2.0 23.0 25.0 27.0 29.0 31.0 33.0 35.0 37.0 39.0 41.0 43.0 45.0 47.0 49.0 51.0 53.0 55.0 57.0 59.0 61.0 63.0 64.0 66.0 68.0 70.0 72.0 74.0 76.0 78.0 80.0 82.0 84.0 86.0 88.0 90.0 92.0 94.0 96.0 98.0 100.0 102.0 104.0 106.0 108.0 109.0 111.0 113.0 115.0 117.0 119.0 121.0 123.0 125.0 127.0 129.0 131.0 133.0 135.0 137.0 139.0 141.0 143.0 145.0 147.0 149.0 151.0 153.0 155.0 157.0 159.0 161.0 163.0 165.0 167.0 169.0 171.0 173.0 175.0 177.0 179.0 181.0 183.0 185.0 187.0 189.0 191.0 193.0 195.0 197.0 199.0 201.0 203.0 205.0 207.0 209.0 211.0 213.0 215.0 216.0 276.0 1780180901.012103
319.0 318.0 318.0 318.0 317.0 317.0 317.0 317.0 317.0 316.0 316.0 316.0 316.0 316.0 315.0 316.0 315.0 315.0 315.0 314.0 314.0 314.0 314.0 314.0 313.0 313.0 313.0 313.0 312.0 313.0 312.0 312.0 312.0 311.0 311.0 311.0 311.0 311.0 311.0 310.0 310.0 310.0 310.0 310.0 310.0 309.0 309.0 309.0 309.0 309.0 309.0 308.0 308.0 308.0 308.0 308.0 307.0 307.0 307.0 307.0 307.0 307.0 306.0 307.0 306.0 306.0 306.0 306.0 306.0 306.0 305.0 305.0 305.0 305.0 305.0 305.0 305.0 305.0 304.0 304.0 304.0 304.0 304.0 304.0 304.0 303.0 304.0 303.0 303.0 303.0 303.0 303.0 303.0 303.0 303.0 303.0 303.0 303.0 303.0 303.0 2.0 23.0 25.0 27.0 29.0 31.0 33.0 35.0 37.0 39.0 41.0 43.0 45.0 47.0 49.0 51.0 53.0 55.0 57.0 58.0 60.0 62.0 64.0 66.0 68.0 70.0 72.0 74.0 76.0 78.0 80.0 82.0 84.0 86.0 88.0 89.0 91.0 93.0 95.0 97.0 99.0 101.0 103.0 105.0 107.0 109.0 111.0 113.0 115.0 117.0 119.0 121.0 123.0 125.0 127.0 129.0 131.0 133.0 135.0 136.0 138.0 140.0 142.0 144.0 146.0 148.0 150.0 152.0 154.0 156.0 158.0 160.0 162.0 164.0 166.0 168.0 170.0 172.0 174.0 176.0 178.0 180.0 182.0 184.0 186.0 188.0 190.0 192.0 194.0 196.0 198.0 200.0 202.0 204.0 206.0 208.0 210.0 212.0 213.0 215.0 277.0 1780180901.027507
319.0 317.0 317.0 316.0 316.0 316.0 315.0 315.0 315.0 314.0 314.0 314.0 313.0 313.0 313.0 312.0 312.0 311.0 311.0 311.0 311.0 310.0 310.0 310.0 309.0 309.0 308.0 308.0 308.0 308.0 307.0 307.0 307.0 306.0 306.0 306.0 305.0 305.0 305.0 304.0 304.0 304.0 303.0 303.0 303.0 302.0 302.0 302.0 301.0 301.0 301.0 301.0 300.0 300.0 300.0 300.0 299.0 299.0 298.0 298.0 298.0 298.0 297.0 297.0 297.0 297.0 296.0 296.0 296.0 295.0 295.0 295.0 294.0 294.0 294.0 294.0 293.0 293.0 293.0 293.0 292.0 292.0 292.0 291.0 291.0 291.0 290.0 290.0 290.0 290.0 290.0 289.0 289.0 289.0 288.0 289.0 288.0 288.0 288.0 288.0 2.0 23.0 25.0 27.0 29.0 31.0 33.0 35.0 37.0 39.0 41.0 43.0 45.0 46.0 48.0 50.0 52.0 54.0 56.0 58.0 60.0 62.0 64.0 66.0 68.0 70.0 72.0 74.0 76.0 78.0 80.0 82.0 84.0 85.0 87.0 89.0 91.0 93.0 95.0 97.0 99.0 101.0 103.0 105.0 107.0 109.0 111.0 112.0 114.0 116.0 118.0 120.0 122.0 124.0 126.0 128.0 130.0 132.0 134.0 136.0 138.0 140.0 142.0 144.0 146.0 148.0 150.0 151.0 153.0 155.0 157.0 159.0 161.0 163.0 165.0 167.0 169.0 171.0 173.0 175.0 177.0 179.0 181.0 183.0 185.0 187.0 189.0 191.0 193.0 195.0 197.0 199.0 201.0 203.0 205.0 206.0 208.0 210.0 212.0 214.0 278.0 1780180901.043296
319.0 316.0 316.0 315.0 315.0 314.0 314.0 314.0 313.0 312.0 312.0 312.0 311.0 311.0 310.0 310.0 309.0 309.0 308.0 308.0 308.0 307.0 307.0 306.0 306.0 305.0 305.0 305.0 304.0 304.0 303.0 303.0 302.0 302.0 301.0 301.0 300.0 300.0 300.0 299.0 299.0 298.0 298.0 297.0 297.0 297.0 296.0 296.0 295.0 295.0 294.0 294.0 294.0 293.0 293.0 292.0 292.0 291.0 291.0 290.0 290.0 290.0 289.0 289.0 288.0 288.0 287.0 287.0 286.0 286.0 286.0 285.0 285.0 284.0 284.0 283.0 283.0 283.0 282.0 282.0 281.0 281.0 280.0 280.0 279.0 279.0 279.0 278.0 278.0 277.0 277.0 276.0 276.0 276.0 275.0 275.0 274.0 274.0 274.0 273.0 2.0 23.0 25.0 27.0 29.0 31.0 33.0 35.0 36.0 38.0 40.0 42.0 44.0 46.0 48.0 50.0 52.0 54.0 56.0 58.0 60.0 62.0 64.0 66.0 68.0 70.0 71.0 73.0 75.0 77.0 79.0 81.0 83.0 85.0 87.0 89.0 91.0 92.0 94.0 96.0 98.0 100.0 102.0 104.0 106.0 108.0 110.0 112.0 114.0 116.0 117.0 119.0 121.0 123.0 125.0 127.0 129.0 131.0 133.0 135.0 137.0 139.0 141.0 143.0 145.0 147.0 149.0 150.0 152.0 154.0 156.0 158.0 160.0 162.0 164.0 166.0 168.0 170.0 172.0 174.0 176.0 178.0 180.0 182.0 184.0 186.0 188.0 189.0 191.0 193.0 195.0 197.0 199.0 201.0 203.0 205.0 207.0 209.0 211.0 212.0 279.0 1780180901.058743
319.0 315.0 315.0 314.0 314.0 313.0 313.0 312.0 312.0 311.0 311.0 310.0 309.0 309.0 308.0 308.0 307.0 307.0 306.0 306.0 305.0 305.0 304.0 303.0 303.0 303.0 302.0 301.0 301.0 300.0 300.0 299.0 299.0 298.0 297.0 297.0 296.0 296.0 295.0 295.0 294.0 293.0 293.0 293.0 292.0 291.0 291.0 290.0 289.0 289.0 289.0 288.0 287.0 287.0 286.0 286.0 285.0 285.0 284.0 283.0 283.0 282.0 282.0 281.0 280.0 280.0 279.0 278.0 278.0 278.0 277.0 276.0 276.0 275.0 275.0 274.0 273.0 273.0 272.0 272.0 271.0 270.0 270.0 269.0 268.0 268.0 267.0 267.0 266.0 265.0 265.0 264.0 264.0 263.0 262.0 262.0 261.0 261.0 260.0 260.0 2.0 23.0 25.0 27.0 29.0 31.0 33.0 34.0 36.0 38.0 40.0 42.0 44.0 46.0 48.0 50.0 52.0 54.0 56.0 58.0 59.0 61.0 63.0 65.0 67.0 69.0 71.0 73.0 75.0 77.0 79.0 81.0 83.0 85.0 86.0 88.0 90.0 92.0 94.0 96.0 98.0 100.0 102.0 104.0 106.0 108.0 110.0 111.0 113.0 115.0 117.0 119.0 121.0 123.0 125.0 126.0 128.0 130.0 132.0 134.0 136.0 138.0 140.0 142.0 144.0 146.0 148.0 149.0 151.0 153.0 155.0 157.0 159.0 161.0 163.0 164.0 166.0 168.0 170.0 172.0 174.0 176.0 178.0 180.0 182.0 184.0 186.0 187.0 189.0 191.0 193.0 195.0 197.0 199.0 200.0 202.0 204.0 206.0 208.0 210.0 280.0 1780180901.074052
319.0 315.0 314.0 314.0 313.0 313.0 312.0 311.0 311.0 310.0 310.0 309.0 308.0 308.0 307.0 306.0 306.0 305.0 304.0 304.0 303.0 303.0 302.0 301.0 301.0 300.0 299.0 299.0 298.0 298.0 297.0 296.0 295.0 295.0 294.0 293.0 293.0 292.0 291.0 291.0 290.0 289.0 289.0 288.0 287.0 287.0 286.0 285.0 284.0 284.0 283.0 283.0 282.0 281.0 280.0 280.0 279.0 278.0 277.0 277.0 276.0 275.0 275.0 274.0 273.0 272.0 272.0 271.0 270.0 270.0 269.0 268.0 267.0 266.0 266.0 265.0 264.0 264.0 263.0 262.0 261.0 260.0 260.0 259.0 258.0 257.0 256.0 256.0 255.0 254.0 254.0 253.0 252.0 251.0 250.0 250.0 249.0 248.0 248.0 247.0 2.0 23.0 25.0 27.0 29.0 31.0 32.0 34.0 36.0 38.0 40.0 42.0 44.0 46.0 48.0 50.0 51.0 53.0 55.0 57.0 59.0 61.0 63.0 65.0 67.0 69.0 71.0 73.0 75.0 77.0 78.0 80.0 82.0 84.0 86.0 88.0 89.0 91.0 93.0 95.0 97.0 99.0 101.0 103.0 105.0 107.0 109.0 111.0 112.0 114.0 116.0 118.0 120.0 122.0 124.0 125.0 127.0 129.0 131.0 133.0 135.0 137.0 138.0 140.0 142.0 144.0 146.0 148.0 150.0 152.0 154.0 155.0 157.0 159.0 161.0 163.0 164.0 166.0 168.0 170.0 172.0 174.0 176.0 177.0 179.0 181.0 183.0 185.0 187.0 189.0 191.0 192.0 194.0 196.0 198.0 200.0 201.0 203.0 205.0 207.0 281.0 1780180901.089315
319.0 314.0 314.0 313.0 312.0 312.0 311.0 310.0 310.0 309.0 308.0 308.0 307.0 306.0 306.0 305.0 304.0 304.0 303.0 302.0 302.0 301.0 300.0 299.0 298.0 298.0 297.0 296.0 295.0 295.0 294.0 293.0 293.0 292.0 291.0 290.0 289.0 288.0 288.0 287.0 286.0 285.0 285.0 284.0 283.0 282.0 281.0 281.0 280.0 279.0 278.0 278.0 277.0 276.0 275.0 274.0 273.0 273.0 272.0 270.0 270.0 269.0 268.0 267.0 266.0 265.0 265.0 264.0 263.0 262.0 261.0 260.0 259.0 259.0 258.0 257.0 256.0 255.0 254.0 253.0 252.0 251.0 250.0 249.0 249.0 248.0 246.0 246.0 245.0 244.0 243.0 242.0 241.0 240.0 239.0 238.0 238.0 237.0 236.0 235.0 2.0 23.0 25.0 27.0 29.0 31.0 32.0 34.0 36.0 38.0 40.0 42.0 44.0 46.0 48.0 50.0 51.0 53.0 55.0 57.0 59.0 61.0 63.0 65.0 66.0 68.0 70.0 72.0 74.0 76.0 78.0 80.0 82.0 83.0 85.0 87.0 89.0 91.0 93.0 94.0 96.0 98.0 100.0 102.0 104.0 106.0 108.0 109.0 111.0 113.0 115.0 117.0 118.0 120.0 122.0 124.0 126.0 128.0 129.0 131.0 133.0 135.0 137.0 138.0 140.0 142.0 144.0 146.0 148.0 150.0 152.0 153.0 155.0 157.0 159.0 160.0 162.0 164.0 166.0 168.0 170.0 171.0 173.0 175.0 177.0 179.0 181.0 182.0 184.0 186.0 187.0 189.0 191.0 193.0 195.0 197.0 198.0 200.0 202.0 204.0 282.0 1780180901.104775
319.0 314.0 313.0 313.0 312.0 311.0 310.0 309.0 309.0 308.0 307.0 306.0 305.0 305.0 304.0 303.0 303.0 302.0 301.0 300.0 300.0 299.0 298.0 297.0 296.0 295.0 295.0 294.0 293.0 292.0 291.0 290.0 289.0 288.0 287.0 287.0 286.0 285.0 284.0 283.0 282.0 281.0 281.0 280.0 279.0 278.0 277.0 276.0 275.0 275.0 273.0 273.0 272.0 271.0 270.0 269.0 268.0 267.0 266.0 265.0 264.0 263.0 262.0 261.0 260.0 259.0 258.0 257.0 256.0 255.0 254.0 253.0 252.0 251.0 250.0 249.0 248.0 247.0 246.0 245.0 244.0 243.0 242.0 241.0 240.0 238.0 237.0 236.0 235.0 234.0 233.0 232.0 231.0 230.0 229.0 228.0 227.0 226.0 225.0 224.0 2.0 23.0 25.0 27.0 29.0 31.0 32.0 34.0 36.0 38.0 40.0 42.0 43.0 45.0 47.0 49.0 51.0 52.0 54.0 56.0 58.0 60.0 62.0 64.0 66.0 68.0 70.0 71.0 73.0 75.0 77.0 79.0 80.0 82.0 84.0 86.0 88.0 90.0 92.0 93.0 95.0 97.0 99.0 101.0 102.0 104.0 106.0 108.0 109.0 111.0 113.0 115.0 117.0 119.0 121.0 122.0 124.0 126.0 128.0 130.0 131.0 133.0 135.0 136.0 138.0 140.0 142.0 143.0 145.0 147.0 149.0 151.0 153.0 154.0 156.0 158.0 159.0 161.0 163.0 165.0 167.0 168.0 170.0 172.0 174.0 175.0 177.0 179.0 180.0 182.0 184.0 186.0 188.0 189.0 191.0 193.0 195.0 196.0 198.0 200.0 283.0 1780180901.125302
319.0 313.0 312.0 312.0 311.0 310.0 309.0 308.0 308.0 306.0 306.0 305.0 304.0 303.0 302.0 301.0 301.0 300.0 299.0 298.0 297.0 296.0 295.0 294.0 293.0 293.0 292.0 291.0 290.0 289.0 288.0 287.0 286.0 285.0 284.0 283.0 282.0 281.0 280.0 279.0 278.0 277.0 276.0 275.0 274.0 274.0 272.0 271.0 270.0 270.0 268.0 267.0 266.0 265.0 264.0 263.0 262.0 261.0 260.0 259.0 258.0 257.0 256.0 255.0 253.0 252.0 251.0 250.0 249.0 248.0 247.0 246.0 245.0 244.0 243.0 241.0 240.0 239.0 238.0 237.0 235.0 234.0 233.0 232.0 231.0 230.0 228.0 227.0 226.0 225.0 223.0 222.0 222.0 220.0 219.0 218.0 217.0 216.0 215.0 214.0 2.0 23.0 24.0 26.0 28.0 30.0 32.0 33.0 35.0 37.0 39.0 41.0 43.0 45.0 47.0 48.0 50.0 52.0 53.0 55.0 57.0 59.0 61.0 63.0 65.0 67.0 68.0 70.0 72.0 73.0 75.0 77.0 79.0 81.0 83.0 85.0 86.0 88.0 90.0 91.0 93.0 95.0 97.0 99.0 100.0 102.0 104.0 106.0 107.0 109.0 111.0 113.0 114.0 116.0 118.0 120.0 122.0 124.0 125.0 127.0 129.0 130.0 132.0 134.0 135.0 137.0 139.0 141.0 143.0 144.0 146.0 147.0 149.0 151.0 153.0 155.0 156.0 158.0 160.0 161.0 163.0 165.0 166.0 168.0 170.0 172.0 173.0 175.0 176.0 178.0 180.0 182.0 184.0 185.0 187.0 189.0 190.0 192.0 194.0 196.0 284.0 1780180901.140769
319.0 312.0 312.0 311.0 310.0 309.0 308.0 307.0 306.0 305.0 304.0 303.0 302.0 301.0 300.0 299.0 299.0 298.0 297.0 296.0 295.0 294.0 293.0 292.0 291.0 290.0 289.0 288.0 287.0 286.0 285.0 284.0 282.0 281.0 280.0 279.0 278.0 277.0 276.0 275.0 274.0 273.0 272.0 271.0 270.0 269.0 268.0 266.0 266.0 265.0 263.0 262.0 261.0 260.0 259.0 258.0 257.0 255.0 254.0 253.0 252.0 251.0 250.0 248.0 247.0 246.0 245.0 243.0 242.0 242.0 240.0 239.0 238.0 237.0 235.0 234.0 233.0 232.0 230.0 229.0 227.0 227.0 225.0 224.0 222.0 221.0 220.0 219.0 217.0 216.0 215.0 214.0 213.0 211.0 210.0 209.0 208.0 206.0 205.0 204.0 2.0 22.0 24.0 26.0 28.0 29.0 31.0 33.0 35.0 37.0 38.0 40.0 42.0 44.0 46.0 47.0 49.0 51.0 53.0 54.0 56.0 58.0 60.0 62.0 63.0 65.0 67.0 69.0 70.0 72.0 74.0 76.0 78.0 79.0 81.0 83.0 84.0 86.0 88.0 90.0 91.0 93.0 95.0 97.0 98.0 100.0 102.0 104.0 105.0 107.0 109.0 111.0 112.0 114.0 116.0 117.0 119.0 121.0 123.0 124.0 126.0 128.0 129.0 131.0 133.0 135.0 136.0 138.0 140.0 141.0 143.0 145.0 146.0 148.0 149.0 151.0 153.0 155.0 157.0 158.0 160.0 161.0 163.0 165.0 166.0 168.0 170.0 171.0 173.0 174.0 176.0 178.0 180.0 181.0 183.0 185.0 186.0 188.0 189.0 191.0 285.0 1780180901.156205
319.0 312.0 311.0 310.0 309.0 308.0 307.0 306.0 305.0 304.0 303.0 302.0 301.0 300.0 299.0 298.0 297.0 296.0 295.0 294.0 293.0 291.0 290.0 289.0 288.0 287.0 286.0 285.0 284.0 283.0 281.0 280.0 279.0 278.0 277.0 276.0 274.0 273.0 273.0 271.0 270.0 269.0 268.0 267.0 265.0 264.0 263.0 262.0 261.0 260.0 258.0 257.0 256.0 255.0 253.0 252.0 251.0 250.0 249.0 247.0 246.0 245.0 244.0 242.0 241.0 240.0 239.0 237.0 236.0 235.0 233.0 232.0 231.0 230.0 228.0 227.0 226.0 225.0 223.0 222.0 220.0 219.0 217.0 216.0 215.0 214.0 212.0 211.0 209.0 208.0 207.0 205.0 204.0 203.0 202.0 200.0 199.0 198.0 197.0 195.0 2.0 22.0 24.0 26.0 27.0 29.0 31.0 32.0 34.0 36.0 38.0 40.0 41.0 43.0 45.0 47.0 48.0 50.0 52.0 53.0 55.0 57.0 59.0 60.0 62.0 64.0 66.0 67.0 69.0 71.0 73.0 74.0 76.0 78.0 79.0 81.0 83.0 85.0 86.0 88.0 90.0 91.0 93.0 95.0 97.0 98.0 100.0 102.0 103.0 105.0 107.0 108.0 110.0 112.0 113.0 115.0 117.0 119.0 120.0 122.0 123.0 125.0 127.0 128.0 130.0 132.0 134.0 135.0 137.0 138.0 140.0 142.0 143.0 145.0 146.0 148.0 150.0 151.0 153.0 155.0 156.0 158.0 159.0 161.0 163.0 164.0 166.0 168.0 169.0 171.0 172.0 174.0 175.0 177.0 179.0 181.0 182.0 184.0 185.0 187.0 286.0 1780180901.171907
319.0 311.0 311.0 309.0 308.0 308.0 306.0 305.0 304.0 303.0 302.0 301.0 300.0 299.0 297.0 296.0 295.0 294.0 293.0 292.0 291.0 289.0 288.0 287.0 286.0 285.0 284.0 283.0 282.0 280.0 279.0 278.0 276.0 275.0 274.0 273.0 271.0 270.0 269.0 268.0 267.0 265.0 264.0 263.0 262.0 260.0 259.0 258.0 257.0 255.0 254.0 253.0 251.0 250.0 249.0 247.0 246.0 245.0 244.0 242.0 241.0 239.0 238.0 237.0 236.0 234.0 233.0 231.0 230.0 229.0 227.0 226.0 225.0 224.0 222.0 221.0 219.0 218.0 216.0 215.0 213.0 213.0 211.0 209.0 208.0 207.0 205.0 204.0 202.0 201.0 200.0 198.0 197.0 195.0 194.0 193.0 192.0 190.0 189.0 188.0 2.0 22.0 23.0 25.0 27.0 29.0 31.0 32.0 34.0 36.0 37.0 39.0 41.0 42.0 44.0 46.0 48.0 49.0 51.0 53.0 54.0 56.0 58.0 59.0 61.0 63.0 65.0 66.0 68.0 70.0 71.0 73.0 75.0 76.0 78.0 80.0 81.0 83.0 85.0 86.0 88.0 89.0 91.0 93.0 95.0 96.0 98.0 100.0 101.0 103.0 105.0 106.0 108.0 109.0 111.0 113.0 114.0 116.0 117.0 119.0 120.0 122.0 124.0 126.0 127.0 129.0 130.0 132.0 134.0 135.0 137.0 139.0 140.0 142.0 143.0 145.0 146.0 148.0 150.0 151.0 153.0 154.0 156.0 157.0 159.0 161.0 162.0 164.0 165.0 167.0 168.0 170.0 171.0 173.0 175.0 177.0 178.0 180.0 181.0 183.0 287.0 1780180901.187241
319.0 311.0 310.0 309.0 308.0 307.0 306.0 305.0 304.0 302.0 301.0 300.0 299.0 298.0 296.0 295.0 294.0 293.0 292.0 290.0 289.0 288.0 287.0 285.0 284.0 283.0 282.0 280.0 279.0 278.0 277.0 275.0 274.0 273.0 271.0 270.0 269.0 267.0 266.0 265.0 263.0 262.0 261.0 259.0 258.0 257.0 255.0 254.0 253.0 251.0 250.0 248.0 247.0 246.0 244.0 243.0 242.0 240.0 239.0 237.0 236.0 235.0 233.0 232.0 230.0 229.0 228.0 226.0 225.0 223.0 222.0 220.0 219.0 218.0 216.0 215.0 213.0 212.0 210.0 209.0 207.0 206.0 205.0 203.0 202.0 200.0 199.0 197.0 196.0 194.0 193.0 191.0 190.0 189.0 188.0 186.0 185.0 183.0 182.0 181.0 2.0 21.0 23.0 25.0 27.0 28.0 30.0 32.0 34.0 36.0 37.0 39.0 40.0 42.0 44.0 45.0 47.0 49.0 50.0 52.0 54.0 56.0 57.0 59.0 61.0 62.0 64.0 65.0 67.0 69.0 70.0 72.0 74.0 75.0 77.0 79.0 80.0 82.0 83.0 85.0 87.0 88.0 90.0 91.0 93.0 95.0 96.0 98.0 99.0 101.0 103.0 104.0 106.0 107.0 109.0 111.0 112.0 114.0 115.0 117.0 118.0 120.0 122.0 123.0 125.0 126.0 128.0 129.0 131.0 132.0 134.0 136.0 137.0 139.0 140.0 142.0 143.0 145.0 147.0 148.0 149.0 151.0 152.0 154.0 156.0 157.0 159.0 161.0 162.0 164.0 165.0 167.0 168.0 170.0 171.0 173.0 174.0 176.0 178.0 179.0 288.0 1780180901.202662
319.0 311.0 310.0 309.0 307.0 306.0 305.0 304.0 303.0 301.0 300.0 299.0 298.0 296.0 295.0 294.0 293.0 291.0 290.0 289.0 288.0 286.0 285.0 284.0 282.0 281.0 280.0 278.0 277.0 276.0 274.0 273.0 272.0 270.0 269.0 267.0 266.0 264.0 263.0 262.0 261.0 259.0 257.0 256.0 255.0 253.0 252.0 251.0 249.0 248.0 246.0 245.0 243.0 242.0 241.0 239.0 238.0 236.0 235.0 233.0 232.0 230.0 229.0 227.0 226.0 224.0 223.0 221.0 220.0 219.0 217.0 216.0 214.0 213.0 211.0 210.0 208.0 207.0 205.0 204.0 202.0 201.0 199.0 198.0 196.0 195.0 193.0 192.0 190.0 189.0 187.0 186.0 185.0 183.0 182.0 180.0 179.0 177.0 176.0 175.0 2.0 21.0 23.0 25.0 26.0 28.0 30.0 31.0 33.0 35.0 37.0 39.0 40.0 42.0 44.0 45.0 47.0 48.0 50.0 52.0 53.0 55.0 57.0 58.0 60.0 61.0 63.0 64.0 66.0 68.0 70.0 71.0 72.0 74.0 76.0 77.0 79.0 81.0 82.0 84.0 85.0 87.0 88.0 90.0 92.0 93.0 95.0 96.0 98.0 100.0 101.0 102.0 104.0 106.0 107.0 109.0 110.0 112.0 113.0 115.0 116.0 118.0 119.0 121.0 122.0 124.0 126.0 127.0 128.0 130.0 132.0 133.0 135.0 136.0 137.0 139.0 140.0 142.0 144.0 145.0 147.0 148.0 149.0 151.0 152.0 154.0 155.0 157.0 159.0 160.0 162.0 163.0 165.0 167.0 168.0 170.0 171.0 173.0 174.0 176.0 289.0 1780180901.218148
319.0 310.0 309.0 308.0 307.0 306.0 304.0 303.0 302.0 301.0 299.0 298.0 297.0 295.0 294.0 293.0 292.0 290.0 289.0 288.0 286.0 285.0 283.0 282.0 281.0 280.0 278.0 277.0 275.0 274.0 272.0 271.0 270.0 268.0 266.0 265.0 264.0 262.0 261.0 259.0 258.0 256.0 255.0 253.0 252.0 251.0 249.0 248.0 246.0 245.0 243.0 241.0 240.0 239.0 237.0 236.0 234.0 233.0 231.0 230.0 228.0 227.0 225.0 224.0 222.0 221.0 219.0 217.0 216.0 215.0 213.0 212.0 210.0 209.0 207.0 205.0 204.0 202.0 201.0 200.0 198.0 196.0 195.0 193.0 192.0 190.0 189.0 187.0 186.0 184.0 183.0 181.0 180.0 178.0 177.0 175.0 174.0 173.0 171.0 170.0 2.0 21.0 23.0 25.0 26.0 28.0 30.0 31.0 33.0 35.0 36.0 38.0 40.0 41.0 43.0 45.0 47.0 48.0 50.0 52.0 53.0 55.0 56.0 58.0 59.0 61.0 63.0 64.0 66.0 67.0 69.0 71.0 72.0 74.0 75.0 77.0 78.0 80.0 81.0 83.0 84.0 86.0 87.0 89.0 91.0 92.0 94.0 95.0 97.0 98.0 100.0 101.0 102.0 104.0 106.0 107.0 109.0 110.0 111.0 113.0 115.0 116.0 117.0 119.0 120.0 122.0 124.0 125.0 127.0 128.0 130.0 131.0 132.0 134.0 135.0 137.0 138.0 140.0 141.0 143.0 144.0 146.0 147.0 149.0 150.0 152.0 153.0 155.0 156.0 158.0 159.0 161.0 162.0 164.0 165.0 167.0 169.0 170.0 172.0 174.0 290.0 1780180901.233501
319.0 310.0 309.0 308.0 307.0 305.0 304.0 303.0 301.0 300.0 299.0 298.0 296.0 295.0 294.0 292.0 291.0 289.0 288.0 287.0 285.0 284.0 282.0 281.0 279.0 278.0 277.0 275.0 274.0 272.0 271.0 269.0 268.0 267.0 265.0 263.0 262.0 260.0 259.0 257.0 256.0 254.0 253.0 252.0 250.0 249.0 247.0 245.0 244.0 242.0 241.0 239.0 238.0 236.0 235.0 233.0 232.0 230.0 229.0 227.0 225.0 224.0 222.0 221.0 219.0 218.0 216.0 215.0 213.0 212.0 210.0 209.0 207.0 206.0 204.0 202.0 201.0 199.0 198.0 196.0 194.0 193.0 191.0 190.0 189.0 187.0 186.0 184.0 182.0 181.0 179.0 178.0 176.0 175.0 174.0 172.0 171.0 169.0 168.0 167.0 2.0 21.0 23.0 25.0 26.0 28.0 30.0 31.0 33.0 35.0 36.0 38.0 39.0 41.0 43.0 44.0 46.0 48.0 49.0 51.0 53.0 54.0 56.0 57.0 59.0 60.0 62.0 63.0 65.0 67.0 68.0 70.0 71.0 73.0 74.0 76.0 77.0 79.0 80.0 82.0 84.0 85.0 86.0 88.0 89.0 91.0 93.0 94.0 96.0 97.0 99.0 100.0 101.0 103.0 105.0 106.0 107.0 109.0 110.0 112.0 113.0 115.0 116.0 117.0 119.0 121.0 122.0 123.0 125.0 126.0 128.0 129.0 131.0 132.0 133.0 135.0 136.0 138.0 139.0 141.0 142.0 144.0 145.0 147.0 148.0 150.0 151.0 153.0 154.0 156.0 157.0 159.0 160.0 162.0 163.0 165.0 166.0 168.0 169.0 171.0 291.0 1780180901.249313
319.0 310.0 309.0 308.0 306.0 305.0 304.0 302.0 301.0 300.0 298.0 297.0 295.0 294.0 293.0 291.0 290.0 289.0 287.0 286.0 284.0 283.0 281.0 280.0 278.0 277.0 276.0 274.0 273.0 271.0 270.0 268.0 267.0 265.0 264.0 262.0 261.0 259.0 258.0 256.0 255.0 253.0 251.0 250.0 248.0 247.0 245.0 244.0 242.0 241.0 239.0 238.0 236.0 235.0 233.0 232.0 230.0 228.0 227.0 225.0 224.0 222.0 220.0 219.0 217.0 216.0 214.0 213.0 211.0 210.0 208.0 207.0 205.0 204.0 202.0 200.0 199.0 197.0 196.0 194.0 192.0 191.0 189.0 188.0 186.0 185.0 183.0 181.0 180.0 178.0 177.0 175.0 174.0 173.0 171.0 170.0 168.0 167.0 165.0 164.0 2.0 21.0 23.0 25.0 26.0 28.0 30.0 31.0 33.0 35.0 36.0 38.0 39.0 41.0 43.0 44.0 46.0 47.0 49.0 51.0 52.0 54.0 56.0 57.0 59.0 60.0 62.0 63.0 65.0 66.0 68.0 69.0 71.0 72.0 74.0 75.0 77.0 78.0 80.0 81.0 83.0 84.0 86.0 88.0 89.0 90.0 92.0 94.0 95.0 97.0 98.0 99.0 101.0 102.0 104.0 105.0 107.0 108.0 109.0 111.0 112.0 114.0 115.0 117.0 118.0 119.0 121.0 122.0 124.0 125.0 127.0 128.0 130.0 131.0 132.0 134.0 135.0 137.0 138.0 140.0 141.0 143.0 144.0 146.0 147.0 149.0 150.0 151.0 153.0 154.0 156.0 157.0 159.0 160.0 162.0 163.0 165.0 167.0 168.0 170.0 292.0 1780180901.264425
319.0 310.0 308.0 307.0 306.0 305.0 303.0 302.0 301.0 299.0 298.0 296.0 295.0 294.0 292.0 291.0 289.0 288.0 286.0 285.0 284.0 282.0 281.0 279.0 278.0 277.0 275.0 273.0 272.0 270.0 269.0 267.0 266.0 264.0 263.0 261.0 260.0 258.0 256.0 255.0 254.0 252.0 250.0 249.0 247.0 246.0 244.0 243.0 241.0 240.0 238.0 237.0 235.0 234.0 232.0 231.0 229.0 227.0 226.0 224.0 223.0 221.0 219.0 218.0 216.0 215.0 213.0 212.0 210.0 209.0 207.0 205.0 204.0 202.0 201.0 199.0 197.0 196.0 194.0 193.0 191.0 190.0 188.0 186.0 185.0 183.0 182.0 180.0 179.0 177.0 176.0 174.0 173.0 171.0 169.0 168.0 167.0 165.0 164.0 162.0 2.0 21.0 23.0 25.0 26.0 28.0 30.0 31.0 33.0 34.0 36.0 38.0 39.0 41.0 43.0 44.0 46.0 47.0 49.0 51.0 52.0 54.0 55.0 57.0 58.0 60.0 62.0 63.0 65.0 66.0 68.0 69.0 71.0 72.0 74.0 75.0 77.0 78.0 80.0 81.0 83.0 84.0 85.0 87.0 89.0 90.0 92.0 93.0 95.0 96.0 98.0 99.0 100.0 102.0 104.0 105.0 106.0 108.0 109.0 111.0 112.0 114.0 115.0 116.0 118.0 119.0 121.0 122.0 124.0 125.0 127.0 128.0 130.0 131.0 133.0 134.0 135.0 137.0 138.0 140.0 141.0 142.0 144.0 145.0 147.0 148.0 150.0 151.0 152.0 154.0 156.0 157.0 159.0 160.0 162.0 163.0 165.0 166.0 168.0 170.0 293.0 1780180901.279888
319.0 309.0 308.0 307.0 306.0 304.0 303.0 302.0 300.0 299.0 298.0 296.0 295.0 293.0 292.0 291.0 289.0 288.0 286.0 285.0 283.0 282.0 280.0 279.0 277.0 276.0 275.0 273.0 272.0 270.0 269.0 267.0 266.0 264.0 263.0 261.0 259.0 258.0 256.0 255.0 253.0 252.0 250.0 249.0 247.0 246.0 244.0 242.0 241.0 239.0 238.0 236.0 235.0 233.0 232.0 230.0 229.0 227.0 226.0 224.0 222.0 221.0 219.0 218.0 216.0 215.0 213.0 211.0 210.0 208.0 207.0 205.0 203.0 202.0 200.0 199.0 197.0 196.0 194.0 193.0 191.0 189.0 188.0 186.0 185.0 183.0 181.0 180.0 178.0 177.0 175.0 174.0 172.0 171.0 169.0 168.0 166.0 164.0 163.0 162.0 2.0 21.0 23.0 24.0 26.0 28.0 29.0 31.0 33.0 34.0 36.0 37.0 39.0 41.0 42.0 44.0 45.0 47.0 49.0 50.0 52.0 53.0 55.0 56.0 58.0 59.0 61.0 63.0 64.0 66.0 67.0 69.0 70.0 72.0 73.0 75.0 76.0 78.0 80.0 81.0 83.0 84.0 86.0 87.0 89.0 91.0 92.0 94.0 95.0 97.0 98.0 99.0 101.0 102.0 104.0 105.0 107.0 108.0 110.0 111.0 112.0 114.0 115.0 117.0 118.0 120.0 121.0 123.0 124.0 126.0 127.0 129.0 130.0 131.0 133.0 134.0 136.0 137.0 139.0 140.0 142.0 143.0 144.0 146.0 147.0 149.0 150.0 151.0 153.0 154.0 156.0 157.0 159.0 161.0 162.0 164.0 165.0 167.0 168.0 170.0 294.0 1780180901.295306
319.0 309.0 308.0 307.0 306.0 304.0 303.0 302.0 300.0 299.0 298.0 296.0 295.0 293.0 292.0 291.0 289.0 288.0 286.0 285.0 283.0 282.0 280.0 279.0 278.0 276.0 275.0 273.0 272.0 270.0 269.0 267.0 266.0 264.0 263.0 261.0 260.0 258.0 257.0 255.0 254.0 252.0 251.0 249.0 248.0 246.0 245.0 243.0 242.0 240.0 239.0 237.0 235.0 234.0 232.0 231.0 229.0 228.0 226.0 225.0 223.0 221.0 220.0 218.0 217.0 215.0 214.0 212.0 211.0 209.0 207.0 206.0 204.0 203.0 201.0 200.0 198.0 197.0 195.0 193.0 192.0 190.0 189.0 187.0 185.0 184.0 182.0 181.0 179.0 177.0 176.0 174.0 173.0 171.0 170.0 168.0 167.0 165.0 164.0 162.0 2.0 21.0 23.0 24.0 26.0 28.0 29.0 31.0 33.0 34.0 36.0 37.0 39.0 41.0 42.0 44.0 45.0 47.0 49.0 50.0 52.0 53.0 55.0 56.0 58.0 60.0 61.0 63.0 64.0 66.0 68.0 69.0 71.0 72.0 74.0 75.0 77.0 78.0 80.0 81.0 83.0 84.0 86.0 87.0 89.0 91.0 92.0 94.0 95.0 97.0 98.0 100.0 101.0 103.0 104.0 106.0 107.0 109.0 110.0 112.0 113.0 115.0 116.0 118.0 119.0 120.0 122.0 123.0 125.0 126.0 128.0 129.0 131.0 132.0 134.0 135.0 136.0 138.0 139.0 141.0 142.0 144.0 145.0 147.0 148.0 150.0 151.0 152.0 154.0 155.0 157.0 158.0 159.0 161.0 162.0 164.0 165.0 167.0 168.0 170.0 295.0 1780180901.310750
319.0 309.0 308.0 307.0 306.0 305.0 303.0 302.0 301.0 299.0 298.0 296.0 295.0 294.0 293.0 291.0 290.0 288.0 287.0 286.0 284.0 283.0 281.0 280.0 278.0 277.0 276.0 274.0 273.0 271.0 270.0 268.0 267.0 265.0 264.0 262.0 261.0 259.0 258.0 256.0 255.0 254.0 252.0 250.0 249.0 248.0 246.0 245.0 243.0 242.0 240.0 239.0 237.0 236.0 234.0 233.0 231.0 229.0 228.0 226.0 225.0 223.0 222.0 220.0 218.0 217.0 215.0 214.0 212.0 211.0 209.0 208.0 206.0 205.0 203.0 201.0 200.0 198.0 197.0 195.0 193.0 192.0 190.0 189.0 187.0 186.0 184.0 182.0 181.0 179.0 177.0 176.0 174.0 173.0 171.0 170.0 168.0 167.0 165.0 164.0 2.0 21.0 23.0 24.0 26.0 28.0 29.0 31.0 33.0 34.0 36.0 38.0 39.0 41.0 42.0 44.0 46.0 47.0 49.0 50.0 52.0 54.0 55.0 57.0 58.0 60.0 61.0 63.0 64.0 66.0 68.0 69.0 71.0 72.0 74.0 75.0 77.0 79.0 80.0 82.0 83.0 85.0 86.0 88.0 89.0 91.0 93.0 94.0 96.0 97.0 99.0 100.0 102.0 103.0 105.0 106.0 108.0 109.0 111.0 112.0 114.0 115.0 117.0 118.0 120.0 121.0 123.0 124.0 126.0 127.0 129.0 130.0 132.0 133.0 135.0 136.0 138.0 139.0 140.0 142.0 143.0 145.0 146.0 147.0 149.0 150.0 152.0 153.0 154.0 156.0 157.0 159.0 160.0 162.0 163.0 165.0 166.0 168.0 169.0 171.0 296.0 1780180901.336962
319.0 310.0 309.0 308.0 306.0 305.0 304.0 303.0 302.0 300.0 299.0 297.0 296.0 295.0 294.0 292.0 291.0 290.0 288.0 287.0 286.0 284.0 283.0 282.0 280.0 279.0 278.0 276.0 275.0 273.0 272.0 270.0 269.0 268.0 266.0 265.0 263.0 262.0 260.0 259.0 257.0 256.0 255.0 253.0 252.0 250.0 249.0 247.0 246.0 244.0 243.0 241.0 240.0 238.0 236.0 235.0 233.0 232.0 230.0 229.0 227.0 226.0 224.0 223.0 221.0 220.0 218.0 217.0 215.0 214.0 212.0 211.0 209.0 207.0 206.0 204.0 203.0 201.0 200.0 198.0 197.0 195.0 193.0 192.0 190.0 189.0 187.0 186.0 184.0 182.0 181.0 179.0 178.0 176.0 174.0 173.0 171.0 170.0 168.0 167.0 2.0 21.0 23.0 25.0 26.0 28.0 30.0 31.0 33.0 35.0 36.0 38.0 40.0 41.0 43.0 45.0 46.0 48.0 49.0 51.0 53.0 54.0 56.0 57.0 59.0 61.0 62.0 64.0 65.0 67.0 69.0 70.0 72.0 73.0 75.0 76.0 78.0 80.0 81.0 83.0 84.0 86.0 87.0 89.0 91.0 92.0 94.0 95.0 97.0 98.0 100.0 101.0 103.0 105.0 106.0 108.0 109.0 111.0 112.0 114.0 115.0 117.0 118.0 120.0 121.0 123.0 124.0 126.0 127.0 129.0 130.0 132.0 133.0 135.0 136.0 138.0 139.0 140.0 142.0 143.0 145.0 146.0 147.0 149.0 150.0 152.0 153.0 155.0 156.0 158.0 159.0 161.0 162.0 164.0 165.0 167.0 168.0 170.0 171.0 173.0 297.0 1780180901.351941
319.0 310.0 310.0 308.0 307.0 306.0 305.0 304.0 302.0 301.0 300.0 298.0 297.0 296.0 295.0 294.0 292.0 291.0 290.0 289.0 287.0 286.0 285.0 284.0 282.0 281.0 280.0 278.0 277.0 275.0 274.0 273.0 271.0 270.0 269.0 267.0 266.0 264.0 263.0 262.0 260.0 259.0 257.0 256.0 254.0 253.0 252.0 250.0 249.0 247.0 246.0 245.0 243.0 242.0 240.0 239.0 237.0 235.0 234.0 232.0 231.0 229.0 228.0 226.0 225.0 223.0 222.0 220.0 218.0 217.0 215.0 214.0 212.0 211.0 209.0 208.0 206.0 205.0 203.0 202.0 200.0 199.0 197.0 195.0 194.0 192.0 191.0 189.0 187.0 186.0 184.0 183.0 181.0 180.0 178.0 176.0 175.0 174.0 172.0 171.0 2.0 22.0 23.0 25.0 27.0 29.0 30.0 32.0 33.0 35.0 37.0 38.0 40.0 42.0 43.0 45.0 47.0 49.0 50.0 52.0 53.0 55.0 57.0 58.0 60.0 61.0 63.0 65.0 66.0 68.0 70.0 71.0 73.0 75.0 76.0 78.0 79.0 81.0 82.0 84.0 85.0 87.0 89.0 90.0 92.0 93.0 95.0 97.0 98.0 100.0 101.0 103.0 104.0 106.0 107.0 109.0 111.0 112.0 114.0 115.0 117.0 118.0 120.0 121.0 123.0 124.0 126.0 127.0 129.0 130.0 132.0 134.0 135.0 136.0 138.0 139.0 141.0 142.0 144.0 145.0 147.0 148.0 149.0 151.0 152.0 154.0 155.0 157.0 158.0 160.0 161.0 163.0 164.0 166.0 167.0 169.0 170.0 172.0 173.0 175.0 298.0 1780180901.367686
319.0 311.0 310.0 309.0 308.0 307.0 306.0 304.0 303.0 302.0 301.0 299.0 298.0 297.0 296.0 295.0 294.0 292.0 291.0 290.0 289.0 287.0 286.0 285.0 284.0 282.0 281.0 280.0 279.0 277.0 276.0 275.0 273.0 272.0 271.0 269.0 268.0 266.0 265.0 264.0 262.0 261.0 260.0 258.0 257.0 256.0 254.0 253.0 252.0 250.0 249.0 247.0 246.0 244.0 243.0 242.0 240.0 239.0 237.0 236.0 234.0 233.0 231.0 230.0 228.0 227.0 225.0 224.0 222.0 221.0 219.0 218.0 216.0 215.0 213.0 211.0 210.0 208.0 207.0 205.0 204.0 202.0 201.0 199.0 198.0 196.0 195.0 193.0 191.0 190.0 188.0 187.0 185.0 184.0 182.0 181.0 180.0 178.0 177.0 175.0 2.0 22.0 23.0 25.0 27.0 29.0 30.0 32.0 34.0 35.0 37.0 39.0 41.0 42.0 44.0 46.0 47.0 49.0 51.0 52.0 54.0 55.0 57.0 59.0 61.0 62.0 64.0 66.0 67.0 69.0 71.0 72.0 74.0 76.0 77.0 79.0 80.0 82.0 84.0 85.0 87.0 89.0 90.0 92.0 93.0 95.0 97.0 98.0 100.0 101.0 103.0 105.0 106.0 108.0 109.0 111.0 113.0 114.0 116.0 117.0 119.0 120.0 122.0 123.0 125.0 127.0 128.0 130.0 131.0 133.0 134.0 136.0 137.0 139.0 140.0 142.0 143.0 145.0 146.0 148.0 149.0 151.0 152.0 154.0 155.0 157.0 158.0 160.0 161.0 163.0 164.0 166.0 167.0 169.0 170.0 172.0 174.0 175.0 177.0 178.0 299.0 1780180901.382816
319.0 311.0 310.0 309.0 308.0 307.0 306.0 305.0 304.0 302.0 301.0 300.0 299.0 298.0 297.0 295.0 294.0 293.0 292.0 291.0 290.0 289.0 287.0 286.0 285.0 284.0 283.0 281.0 280.0 279.0 277.0 276.0 275.0 274.0 273.0 271.0 270.0 269.0 267.0 266.0 265.0 264.0 262.0 261.0 259.0 258.0 257.0 256.0 254.0 253.0 251.0 250.0 249.0 248.0 246.0 245.0 243.0 242.0 241.0 239.0 238.0 236.0 235.0 233.0 232.0 231.0 229.0 228.0 226.0 225.0 223.0 222.0 220.0 219.0 218.0 216.0 214.0 213.0 211.0 210.0 209.0 207.0 206.0 204.0 203.0 201.0 200.0 198.0 197.0 195.0 194.0 192.0 191.0 189.0 188.0 186.0 185.0 184.0 182.0 181.0 2.0 22.0 24.0 25.0 27.0 29.0 31.0 32.0 34.0 36.0 37.0 39.0 41.0 42.0 44.0 46.0 48.0 50.0 51.0 53.0 55.0 56.0 58.0 60.0 62.0 63.0 65.0 66.0 68.0 70.0 72.0 73.0 75.0 77.0 78.0 80.0 81.0 83.0 85.0 86.0 88.0 90.0 92.0 93.0 95.0 97.0 98.0 100.0 101.0 103.0 104.0 106.0 108.0 109.0 111.0 113.0 114.0 116.0 117.0 119.0 121.0 122.0 124.0 125.0 127.0 129.0 130.0 132.0 133.0 135.0 137.0 138.0 140.0 141.0 143.0 144.0 146.0 148.0 149.0 151.0 152.0 154.0 155.0 157.0 158.0 160.0 161.0 163.0 164.0 166.0 168.0 169.0 170.0 172.0 174.0 175.0 177.0 179.0 181.0 182.0 300.0 1780180901.398731
319.0 311.0 310.0 309.0 308.0 307.0 306.0 305.0 304.0 303.0 302.0 300.0 299.0 298.0 297.0 296.0 295.0 294.0 293.0 292.0 291.0 289.0 288.0 287.0 286.0 285.0 284.0 283.0 281.0 280.0 279.0 278.0 277.0 275.0 274.0 273.0 272.0 271.0 269.0 268.0 267.0 266.0 265.0 263.0 262.0 261.0 259.0 258.0 257.0 256.0 254.0 253.0 252.0 251.0 249.0 248.0 247.0 245.0 244.0 243.0 241.0 240.0 239.0 238.0 236.0 235.0 233.0 232.0 231.0 229.0 228.0 227.0 225.0 224.0 222.0 221.0 220.0 218.0 217.0 215.0 214.0 213.0 211.0 210.0 208.0 207.0 206.0 204.0 203.0 201.0 200.0 198.0 197.0 196.0 195.0 193.0 192.0 190.0 189.0 188.0 2.0 22.0 24.0 26.0 27.0 29.0 31.0 32.0 34.0 36.0 38.0 39.0 41.0 43.0 44.0 46.0 48.0 50.0 51.0 53.0 55.0 57.0 59.0 60.0 62.0 64.0 66.0 67.0 69.0 70.0 72.0 74.0 76.0 77.0 79.0 81.0 82.0 84.0 86.0 87.0 89.0 91.0 93.0 94.0 96.0 98.0 99.0 101.0 103.0 105.0 106.0 108.0 109.0 111.0 113.0 114.0 116.0 118.0 119.0 121.0 122.0 124.0 126.0 127.0 129.0 131.0 132.0 134.0 136.0 137.0 139.0 141.0 142.0 144.0 145.0 147.0 149.0 150.0 152.0 153.0 155.0 156.0 158.0 160.0 161.0 163.0 164.0 166.0 168.0 169.0 171.0 172.0 174.0 176.0 177.0 179.0 181.0 182.0 184.0 186.0 301.0 1780180901.418830
319.0 311.0 311.0 310.0 309.0 308.0 307.0 305.0 304.0 303.0 302.0 301.0 300.0 299.0 298.0 297.0 296.0 295.0 293.0 292.0 291.0 290.0 289.0 288.0 287.0 286.0 285.0 284.0 283.0 282.0 280.0 279.0 278.0 277.0 276.0 275.0 274.0 273.0 271.0 270.0 269.0 268.0 267.0 266.0 264.0 263.0 262.0 261.0 260.0 259.0 257.0 256.0 255.0 254.0 253.0 252.0 250.0 249.0 248.0 247.0 246.0 245.0 243.0 242.0 241.0 240.0 238.0 237.0 236.0 235.0 233.0 232.0 231.0 230.0 228.0 227.0 226.0 225.0 223.0 222.0 221.0 219.0 218.0 217.0 215.0 214.0 213.0 211.0 210.0 209.0 208.0 206.0 205.0 204.0 202.0 201.0 200.0 199.0 198.0 197.0 2.0 22.0 24.0 26.0 27.0 29.0 31.0 33.0 35.0 36.0 38.0 40.0 42.0 43.0 45.0 47.0 48.0 50.0 52.0 54.0 56.0 57.0 59.0 61.0 63.0 64.0 66.0 68.0 69.0 71.0 73.0 75.0 77.0 78.0 80.0 82.0 84.0 85.0 87.0 89.0 90.0 92.0 94.0 96.0 98.0 99.0 101.0 102.0 104.0 106.0 108.0 109.0 111.0 113.0 114.0 116.0 118.0 120.0 121.0 123.0 125.0 127.0 128.0 130.0 132.0 133.0 135.0 137.0 139.0 140.0 142.0 143.0 145.0 147.0 148.0 150.0 152.0 154.0 155.0 157.0 158.0 160.0 162.0 164.0 165.0 167.0 168.0 170.0 171.0 173.0 175.0 177.0 178.0 180.0 181.0 183.0 185.0 187.0 188.0 190.0 302.0 1780180901.439373
319.0 311.0 311.0 310.0 309.0 308.0 307.0 306.0 305.0 304.0 303.0 302.0 301.0 300.0 299.0 298.0 297.0 296.0 295.0 294.0 293.0 292.0 291.0 290.0 289.0 288.0 287.0 286.0 285.0 284.0 283.0 282.0 281.0 279.0 278.0 277.0 277.0 275.0 274.0 273.0 272.0 271.0 270.0 269.0 268.0 267.0 266.0 265.0 264.0 263.0 262.0 261.0 259.0 258.0 257.0 256.0 255.0 254.0 253.0 252.0 251.0 249.0 248.0 248.0 246.0 245.0 244.0 243.0 242.0 241.0 240.0 238.0 237.0 236.0 235.0 234.0 233.0 232.0 230.0 229.0 228.0 227.0 226.0 225.0 223.0 222.0 221.0 220.0 218.0 217.0 216.0 215.0 214.0 213.0 212.0 211.0 210.0 208.0 208.0 207.0 2.0 22.0 24.0 26.0 27.0 29.0 31.0 33.0 35.0 36.0 38.0 40.0 42.0 44.0 45.0 47.0 49.0 51.0 52.0 54.0 56.0 58.0 60.0 61.0 63.0 65.0 67.0 69.0 70.0 72.0 74.0 76.0 78.0 79.0 81.0 83.0 85.0 86.0 88.0 90.0 92.0 94.0 95.0 97.0 99.0 101.0 102.0 104.0 106.0 108.0 109.0 111.0 113.0 115.0 116.0 118.0 120.0 122.0 123.0 125.0 127.0 129.0 131.0 132.0 134.0 136.0 137.0 139.0 141.0 143.0 144.0 146.0 148.0 150.0 151.0 153.0 155.0 157.0 158.0 160.0 162.0 163.0 165.0 167.0 168.0 170.0 172.0 174.0 175.0 177.0 179.0 181.0 182.0 184.0 185.0 187.0 189.0 191.0 193.0 194.0 303.0 1780180901.460071
319.0 312.0 312.0 311.0 310.0 309.0 308.0 307.0 306.0 305.0 304.0 303.0 302.0 301.0 300.0 300.0 299.0 298.0 297.0 296.0 295.0 294.0 293.0 292.0 291.0 290.0 290.0 288.0 287.0 287.0 286.0 285.0 284.0 283.0 282.0 281.0 280.0 279.0 278.0 277.0 276.0 275.0 274.0 273.0 272.0 271.0 270.0 269.0 268.0 267.0 266.0 265.0 264.0 264.0 262.0 261.0 260.0 260.0 259.0 258.0 256.0 256.0 254.0 254.0 253.0 252.0 251.0 249.0 249.0 248.0 247.0 246.0 245.0 244.0 242.0 242.0 241.0 240.0 239.0 237.0 236.0 236.0 234.0 233.0 233.0 231.0 230.0 229.0 228.0 227.0 226.0 225.0 224.0 223.0 222.0 222.0 220.0 220.0 219.0 218.0 2.0 22.0 24.0 26.0 28.0 29.0 31.0 33.0 35.0 37.0 39.0 41.0 43.0 44.0 46.0 48.0 50.0 51.0 53.0 55.0 57.0 59.0 60.0 62.0 64.0 66.0 68.0 70.0 71.0 73.0 75.0 77.0 79.0 80.0 82.0 84.0 86.0 88.0 90.0 91.0 93.0 95.0 97.0 98.0 100.0 102.0 104.0 106.0 108.0 109.0 111.0 113.0 115.0 117.0 118.0 120.0 122.0 124.0 125.0 127.0 129.0 131.0 133.0 134.0 136.0 138.0 140.0 142.0 143.0 145.0 147.0 149.0 151.0 152.0 154.0 156.0 158.0 160.0 161.0 163.0 165.0 166.0 168.0 170.0 172.0 174.0 175.0 177.0 179.0 181.0 182.0 184.0 186.0 188.0 190.0 191.0 193.0 195.0 197.0 199.0 304.0 1780180901.475489
319.0 313.0 312.0 311.0 311.0 310.0 309.0 308.0 307.0 307.0 306.0 305.0 304.0 303.0 302.0 302.0 301.0 300.0 299.0 298.0 297.0 296.0 296.0 295.0 294.0 293.0 292.0 291.0 291.0 290.0 289.0 288.0 287.0 286.0 286.0 284.0 284.0 283.0 282.0 281.0 280.0 279.0 279.0 278.0 277.0 276.0 275.0 274.0 273.0 273.0 272.0 271.0 270.0 269.0 268.0 267.0 266.0 266.0 265.0 264.0 263.0 262.0 261.0 260.0 259.0 259.0 258.0 257.0 256.0 255.0 254.0 253.0 253.0 251.0 251.0 250.0 249.0 248.0 247.0 246.0 245.0 245.0 244.0 243.0 242.0 241.0 240.0 239.0 238.0 237.0 237.0 236.0 235.0 234.0 233.0 233.0 232.0 231.0 231.0 230.0 2.0 22.0 24.0 26.0 28.0 30.0 32.0 33.0 35.0 37.0 39.0 41.0 43.0 45.0 46.0 48.0 50.0 52.0 54.0 56.0 58.0 59.0 61.0 63.0 65.0 67.0 69.0 71.0 72.0 74.0 76.0 78.0 80.0 81.0 83.0 85.0 87.0 89.0 91.0 93.0 94.0 96.0 98.0 100.0 102.0 104.0 105.0 107.0 109.0 111.0 113.0 115.0 116.0 118.0 120.0 122.0 124.0 125.0 127.0 129.0 131.0 133.0 135.0 137.0 138.0 140.0 142.0 144.0 146.0 147.0 149.0 151.0 153.0 155.0 157.0 159.0 161.0 162.0 164.0 166.0 168.0 169.0 171.0 173.0 175.0 177.0 179.0 181.0 182.0 184.0 186.0 188.0 190.0 191.0 193.0 195.0 197.0 199.0 201.0 203.0 305.0 1780180901.490987
319.0 313.0 313.0 312.0 311.0 311.0 310.0 309.0 308.0 308.0 307.0 306.0 306.0 305.0 304.0 303.0 303.0 302.0 301.0 300.0 300.0 299.0 299.0 298.0 297.0 296.0 296.0 295.0 294.0 293.0 293.0 292.0 291.0 290.0 290.0 289.0 288.0 287.0 286.0 286.0 285.0 284.0 284.0 283.0 282.0 281.0 281.0 280.0 279.0 278.0 278.0 277.0 276.0 275.0 275.0 274.0 273.0 272.0 271.0 271.0 270.0 269.0 269.0 268.0 267.0 266.0 266.0 265.0 264.0 263.0 263.0 262.0 261.0 260.0 259.0 259.0 258.0 257.0 257.0 256.0 255.0 255.0 254.0 253.0 252.0 251.0 251.0 250.0 249.0 248.0 248.0 247.0 246.0 246.0 245.0 245.0 244.0 243.0 243.0 242.0 2.0 23.0 25.0 26.0 28.0 30.0 32.0 34.0 36.0 37.0 39.0 41.0 43.0 45.0 47.0 49.0 51.0 53.0 54.0 56.0 58.0 60.0 62.0 64.0 66.0 68.0 70.0 71.0 73.0 75.0 77.0 79.0 81.0 83.0 84.0 86.0 88.0 90.0 92.0 94.0 95.0 97.0 99.0 101.0 103.0 105.0 107.0 109.0 111.0 112.0 114.0 116.0 118.0 120.0 122.0 124.0 125.0 127.0 129.0 131.0 133.0 135.0 137.0 139.0 140.0 142.0 144.0 146.0 148.0 150.0 152.0 154.0 155.0 157.0 159.0 161.0 163.0 165.0 166.0 168.0 170.0 172.0 174.0 176.0 178.0 179.0 181.0 183.0 185.0 187.0 189.0 191.0 193.0 195.0 196.0 198.0 200.0 202.0 204.0 206.0 306.0 1780180901.511479
319.0 314.0 314.0 313.0 312.0 312.0 311.0 311.0 310.0 309.0 308.0 308.0 307.0 307.0 306.0 305.0 305.0 304.0 304.0 303.0 303.0 302.0 301.0 301.0 300.0 299.0 299.0 298.0 298.0 297.0 296.0 296.0 295.0 294.0 294.0 293.0 293.0 292.0 291.0 291.0 290.0 289.0 289.0 288.0 288.0 287.0 286.0 286.0 285.0 285.0 284.0 283.0 283.0 282.0 282.0 281.0 280.0 280.0 279.0 278.0 278.0 277.0 277.0 276.0 275.0 275.0 274.0 273.0 273.0 273.0 272.0 271.0 271.0 270.0 270.0 269.0 268.0 268.0 267.0 266.0 266.0 266.0 265.0 264.0 264.0 263.0 262.0 262.0 261.0 260.0 260.0 259.0 259.0 258.0 257.0 257.0 256.0 256.0 255.0 255.0 2.0 23.0 25.0 27.0 28.0 30.0 32.0 34.0 36.0 38.0 40.0 42.0 44.0 45.0 47.0 49.0 51.0 53.0 55.0 57.0 59.0 61.0 62.0 64.0 66.0 68.0 70.0 72.0 74.0 76.0 78.0 80.0 82.0 84.0 86.0 87.0 89.0 91.0 93.0 95.0 96.0 98.0 100.0 102.0 104.0 106.0 108.0 110.0 112.0 114.0 116.0 118.0 120.0 121.0 123.0 125.0 127.0 129.0 131.0 133.0 135.0 137.0 139.0 141.0 142.0 145.0 146.0 148.0 150.0 152.0 154.0 156.0 158.0 160.0 162.0 164.0 166.0 167.0 169.0 171.0 173.0 175.0 177.0 179.0 181.0 183.0 185.0 187.0 188.0 190.0 192.0 194.0 196.0 198.0 200.0 202.0 204.0 206.0 207.0 209.0 307.0 1780180901.521858
319.0 315.0 315.0 314.0 314.0 313.0 313.0 312.0 311.0 311.0 310.0 310.0 309.0 309.0 309.0 308.0 307.0 307.0 307.0 306.0 306.0 305.0 305.0 304.0 304.0 303.0 303.0 302.0 302.0 301.0 301.0 300.0 300.0 299.0 299.0 298.0 298.0 297.0 297.0 296.0 296.0 295.0 295.0 295.0 294.0 293.0 293.0 293.0 292.0 292.0 291.0 291.0 290.0 290.0 289.0 289.0 288.0 288.0 287.0 287.0 287.0 286.0 286.0 285.0 285.0 284.0 284.0 283.0 283.0 282.0 282.0 281.0 281.0 281.0 280.0 280.0 279.0 279.0 278.0 278.0 277.0 277.0 276.0 276.0 275.0 275.0 274.0 274.0 273.0 273.0 272.0 272.0 271.0 271.0 270.0 270.0 270.0 269.0 269.0 269.0 2.0 23.0 25.0 27.0 28.0 30.0 32.0 34.0 36.0 38.0 40.0 42.0 44.0 46.0 47.0 49.0 51.0 53.0 55.0 57.0 59.0 61.0 63.0 65.0 67.0 69.0 71.0 73.0 75.0 77.0 79.0 80.0 82.0 84.0 86.0 88.0 90.0 92.0 94.0 96.0 98.0 99.0 101.0 103.0 105.0 107.0 109.0 111.0 113.0 115.0 117.0 119.0 121.0 123.0 125.0 127.0 129.0 130.0 132.0 134.0 136.0 138.0 140.0 142.0 144.0 146.0 148.0 150.0 152.0 154.0 156.0 158.0 160.0 162.0 164.0 166.0 168.0 169.0 171.0 173.0 175.0 177.0 179.0 181.0 183.0 185.0 187.0 189.0 191.0 193.0 194.0 197.0 198.0 200.0 202.0 204.0 206.0 208.0 210.0 212.0 308.0 1780180901.547833
319.0 316.0 316.0 316.0 315.0 315.0 314.0 314.0 314.0 313.0 313.0 313.0 312.0 312.0 312.0 311.0 311.0 311.0 310.0 310.0 310.0 309.0 309.0 309.0 309.0 308.0 308.0 307.0 307.0 307.0 307.0 306.0 306.0 305.0 305.0 305.0 304.0 304.0 304.0 303.0 303.0 303.0 302.0 302.0 302.0 301.0 301.0 301.0 300.0 300.0 300.0 300.0 299.0 299.0 299.0 298.0 298.0 298.0 297.0 297.0 297.0 296.0 296.0 295.0 295.0 295.0 295.0 294.0 294.0 294.0 293.0 293.0 293.0 292.0 292.0 292.0 291.0 291.0 290.0 290.0 290.0 289.0 289.0 289.0 288.0 288.0 288.0 287.0 287.0 287.0 286.0 286.0 286.0 285.0 285.0 285.0 284.0 284.0 284.0 284.0 2.0 23.0 25.0 27.0 29.0 31.0 32.0 34.0 36.0 38.0 40.0 42.0 44.0 46.0 48.0 50.0 52.0 54.0 56.0 58.0 60.0 62.0 64.0 66.0 68.0 70.0 72.0 74.0 76.0 78.0 80.0 81.0 83.0 85.0 87.0 89.0 91.0 93.0 95.0 97.0 99.0 101.0 103.0 105.0 107.0 109.0 111.0 113.0 115.0 117.0 119.0 120.0 122.0 124.0 126.0 128.0 130.0 132.0 134.0 136.0 138.0 140.0 142.0 144.0 146.0 148.0 150.0 152.0 154.0 156.0 158.0 160.0 162.0 164.0 166.0 168.0 170.0 171.0 173.0 175.0 177.0 179.0 181.0 183.0 185.0 187.0 189.0 191.0 193.0 195.0 197.0 198.0 200.0 202.0 205.0 206.0 208.0 210.0 212.0 214.0 309.0 1780180901.563144
319.0 318.0 318.0 318.0 317.0 317.0 317.0 317.0 316.0 316.0 316.0 316.0 316.0 316.0 315.0 315.0 315.0 315.0 315.0 315.0 315.0 314.0 314.0 314.0 314.0 314.0 314.0 313.0 313.0 313.0 313.0 313.0 312.0 312.0 312.0 312.0 312.0 312.0 312.0 311.0 311.0 311.0 311.0 311.0 311.0 310.0 310.0 310.0 310.0 309.0 309.0 309.0 309.0 309.0 309.0 309.0 308.0 308.0 308.0 308.0 308.0 307.0 307.0 307.0 307.0 306.0 306.0 306.0 306.0 306.0 306.0 305.0 305.0 305.0 305.0 304.0 304.0 304.0 304.0 304.0 303.0 303.0 303.0 303.0 302.0 302.0 302.0 302.0 301.0 301.0 301.0 301.0 301.0 301.0 300.0 300.0 300.0 300.0 300.0 300.0 2.0 23.0 25.0 27.0 29.0 31.0 33.0 35.0 37.0 39.0 41.0 43.0 45.0 47.0 49.0 51.0 53.0 55.0 57.0 59.0 61.0 63.0 64.0 66.0 68.0 70.0 72.0 74.0 76.0 78.0 80.0 82.0 84.0 86.0 88.0 90.0 92.0 94.0 96.0 98.0 100.0 101.0 103.0 105.0 107.0 109.0 111.0 113.0 115.0 117.0 119.0 121.0 123.0 125.0 127.0 129.0 131.0 133.0 135.0 137.0 139.0 141.0 143.0 145.0 147.0 149.0 151.0 153.0 155.0 157.0 159.0 161.0 163.0 165.0 167.0 169.0 171.0 173.0 175.0 177.0 179.0 181.0 183.0 185.0 187.0 188.0 190.0 192.0 194.0 196.0 198.0 200.0 202.0 204.0 206.0 208.0 210.0 212.0 214.0 216.0 310.0 1780180901.578573
319.0 319.0 319.0 319.0 319.0 319.0 319.0 319.0 319.0 319.0 319.0 319.0 319.0 319.0 319.0 319.0 319.0 319.0 319.0 319.0 319.0 319.0 319.0 319.0 319.0 319.0 319.0 319.0 319.0 319.0 319.0 319.0 319.0 319.0 319.0 319.0 319.0 319.0 319.0 319.0 319.0 318.0 318.0 318.0 319.0 318.0 318.0 318.0 318.0 318.0 318.0 318.0 318.0 318.0 318.0 318.0 318.0 318.0 318.0 318.0 318.0 317.0 318.0 317.0 317.0 317.0 317.0 317.0 317.0 317.0 317.0 317.0 317.0 317.0 317.0 317.0 316.0 316.0 316.0 316.0 316.0 316.0 316.0 316.0 316.0 315.0 315.0 315.0 315.0 315.0 315.0 315.0 315.0 315.0 315.0 315.0 315.0 315.0 315.0 315.0 2.0 24.0 26.0 28.0 29.0 31.0 33.0 35.0 37.0 39.0 41.0 43.0 45.0 47.0 49.0 51.0 53.0 55.0 57.0 59.0 60.0 62.0 64.0 66.0 68.0 70.0 72.0 74.0 76.0 78.0 80.0 82.0 84.0 86.0 88.0 90.0 92.0 93.0 95.0 97.0 99.0 101.0 103.0 105.0 107.0 109.0 111.0 113.0 115.0 117.0 119.0 121.0 123.0 125.0 127.0 129.0 131.0 133.0 135.0 137.0 139.0 141.0 143.0 145.0 147.0 149.0 151.0 153.0 155.0 157.0 159.0 160.0 162.0 164.0 166.0 168.0 170.0 172.0 174.0 176.0 178.0 180.0 182.0 184.0 186.0 188.0 190.0 192.0 194.0 196.0 198.0 200.0 202.0 204.0 206.0 208.0 210.0 212.0 214.0 216.0 311.0 1780180901.594239
319.0 320.0 320.0 321.0 320.0 321.0 321.0 321.0 321.0 321.0 321.0 321.0 321.0 321.0 322.0 322.0 322.0 322.0 322.0 322.0 323.0 323.0 323.0 323.0 323.0 323.0 323.0 323.0 324.0 324.0 324.0 324.0 324.0 324.0 325.0 324.0 325.0 325.0 325.0 325.0 325.0 325.0 325.0 326.0 326.0 326.0 326.0 326.0 326.0 326.0 326.0 327.0 326.0 326.0 327.0 327.0 327.0 327.0 327.0 327.0 327.0 327.0 327.0 327.0 327.0 327.0 328.0 328.0 328.0 328.0 328.0 328.0 328.0 328.0 328.0 328.0 328.0 328.0 328.0 328.0 328.0 328.0 328.0 328.0 328.0 329.0 328.0 328.0 329.0 329.0 329.0 329.0 329.0 329.0 329.0 329.0 329.0 329.0 330.0 330.0 2.0 23.0 25.0 27.0 29.0 31.0 33.0 35.0 37.0 39.0 41.0 43.0 45.0 47.0 49.0 51.0 53.0 55.0 57.0 59.0 60.0 62.0 64.0 66.0 68.0 70.0 72.0 74.0 76.0 78.0 80.0 82.0 83.0 85.0 87.0 89.0 91.0 93.0 95.0 97.0 99.0 101.0 103.0 105.0 107.0 109.0 111.0 113.0 115.0 117.0 119.0 121.0 123.0 125.0 127.0 129.0 131.0 132.0 134.0 136.0 138.0 140.0 142.0 144.0 146.0 148.0 150.0 152.0 154.0 156.0 158.0 160.0 162.0 164.0 166.0 168.0 170.0 172.0 174.0 176.0 178.0 180.0 182.0 184.0 186.0 188.0 190.0 192.0 194.0 196.0 198.0 200.0 201.0 203.0 206.0 208.0 210.0 211.0 213.0 215.0 312.0 1780180901.609295
319.0 321.0 322.0 322.0 322.0 322.0 322.0 322.0 323.0 323.0 323.0 323.0 323.0 324.0 324.0 324.0 325.0 325.0 325.0 325.0 326.0 326.0 326.0 326.0 327.0 327.0 327.0 327.0 328.0 328.0 328.0 328.0 329.0 329.0 329.0 329.0 330.0 330.0 330.0 330.0 331.0 331.0 331.0 332.0 332.0 332.0 332.0 333.0 333.0 333.0 333.0 334.0 334.0 334.0 334.0 335.0 335.0 335.0 335.0 335.0 336.0 336.0 336.0 337.0 337.0 337.0 337.0 337.0 338.0 338.0 338.0 338.0 338.0 339.0 339.0 339.0 339.0 339.0 339.0 340.0 340.0 340.0 340.0 340.0 341.0 341.0 341.0 341.0 341.0 341.0 342.0 342.0 342.0 342.0 343.0 342.0 343.0 343.0 344.0 343.0 2.0 23.0 25.0 27.0 29.0 31.0 33.0 35.0 37.0 39.0 41.0 43.0 45.0 47.0 49.0 51.0 53.0 54.0 56.0 58.0 60.0 62.0 64.0 66.0 68.0 70.0 72.0 74.0 76.0 78.0 80.0 82.0 83.0 85.0 87.0 89.0 91.0 93.0 95.0 97.0 99.0 101.0 103.0 105.0 107.0 109.0 110.0 112.0 114.0 116.0 118.0 120.0 122.0 124.0 126.0 128.0 130.0 132.0 134.0 135.0 137.0 139.0 141.0 143.0 145.0 147.0 149.0 151.0 153.0 155.0 157.0 159.0 161.0 163.0 165.0 167.0 169.0 171.0 173.0 175.0 177.0 178.0 180.0 182.0 184.0 186.0 188.0 190.0 192.0 194.0 196.0 198.0 200.0 202.0 204.0 206.0 208.0 210.0 212.0 214.0 313.0 1780180901.624824
319.0 322.0 322.0 323.0 323.0 323.0 323.0 324.0 324.0 324.0 324.0 325.0 325.0 326.0 326.0 326.0 327.0 327.0 327.0 328.0 328.0 329.0 329.0 329.0 330.0 330.0 330.0 331.0 331.0 332.0 332.0 333.0 333.0 333.0 334.0 334.0 334.0 335.0 335.0 335.0 336.0 336.0 336.0 337.0 337.0 338.0 338.0 339.0 339.0 339.0 340.0 340.0 340.0 341.0 341.0 342.0 342.0 342.0 343.0 343.0 344.0 344.0 344.0 345.0 345.0 345.0 346.0 346.0 346.0 347.0 347.0 347.0 348.0 348.0 349.0 349.0 349.0 349.0 350.0 350.0 350.0 351.0 351.0 351.0 352.0 352.0 352.0 353.0 353.0 353.0 354.0 354.0 354.0 355.0 355.0 355.0 356.0 356.0 357.0 357.0 2.0 23.0 25.0 27.0 29.0 31.0 33.0 35.0 37.0 39.0 41.0 42.0 44.0 46.0 48.0 50.0 52.0 54.0 56.0 58.0 60.0 62.0 64.0 66.0 68.0 70.0 71.0 73.0 75.0 77.0 79.0 81.0 83.0 85.0 86.0 88.0 90.0 92.0 94.0 96.0 98.0 100.0 102.0 104.0 106.0 108.0 110.0 112.0 114.0 115.0 117.0 119.0 121.0 123.0 125.0 127.0 129.0 131.0 133.0 134.0 136.0 138.0 140.0 142.0 144.0 146.0 148.0 150.0 152.0 154.0 155.0 157.0 159.0 161.0 163.0 165.0 167.0 169.0 171.0 173.0 175.0 177.0 179.0 181.0 183.0 184.0 186.0 188.0 190.0 192.0 194.0 196.0 198.0 200.0 202.0 204.0 206.0 208.0 210.0 211.0 314.0 1780180901.640202
319.0 323.0 323.0 323.0 324.0 324.0 324.0 325.0 325.0 326.0 326.0 327.0 327.0 328.0 328.0 328.0 329.0 330.0 330.0 330.0 331.0 331.0 332.0 332.0 333.0 333.0 334.0 334.0 335.0 335.0 336.0 336.0 337.0 337.0 338.0 338.0 339.0 339.0 339.0 340.0 341.0 341.0 342.0 342.0 343.0 343.0 344.0 344.0 345.0 345.0 346.0 346.0 347.0 347.0 348.0 348.0 349.0 349.0 350.0 350.0 351.0 351.0 352.0 352.0 353.0 353.0 354.0 354.0 355.0 355.0 356.0 356.0 357.0 357.0 358.0 358.0 359.0 359.0 359.0 360.0 361.0 361.0 361.0 362.0 362.0 363.0 363.0 364.0 364.0 365.0 365.0 366.0 366.0 367.0 367.0 368.0 368.0 369.0 370.0 370.0 2.0 23.0 25.0 27.0 29.0 31.0 33.0 35.0 37.0 39.0 40.0 42.0 44.0 46.0 48.0 50.0 52.0 54.0 56.0 58.0 60.0 62.0 63.0 65.0 67.0 69.0 71.0 73.0 75.0 77.0 79.0 81.0 82.0 84.0 86.0 88.0 90.0 92.0 94.0 96.0 98.0 100.0 102.0 103.0 105.0 107.0 109.0 111.0 113.0 115.0 117.0 118.0 120.0 122.0 124.0 126.0 128.0 130.0 132.0 134.0 136.0 138.0 140.0 141.0 143.0 145.0 147.0 149.0 151.0 153.0 155.0 157.0 158.0 160.0 162.0 164.0 166.0 168.0 170.0 172.0 174.0 176.0 178.0 180.0 182.0 183.0 185.0 187.0 189.0 191.0 193.0 195.0 197.0 198.0 201.0 202.0 204.0 206.0 208.0 210.0 315.0 1780180901.655757
319.0 323.0 324.0 324.0 325.0 325.0 326.0 326.0 327.0 327.0 328.0 329.0 329.0 329.0 330.0 331.0 331.0 332.0 332.0 333.0 334.0 334.0 335.0 335.0 336.0 337.0 337.0 338.0 339.0 339.0 340.0 340.0 341.0 342.0 342.0 343.0 343.0 344.0 344.0 345.0 346.0 347.0 347.0 348.0 348.0 349.0 350.0 350.0 351.0 351.0 352.0 353.0 353.0 354.0 355.0 355.0 356.0 357.0 357.0 358.0 359.0 359.0 360.0 360.0 361.0 362.0 362.0 363.0 363.0 364.0 365.0 366.0 366.0 367.0 367.0 368.0 369.0 369.0 370.0 371.0 371.0 372.0 372.0 373.0 374.0 375.0 375.0 376.0 376.0 377.0 378.0 379.0 379.0 380.0 381.0 382.0 383.0 384.0 384.0 385.0 2.0 23.0 25.0 27.0 29.0 31.0 33.0 35.0 37.0 39.0 41.0 43.0 45.0 47.0 49.0 51.0 53.0 55.0 57.0 59.0 60.0 62.0 64.0 66.0 68.0 70.0 72.0 74.0 76.0 78.0 80.0 81.0 83.0 85.0 87.0 89.0 91.0 93.0 95.0 97.0 99.0 101.0 103.0 104.0 106.0 108.0 110.0 112.0 114.0 116.0 118.0 119.0 121.0 123.0 125.0 127.0 129.0 131.0 133.0 135.0 137.0 139.0 141.0 143.0 145.0 147.0 148.0 150.0 152.0 154.0 156.0 158.0 160.0 162.0 164.0 166.0 168.0 169.0 171.0 173.0 175.0 177.0 179.0 181.0 183.0 185.0 187.0 188.0 190.0 192.0 194.0 196.0 198.0 200.0 202.0 203.0 205.0 207.0 209.0 210.0 316.0 1780180901.671057
319.0 324.0 325.0 325.0 326.0 326.0 327.0 327.0 328.0 329.0 329.0 330.0 331.0 331.0 332.0 333.0 333.0 334.0 335.0 335.0 336.0 337.0 338.0 338.0 339.0 340.0 340.0 341.0 342.0 342.0 343.0 344.0 345.0 345.0 346.0 347.0 347.0 348.0 349.0 350.0 350.0 351.0 352.0 353.0 353.0 354.0 355.0 356.0 357.0 357.0 358.0 359.0 360.0 360.0 361.0 362.0 363.0 363.0 364.0 365.0 366.0 366.0 367.0 368.0 369.0 370.0 370.0 371.0 372.0 373.0 373.0 374.0 375.0 376.0 377.0 377.0 378.0 379.0 379.0 380.0 381.0 382.0 383.0 384.0 384.0 386.0 386.0 387.0 388.0 389.0 390.0 391.0 392.0 393.0 394.0 395.0 396.0 397.0 398.0 399.0 2.0 24.0 26.0 28.0 30.0 32.0 34.0 36.0 37.0 39.0 41.0 43.0 45.0 47.0 49.0 51.0 53.0 55.0 57.0 59.0 61.0 63.0 64.0 66.0 68.0 70.0 72.0 74.0 76.0 78.0 80.0 82.0 83.0 85.0 87.0 89.0 91.0 93.0 95.0 97.0 99.0 101.0 103.0 105.0 107.0 109.0 111.0 112.0 114.0 116.0 118.0 120.0 122.0 124.0 126.0 128.0 130.0 132.0 133.0 135.0 137.0 139.0 141.0 143.0 145.0 147.0 149.0 151.0 153.0 154.0 156.0 158.0 160.0 162.0 164.0 166.0 168.0 169.0 171.0 173.0 175.0 177.0 179.0 181.0 183.0 184.0 186.0 188.0 190.0 192.0 194.0 196.0 197.0 199.0 201.0 203.0 205.0 206.0 208.0 209.0 317.0 1780180901.686479
319.0 325.0 325.0 326.0 326.0 327.0 328.0 328.0 329.0 330.0 330.0 331.0 332.0 333.0 333.0 334.0 335.0 336.0 336.0 337.0 338.0 339.0 340.0 341.0 341.0 342.0 343.0 344.0 344.0 345.0 346.0 347.0 348.0 349.0 350.0 350.0 351.0 352.0 353.0 354.0 355.0 356.0 357.0 357.0 358.0 359.0 360.0 361.0 362.0 363.0 364.0 364.0 365.0 366.0 367.0 368.0 369.0 369.0 370.0 371.0 372.0 373.0 374.0 375.0 376.0 377.0 378.0 378.0 379.0 380.0 381.0 382.0 383.0 384.0 385.0 386.0 387.0 387.0 388.0 390.0 391.0 391.0 392.0 393.0 394.0 396.0 396.0 397.0 398.0 399.0 401.0 402.0 403.0 404.0 405.0 407.0 408.0 409.0 410.0 412.0 2.0 23.0 25.0 27.0 29.0 31.0 33.0 35.0 37.0 39.0 41.0 43.0 45.0 47.0 49.0 51.0 53.0 55.0 57.0 58.0 60.0 62.0 64.0 66.0 68.0 70.0 72.0 74.0 76.0 78.0 80.0 82.0 83.0 85.0 87.0 89.0 91.0 93.0 95.0 97.0 99.0 101.0 102.0 104.0 106.0 108.0 110.0 112.0 114.0 116.0 117.0 119.0 121.0 123.0 125.0 127.0 129.0 131.0 133.0 135.0 137.0 138.0 140.0 142.0 144.0 146.0 147.0 149.0 151.0 153.0 155.0 157.0 159.0 161.0 163.0 165.0 167.0 168.0 170.0 172.0 174.0 176.0 177.0 179.0 181.0 183.0 185.0 187.0 189.0 190.0 192.0 194.0 195.0 197.0 199.0 201.0 202.0 204.0 205.0 207.0 318.0 1780180901.702067
319.0 325.0 326.0 326.0 327.0 328.0 329.0 329.0 330.0 331.0 332.0 332.0 333.0 334.0 335.0 336.0 337.0 337.0 338.0 339.0 340.0 341.0 342.0 343.0 344.0 345.0 345.0 346.0 347.0 348.0 349.0 350.0 351.0 352.0 353.0 354.0 355.0 356.0 356.0 358.0 359.0 360.0 361.0 362.0 363.0 364.0 364.0 366.0 367.0 368.0 368.0 370.0 370.0 371.0 372.0 374.0 375.0 375.0 377.0 377.0 378.0 379.0 380.0 381.0 382.0 384.0 385.0 386.0 387.0 388.0 389.0 390.0 391.0 392.0 393.0 394.0 395.0 396.0 397.0 398.0 399.0 400.0 401.0 403.0 404.0 405.0 406.0 407.0 408.0 409.0 411.0 412.0 413.0 415.0 416.0 418.0 419.0 420.0 422.0 423.0 2.0 23.0 25.0 27.0 29.0 31.0 33.0 35.0 37.0 39.0 41.0 43.0 45.0 47.0 49.0 51.0 53.0 55.0 56.0 58.0 60.0 62.0 64.0 66.0 68.0 70.0 72.0 74.0 75.0 77.0 79.0 81.0 83.0 85.0 87.0 88.0 90.0 92.0 94.0 96.0 98.0 100.0 102.0 103.0 105.0 107.0 109.0 111.0 113.0 115.0 116.0 118.0 120.0 122.0 124.0 126.0 128.0 130.0 132.0 133.0 135.0 137.0 139.0 141.0 143.0 144.0 146.0 148.0 150.0 152.0 154.0 155.0 157.0 159.0 161.0 163.0 165.0 166.0 168.0 170.0 172.0 174.0 176.0 177.0 179.0 181.0 183.0 184.0 186.0 188.0 190.0 192.0 193.0 195.0 196.0 198.0 199.0 201.0 202.0 204.0 319.0 1780180901.729010
319.0 326.0 326.0 327.0 328.0 329.0 330.0 330.0 331.0 332.0 333.0 334.0 335.0 335.0 336.0 338.0 338.0 339.0 340.0 341.0 342.0 343.0 344.0 345.0 346.0 347.0 348.0 349.0 351.0 351.0 352.0 353.0 355.0 356.0 357.0 358.0 359.0 360.0 361.0 362.0 363.0 364.0 365.0 366.0 368.0 368.0 369.0 371.0 372.0 373.0 374.0 375.0 376.0 377.0 378.0 380.0 381.0 382.0 383.0 384.0 385.0 386.0 387.0 388.0 389.0 391.0 392.0 393.0 394.0 396.0 397.0 398.0 399.0 400.0 401.0 402.0 404.0 405.0 406.0 407.0 408.0 409.0 411.0 412.0 413.0 415.0 416.0 417.0 418.0 419.0 421.0 422.0 424.0 425.0 426.0 428.0 429.0 431.0 433.0 434.0 2.0 23.0 25.0 27.0 29.0 31.0 33.0 35.0 37.0 39.0 40.0 42.0 44.0 46.0 48.0 50.0 52.0 54.0 56.0 57.0 59.0 61.0 63.0 65.0 67.0 69.0 71.0 73.0 74.0 76.0 78.0 80.0 81.0 83.0 85.0 87.0 89.0 91.0 93.0 94.0 96.0 98.0 100.0 102.0 103.0 105.0 107.0 109.0 111.0 112.0 114.0 116.0 118.0 120.0 122.0 123.0 125.0 127.0 129.0 130.0 132.0 134.0 136.0 138.0 140.0 141.0 143.0 145.0 147.0 149.0 150.0 152.0 154.0 156.0 158.0 159.0 161.0 163.0 165.0 166.0 168.0 170.0 172.0 174.0 175.0 177.0 179.0 180.0 182.0 184.0 186.0 188.0 189.0 190.0 192.0 193.0 195.0 196.0 198.0 199.0 320.0 1780180901.748396
319.0 326.0 327.0 328.0 329.0 330.0 331.0 331.0 332.0 333.0 334.0 335.0 336.0 337.0 338.0 339.0 340.0 341.0 343.0 344.0 345.0 346.0 347.0 348.0 349.0 350.0 351.0 352.0 354.0 355.0 356.0 357.0 358.0 359.0 361.0 362.0 363.0 364.0 365.0 366.0 367.0 369.0 370.0 371.0 372.0 373.0 374.0 376.0 377.0 378.0 379.0 381.0 382.0 383.0 384.0 386.0 387.0 388.0 389.0 390.0 391.0 393.0 394.0 395.0 396.0 398.0 399.0 400.0 401.0 403.0 404.0 405.0 406.0 408.0 409.0 410.0 412.0 413.0 414.0 415.0 417.0 418.0 419.0 420.0 422.0 423.0 424.0 426.0 427.0 429.0 430.0 431.0 433.0 435.0 436.0 438.0 439.0 441.0 442.0 444.0 2.0 23.0 25.0 27.0 29.0 30.0 32.0 34.0 36.0 38.0 40.0 42.0 44.0 46.0 47.0 49.0 51.0 53.0 55.0 56.0 58.0 60.0 62.0 64.0 65.0 67.0 69.0 71.0 72.0 74.0 76.0 78.0 80.0 82.0 83.0 85.0 87.0 89.0 91.0 92.0 94.0 96.0 98.0 99.0 101.0 103.0 105.0 107.0 109.0 110.0 112.0 114.0 115.0 117.0 119.0 121.0 122.0 124.0 126.0 128.0 129.0 131.0 133.0 134.0 136.0 138.0 140.0 142.0 143.0 145.0 147.0 149.0 150.0 152.0 154.0 156.0 158.0 159.0 161.0 163.0 164.0 166.0 168.0 169.0 171.0 173.0 175.0 176.0 178.0 180.0 181.0 183.0 184.0 186.0 187.0 189.0 190.0 192.0 193.0 194.0 321.0 1780180901.768941
319.0 327.0 328.0 329.0 330.0 331.0 332.0 333.0 334.0 335.0 336.0 337.0 338.0 339.0 340.0 341.0 342.0 344.0 345.0 346.0 347.0 348.0 350.0 351.0 352.0 353.0 355.0 356.0 357.0 358.0 359.0 361.0 362.0 363.0 364.0 366.0 367.0 368.0 369.0 371.0 372.0 373.0 374.0 376.0 377.0 378.0 379.0 381.0 382.0 383.0 385.0 386.0 387.0 388.0 390.0 391.0 393.0 393.0 395.0 396.0 398.0 399.0 400.0 401.0 403.0 404.0 406.0 407.0 408.0 410.0 411.0 412.0 414.0 415.0 416.0 418.0 419.0 420.0 421.0 423.0 424.0 426.0 427.0 428.0 430.0 431.0 433.0 434.0 435.0 437.0 439.0 440.0 442.0 443.0 445.0 446.0 448.0 450.0 452.0 453.0 2.0 23.0 24.0 26.0 28.0 30.0 32.0 34.0 36.0 37.0 39.0 41.0 43.0 45.0 46.0 48.0 50.0 52.0 54.0 55.0 57.0 59.0 61.0 63.0 64.0 66.0 68.0 69.0 71.0 73.0 75.0 76.0 78.0 80.0 82.0 83.0 85.0 87.0 89.0 90.0 92.0 94.0 96.0 97.0 99.0 101.0 102.0 104.0 106.0 107.0 109.0 111.0 113.0 115.0 117.0 118.0 120.0 122.0 123.0 125.0 127.0 128.0 130.0 132.0 134.0 135.0 137.0 139.0 140.0 142.0 144.0 146.0 147.0 149.0 151.0 152.0 154.0 156.0 158.0 159.0 161.0 162.0 164.0 166.0 168.0 169.0 171.0 173.0 174.0 176.0 177.0 179.0 180.0 182.0 183.0 184.0 186.0 187.0 188.0 189.0 322.0 1780180901.784377
319.0 327.0 328.0 330.0 330.0 331.0 333.0 334.0 335.0 336.0 337.0 338.0 339.0 340.0 342.0 343.0 344.0 346.0 347.0 348.0 349.0 351.0 352.0 353.0 354.0 356.0 357.0 358.0 360.0 361.0 362.0 364.0 365.0 366.0 368.0 369.0 370.0 372.0 373.0 374.0 375.0 377.0 379.0 380.0 381.0 382.0 384.0 385.0 387.0 388.0 389.0 390.0 392.0 393.0 395.0 396.0 397.0 399.0 400.0 402.0 403.0 404.0 406.0 407.0 409.0 410.0 411.0 413.0 414.0 416.0 417.0 419.0 420.0 421.0 422.0 424.0 426.0 427.0 428.0 430.0 431.0 432.0 434.0 435.0 437.0 438.0 440.0 441.0 443.0 445.0 446.0 447.0 449.0 451.0 452.0 454.0 456.0 458.0 459.0 461.0 2.0 22.0 24.0 26.0 28.0 30.0 32.0 33.0 35.0 37.0 39.0 40.0 42.0 44.0 46.0 47.0 49.0 51.0 53.0 55.0 56.0 58.0 60.0 62.0 63.0 65.0 67.0 68.0 70.0 72.0 74.0 75.0 77.0 79.0 80.0 82.0 84.0 85.0 87.0 89.0 91.0 92.0 94.0 96.0 97.0 99.0 101.0 102.0 104.0 106.0 107.0 109.0 111.0 113.0 115.0 116.0 118.0 119.0 121.0 123.0 124.0 126.0 128.0 129.0 131.0 133.0 134.0 136.0 138.0 140.0 141.0 143.0 145.0 146.0 148.0 150.0 151.0 153.0 155.0 156.0 158.0 160.0 162.0 163.0 165.0 166.0 168.0 169.0 171.0 173.0 174.0 175.0 177.0 178.0 180.0 181.0 182.0 183.0 184.0 185.0 323.0 1780180901.799829
319.0 328.0 329.0 330.0 331.0 332.0 333.0 334.0 335.0 337.0 338.0 339.0 341.0 341.0 343.0 344.0 345.0 347.0 348.0 350.0 351.0 352.0 353.0 355.0 356.0 358.0 359.0 360.0 362.0 363.0 365.0 366.0 367.0 369.0 370.0 372.0 373.0 375.0 376.0 377.0 379.0 380.0 382.0 383.0 384.0 386.0 387.0 389.0 390.0 391.0 393.0 394.0 396.0 397.0 399.0 400.0 402.0 403.0 404.0 406.0 407.0 409.0 410.0 412.0 413.0 415.0 416.0 418.0 419.0 421.0 422.0 424.0 425.0 426.0 428.0 429.0 431.0 432.0 434.0 435.0 436.0 438.0 440.0 441.0 442.0 444.0 445.0 447.0 449.0 450.0 452.0 454.0 455.0 457.0 458.0 460.0 462.0 464.0 466.0 467.0 2.0 22.0 24.0 26.0 28.0 29.0 31.0 33.0 35.0 37.0 38.0 40.0 42.0 44.0 45.0 47.0 49.0 50.0 52.0 54.0 56.0 57.0 59.0 61.0 62.0 64.0 66.0 67.0 69.0 71.0 72.0 74.0 76.0 77.0 79.0 81.0 82.0 84.0 86.0 87.0 89.0 91.0 92.0 94.0 96.0 98.0 99.0 101.0 103.0 104.0 106.0 108.0 109.0 111.0 113.0 114.0 116.0 117.0 119.0 121.0 122.0 124.0 126.0 127.0 129.0 131.0 132.0 134.0 135.0 137.0 139.0 141.0 142.0 144.0 146.0 147.0 149.0 151.0 152.0 154.0 155.0 157.0 159.0 160.0 162.0 163.0 165.0 167.0 168.0 170.0 171.0 172.0 174.0 175.0 176.0 177.0 179.0 180.0 181.0 182.0 324.0 1780180901.815233
319.0 328.0 329.0 330.0 331.0 332.0 334.0 335.0 336.0 338.0 339.0 340.0 341.0 342.0 344.0 345.0 346.0 348.0 349.0 351.0 352.0 353.0 355.0 356.0 358.0 359.0 361.0 362.0 363.0 365.0 366.0 368.0 369.0 371.0 372.0 374.0 375.0 377.0 378.0 380.0 381.0 382.0 384.0 386.0 387.0 389.0 390.0 391.0 393.0 394.0 396.0 397.0 399.0 400.0 402.0 404.0 405.0 406.0 408.0 409.0 411.0 412.0 414.0 415.0 417.0 418.0 420.0 421.0 423.0 425.0 426.0 428.0 429.0 430.0 432.0 433.0 435.0 436.0 438.0 440.0 441.0 442.0 444.0 446.0 447.0 449.0 450.0 452.0 454.0 455.0 457.0 459.0 460.0 462.0 463.0 465.0 467.0 469.0 471.0 472.0 2.0 22.0 24.0 25.0 27.0 29.0 31.0 33.0 35.0 36.0 38.0 40.0 42.0 43.0 45.0 47.0 49.0 50.0 52.0 53.0 55.0 57.0 58.0 60.0 62.0 63.0 65.0 67.0 68.0 70.0 72.0 73.0 75.0 77.0 78.0 80.0 82.0 83.0 85.0 86.0 88.0 90.0 91.0 93.0 95.0 97.0 98.0 100.0 101.0 103.0 104.0 106.0 107.0 109.0 111.0 113.0 114.0 116.0 117.0 119.0 121.0 122.0 124.0 125.0 127.0 129.0 130.0 132.0 134.0 135.0 137.0 139.0 140.0 142.0 144.0 145.0 147.0 148.0 150.0 152.0 153.0 155.0 156.0 158.0 159.0 161.0 163.0 164.0 165.0 167.0 168.0 170.0 171.0 172.0 174.0 175.0 176.0 177.0 178.0 179.0 325.0 1780180901.830652
319.0 328.0 329.0 331.0 331.0 332.0 334.0 335.0 336.0 338.0 339.0 340.0 342.0 343.0 344.0 346.0 347.0 348.0 350.0 351.0 353.0 354.0 355.0 357.0 359.0 360.0 362.0 363.0 364.0 366.0 367.0 369.0 370.0 372.0 373.0 375.0 376.0 378.0 379.0 381.0 382.0 384.0 386.0 387.0 389.0 390.0 392.0 393.0 395.0 396.0 398.0 399.0 401.0 402.0 404.0 406.0 407.0 409.0 410.0 412.0 413.0 415.0 416.0 418.0 419.0 421.0 423.0 424.0 426.0 427.0 429.0 430.0 432.0 433.0 435.0 436.0 438.0 439.0 441.0 443.0 444.0 446.0 447.0 449.0 450.0 452.0 453.0 455.0 457.0 458.0 460.0 462.0 463.0 465.0 467.0 469.0 471.0 473.0 474.0 476.0 2.0 22.0 24.0 25.0 27.0 29.0 31.0 32.0 34.0 36.0 38.0 39.0 41.0 43.0 45.0 47.0 48.0 50.0 52.0 53.0 55.0 56.0 58.0 60.0 61.0 63.0 65.0 66.0 68.0 69.0 71.0 73.0 74.0 76.0 78.0 79.0 81.0 83.0 84.0 86.0 88.0 89.0 91.0 92.0 94.0 95.0 97.0 99.0 100.0 102.0 103.0 105.0 106.0 108.0 110.0 111.0 113.0 114.0 116.0 118.0 119.0 121.0 123.0 124.0 126.0 127.0 129.0 131.0 132.0 134.0 135.0 137.0 138.0 140.0 142.0 143.0 145.0 147.0 148.0 150.0 151.0 153.0 154.0 156.0 157.0 159.0 160.0 162.0 163.0 165.0 166.0 167.0 169.0 170.0 171.0 172.0 173.0 174.0 175.0 176.0 326.0 1780180901.846119
319.0 329.0 330.0 331.0 332.0 333.0 334.0 335.0 336.0 338.0 339.0 340.0 342.0 343.0 345.0 346.0 348.0 349.0 350.0 352.0 353.0 355.0 356.0 358.0 359.0 361.0 362.0 364.0 365.0 367.0 368.0 370.0 371.0 373.0 374.0 376.0 378.0 379.0 381.0 382.0 384.0 385.0 387.0 389.0 390.0 392.0 393.0 395.0 396.0 398.0 400.0 401.0 403.0 404.0 406.0 407.0 409.0 410.0 412.0 413.0 415.0 417.0 418.0 420.0 421.0 423.0 425.0 426.0 428.0 429.0 431.0 432.0 434.0 436.0 437.0 439.0 440.0 442.0 443.0 445.0 446.0 448.0 450.0 451.0 453.0 455.0 456.0 458.0 460.0 461.0 463.0 465.0 466.0 468.0 470.0 472.0 474.0 475.0 477.0 479.0 2.0 22.0 24.0 26.0 27.0 29.0 31.0 33.0 34.0 36.0 38.0 39.0 41.0 43.0 44.0 46.0 48.0 49.0 51.0 53.0 55.0 56.0 58.0 60.0 61.0 63.0 65.0 66.0 68.0 69.0 71.0 73.0 74.0 76.0 77.0 79.0 81.0 82.0 84.0 85.0 87.0 89.0 90.0 92.0 94.0 95.0 97.0 98.0 100.0 101.0 103.0 105.0 106.0 108.0 109.0 111.0 112.0 114.0 115.0 117.0 119.0 120.0 122.0 123.0 125.0 126.0 128.0 130.0 131.0 133.0 135.0 136.0 138.0 139.0 141.0 142.0 144.0 145.0 147.0 148.0 150.0 152.0 153.0 155.0 156.0 158.0 159.0 161.0 162.0 163.0 165.0 166.0 167.0 168.0 169.0 171.0 172.0 173.0 174.0 174.0 327.0 1780180901.861802
319.0 329.0 330.0 331.0 332.0 333.0 335.0 336.0 337.0 338.0 340.0 341.0 342.0 343.0 345.0 346.0 348.0 349.0 351.0 352.0 354.0 355.0 357.0 358.0 360.0 361.0 363.0 364.0 366.0 367.0 369.0 371.0 372.0 374.0 375.0 377.0 378.0 380.0 381.0 383.0 384.0 386.0 388.0 389.0 391.0 392.0 394.0 395.0 397.0 399.0 400.0 402.0 403.0 405.0 407.0 408.0 410.0 411.0 413.0 415.0 416.0 418.0 419.0 421.0 422.0 424.0 426.0 427.0 429.0 430.0 432.0 434.0 435.0 437.0 439.0 440.0 442.0 443.0 445.0 447.0 448.0 450.0 452.0 453.0 454.0 456.0 458.0 460.0 461.0 463.0 465.0 467.0 468.0 470.0 472.0 474.0 475.0 477.0 479.0 481.0 2.0 22.0 24.0 26.0 27.0 29.0 31.0 33.0 34.0 36.0 38.0 39.0 41.0 43.0 45.0 46.0 48.0 50.0 51.0 53.0 55.0 56.0 58.0 59.0 61.0 63.0 64.0 66.0 68.0 69.0 71.0 73.0 74.0 76.0 77.0 79.0 81.0 82.0 84.0 85.0 87.0 89.0 90.0 92.0 94.0 95.0 97.0 98.0 100.0 101.0 103.0 105.0 106.0 108.0 109.0 111.0 113.0 114.0 116.0 117.0 119.0 120.0 122.0 123.0 125.0 126.0 128.0 130.0 131.0 133.0 134.0 136.0 137.0 139.0 141.0 142.0 144.0 145.0 147.0 148.0 150.0 151.0 153.0 154.0 156.0 157.0 158.0 160.0 161.0 163.0 164.0 165.0 167.0 168.0 168.0 169.0 170.0 172.0 173.0 173.0 328.0 1780180901.882154
319.0 329.0 330.0 331.0 332.0 333.0 334.0 336.0 337.0 338.0 340.0 341.0 342.0 344.0 345.0 346.0 348.0 349.0 351.0 352.0 354.0 355.0 357.0 358.0 360.0 361.0 363.0 364.0 366.0 367.0 369.0 370.0 372.0 373.0 375.0 377.0 378.0 380.0 381.0 383.0 384.0 386.0 387.0 389.0 391.0 392.0 394.0 395.0 397.0 398.0 400.0 402.0 403.0 405.0 407.0 408.0 409.0 411.0 413.0 414.0 416.0 417.0 419.0 421.0 422.0 424.0 425.0 427.0 429.0 430.0 432.0 434.0 435.0 437.0 439.0 440.0 442.0 443.0 445.0 447.0 448.0 450.0 452.0 453.0 455.0 457.0 458.0 460.0 462.0 463.0 465.0 467.0 468.0 470.0 472.0 474.0 476.0 478.0 480.0 482.0 2.0 22.0 24.0 26.0 27.0 29.0 31.0 33.0 34.0 36.0 38.0 39.0 41.0 43.0 45.0 46.0 48.0 50.0 51.0 53.0 55.0 56.0 58.0 60.0 61.0 63.0 65.0 66.0 68.0 69.0 71.0 73.0 74.0 76.0 78.0 79.0 81.0 82.0 84.0 86.0 87.0 89.0 91.0 92.0 94.0 95.0 97.0 98.0 100.0 102.0 103.0 105.0 106.0 108.0 109.0 111.0 113.0 114.0 116.0 117.0 119.0 120.0 122.0 123.0 125.0 126.0 128.0 130.0 131.0 133.0 135.0 136.0 138.0 139.0 141.0 142.0 144.0 145.0 147.0 148.0 150.0 151.0 153.0 154.0 156.0 157.0 158.0 160.0 161.0 162.0 164.0 165.0 166.0 167.0 168.0 169.0 170.0 171.0 172.0 173.0 329.0 1780180901.897665
319.0 329.0 330.0 331.0 332.0 333.0 334.0 335.0 337.0 338.0 339.0 340.0 342.0 343.0 345.0 346.0 348.0 349.0 351.0 352.0 354.0 355.0 356.0 358.0 359.0 361.0 362.0 364.0 365.0 367.0 368.0 370.0 371.0 373.0 374.0 376.0 377.0 379.0 381.0 382.0 384.0 385.0 387.0 388.0 390.0 392.0 393.0 395.0 396.0 398.0 400.0 401.0 403.0 404.0 406.0 407.0 409.0 411.0 412.0 414.0 416.0 417.0 419.0 420.0 422.0 424.0 425.0 427.0 428.0 430.0 432.0 433.0 435.0 436.0 438.0 440.0 441.0 443.0 445.0 446.0 448.0 449.0 451.0 453.0 454.0 456.0 458.0 460.0 461.0 463.0 465.0 466.0 468.0 470.0 472.0 474.0 476.0 478.0 480.0 482.0 2.0 22.0 24.0 26.0 27.0 29.0 31.0 33.0 34.0 36.0 38.0 39.0 41.0 43.0 45.0 46.0 48.0 50.0 51.0 53.0 55.0 56.0 58.0 60.0 61.0 63.0 65.0 67.0 68.0 70.0 72.0 73.0 75.0 77.0 78.0 80.0 81.0 83.0 85.0 86.0 88.0 90.0 91.0 93.0 94.0 96.0 97.0 99.0 101.0 102.0 104.0 105.0 107.0 109.0 110.0 112.0 113.0 115.0 117.0 118.0 120.0 121.0 123.0 124.0 126.0 128.0 129.0 131.0 132.0 134.0 135.0 137.0 138.0 140.0 141.0 143.0 144.0 146.0 147.0 149.0 150.0 152.0 154.0 155.0 157.0 158.0 159.0 161.0 162.0 163.0 164.0 165.0 167.0 168.0 169.0 170.0 171.0 172.0 172.0 173.0 330.0 1780180901.918415
319.0 328.0 329.0 330.0 331.0 332.0 334.0 335.0 336.0 337.0 338.0 339.0 341.0 342.0 343.0 345.0 346.0 347.0 349.0 350.0 352.0 353.0 354.0 356.0 357.0 358.0 360.0 361.0 363.0 364.0 366.0 367.0 368.0 370.0 371.0 373.0 375.0 376.0 377.0 379.0 380.0 382.0 384.0 385.0 387.0 388.0 389.0 391.0 393.0 394.0 396.0 397.0 399.0 400.0 402.0 403.0 405.0 407.0 408.0 410.0 411.0 413.0 414.0 416.0 417.0 419.0 420.0 422.0 424.0 425.0 427.0 429.0 430.0 431.0 433.0 435.0 436.0 438.0 440.0 441.0 443.0 444.0 446.0 448.0 449.0 451.0 452.0 454.0 456.0 457.0 459.0 461.0 463.0 464.0 466.0 468.0 470.0 472.0 474.0 475.0 2.0 22.0 24.0 26.0 27.0 29.0 31.0 32.0 34.0 36.0 37.0 39.0 41.0 43.0 44.0 46.0 48.0 49.0 51.0 53.0 55.0 56.0 58.0 59.0 61.0 63.0 64.0 66.0 67.0 69.0 71.0 72.0 74.0 75.0 77.0 79.0 80.0 82.0 84.0 85.0 87.0 88.0 90.0 91.0 93.0 95.0 96.0 98.0 99.0 101.0 103.0 104.0 106.0 107.0 109.0 111.0 112.0 114.0 115.0 117.0 118.0 120.0 121.0 123.0 124.0 126.0 127.0 129.0 130.0 132.0 133.0 135.0 136.0 138.0 139.0 141.0 142.0 144.0 146.0 147.0 149.0 150.0 152.0 153.0 155.0 156.0 157.0 159.0 160.0 161.0 162.0 164.0 165.0 166.0 167.0 168.0 169.0 170.0 171.0 172.0 331.0 1780180901.949392
319.0 328.0 329.0 330.0 331.0 332.0 333.0 334.0 335.0 337.0 338.0 339.0 340.0 341.0 342.0 344.0 345.0 346.0 348.0 349.0 350.0 352.0 353.0 354.0 355.0 357.0 358.0 360.0 361.0 363.0 364.0 365.0 367.0 368.0 369.0 371.0 373.0 374.0 375.0 377.0 378.0 380.0 381.0 383.0 384.0 386.0 387.0 389.0 390.0 392.0 393.0 395.0 396.0 398.0 399.0 401.0 402.0 404.0 405.0 407.0 408.0 410.0 411.0 413.0 415.0 416.0 418.0 420.0 421.0 423.0 424.0 426.0 427.0 429.0 431.0 432.0 434.0 435.0 437.0 438.0 440.0 441.0 443.0 445.0 446.0 448.0 450.0 451.0 453.0 455.0 457.0 458.0 460.0 462.0 463.0 465.0 467.0 469.0 471.0 472.0 2.0 22.0 24.0 26.0 27.0 29.0 31.0 33.0 35.0 37.0 38.0 40.0 42.0 43.0 45.0 47.0 49.0 50.0 52.0 54.0 56.0 57.0 59.0 60.0 62.0 64.0 65.0 67.0 69.0 71.0 72.0 74.0 76.0 77.0 79.0 80.0 82.0 84.0 85.0 87.0 89.0 90.0 92.0 93.0 95.0 97.0 98.0 100.0 101.0 103.0 105.0 106.0 108.0 110.0 111.0 113.0 114.0 116.0 117.0 119.0 121.0 122.0 124.0 125.0 127.0 129.0 130.0 132.0 133.0 135.0 136.0 138.0 139.0 141.0 143.0 144.0 146.0 147.0 149.0 150.0 152.0 153.0 155.0 156.0 158.0 159.0 161.0 162.0 163.0 165.0 166.0 167.0 169.0 170.0 171.0 172.0 173.0 174.0 175.0 176.0 332.0 1780180901.964713
319.0 328.0 329.0 330.0 331.0 332.0 333.0 334.0 335.0 336.0 337.0 338.0 339.0 341.0 342.0 343.0 344.0 346.0 347.0 348.0 349.0 351.0 352.0 353.0 354.0 356.0 357.0 358.0 360.0 361.0 362.0 364.0 365.0 367.0 368.0 370.0 371.0 372.0 374.0 375.0 376.0 378.0 379.0 381.0 382.0 384.0 385.0 386.0 388.0 389.0 391.0 392.0 394.0 395.0 397.0 399.0 400.0 401.0 403.0 404.0 406.0 407.0 409.0 411.0 412.0 414.0 415.0 417.0 418.0 420.0 422.0 423.0 425.0 426.0 428.0 429.0 431.0 432.0 434.0 436.0 437.0 439.0 440.0 442.0 443.0 445.0 447.0 448.0 450.0 452.0 453.0 455.0 457.0 459.0 460.0 462.0 464.0 466.0 468.0 470.0 2.0 22.0 24.0 26.0 28.0 29.0 31.0 33.0 35.0 37.0 39.0 40.0 42.0 44.0 46.0 48.0 49.0 51.0 53.0 54.0 56.0 58.0 60.0 61.0 63.0 65.0 66.0 68.0 70.0 72.0 73.0 75.0 77.0 78.0 80.0 82.0 84.0 85.0 87.0 88.0 90.0 92.0 93.0 95.0 97.0 99.0 100.0 102.0 103.0 105.0 107.0 108.0 110.0 112.0 113.0 115.0 117.0 118.0 120.0 121.0 123.0 124.0 126.0 127.0 129.0 131.0 132.0 134.0 136.0 137.0 139.0 141.0 142.0 144.0 145.0 147.0 148.0 150.0 151.0 153.0 155.0 156.0 158.0 159.0 161.0 162.0 164.0 165.0 167.0 168.0 169.0 171.0 172.0 173.0 174.0 176.0 177.0 178.0 179.0 180.0 333.0 1780180901.985200
319.0 327.0 328.0 329.0 330.0 331.0 333.0 334.0 335.0 336.0 337.0 338.0 339.0 340.0 341.0 342.0 344.0 345.0 346.0 347.0 348.0 350.0 351.0 352.0 353.0 355.0 356.0 357.0 359.0 360.0 361.0 362.0 364.0 365.0 366.0 368.0 369.0 370.0 372.0 373.0 374.0 376.0 377.0 378.0 380.0 381.0 383.0 384.0 386.0 387.0 388.0 390.0 391.0 393.0 394.0 395.0 397.0 398.0 400.0 401.0 403.0 404.0 406.0 407.0 408.0 410.0 411.0 413.0 415.0 416.0 418.0 419.0 420.0 422.0 424.0 425.0 427.0 428.0 430.0 431.0 433.0 434.0 436.0 437.0 439.0 440.0 442.0 444.0 445.0 447.0 449.0 451.0 452.0 454.0 456.0 457.0 459.0 461.0 463.0 465.0 2.0 23.0 25.0 26.0 28.0 30.0 32.0 33.0 35.0 37.0 39.0 41.0 43.0 44.0 46.0 48.0 50.0 52.0 53.0 55.0 57.0 59.0 60.0 62.0 64.0 66.0 67.0 69.0 71.0 73.0 74.0 76.0 78.0 80.0 81.0 83.0 85.0 87.0 88.0 90.0 92.0 93.0 95.0 97.0 99.0 100.0 102.0 104.0 105.0 107.0 109.0 110.0 112.0 114.0 115.0 117.0 119.0 121.0 122.0 124.0 125.0 127.0 129.0 130.0 132.0 134.0 135.0 137.0 139.0 140.0 142.0 144.0 145.0 147.0 149.0 150.0 152.0 153.0 155.0 156.0 158.0 160.0 161.0 163.0 165.0 166.0 167.0 169.0 170.0 172.0 174.0 175.0 176.0 177.0 178.0 180.0 181.0 182.0 183.0 184.0 334.0 1780180902.000679
319.0 327.0 328.0 329.0 330.0 331.0 332.0 333.0 334.0 335.0 336.0 337.0 339.0 340.0 341.0 342.0 343.0 344.0 345.0 346.0 348.0 349.0 350.0 351.0 352.0 354.0 355.0 356.0 357.0 359.0 360.0 361.0 362.0 364.0 365.0 366.0 367.0 368.0 370.0 371.0 373.0 374.0 375.0 376.0 378.0 379.0 380.0 382.0 383.0 384.0 386.0 387.0 388.0 390.0 391.0 392.0 394.0 395.0 396.0 398.0 399.0 400.0 402.0 403.0 405.0 406.0 407.0 409.0 410.0 412.0 413.0 414.0 416.0 417.0 419.0 420.0 422.0 423.0 424.0 426.0 427.0 429.0 430.0 432.0 433.0 435.0 437.0 438.0 439.0 441.0 443.0 444.0 446.0 448.0 449.0 451.0 453.0 455.0 456.0 458.0 2.0 23.0 25.0 27.0 28.0 30.0 32.0 34.0 36.0 38.0 40.0 41.0 43.0 45.0 47.0 49.0 50.0 52.0 54.0 56.0 58.0 59.0 61.0 63.0 65.0 67.0 69.0 70.0 72.0 74.0 75.0 77.0 79.0 81.0 83.0 84.0 86.0 88.0 90.0 92.0 93.0 95.0 97.0 99.0 100.0 102.0 104.0 106.0 107.0 109.0 111.0 112.0 114.0 116.0 118.0 119.0 121.0 123.0 125.0 126.0 128.0 130.0 132.0 133.0 135.0 137.0 138.0 140.0 142.0 143.0 145.0 147.0 148.0 150.0 152.0 153.0 155.0 157.0 159.0 160.0 162.0 164.0 165.0 167.0 169.0 170.0 172.0 173.0 175.0 177.0 178.0 179.0 181.0 182.0 183.0 185.0 186.0 187.0 188.0 189.0 335.0 1780180902.021488
319.0 327.0 328.0 329.0 330.0 331.0 332.0 333.0 334.0 335.0 336.0 337.0 338.0 339.0 340.0 341.0 342.0 344.0 345.0 346.0 347.0 348.0 349.0 350.0 351.0 353.0 354.0 355.0 356.0 358.0 359.0 360.0 361.0 362.0 363.0 365.0 366.0 367.0 368.0 369.0 371.0 372.0 373.0 374.0 376.0 377.0 378.0 379.0 381.0 382.0 383.0 384.0 386.0 387.0 388.0 389.0 391.0 392.0 393.0 395.0 396.0 397.0 398.0 400.0 401.0 402.0 403.0 405.0 406.0 407.0 409.0 410.0 411.0 413.0 414.0 415.0 417.0 418.0 419.0 421.0 422.0 423.0 424.0 426.0 427.0 429.0 430.0 432.0 433.0 435.0 436.0 438.0 439.0 441.0 442.0 444.0 446.0 448.0 449.0 451.0 2.0 23.0 25.0 27.0 29.0 30.0 32.0 34.0 36.0 38.0 40.0 42.0 44.0 46.0 47.0 49.0 51.0 53.0 55.0 57.0 59.0 60.0 62.0 64.0 66.0 68.0 70.0 72.0 73.0 75.0 76.0 78.0 80.0 82.0 84.0 86.0 88.0 89.0 91.0 93.0 95.0 97.0 98.0 100.0 102.0 104.0 106.0 108.0 109.0 111.0 113.0 114.0 116.0 118.0 120.0 122.0 124.0 125.0 127.0 129.0 130.0 132.0 134.0 136.0 137.0 139.0 141.0 143.0 145.0 147.0 148.0 150.0 151.0 153.0 155.0 157.0 159.0 160.0 162.0 164.0 166.0 167.0 169.0 171.0 173.0 174.0 176.0 178.0 179.0 181.0 183.0 184.0 185.0 187.0 188.0 190.0 191.0 192.0 193.0 195.0 336.0 1780180902.036757
319.0 327.0 328.0 329.0 330.0 331.0 332.0 333.0 333.0 334.0 335.0 336.0 338.0 339.0 340.0 341.0 342.0 343.0 344.0 345.0 346.0 347.0 348.0 349.0 350.0 351.0 352.0 353.0 355.0 356.0 357.0 358.0 359.0 360.0 361.0 363.0 364.0 365.0 366.0 367.0 368.0 369.0 371.0 372.0 373.0 374.0 375.0 376.0 377.0 379.0 380.0 381.0 382.0 383.0 384.0 386.0 387.0 388.0 389.0 390.0 391.0 392.0 394.0 395.0 396.0 397.0 398.0 400.0 401.0 402.0 404.0 405.0 406.0 407.0 408.0 409.0 410.0 412.0 413.0 414.0 415.0 416.0 417.0 419.0 420.0 421.0 422.0 424.0 425.0 426.0 428.0 429.0 430.0 432.0 433.0 435.0 436.0 438.0 440.0 441.0 2.0 23.0 25.0 27.0 29.0 31.0 33.0 34.0 36.0 38.0 40.0 42.0 44.0 46.0 48.0 50.0 52.0 53.0 55.0 57.0 59.0 61.0 63.0 65.0 66.0 68.0 70.0 72.0 74.0 76.0 78.0 79.0 81.0 83.0 85.0 87.0 89.0 91.0 92.0 94.0 96.0 98.0 100.0 102.0 103.0 105.0 107.0 109.0 111.0 112.0 114.0 116.0 118.0 120.0 122.0 124.0 126.0 127.0 129.0 131.0 132.0 134.0 136.0 138.0 140.0 142.0 143.0 145.0 147.0 149.0 151.0 153.0 154.0 156.0 158.0 160.0 162.0 164.0 165.0 167.0 169.0 171.0 172.0 174.0 176.0 178.0 180.0 181.0 183.0 185.0 187.0 188.0 190.0 191.0 193.0 194.0 196.0 197.0 199.0 200.0 337.0 1780180902.057412
319.0 327.0 328.0 328.0 329.0 330.0 331.0 332.0 333.0 334.0 335.0 336.0 336.0 337.0 339.0 340.0 341.0 342.0 342.0 343.0 344.0 345.0 346.0 348.0 349.0 349.0 351.0 352.0 353.0 354.0 355.0 356.0 357.0 358.0 359.0 360.0 361.0 362.0 363.0 364.0 365.0 366.0 368.0 368.0 370.0 370.0 371.0 373.0 374.0 375.0 376.0 377.0 378.0 379.0 380.0 381.0 382.0 383.0 384.0 385.0 386.0 387.0 388.0 389.0 390.0 392.0 393.0 394.0 395.0 396.0 397.0 398.0 399.0 400.0 401.0 402.0 403.0 404.0 405.0 406.0 407.0 408.0 409.0 410.0 411.0 412.0 413.0 414.0 416.0 417.0 418.0 419.0 420.0 422.0 423.0 425.0 426.0 427.0 429.0 430.0 2.0 23.0 25.0 27.0 29.0 31.0 33.0 35.0 37.0 39.0 41.0 42.0 44.0 46.0 48.0 50.0 52.0 54.0 56.0 58.0 60.0 61.0 63.0 65.0 67.0 69.0 71.0 73.0 75.0 77.0 79.0 81.0 82.0 84.0 86.0 88.0 90.0 92.0 93.0 95.0 97.0 99.0 101.0 103.0 105.0 107.0 108.0 110.0 112.0 114.0 116.0 118.0 120.0 122.0 124.0 126.0 127.0 129.0 131.0 133.0 135.0 137.0 139.0 140.0 142.0 144.0 146.0 148.0 150.0 152.0 154.0 155.0 157.0 159.0 161.0 163.0 165.0 167.0 169.0 171.0 172.0 174.0 176.0 178.0 180.0 182.0 184.0 185.0 187.0 189.0 191.0 193.0 194.0 196.0 198.0 199.0 201.0 203.0 204.0 205.0 338.0 1780180902.072783
319.0 326.0 327.0 328.0 329.0 330.0 330.0 331.0 332.0 333.0 334.0 335.0 335.0 336.0 337.0 338.0 339.0 340.0 341.0 342.0 343.0 344.0 345.0 346.0 347.0 347.0 348.0 349.0 350.0 352.0 352.0 353.0 354.0 355.0 356.0 357.0 358.0 359.0 360.0 361.0 362.0 363.0 364.0 365.0 366.0 366.0 367.0 368.0 369.0 370.0 371.0 372.0 373.0 374.0 375.0 376.0 377.0 378.0 379.0 380.0 380.0 381.0 382.0 383.0 384.0 385.0 386.0 387.0 388.0 389.0 390.0 391.0 391.0 392.0 393.0 394.0 395.0 396.0 397.0 398.0 398.0 399.0 400.0 401.0 402.0 403.0 404.0 405.0 406.0 407.0 408.0 409.0 410.0 411.0 412.0 414.0 415.0 416.0 417.0 418.0 2.0 23.0 25.0 27.0 29.0 31.0 33.0 35.0 37.0 39.0 41.0 43.0 45.0 47.0 49.0 51.0 53.0 54.0 56.0 58.0 60.0 62.0 64.0 66.0 68.0 70.0 72.0 74.0 76.0 78.0 80.0 82.0 83.0 85.0 87.0 89.0 91.0 93.0 95.0 97.0 99.0 101.0 103.0 104.0 106.0 108.0 110.0 112.0 114.0 116.0 118.0 120.0 122.0 124.0 126.0 127.0 129.0 131.0 133.0 135.0 137.0 139.0 141.0 143.0 145.0 147.0 149.0 151.0 153.0 155.0 156.0 158.0 160.0 162.0 164.0 166.0 168.0 170.0 172.0 174.0 176.0 178.0 180.0 182.0 184.0 185.0 187.0 189.0 191.0 193.0 195.0 197.0 199.0 201.0 202.0 204.0 206.0 207.0 209.0 210.0 339.0 1780180902.088149
319.0 326.0 327.0 327.0 328.0 329.0 330.0 330.0 331.0 332.0 333.0 333.0 334.0 335.0 336.0 337.0 338.0 339.0 339.0 340.0 341.0 342.0 343.0 344.0 345.0 345.0 346.0 347.0 348.0 349.0 350.0 350.0 352.0 352.0 353.0 354.0 355.0 356.0 357.0 358.0 358.0 359.0 360.0 361.0 362.0 362.0 363.0 364.0 365.0 366.0 367.0 368.0 368.0 369.0 370.0 371.0 372.0 372.0 374.0 374.0 375.0 376.0 376.0 377.0 378.0 379.0 380.0 380.0 381.0 382.0 383.0 384.0 384.0 385.0 386.0 387.0 387.0 388.0 389.0 390.0 390.0 391.0 392.0 393.0 393.0 394.0 395.0 396.0 397.0 397.0 398.0 399.0 400.0 401.0 402.0 403.0 405.0 406.0 407.0 408.0 2.0 23.0 25.0 27.0 29.0 31.0 33.0 35.0 37.0 39.0 41.0 43.0 45.0 47.0 49.0 51.0 53.0 55.0 57.0 59.0 61.0 63.0 65.0 67.0 69.0 71.0 73.0 75.0 77.0 79.0 81.0 83.0 84.0 86.0 88.0 90.0 92.0 94.0 96.0 98.0 100.0 102.0 104.0 106.0 108.0 110.0 112.0 114.0 116.0 118.0 120.0 122.0 124.0 126.0 127.0 129.0 131.0 133.0 135.0 137.0 139.0 141.0 143.0 145.0 147.0 149.0 151.0 153.0 155.0 157.0 159.0 161.0 163.0 165.0 167.0 169.0 171.0 173.0 175.0 177.0 179.0 181.0 183.0 185.0 187.0 189.0 191.0 193.0 195.0 197.0 199.0 201.0 203.0 205.0 206.0 208.0 210.0 212.0 213.0 215.0 340.0 1780180902.108959
319.0 325.0 326.0 326.0 327.0 327.0 328.0 329.0 329.0 330.0 331.0 332.0 332.0 333.0 334.0 334.0 335.0 336.0 337.0 337.0 338.0 339.0 339.0 340.0 341.0 341.0 342.0 343.0 343.0 344.0 345.0 346.0 347.0 347.0 348.0 349.0 349.0 350.0 351.0 351.0 352.0 353.0 353.0 354.0 355.0 355.0 356.0 357.0 358.0 359.0 359.0 360.0 360.0 361.0 361.0 362.0 363.0 364.0 365.0 365.0 366.0 366.0 367.0 367.0 369.0 369.0 370.0 370.0 371.0 372.0 372.0 373.0 373.0 374.0 375.0 375.0 376.0 377.0 377.0 378.0 378.0 379.0 379.0 380.0 381.0 382.0 382.0 383.0 383.0 384.0 385.0 386.0 386.0 387.0 388.0 389.0 390.0 391.0 392.0 393.0 2.0 23.0 25.0 27.0 29.0 31.0 33.0 35.0 37.0 39.0 41.0 43.0 45.0 47.0 49.0 51.0 53.0 55.0 57.0 59.0 61.0 63.0 65.0 67.0 69.0 71.0 73.0 75.0 77.0 78.0 80.0 82.0 84.0 86.0 88.0 90.0 92.0 94.0 96.0 98.0 100.0 102.0 104.0 106.0 107.0 110.0 112.0 114.0 116.0 117.0 119.0 121.0 123.0 125.0 127.0 129.0 131.0 133.0 135.0 137.0 139.0 141.0 143.0 145.0 147.0 149.0 151.0 153.0 155.0 157.0 159.0 161.0 163.0 165.0 167.0 169.0 171.0 173.0 175.0 177.0 179.0 181.0 183.0 185.0 187.0 189.0 191.0 193.0 195.0 197.0 199.0 201.0 203.0 205.0 207.0 208.0 210.0 212.0 214.0 215.0 341.0 1780180902.129317
319.0 324.0 325.0 325.0 325.0 326.0 327.0 327.0 328.0 328.0 329.0 329.0 330.0 330.0 331.0 331.0 332.0 333.0 333.0 334.0 334.0 335.0 335.0 336.0 337.0 337.0 338.0 338.0 339.0 340.0 340.0 340.0 341.0 342.0 342.0 343.0 343.0 344.0 344.0 345.0 346.0 346.0 347.0 347.0 348.0 348.0 349.0 350.0 350.0 351.0 351.0 352.0 352.0 353.0 353.0 354.0 354.0 355.0 355.0 356.0 356.0 357.0 357.0 358.0 358.0 359.0 360.0 360.0 360.0 361.0 362.0 362.0 363.0 363.0 364.0 364.0 365.0 365.0 365.0 366.0 367.0 367.0 367.0 368.0 368.0 369.0 369.0 370.0 370.0 371.0 371.0 372.0 373.0 373.0 374.0 375.0 375.0 376.0 377.0 378.0 2.0 24.0 26.0 28.0 30.0 31.0 33.0 35.0 37.0 39.0 41.0 43.0 45.0 47.0 49.0 51.0 53.0 55.0 57.0 59.0 61.0 63.0 65.0 67.0 69.0 71.0 73.0 75.0 77.0 79.0 81.0 83.0 85.0 87.0 89.0 90.0 92.0 94.0 96.0 98.0 100.0 102.0 104.0 106.0 108.0 110.0 112.0 114.0 116.0 118.0 120.0 122.0 124.0 126.0 128.0 130.0 132.0 134.0 136.0 138.0 140.0 142.0 144.0 146.0 148.0 150.0 152.0 154.0 156.0 158.0 160.0 161.0 163.0 165.0 167.0 169.0 171.0 173.0 175.0 177.0 179.0 181.0 183.0 185.0 187.0 189.0 191.0 193.0 195.0 197.0 199.0 201.0 203.0 205.0 207.0 209.0 211.0 213.0 214.0 216.0 342.0 1780180902.145023
319.0 323.0 323.0 323.0 324.0 324.0 325.0 325.0 325.0 326.0 326.0 326.0 327.0 327.0 327.0 328.0 329.0 329.0 329.0 330.0 330.0 330.0 331.0 331.0 332.0 332.0 332.0 333.0 333.0 334.0 334.0 334.0 335.0 335.0 336.0 336.0 336.0 337.0 337.0 337.0 338.0 338.0 339.0 339.0 339.0 340.0 340.0 341.0 341.0 341.0 342.0 342.0 343.0 343.0 343.0 344.0 344.0 345.0 345.0 345.0 346.0 346.0 347.0 347.0 347.0 348.0 348.0 348.0 349.0 349.0 350.0 350.0 350.0 351.0 351.0 351.0 352.0 352.0 352.0 353.0 353.0 354.0 354.0 354.0 355.0 355.0 355.0 356.0 356.0 356.0 357.0 358.0 358.0 358.0 359.0 359.0 360.0 360.0 361.0 362.0 2.0 24.0 26.0 28.0 30.0 32.0 34.0 36.0 38.0 40.0 42.0 44.0 46.0 48.0 50.0 51.0 53.0 55.0 57.0 59.0 61.0 63.0 65.0 67.0 69.0 71.0 73.0 75.0 77.0 79.0 81.0 83.0 85.0 87.0 89.0 91.0 93.0 95.0 97.0 99.0 101.0 103.0 105.0 107.0 109.0 111.0 113.0 115.0 117.0 119.0 121.0 123.0 125.0 126.0 128.0 130.0 132.0 134.0 136.0 138.0 140.0 142.0 144.0 146.0 148.0 150.0 152.0 154.0 156.0 158.0 160.0 162.0 164.0 166.0 168.0 170.0 172.0 174.0 176.0 178.0 180.0 182.0 184.0 186.0 188.0 190.0 192.0 194.0 196.0 198.0 200.0 202.0 204.0 206.0 208.0 210.0 211.0 213.0 215.0 217.0 343.0 1780180902.160363
319.0 322.0 322.0 322.0 322.0 322.0 323.0 323.0 323.0 323.0 323.0 324.0 324.0 324.0 324.0 324.0 325.0 325.0 325.0 326.0 326.0 326.0 326.0 326.0 327.0 327.0 327.0 327.0 327.0 328.0 328.0 328.0 328.0 329.0 329.0 329.0 329.0 330.0 330.0 330.0 330.0 331.0 331.0 331.0 331.0 331.0 332.0 332.0 332.0 333.0 333.0 333.0 334.0 334.0 334.0 334.0 334.0 335.0 335.0 335.0 335.0 336.0 336.0 336.0 336.0 337.0 337.0 337.0 338.0 338.0 338.0 338.0 339.0 339.0 339.0 339.0 340.0 340.0 340.0 340.0 340.0 341.0 341.0 341.0 341.0 342.0 342.0 342.0 342.0 343.0 343.0 343.0 343.0 344.0 344.0 345.0 345.0 346.0 346.0 346.0 2.0 24.0 26.0 28.0 30.0 32.0 34.0 36.0 38.0 40.0 42.0 44.0 46.0 48.0 50.0 52.0 54.0 56.0 58.0 60.0 62.0 64.0 66.0 68.0 70.0 72.0 74.0 75.0 77.0 79.0 81.0 83.0 85.0 87.0 89.0 91.0 93.0 95.0 97.0 99.0 101.0 103.0 105.0 107.0 109.0 111.0 113.0 115.0 117.0 119.0 121.0 123.0 125.0 127.0 129.0 131.0 133.0 135.0 137.0 139.0 141.0 143.0 145.0 147.0 149.0 151.0 153.0 155.0 157.0 159.0 161.0 163.0 164.0 166.0 168.0 170.0 172.0 175.0 177.0 179.0 181.0 183.0 184.0 186.0 188.0 190.0 192.0 194.0 196.0 198.0 200.0 202.0 204.0 206.0 208.0 210.0 212.0 214.0 216.0 218.0 344.0 1780180902.175648
319.0 321.0 320.0 320.0 321.0 321.0 321.0 321.0 321.0 321.0 321.0 321.0 321.0 321.0 321.0 321.0 321.0 321.0 322.0 322.0 322.0 322.0 322.0 322.0 322.0 322.0 322.0 322.0 322.0 322.0 323.0 322.0 323.0 323.0 323.0 323.0 323.0 323.0 323.0 323.0 323.0 324.0 323.0 323.0 324.0 324.0 324.0 324.0 324.0 324.0 324.0 325.0 325.0 325.0 325.0 325.0 325.0 325.0 325.0 325.0 325.0 326.0 326.0 325.0 326.0 326.0 326.0 326.0 327.0 327.0 327.0 327.0 327.0 327.0 327.0 327.0 327.0 328.0 327.0 328.0 328.0 328.0 328.0 328.0 328.0 328.0 329.0 329.0 329.0 329.0 329.0 330.0 330.0 330.0 330.0 331.0 331.0 331.0 331.0 332.0 2.0 24.0 26.0 28.0 30.0 32.0 34.0 36.0 38.0 40.0 42.0 43.0 45.0 47.0 49.0 51.0 53.0 55.0 57.0 59.0 61.0 63.0 65.0 67.0 69.0 71.0 73.0 75.0 77.0 79.0 81.0 83.0 85.0 87.0 89.0 91.0 93.0 95.0 97.0 99.0 101.0 103.0 105.0 107.0 108.0 111.0 113.0 115.0 117.0 118.0 120.0 122.0 124.0 126.0 128.0 130.0 132.0 134.0 136.0 138.0 140.0 142.0 144.0 146.0 148.0 150.0 152.0 154.0 156.0 158.0 160.0 163.0 164.0 166.0 168.0 170.0 173.0 175.0 177.0 179.0 181.0 183.0 185.0 187.0 189.0 191.0 193.0 195.0 197.0 199.0 201.0 203.0 205.0 207.0 209.0 210.0 212.0 214.0 216.0 218.0 345.0 1780180902.196454
319.0 319.0 319.0 319.0 319.0 319.0 319.0 319.0 319.0 318.0 319.0 318.0 318.0 318.0 318.0 318.0 318.0 318.0 318.0 318.0 318.0 318.0 318.0 317.0 317.0 317.0 317.0 317.0 317.0 317.0 317.0 317.0 317.0 317.0 317.0 317.0 317.0 317.0 316.0 316.0 316.0 316.0 316.0 316.0 316.0 316.0 316.0 316.0 316.0 316.0 316.0 316.0 316.0 316.0 315.0 315.0 316.0 315.0 315.0 315.0 315.0 315.0 315.0 315.0 315.0 315.0 315.0 315.0 315.0 315.0 315.0 315.0 315.0 315.0 315.0 315.0 315.0 315.0 315.0 315.0 315.0 315.0 315.0 315.0 315.0 315.0 315.0 315.0 315.0 315.0 315.0 315.0 315.0 315.0 315.0 315.0 316.0 316.0 316.0 316.0 2.0 23.0 25.0 27.0 29.0 31.0 33.0 35.0 37.0 39.0 41.0 43.0 45.0 47.0 49.0 51.0 53.0 55.0 57.0 59.0 61.0 63.0 65.0 67.0 69.0 71.0 73.0 75.0 77.0 79.0 81.0 82.0 84.0 86.0 88.0 90.0 92.0 94.0 96.0 98.0 100.0 102.0 104.0 106.0 108.0 110.0 112.0 114.0 116.0 118.0 120.0 122.0 124.0 126.0 128.0 130.0 132.0 134.0 136.0 138.0 140.0 142.0 144.0 146.0 148.0 150.0 152.0 154.0 156.0 158.0 160.0 162.0 164.0 166.0 168.0 170.0 172.0 174.0 176.0 178.0 180.0 182.0 184.0 186.0 188.0 190.0 192.0 194.0 196.0 198.0 200.0 202.0 204.0 206.0 208.0 210.0 212.0 214.0 216.0 218.0 346.0 1780180902.211776
319.0 318.0 318.0 318.0 317.0 318.0 317.0 317.0 317.0 316.0 316.0 316.0 316.0 316.0 315.0 315.0 315.0 315.0 315.0 315.0 314.0 314.0 314.0 314.0 313.0 313.0 313.0 313.0 313.0 312.0 312.0 312.0 312.0 312.0 311.0 311.0 311.0 311.0 311.0 310.0 310.0 310.0 310.0 309.0 309.0 309.0 309.0 309.0 309.0 308.0 308.0 308.0 308.0 308.0 308.0 307.0 307.0 307.0 307.0 306.0 307.0 306.0 306.0 306.0 306.0 306.0 306.0 305.0 305.0 305.0 305.0 305.0 305.0 304.0 304.0 304.0 304.0 304.0 304.0 303.0 303.0 303.0 303.0 303.0 303.0 302.0 302.0 302.0 302.0 302.0 302.0 302.0 301.0 302.0 301.0 301.0 301.0 301.0 302.0 302.0 2.0 23.0 25.0 27.0 29.0 31.0 33.0 35.0 37.0 39.0 41.0 43.0 45.0 47.0 49.0 51.0 53.0 55.0 57.0 59.0 61.0 63.0 65.0 67.0 69.0 71.0 73.0 75.0 77.0 78.0 80.0 82.0 84.0 86.0 88.0 90.0 92.0 94.0 96.0 98.0 100.0 102.0 104.0 106.0 108.0 110.0 112.0 114.0 116.0 118.0 120.0 122.0 123.0 125.0 127.0 129.0 131.0 133.0 135.0 137.0 139.0 141.0 143.0 145.0 147.0 149.0 151.0 153.0 155.0 157.0 159.0 161.0 163.0 165.0 167.0 169.0 172.0 174.0 176.0 177.0 179.0 181.0 183.0 185.0 187.0 189.0 191.0 193.0 195.0 197.0 199.0 201.0 203.0 205.0 207.0 209.0 211.0 213.0 215.0 217.0 347.0 1780180902.227232
319.0 317.0 317.0 317.0 316.0 316.0 315.0 316.0 315.0 315.0 314.0 314.0 314.0 313.0 313.0 313.0 312.0 312.0 312.0 312.0 311.0 311.0 311.0 310.0 310.0 310.0 309.0 309.0 308.0 308.0 308.0 308.0 307.0 307.0 307.0 306.0 306.0 306.0 305.0 305.0 305.0 304.0 304.0 304.0 304.0 303.0 303.0 302.0 302.0 302.0 302.0 301.0 301.0 301.0 300.0 300.0 300.0 299.0 299.0 298.0 299.0 298.0 298.0 297.0 297.0 297.0 297.0 296.0 296.0 296.0 296.0 295.0 295.0 295.0 294.0 294.0 294.0 293.0 293.0 293.0 292.0 292.0 292.0 291.0 291.0 291.0 291.0 290.0 290.0 290.0 289.0 289.0 289.0 289.0 289.0 288.0 288.0 288.0 288.0 288.0 2.0 23.0 25.0 27.0 29.0 31.0 33.0 35.0 37.0 39.0 41.0 43.0 45.0 47.0 49.0 51.0 52.0 54.0 56.0 58.0 60.0 62.0 64.0 66.0 68.0 70.0 72.0 74.0 76.0 78.0 80.0 82.0 84.0 86.0 88.0 90.0 92.0 94.0 96.0 98.0 100.0 102.0 104.0 106.0 108.0 109.0 111.0 113.0 115.0 117.0 119.0 121.0 123.0 125.0 127.0 129.0 131.0 133.0 135.0 137.0 139.0 141.0 143.0 145.0 147.0 149.0 151.0 153.0 155.0 157.0 159.0 161.0 162.0 164.0 166.0 168.0 170.0 172.0 174.0 176.0 178.0 180.0 182.0 184.0 186.0 188.0 190.0 192.0 194.0 196.0 198.0 200.0 202.0 204.0 206.0 208.0 210.0 212.0 214.0 216.0 348.0 1780180902.243090
319.0 317.0 316.0 316.0 315.0 315.0 314.0 314.0 313.0 313.0 313.0 312.0 312.0 311.0 311.0 311.0 310.0 310.0 309.0 309.0 308.0 308.0 308.0 307.0 307.0 306.0 306.0 306.0 305.0 305.0 304.0 304.0 303.0 303.0 303.0 302.0 302.0 301.0 301.0 300.0 300.0 299.0 299.0 299.0 298.0 298.0 297.0 297.0 296.0 296.0 296.0 295.0 295.0 294.0 294.0 293.0 293.0 293.0 292.0 291.0 292.0 291.0 290.0 290.0 290.0 289.0 289.0 288.0 288.0 287.0 287.0 287.0 286.0 286.0 285.0 285.0 285.0 284.0 284.0 283.0 283.0 282.0 282.0 281.0 281.0 280.0 280.0 279.0 279.0 279.0 278.0 278.0 277.0 277.0 277.0 276.0 276.0 275.0 276.0 275.0 2.0 23.0 25.0 27.0 29.0 31.0 33.0 35.0 37.0 39.0 41.0 43.0 45.0 47.0 48.0 50.0 52.0 54.0 56.0 58.0 60.0 62.0 64.0 66.0 68.0 70.0 72.0 74.0 76.0 78.0 80.0 82.0 84.0 86.0 88.0 90.0 92.0 93.0 95.0 97.0 99.0 101.0 103.0 105.0 107.0 109.0 111.0 113.0 115.0 117.0 119.0 121.0 122.0 124.0 126.0 128.0 130.0 132.0 134.0 136.0 138.0 140.0 142.0 144.0 146.0 148.0 150.0 152.0 154.0 156.0 158.0 160.0 161.0 163.0 165.0 167.0 169.0 171.0 173.0 175.0 177.0 179.0 181.0 183.0 185.0 186.0 188.0 190.0 192.0 194.0 196.0 198.0 200.0 202.0 204.0 206.0 208.0 210.0 212.0 214.0 349.0 1780180902.258431
319.0 316.0 315.0 315.0 314.0 314.0 313.0 313.0 312.0 312.0 311.0 311.0 311.0 310.0 309.0 309.0 308.0 308.0 307.0 307.0 306.0 306.0 305.0 305.0 304.0 304.0 303.0 303.0 302.0 301.0 301.0 301.0 300.0 299.0 299.0 298.0 298.0 297.0 297.0 296.0 296.0 295.0 295.0 294.0 294.0 293.0 293.0 292.0 292.0 291.0 290.0 290.0 289.0 289.0 288.0 288.0 287.0 286.0 286.0 285.0 285.0 284.0 284.0 283.0 283.0 282.0 282.0 281.0 281.0 280.0 279.0 279.0 278.0 277.0 277.0 276.0 276.0 275.0 275.0 274.0 274.0 273.0 272.0 271.0 271.0 270.0 270.0 269.0 268.0 268.0 268.0 267.0 266.0 266.0 265.0 265.0 264.0 264.0 264.0 263.0 2.0 23.0 25.0 27.0 29.0 31.0 33.0 35.0 37.0 39.0 41.0 42.0 44.0 46.0 48.0 50.0 52.0 54.0 56.0 58.0 60.0 62.0 64.0 66.0 68.0 70.0 72.0 74.0 76.0 77.0 79.0 81.0 83.0 85.0 87.0 89.0 91.0 93.0 95.0 97.0 99.0 101.0 103.0 105.0 106.0 108.0 110.0 112.0 114.0 116.0 118.0 120.0 122.0 124.0 126.0 127.0 129.0 131.0 133.0 135.0 137.0 139.0 141.0 143.0 145.0 147.0 149.0 151.0 152.0 154.0 156.0 158.0 160.0 162.0 164.0 166.0 168.0 170.0 172.0 173.0 175.0 177.0 179.0 181.0 183.0 185.0 187.0 189.0 191.0 193.0 195.0 196.0 198.0 200.0 202.0 204.0 206.0 208.0 210.0 212.0 350.0 1780180902.273745
319.0 315.0 314.0 314.0 314.0 313.0 312.0 312.0 311.0 311.0 310.0 310.0 309.0 308.0 308.0 307.0 307.0 306.0 305.0 305.0 304.0 304.0 303.0 302.0 302.0 301.0 301.0 300.0 299.0 299.0 298.0 298.0 297.0 296.0 296.0 295.0 294.0 294.0 293.0 293.0 292.0 291.0 290.0 290.0 290.0 289.0 288.0 288.0 287.0 286.0 285.0 285.0 284.0 284.0 283.0 282.0 282.0 281.0 280.0 280.0 279.0 278.0 277.0 277.0 276.0 275.0 275.0 274.0 273.0 273.0 272.0 271.0 271.0 270.0 269.0 269.0 268.0 267.0 266.0 265.0 265.0 264.0 263.0 262.0 262.0 261.0 260.0 259.0 259.0 258.0 257.0 256.0 256.0 255.0 254.0 254.0 253.0 252.0 252.0 252.0 2.0 23.0 25.0 27.0 29.0 31.0 33.0 35.0 37.0 39.0 41.0 42.0 44.0 46.0 48.0 50.0 52.0 54.0 56.0 58.0 60.0 62.0 64.0 66.0 68.0 70.0 72.0 73.0 75.0 77.0 79.0 81.0 83.0 85.0 87.0 88.0 90.0 92.0 94.0 96.0 98.0 100.0 102.0 104.0 106.0 108.0 110.0 112.0 113.0 115.0 117.0 119.0 121.0 123.0 125.0 126.0 128.0 130.0 132.0 134.0 136.0 138.0 140.0 142.0 144.0 146.0 147.0 149.0 151.0 153.0 155.0 157.0 159.0 161.0 163.0 164.0 166.0 168.0 170.0 172.0 173.0 175.0 177.0 179.0 181.0 183.0 185.0 187.0 189.0 190.0 192.0 194.0 196.0 198.0 200.0 202.0 204.0 205.0 207.0 209.0 351.0 1780180902.289071
319.0 315.0 314.0 313.0 313.0 312.0 312.0 311.0 310.0 310.0 309.0 308.0 308.0 307.0 306.0 306.0 305.0 305.0 304.0 303.0 302.0 302.0 301.0 300.0 300.0 299.0 298.0 298.0 297.0 296.0 295.0 295.0 294.0 293.0 293.0 292.0 291.0 291.0 290.0 289.0 288.0 288.0 287.0 286.0 286.0 285.0 284.0 283.0 282.0 282.0 281.0 280.0 279.0 279.0 278.0 277.0 276.0 276.0 275.0 274.0 273.0 272.0 271.0 270.0 270.0 269.0 268.0 267.0 267.0 266.0 265.0 264.0 263.0 262.0 262.0 261.0 260.0 259.0 258.0 257.0 256.0 256.0 255.0 254.0 253.0 252.0 251.0 250.0 249.0 248.0 248.0 247.0 246.0 245.0 244.0 244.0 243.0 242.0 241.0 241.0 2.0 23.0 25.0 27.0 29.0 31.0 33.0 35.0 36.0 38.0 40.0 42.0 44.0 46.0 48.0 50.0 52.0 54.0 56.0 57.0 59.0 61.0 63.0 65.0 67.0 69.0 71.0 73.0 75.0 76.0 78.0 80.0 82.0 84.0 86.0 88.0 90.0 92.0 94.0 95.0 97.0 99.0 101.0 103.0 105.0 107.0 109.0 111.0 112.0 114.0 116.0 118.0 120.0 122.0 124.0 125.0 127.0 129.0 131.0 133.0 134.0 136.0 138.0 140.0 142.0 144.0 146.0 148.0 150.0 151.0 153.0 155.0 157.0 159.0 161.0 162.0 164.0 166.0 168.0 170.0 171.0 173.0 175.0 177.0 179.0 180.0 182.0 184.0 186.0 188.0 190.0 192.0 193.0 195.0 197.0 199.0 201.0 203.0 205.0 206.0 352.0 1780180902.309481
319.0 314.0 313.0 313.0 312.0 312.0 311.0 310.0 309.0 309.0 308.0 307.0 306.0 306.0 305.0 305.0 304.0 303.0 302.0 301.0 300.0 300.0 299.0 298.0 297.0 297.0 296.0 295.0 294.0 293.0 293.0 292.0 291.0 290.0 290.0 289.0 288.0 287.0 286.0 285.0 284.0 283.0 283.0 282.0 281.0 280.0 279.0 279.0 278.0 277.0 276.0 275.0 274.0 273.0 272.0 272.0 271.0 270.0 269.0 268.0 267.0 266.0 265.0 264.0 263.0 262.0 261.0 260.0 260.0 259.0 258.0 256.0 256.0 255.0 254.0 253.0 252.0 251.0 250.0 249.0 248.0 247.0 246.0 245.0 244.0 243.0 242.0 241.0 240.0 239.0 238.0 237.0 236.0 235.0 234.0 233.0 232.0 231.0 230.0 230.0 2.0 23.0 25.0 27.0 29.0 31.0 33.0 34.0 36.0 38.0 40.0 42.0 44.0 46.0 48.0 50.0 51.0 53.0 55.0 57.0 59.0 61.0 63.0 65.0 67.0 68.0 70.0 72.0 74.0 76.0 78.0 80.0 81.0 83.0 85.0 87.0 89.0 91.0 93.0 94.0 96.0 98.0 100.0 102.0 104.0 105.0 107.0 109.0 111.0 113.0 115.0 116.0 118.0 120.0 122.0 124.0 126.0 127.0 129.0 131.0 133.0 134.0 136.0 138.0 140.0 142.0 144.0 146.0 147.0 149.0 151.0 153.0 155.0 156.0 158.0 160.0 162.0 164.0 165.0 167.0 169.0 170.0 172.0 174.0 176.0 178.0 180.0 182.0 183.0 185.0 187.0 188.0 190.0 192.0 194.0 196.0 197.0 199.0 201.0 203.0 353.0 1780180902.325078
