292.0 297.0 298.0 300.0 303.0 307.0 310.0 314.0 319.0 324.0 329.0 335.0 342.0 350.0 359.0 368.0 378.0 388.0 399.0 410.0 422.0 434.0 446.0 459.0 471.0 16.0 42.0 55.0 67.0 79.0 91.0 103.0 115.0 127.0 138.0 149.0 160.0 171.0 182.0 191.0 201.0 210.0 217.0 223.0 229.0 233.0 236.0 239.0 242.0 244.0 0.0 1780799523.181124
292.0 297.0 298.0 301.0 303.0 306.0 310.0 314.0 319.0 324.0 329.0 335.0 342.0 350.0 358.0 368.0 378.0 388.0 399.0 410.0 422.0 434.0 446.0 459.0 471.0 16.0 42.0 55.0 67.0 79.0 91.0 103.0 115.0 127.0 138.0 149.0 160.0 171.0 181.0 191.0 201.0 210.0 217.0 223.0 228.0 233.0 236.0 239.0 242.0 244.0 1.0 1780799523.201774
292.0 297.0 298.0 300.0 303.0 306.0 310.0 314.0 318.0 324.0 329.0 335.0 342.0 350.0 358.0 368.0 378.0 388.0 399.0 410.0 422.0 434.0 446.0 459.0 471.0 16.0 42.0 55.0 67.0 79.0 91.0 103.0 115.0 127.0 138.0 149.0 160.0 171.0 181.0 191.0 201.0 210.0 217.0 223.0 228.0 233.0 236.0 239.0 241.0 243.0 2.0 1780799523.222389
292.0 297.0 298.0 301.0 303.0 306.0 310.0 314.0 318.0 324.0 329.0 335.0 342.0 350.0 358.0 368.0 378.0 388.0 399.0 410.0 422.0 434.0 446.0 459.0 472.0 16.0 42.0 55.0 67.0 79.0 91.0 103.0 115.0 127.0 138.0 149.0 160.0 171.0 181.0 191.0 201.0 209.0 217.0 223.0 228.0 233.0 236.0 239.0 241.0 243.0 3.0 1780799523.243006
292.0 297.0 298.0 301.0 303.0 306.0 310.0 314.0 318.0 324.0 329.0 335.0 342.0 350.0 358.0 368.0 378.0 388.0 399.0 410.0 422.0 434.0 446.0 459.0 472.0 16.0 42.0 55.0 67.0 79.0 91.0 103.0 115.0 127.0 138.0 149.0 160.0 171.0 181.0 191.0 201.0 209.0 217.0 223.0 228.0 233.0 236.0 239.0 241.0 243.0 4.0 1780799523.263536
292.0 297.0 298.0 301.0 303.0 306.0 310.0 314.0 319.0 324.0 329.0 335.0 342.0 350.0 358.0 368.0 378.0 388.0 399.0 410.0 422.0 434.0 446.0 459.0 472.0 16.0 42.0 54.0 67.0 79.0 91.0 103.0 115.0 127.0 138.0 149.0 160.0 171.0 181.0 191.0 201.0 209.0 217.0 223.0 228.0 233.0 236.0 239.0 241.0 243.0 5.0 1780799523.284344
292.0 297.0 298.0 301.0 303.0 307.0 310.0 314.0 319.0 324.0 329.0 336.0 342.0 350.0 359.0 368.0 378.0 388.0 399.0 410.0 422.0 434.0 446.0 459.0 472.0 16.0 42.0 54.0 67.0 79.0 91.0 103.0 115.0 127.0 138.0 149.0 160.0 171.0 181.0 191.0 201.0 209.0 217.0 223.0 228.0 232.0 236.0 239.0 241.0 243.0 6.0 1780799523.304780
292.0 297.0 298.0 301.0 303.0 307.0 310.0 314.0 319.0 324.0 329.0 336.0 342.0 350.0 358.0 368.0 378.0 388.0 399.0 410.0 422.0 434.0 446.0 459.0 471.0 16.0 42.0 54.0 67.0 79.0 91.0 103.0 115.0 127.0 138.0 149.0 160.0 171.0 181.0 191.0 201.0 209.0 217.0 223.0 228.0 232.0 236.0 239.0 241.0 243.0 7.0 1780799523.325439
292.0 297.0 298.0 301.0 304.0 307.0 310.0 314.0 319.0 324.0 330.0 336.0 342.0 350.0 359.0 368.0 378.0 389.0 399.0 411.0 422.0 434.0 447.0 459.0 472.0 16.0 42.0 54.0 67.0 79.0 91.0 103.0 115.0 127.0 138.0 149.0 160.0 171.0 181.0 191.0 201.0 209.0 217.0 223.0 228.0 232.0 236.0 239.0 241.0 243.0 8.0 1780799523.345945
292.0 297.0 298.0 301.0 304.0 306.0 310.0 315.0 319.0 324.0 330.0 336.0 342.0 350.0 359.0 368.0 378.0 389.0 400.0 411.0 423.0 435.0 447.0 460.0 472.0 16.0 42.0 54.0 67.0 79.0 91.0 103.0 115.0 127.0 138.0 149.0 160.0 171.0 181.0 191.0 201.0 209.0 217.0 223.0 228.0 232.0 236.0 239.0 241.0 243.0 9.0 1780799523.366847
292.0 297.0 298.0 301.0 304.0 306.0 310.0 314.0 319.0 324.0 330.0 336.0 342.0 350.0 359.0 369.0 378.0 389.0 400.0 411.0 423.0 435.0 447.0 460.0 472.0 16.0 42.0 54.0 67.0 79.0 91.0 103.0 115.0 127.0 138.0 149.0 160.0 171.0 181.0 191.0 201.0 209.0 217.0 223.0 228.0 232.0 236.0 239.0 241.0 243.0 10.0 1780799523.387172
292.0 297.0 298.0 301.0 304.0 307.0 310.0 315.0 319.0 324.0 330.0 336.0 343.0 350.0 359.0 369.0 378.0 389.0 400.0 411.0 423.0 435.0 447.0 460.0 472.0 16.0 42.0 54.0 67.0 79.0 91.0 103.0 115.0 127.0 138.0 149.0 160.0 171.0 181.0 191.0 201.0 209.0 217.0 223.0 228.0 232.0 236.0 239.0 241.0 243.0 11.0 1780799523.408048
292.0 297.0 298.0 301.0 304.0 307.0 310.0 315.0 319.0 324.0 330.0 336.0 343.0 350.0 359.0 369.0 379.0 389.0 400.0 411.0 423.0 435.0 447.0 460.0 472.0 16.0 42.0 54.0 67.0 79.0 91.0 103.0 115.0 127.0 138.0 149.0 160.0 171.0 181.0 191.0 201.0 209.0 216.0 223.0 228.0 232.0 236.0 239.0 241.0 244.0 12.0 1780799523.428436
292.0 297.0 298.0 301.0 304.0 307.0 310.0 315.0 319.0 324.0 330.0 336.0 343.0 351.0 359.0 369.0 379.0 389.0 400.0 411.0 423.0 435.0 447.0 460.0 472.0 16.0 42.0 54.0 67.0 79.0 91.0 103.0 115.0 127.0 138.0 149.0 160.0 171.0 181.0 191.0 201.0 209.0 216.0 223.0 228.0 232.0 236.0 239.0 241.0 244.0 13.0 1780799523.449082
292.0 297.0 298.0 301.0 304.0 307.0 310.0 315.0 319.0 325.0 330.0 336.0 343.0 351.0 359.0 369.0 379.0 389.0 400.0 411.0 423.0 435.0 447.0 460.0 472.0 16.0 42.0 54.0 67.0 79.0 91.0 103.0 115.0 127.0 138.0 149.0 160.0 171.0 181.0 191.0 200.0 209.0 216.0 223.0 228.0 232.0 236.0 239.0 241.0 244.0 14.0 1780799523.469980
292.0 297.0 298.0 301.0 303.0 307.0 310.0 315.0 319.0 325.0 330.0 337.0 343.0 351.0 360.0 369.0 379.0 390.0 400.0 411.0 423.0 435.0 447.0 460.0 472.0 16.0 42.0 54.0 67.0 79.0 91.0 103.0 115.0 126.0 138.0 149.0 160.0 170.0 181.0 191.0 200.0 209.0 216.0 223.0 228.0 233.0 236.0 239.0 242.0 244.0 15.0 1780799523.490213
292.0 297.0 299.0 301.0 303.0 307.0 311.0 315.0 319.0 325.0 331.0 337.0 344.0 351.0 360.0 369.0 379.0 390.0 401.0 412.0 423.0 435.0 447.0 460.0 472.0 16.0 42.0 54.0 67.0 79.0 91.0 103.0 115.0 126.0 138.0 149.0 160.0 170.0 181.0 191.0 200.0 209.0 216.0 223.0 228.0 233.0 237.0 240.0 242.0 245.0 16.0 1780799523.505823
292.0 297.0 299.0 301.0 304.0 307.0 311.0 315.0 320.0 325.0 331.0 337.0 344.0 352.0 360.0 370.0 380.0 390.0 401.0 412.0 424.0 436.0 448.0 460.0 472.0 16.0 42.0 54.0 67.0 79.0 91.0 103.0 115.0 126.0 138.0 149.0 159.0 170.0 181.0 190.0 200.0 209.0 216.0 223.0 229.0 233.0 238.0 241.0 243.0 246.0 17.0 1780799523.526327
292.0 297.0 298.0 301.0 304.0 307.0 311.0 316.0 321.0 326.0 332.0 338.0 345.0 352.0 361.0 371.0 380.0 391.0 402.0 413.0 424.0 436.0 448.0 460.0 472.0 16.0 42.0 54.0 67.0 79.0 91.0 103.0 115.0 126.0 137.0 149.0 159.0 170.0 180.0 190.0 200.0 209.0 217.0 223.0 229.0 234.0 238.0 241.0 245.0 247.0 18.0 1780799523.546909
292.0 297.0 298.0 301.0 304.0 308.0 312.0 316.0 321.0 327.0 333.0 339.0 346.0 353.0 362.0 371.0 381.0 391.0 402.0 413.0 424.0 436.0 448.0 460.0 473.0 16.0 42.0 54.0 67.0 79.0 91.0 103.0 114.0 126.0 137.0 148.0 159.0 170.0 180.0 190.0 200.0 209.0 217.0 224.0 230.0 235.0 239.0 243.0 246.0 249.0 19.0 1780799523.567571
292.0 296.0 298.0 301.0 304.0 308.0 312.0 317.0 322.0 327.0 333.0 340.0 347.0 354.0 363.0 372.0 382.0 392.0 402.0 413.0 424.0 436.0 448.0 460.0 472.0 16.0 41.0 54.0 66.0 79.0 91.0 102.0 114.0 125.0 137.0 148.0 159.0 170.0 180.0 190.0 200.0 209.0 217.0 224.0 231.0 236.0 241.0 245.0 248.0 252.0 20.0 1780799523.588347
292.0 296.0 299.0 301.0 305.0 309.0 313.0 318.0 323.0 329.0 335.0 341.0 348.0 356.0 364.0 373.0 383.0 393.0 403.0 414.0 425.0 437.0 449.0 461.0 473.0 16.0 41.0 53.0 66.0 78.0 90.0 102.0 114.0 125.0 137.0 148.0 159.0 169.0 180.0 190.0 200.0 209.0 218.0 226.0 232.0 238.0 243.0 248.0 252.0 256.0 21.0 1780799523.608850
292.0 296.0 299.0 302.0 305.0 309.0 314.0 318.0 324.0 330.0 336.0 342.0 349.0 356.0 364.0 373.0 383.0 393.0 403.0 414.0 424.0 436.0 447.0 459.0 471.0 16.0 41.0 54.0 66.0 78.0 90.0 102.0 113.0 125.0 136.0 147.0 158.0 169.0 179.0 189.0 199.0 209.0 218.0 225.0 233.0 239.0 244.0 249.0 253.0 258.0 22.0 1780799523.634545
292.0 297.0 299.0 302.0 305.0 309.0 314.0 319.0 325.0 330.0 336.0 342.0 350.0 357.0 365.0 373.0 383.0 393.0 402.0 413.0 424.0 435.0 446.0 458.0 470.0 16.0 41.0 53.0 66.0 78.0 90.0 101.0 113.0 124.0 135.0 147.0 157.0 168.0 179.0 189.0 199.0 208.0 218.0 226.0 233.0 240.0 246.0 251.0 256.0 261.0 23.0 1780799523.655370
292.0 297.0 299.0 302.0 306.0 310.0 314.0 319.0 325.0 331.0 337.0 343.0 350.0 357.0 365.0 373.0 382.0 391.0 401.0 412.0 422.0 433.0 444.0 455.0 467.0 16.0 41.0 54.0 66.0 78.0 90.0 101.0 113.0 124.0 135.0 146.0 157.0 167.0 178.0 188.0 198.0 208.0 217.0 226.0 234.0 241.0 247.0 253.0 259.0 264.0 24.0 1780799523.680934
292.0 297.0 299.0 302.0 305.0 310.0 314.0 319.0 325.0 330.0 336.0 342.0 348.0 355.0 363.0 371.0 379.0 388.0 398.0 408.0 418.0 428.0 438.0 449.0 459.0 16.0 41.0 54.0 65.0 77.0 89.0 100.0 112.0 123.0 134.0 145.0 156.0 166.0 177.0 187.0 197.0 207.0 216.0 225.0 234.0 242.0 250.0 257.0 264.0 271.0 25.0 1780799523.696393
292.0 297.0 299.0 302.0 305.0 309.0 314.0 319.0 324.0 329.0 335.0 341.0 348.0 355.0 362.0 370.0 378.0 387.0 396.0 405.0 414.0 423.0 432.0 441.0 451.0 16.0 41.0 54.0 66.0 78.0 90.0 101.0 112.0 124.0 135.0 146.0 157.0 167.0 178.0 188.0 198.0 208.0 218.0 227.0 237.0 246.0 255.0 263.0 272.0 280.0 26.0 1780799523.717034
292.0 297.0 299.0 302.0 305.0 308.0 313.0 318.0 323.0 328.0 334.0 341.0 347.0 354.0 361.0 368.0 376.0 384.0 391.0 399.0 406.0 414.0 422.0 429.0 437.0 16.0 41.0 54.0 66.0 78.0 90.0 102.0 113.0 125.0 136.0 147.0 158.0 169.0 180.0 190.0 200.0 211.0 221.0 231.0 241.0 251.0 261.0 271.0 280.0 290.0 27.0 1780799523.732466
292.0 297.0 298.0 302.0 304.0 309.0 313.0 318.0 322.0 328.0 334.0 340.0 346.0 353.0 359.0 366.0 372.0 379.0 385.0 392.0 398.0 405.0 411.0 418.0 424.0 16.0 42.0 54.0 67.0 79.0 91.0 103.0 114.0 126.0 137.0 148.0 159.0 170.0 181.0 192.0 203.0 214.0 224.0 235.0 246.0 257.0 267.0 278.0 289.0 300.0 28.0 1780799523.753391
292.0 297.0 299.0 302.0 305.0 309.0 314.0 318.0 323.0 328.0 332.0 338.0 343.0 349.0 354.0 360.0 365.0 370.0 376.0 381.0 387.0 392.0 397.0 402.0 407.0 16.0 41.0 54.0 67.0 79.0 91.0 103.0 115.0 126.0 138.0 150.0 161.0 173.0 184.0 195.0 206.0 218.0 229.0 240.0 252.0 263.0 275.0 286.0 297.0 309.0 29.0 1780799523.778908
292.0 297.0 300.0 302.0 306.0 309.0 313.0 318.0 321.0 326.0 330.0 334.0 338.0 343.0 347.0 351.0 354.0 359.0 363.0 368.0 372.0 376.0 380.0 384.0 387.0 16.0 41.0 54.0 66.0 78.0 90.0 102.0 114.0 126.0 138.0 150.0 162.0 174.0 186.0 197.0 209.0 221.0 233.0 245.0 256.0 268.0 280.0 292.0 304.0 316.0 30.0 1780799523.794283
292.0 296.0 299.0 301.0 304.0 307.0 311.0 315.0 318.0 322.0 325.0 329.0 331.0 334.0 338.0 340.0 343.0 345.0 349.0 352.0 354.0 357.0 361.0 362.0 366.0 16.0 41.0 53.0 66.0 78.0 90.0 102.0 114.0 126.0 137.0 149.0 162.0 174.0 186.0 198.0 211.0 222.0 235.0 247.0 259.0 272.0 284.0 296.0 308.0 320.0 31.0 1780799523.815041
292.0 296.0 298.0 299.0 302.0 304.0 307.0 310.0 312.0 314.0 317.0 320.0 322.0 325.0 327.0 328.0 330.0 331.0 334.0 335.0 336.0 337.0 339.0 340.0 341.0 16.0 41.0 54.0 66.0 78.0 90.0 102.0 114.0 126.0 139.0 151.0 163.0 175.0 187.0 199.0 212.0 224.0 237.0 249.0 262.0 274.0 286.0 299.0 312.0 324.0 32.0 1780799523.830703
292.0 296.0 297.0 298.0 300.0 301.0 302.0 304.0 305.0 308.0 309.0 311.0 312.0 314.0 316.0 317.0 318.0 319.0 320.0 320.0 321.0 320.0 320.0 320.0 319.0 16.0 41.0 54.0 66.0 78.0 91.0 104.0 116.0 128.0 140.0 153.0 165.0 177.0 190.0 202.0 214.0 227.0 240.0 253.0 265.0 278.0 290.0 302.0 314.0 326.0 33.0 1780799523.845974
292.0 295.0 296.0 296.0 296.0 297.0 298.0 298.0 299.0 300.0 301.0 302.0 302.0 303.0 304.0 304.0 305.0 306.0 306.0 306.0 305.0 304.0 303.0 301.0 299.0 16.0 42.0 55.0 67.0 80.0 93.0 105.0 117.0 130.0 142.0 155.0 167.0 180.0 192.0 205.0 218.0 231.0 243.0 256.0 268.0 280.0 292.0 304.0 317.0 328.0 34.0 1780799523.861470
292.0 295.0 295.0 294.0 293.0 293.0 293.0 293.0 293.0 293.0 293.0 292.0 293.0 293.0 293.0 293.0 293.0 292.0 291.0 291.0 289.0 288.0 286.0 285.0 282.0 16.0 42.0 55.0 67.0 79.0 92.0 104.0 117.0 129.0 142.0 154.0 167.0 180.0 192.0 205.0 217.0 230.0 242.0 255.0 268.0 280.0 292.0 304.0 316.0 328.0 35.0 1780799523.876814
292.0 294.0 294.0 292.0 291.0 290.0 289.0 288.0 288.0 286.0 285.0 284.0 283.0 282.0 281.0 280.0 279.0 278.0 276.0 275.0 274.0 272.0 271.0 269.0 267.0 16.0 41.0 54.0 67.0 79.0 92.0 104.0 117.0 129.0 141.0 154.0 166.0 179.0 191.0 204.0 216.0 229.0 241.0 253.0 266.0 278.0 290.0 303.0 315.0 328.0 36.0 1780799523.897437
292.0 294.0 293.0 291.0 288.0 287.0 286.0 284.0 282.0 279.0 276.0 275.0 272.0 270.0 267.0 265.0 264.0 262.0 260.0 258.0 257.0 255.0 253.0 252.0 249.0 16.0 42.0 54.0 67.0 79.0 91.0 104.0 116.0 128.0 141.0 153.0 165.0 177.0 190.0 202.0 214.0 226.0 238.0 251.0 264.0 276.0 289.0 301.0 313.0 326.0 37.0 1780799523.913072
292.0 294.0 292.0 290.0 287.0 285.0 282.0 279.0 276.0 273.0 269.0 266.0 263.0 260.0 257.0 254.0 251.0 248.0 246.0 244.0 242.0 239.0 238.0 235.0 233.0 16.0 42.0 54.0 66.0 78.0 91.0 103.0 115.0 127.0 139.0 151.0 163.0 175.0 187.0 199.0 211.0 223.0 235.0 248.0 260.0 273.0 285.0 297.0 310.0 322.0 38.0 1780799523.938461
292.0 293.0 291.0 288.0 285.0 281.0 277.0 273.0 270.0 265.0 261.0 257.0 254.0 250.0 245.0 241.0 238.0 235.0 232.0 228.0 225.0 222.0 218.0 215.0 212.0 16.0 41.0 54.0 66.0 78.0 90.0 102.0 114.0 126.0 138.0 150.0 162.0 174.0 186.0 197.0 209.0 221.0 233.0 245.0 257.0 270.0 282.0 294.0 306.0 318.0 39.0 1780799523.959295
292.0 293.0 290.0 286.0 282.0 278.0 274.0 269.0 265.0 260.0 256.0 251.0 247.0 242.0 238.0 233.0 229.0 224.0 220.0 215.0 211.0 207.0 202.0 198.0 193.0 16.0 41.0 53.0 65.0 77.0 89.0 101.0 112.0 124.0 136.0 147.0 159.0 170.0 182.0 194.0 206.0 217.0 229.0 240.0 252.0 264.0 275.0 287.0 299.0 310.0 40.0 1780799523.979739
292.0 293.0 289.0 285.0 281.0 276.0 272.0 267.0 262.0 257.0 252.0 247.0 242.0 237.0 232.0 227.0 222.0 217.0 211.0 206.0 200.0 194.0 189.0 183.0 177.0 16.0 41.0 53.0 65.0 77.0 88.0 99.0 111.0 123.0 134.0 145.0 156.0 168.0 179.0 190.0 202.0 213.0 224.0 235.0 247.0 257.0 269.0 280.0 290.0 301.0 41.0 1780799524.000458
292.0 293.0 290.0 285.0 282.0 277.0 272.0 267.0 262.0 257.0 251.0 246.0 240.0 235.0 229.0 223.0 217.0 211.0 205.0 198.0 192.0 185.0 178.0 171.0 163.0 16.0 41.0 53.0 64.0 76.0 87.0 99.0 110.0 121.0 132.0 143.0 155.0 166.0 177.0 188.0 198.0 209.0 220.0 231.0 241.0 252.0 262.0 273.0 283.0 293.0 42.0 1780799524.031424
292.0 293.0 290.0 286.0 282.0 278.0 273.0 269.0 264.0 258.0 253.0 247.0 241.0 234.0 228.0 221.0 214.0 207.0 199.0 191.0 184.0 176.0 168.0 160.0 152.0 16.0 41.0 53.0 65.0 76.0 88.0 99.0 110.0 121.0 132.0 143.0 154.0 165.0 175.0 186.0 196.0 207.0 216.0 227.0 237.0 247.0 257.0 267.0 277.0 286.0 43.0 1780799524.062605
292.0 293.0 290.0 287.0 283.0 280.0 275.0 270.0 265.0 260.0 254.0 248.0 242.0 236.0 229.0 221.0 214.0 206.0 198.0 189.0 181.0 172.0 163.0 154.0 145.0 16.0 41.0 53.0 65.0 77.0 88.0 100.0 110.0 122.0 133.0 144.0 154.0 165.0 176.0 186.0 196.0 206.0 216.0 226.0 235.0 245.0 254.0 263.0 273.0 281.0 44.0 1780799524.082953
292.0 293.0 290.0 287.0 284.0 280.0 276.0 271.0 266.0 261.0 255.0 250.0 244.0 237.0 231.0 223.0 215.0 208.0 199.0 190.0 181.0 172.0 163.0 154.0 145.0 16.0 41.0 53.0 65.0 77.0 89.0 100.0 111.0 122.0 133.0 144.0 155.0 166.0 176.0 187.0 197.0 207.0 216.0 226.0 235.0 245.0 254.0 262.0 271.0 279.0 45.0 1780799524.103414
292.0 292.0 291.0 287.0 284.0 280.0 276.0 272.0 268.0 262.0 258.0 252.0 247.0 241.0 234.0 227.0 220.0 212.0 203.0 195.0 186.0 176.0 167.0 157.0 148.0 16.0 41.0 53.0 65.0 77.0 89.0 100.0 111.0 123.0 134.0 145.0 156.0 167.0 178.0 188.0 199.0 209.0 219.0 229.0 238.0 247.0 256.0 265.0 273.0 281.0 46.0 1780799524.118874
292.0 293.0 291.0 287.0 284.0 281.0 277.0 273.0 269.0 264.0 259.0 255.0 249.0 243.0 237.0 230.0 224.0 216.0 208.0 200.0 191.0 182.0 173.0 163.0 154.0 16.0 41.0 53.0 65.0 77.0 89.0 100.0 112.0 123.0 135.0 146.0 157.0 169.0 179.0 190.0 201.0 211.0 221.0 231.0 241.0 250.0 259.0 268.0 277.0 286.0 47.0 1780799524.139713
292.0 293.0 291.0 288.0 285.0 281.0 278.0 275.0 270.0 266.0 261.0 257.0 252.0 246.0 241.0 235.0 229.0 222.0 215.0 207.0 199.0 191.0 183.0 174.0 165.0 16.0 41.0 54.0 65.0 77.0 89.0 101.0 113.0 125.0 137.0 148.0 159.0 170.0 181.0 193.0 203.0 214.0 225.0 235.0 245.0 255.0 265.0 274.0 284.0 293.0 48.0 1780799524.155062
292.0 293.0 291.0 288.0 285.0 282.0 279.0 276.0 272.0 267.0 263.0 259.0 254.0 249.0 244.0 238.0 233.0 227.0 221.0 214.0 208.0 201.0 193.0 186.0 179.0 16.0 41.0 54.0 66.0 78.0 90.0 103.0 115.0 126.0 138.0 150.0 162.0 173.0 184.0 196.0 207.0 218.0 229.0 239.0 250.0 261.0 271.0 282.0 292.0 302.0 49.0 1780799524.176075
292.0 293.0 290.0 288.0 286.0 283.0 280.0 276.0 273.0 269.0 266.0 261.0 257.0 253.0 248.0 244.0 239.0 234.0 229.0 224.0 220.0 214.0 209.0 204.0 198.0 16.0 42.0 55.0 67.0 79.0 92.0 104.0 116.0 128.0 140.0 151.0 163.0 175.0 187.0 198.0 209.0 221.0 232.0 244.0 255.0 266.0 278.0 289.0 299.0 311.0 50.0 1780799524.196201
292.0 293.0 291.0 289.0 286.0 284.0 281.0 278.0 275.0 272.0 269.0 265.0 262.0 258.0 255.0 252.0 248.0 245.0 242.0 238.0 235.0 231.0 229.0 225.0 222.0 16.0 42.0 54.0 67.0 79.0 91.0 103.0 115.0 127.0 140.0 152.0 164.0 175.0 187.0 199.0 211.0 223.0 235.0 247.0 259.0 271.0 283.0 295.0 307.0 319.0 51.0 1780799524.216759
292.0 293.0 292.0 289.0 287.0 285.0 282.0 280.0 277.0 275.0 272.0 270.0 267.0 265.0 263.0 261.0 259.0 257.0 256.0 254.0 253.0 251.0 250.0 247.0 246.0 16.0 41.0 54.0 66.0 78.0 91.0 103.0 115.0 127.0 139.0 151.0 163.0 175.0 188.0 200.0 212.0 224.0 237.0 250.0 262.0 275.0 287.0 299.0 312.0 324.0 52.0 1780799524.232267
292.0 294.0 291.0 289.0 288.0 286.0 284.0 282.0 280.0 278.0 276.0 275.0 273.0 273.0 272.0 271.0 270.0 270.0 269.0 270.0 269.0 268.0 268.0 268.0 268.0 16.0 41.0 53.0 65.0 78.0 90.0 102.0 114.0 127.0 139.0 151.0 164.0 176.0 189.0 202.0 214.0 226.0 239.0 251.0 264.0 276.0 289.0 301.0 314.0 326.0 53.0 1780799524.252791
292.0 294.0 292.0 290.0 289.0 288.0 287.0 286.0 285.0 284.0 282.0 282.0 282.0 283.0 283.0 283.0 283.0 284.0 285.0 286.0 287.0 288.0 289.0 291.0 291.0 16.0 41.0 54.0 66.0 79.0 91.0 104.0 116.0 129.0 142.0 154.0 167.0 179.0 192.0 205.0 217.0 229.0 242.0 254.0 266.0 279.0 291.0 303.0 315.0 328.0 54.0 1780799524.268244
292.0 294.0 293.0 292.0 291.0 291.0 291.0 290.0 290.0 290.0 290.0 291.0 291.0 293.0 294.0 295.0 296.0 298.0 300.0 301.0 303.0 305.0 308.0 310.0 311.0 16.0 41.0 54.0 66.0 80.0 93.0 105.0 118.0 131.0 144.0 156.0 169.0 182.0 194.0 206.0 219.0 231.0 244.0 256.0 268.0 280.0 292.0 305.0 316.0 329.0 55.0 1780799524.283794
292.0 294.0 294.0 294.0 295.0 295.0 295.0 296.0 296.0 297.0 298.0 300.0 301.0 302.0 304.0 306.0 308.0 311.0 313.0 316.0 318.0 321.0 324.0 326.0 328.0 16.0 42.0 54.0 67.0 80.0 93.0 106.0 119.0 131.0 144.0 157.0 170.0 182.0 194.0 207.0 219.0 232.0 244.0 256.0 268.0 280.0 292.0 304.0 316.0 329.0 56.0 1780799524.304346
292.0 295.0 296.0 297.0 298.0 300.0 301.0 303.0 305.0 306.0 307.0 310.0 312.0 314.0 317.0 320.0 322.0 325.0 328.0 331.0 335.0 338.0 341.0 344.0 347.0 16.0 42.0 55.0 67.0 80.0 93.0 106.0 118.0 131.0 143.0 156.0 168.0 180.0 193.0 205.0 218.0 230.0 242.0 254.0 267.0 279.0 291.0 302.0 314.0 327.0 57.0 1780799524.319730
292.0 296.0 297.0 299.0 302.0 303.0 306.0 308.0 311.0 314.0 317.0 320.0 322.0 325.0 328.0 331.0 335.0 338.0 342.0 345.0 348.0 352.0 355.0 359.0 361.0 16.0 42.0 54.0 67.0 80.0 92.0 105.0 117.0 129.0 142.0 154.0 166.0 178.0 191.0 203.0 215.0 227.0 239.0 251.0 264.0 276.0 288.0 300.0 312.0 324.0 58.0 1780799524.340422
292.0 296.0 298.0 301.0 304.0 307.0 311.0 314.0 318.0 322.0 325.0 329.0 333.0 337.0 341.0 344.0 348.0 352.0 356.0 359.0 363.0 366.0 369.0 373.0 376.0 16.0 41.0 54.0 67.0 79.0 92.0 104.0 116.0 128.0 140.0 152.0 164.0 176.0 188.0 200.0 212.0 224.0 236.0 248.0 260.0 272.0 284.0 297.0 309.0 321.0 59.0 1780799524.360978
292.0 297.0 299.0 302.0 305.0 309.0 314.0 318.0 323.0 328.0 332.0 337.0 342.0 346.0 351.0 356.0 359.0 364.0 368.0 372.0 376.0 380.0 382.0 386.0 389.0 16.0 41.0 54.0 66.0 78.0 90.0 102.0 114.0 125.0 137.0 148.0 160.0 172.0 183.0 196.0 207.0 219.0 231.0 243.0 255.0 267.0 279.0 291.0 303.0 316.0 60.0 1780799524.381714
292.0 297.0 299.0 302.0 307.0 312.0 316.0 322.0 327.0 332.0 338.0 344.0 349.0 354.0 359.0 365.0 369.0 374.0 379.0 384.0 387.0 392.0 395.0 399.0 402.0 16.0 41.0 54.0 66.0 78.0 90.0 101.0 113.0 124.0 135.0 147.0 158.0 169.0 181.0 192.0 204.0 216.0 227.0 239.0 251.0 263.0 275.0 287.0 299.0 311.0 61.0 1780799524.397178
292.0 297.0 300.0 303.0 308.0 313.0 318.0 324.0 330.0 335.0 341.0 347.0 353.0 359.0 365.0 370.0 376.0 381.0 387.0 391.0 396.0 401.0 405.0 409.0 413.0 16.0 41.0 54.0 66.0 78.0 89.0 100.0 112.0 123.0 134.0 145.0 157.0 168.0 179.0 190.0 202.0 213.0 224.0 236.0 248.0 259.0 270.0 282.0 294.0 306.0 62.0 1780799524.423162
292.0 298.0 300.0 304.0 308.0 313.0 319.0 324.0 330.0 337.0 343.0 349.0 355.0 362.0 368.0 374.0 380.0 386.0 392.0 398.0 404.0 410.0 415.0 420.0 426.0 16.0 41.0 54.0 66.0 77.0 89.0 100.0 112.0 123.0 134.0 145.0 156.0 167.0 178.0 190.0 201.0 211.0 223.0 234.0 245.0 256.0 268.0 279.0 290.0 302.0 63.0 1780799524.443565
292.0 298.0 299.0 303.0 308.0 313.0 318.0 323.0 329.0 335.0 341.0 347.0 354.0 360.0 367.0 374.0 380.0 387.0 394.0 401.0 408.0 415.0 422.0 428.0 435.0 16.0 40.0 53.0 66.0 77.0 89.0 100.0 112.0 123.0 134.0 145.0 156.0 167.0 178.0 188.0 199.0 210.0 221.0 231.0 243.0 253.0 264.0 274.0 285.0 297.0 64.0 1780799524.464181
292.0 297.0 299.0 303.0 307.0 311.0 316.0 321.0 327.0 333.0 338.0 344.0 351.0 357.0 363.0 371.0 378.0 385.0 393.0 400.0 408.0 416.0 424.0 432.0 439.0 16.0 41.0 53.0 65.0 77.0 89.0 100.0 111.0 122.0 133.0 144.0 155.0 166.0 177.0 187.0 198.0 209.0 219.0 229.0 239.0 250.0 259.0 270.0 280.0 290.0 65.0 1780799524.484585
292.0 297.0 299.0 302.0 305.0 309.0 313.0 318.0 323.0 329.0 334.0 340.0 346.0 353.0 359.0 366.0 374.0 382.0 390.0 398.0 406.0 415.0 424.0 432.0 441.0 16.0 40.0 53.0 65.0 77.0 89.0 100.0 112.0 123.0 134.0 145.0 156.0 166.0 177.0 188.0 198.0 208.0 218.0 229.0 238.0 248.0 258.0 267.0 277.0 287.0 66.0 1780799524.505283
292.0 297.0 299.0 300.0 304.0 307.0 311.0 315.0 320.0 324.0 330.0 336.0 341.0 348.0 355.0 362.0 369.0 377.0 385.0 394.0 403.0 412.0 421.0 430.0 439.0 16.0 41.0 53.0 66.0 78.0 90.0 101.0 113.0 124.0 135.0 146.0 157.0 168.0 179.0 189.0 200.0 210.0 220.0 229.0 239.0 249.0 258.0 268.0 277.0 287.0 67.0 1780799524.520663
292.0 297.0 298.0 300.0 302.0 305.0 309.0 313.0 317.0 322.0 326.0 332.0 337.0 344.0 351.0 358.0 365.0 373.0 382.0 390.0 399.0 408.0 417.0 426.0 435.0 16.0 42.0 54.0 67.0 79.0 91.0 103.0 115.0 126.0 138.0 149.0 160.0 171.0 181.0 192.0 202.0 212.0 222.0 232.0 242.0 252.0 261.0 271.0 280.0 290.0 68.0 1780799524.536191
292.0 296.0 297.0 299.0 302.0 304.0 307.0 310.0 314.0 318.0 323.0 328.0 333.0 339.0 346.0 353.0 360.0 368.0 376.0 384.0 392.0 401.0 410.0 418.0 427.0 16.0 42.0 55.0 67.0 79.0 92.0 103.0 115.0 127.0 139.0 150.0 161.0 173.0 183.0 194.0 204.0 215.0 225.0 235.0 245.0 254.0 264.0 274.0 284.0 293.0 69.0 1780799524.556829
292.0 295.0 297.0 299.0 301.0 303.0 306.0 309.0 312.0 317.0 321.0 325.0 330.0 336.0 341.0 347.0 354.0 361.0 368.0 376.0 384.0 391.0 400.0 408.0 415.0 16.0 42.0 55.0 67.0 80.0 92.0 105.0 117.0 129.0 141.0 153.0 164.0 175.0 187.0 198.0 209.0 219.0 230.0 240.0 250.0 261.0 271.0 281.0 291.0 301.0 70.0 1780799524.572364
292.0 295.0 298.0 299.0 300.0 303.0 306.0 309.0 312.0 315.0 319.0 322.0 328.0 332.0 337.0 342.0 348.0 354.0 361.0 367.0 374.0 381.0 388.0 395.0 401.0 16.0 42.0 55.0 68.0 81.0 93.0 105.0 118.0 130.0 142.0 154.0 166.0 178.0 189.0 201.0 212.0 223.0 234.0 245.0 256.0 267.0 278.0 288.0 299.0 310.0 71.0 1780799524.592966
292.0 296.0 297.0 299.0 301.0 303.0 306.0 308.0 311.0 314.0 317.0 320.0 324.0 328.0 331.0 335.0 340.0 345.0 349.0 354.0 360.0 365.0 370.0 376.0 381.0 16.0 41.0 54.0 67.0 80.0 93.0 105.0 117.0 129.0 141.0 154.0 166.0 178.0 190.0 202.0 214.0 225.0 237.0 248.0 259.0 270.0 282.0 293.0 304.0 315.0 72.0 1780799524.613490
292.0 297.0 297.0 299.0 301.0 302.0 305.0 307.0 310.0 312.0 314.0 317.0 320.0 322.0 325.0 328.0 332.0 334.0 337.0 340.0 344.0 346.0 350.0 353.0 356.0 16.0 42.0 55.0 68.0 80.0 93.0 105.0 117.0 129.0 141.0 154.0 166.0 178.0 190.0 202.0 214.0 226.0 238.0 250.0 262.0 274.0 286.0 297.0 310.0 321.0 73.0 1780799524.634128
292.0 296.0 297.0 298.0 300.0 302.0 303.0 306.0 308.0 310.0 311.0 313.0 315.0 317.0 319.0 320.0 322.0 323.0 325.0 326.0 326.0 327.0 327.0 328.0 329.0 16.0 43.0 56.0 68.0 80.0 93.0 105.0 117.0 129.0 142.0 154.0 167.0 178.0 191.0 203.0 216.0 228.0 241.0 253.0 265.0 277.0 289.0 301.0 313.0 325.0 74.0 1780799524.649662
292.0 296.0 297.0 298.0 299.0 300.0 302.0 304.0 305.0 306.0 308.0 310.0 310.0 311.0 312.0 312.0 313.0 312.0 312.0 311.0 310.0 309.0 307.0 306.0 305.0 16.0 42.0 54.0 67.0 79.0 92.0 104.0 117.0 129.0 142.0 154.0 167.0 179.0 192.0 204.0 217.0 230.0 242.0 254.0 267.0 278.0 290.0 302.0 314.0 326.0 75.0 1780799524.665169
292.0 295.0 296.0 297.0 298.0 299.0 300.0 301.0 301.0 303.0 304.0 305.0 305.0 304.0 304.0 303.0 303.0 301.0 300.0 297.0 294.0 292.0 289.0 286.0 283.0 16.0 42.0 55.0 67.0 80.0 92.0 105.0 118.0 131.0 143.0 155.0 168.0 181.0 194.0 206.0 219.0 232.0 244.0 256.0 267.0 279.0 291.0 302.0 314.0 325.0 76.0 1780799524.680401
292.0 295.0 296.0 295.0 296.0 298.0 298.0 298.0 298.0 298.0 298.0 298.0 298.0 296.0 296.0 293.0 292.0 289.0 287.0 283.0 280.0 276.0 272.0 268.0 264.0 16.0 41.0 55.0 68.0 80.0 93.0 106.0 119.0 132.0 144.0 157.0 170.0 183.0 195.0 208.0 220.0 232.0 244.0 256.0 268.0 279.0 290.0 302.0 313.0 325.0 77.0 1780799524.695982
292.0 294.0 295.0 294.0 295.0 295.0 295.0 295.0 293.0 293.0 292.0 290.0 289.0 287.0 286.0 283.0 280.0 277.0 274.0 270.0 266.0 262.0 257.0 252.0 248.0 16.0 41.0 55.0 67.0 80.0 94.0 107.0 119.0 132.0 145.0 157.0 169.0 182.0 195.0 207.0 219.0 231.0 243.0 254.0 266.0 278.0 289.0 300.0 311.0 323.0 78.0 1780799524.716607
292.0 295.0 294.0 293.0 292.0 291.0 290.0 289.0 287.0 286.0 284.0 282.0 279.0 277.0 274.0 271.0 268.0 264.0 260.0 256.0 251.0 247.0 242.0 237.0 233.0 16.0 42.0 55.0 68.0 80.0 93.0 106.0 118.0 131.0 143.0 156.0 168.0 180.0 192.0 204.0 217.0 228.0 240.0 252.0 263.0 274.0 286.0 297.0 308.0 319.0 79.0 1780799524.732141
292.0 294.0 292.0 292.0 289.0 288.0 286.0 284.0 281.0 278.0 276.0 273.0 270.0 267.0 263.0 260.0 256.0 252.0 247.0 244.0 239.0 234.0 230.0 225.0 220.0 16.0 42.0 55.0 67.0 80.0 93.0 105.0 118.0 130.0 142.0 154.0 166.0 178.0 190.0 202.0 214.0 226.0 238.0 249.0 261.0 272.0 283.0 294.0 306.0 318.0 80.0 1780799524.752599
292.0 293.0 291.0 289.0 287.0 284.0 281.0 277.0 274.0 271.0 267.0 263.0 260.0 256.0 252.0 248.0 243.0 239.0 235.0 231.0 226.0 222.0 217.0 213.0 209.0 16.0 41.0 54.0 67.0 79.0 91.0 103.0 115.0 127.0 139.0 151.0 163.0 175.0 187.0 199.0 210.0 222.0 234.0 245.0 257.0 268.0 280.0 291.0 303.0 315.0 81.0 1780799524.773312
292.0 293.0 290.0 287.0 283.0 280.0 275.0 271.0 267.0 263.0 258.0 254.0 250.0 245.0 241.0 237.0 233.0 228.0 224.0 219.0 215.0 211.0 206.0 202.0 197.0 16.0 41.0 54.0 66.0 78.0 90.0 102.0 114.0 125.0 137.0 149.0 160.0 172.0 184.0 196.0 207.0 219.0 231.0 242.0 254.0 266.0 277.0 289.0 301.0 312.0 82.0 1780799524.793784
292.0 292.0 289.0 285.0 281.0 276.0 271.0 267.0 262.0 256.0 252.0 247.0 242.0 237.0 233.0 227.0 223.0 219.0 214.0 210.0 206.0 202.0 197.0 192.0 188.0 16.0 41.0 53.0 65.0 77.0 89.0 100.0 112.0 123.0 134.0 146.0 158.0 169.0 180.0 192.0 204.0 215.0 227.0 239.0 250.0 262.0 274.0 286.0 297.0 309.0 83.0 1780799524.814373
292.0 292.0 288.0 284.0 279.0 274.0 269.0 264.0 258.0 253.0 247.0 241.0 236.0 231.0 226.0 221.0 217.0 212.0 207.0 202.0 198.0 194.0 189.0 185.0 180.0 16.0 41.0 53.0 65.0 77.0 88.0 100.0 111.0 122.0 133.0 144.0 156.0 167.0 179.0 190.0 202.0 213.0 225.0 236.0 248.0 260.0 272.0 283.0 295.0 306.0 84.0 1780799524.829790
292.0 292.0 289.0 284.0 279.0 274.0 269.0 262.0 257.0 251.0 245.0 240.0 234.0 228.0 223.0 217.0 212.0 207.0 202.0 197.0 192.0 188.0 183.0 179.0 173.0 16.0 41.0 53.0 65.0 76.0 88.0 99.0 110.0 122.0 133.0 144.0 155.0 166.0 177.0 189.0 200.0 212.0 223.0 234.0 246.0 258.0 269.0 281.0 293.0 304.0 85.0 1780799524.850402
292.0 292.0 289.0 284.0 280.0 275.0 269.0 263.0 258.0 252.0 245.0 240.0 234.0 228.0 222.0 216.0 211.0 205.0 199.0 195.0 189.0 184.0 179.0 174.0 168.0 16.0 41.0 53.0 65.0 77.0 88.0 99.0 111.0 122.0 133.0 144.0 155.0 166.0 177.0 188.0 199.0 211.0 222.0 233.0 244.0 256.0 267.0 278.0 290.0 301.0 86.0 1780799524.865918
292.0 292.0 289.0 284.0 280.0 276.0 270.0 265.0 259.0 254.0 248.0 242.0 236.0 230.0 224.0 217.0 211.0 206.0 199.0 194.0 188.0 182.0 176.0 170.0 165.0 16.0 41.0 53.0 65.0 77.0 88.0 100.0 111.0 122.0 133.0 144.0 155.0 166.0 177.0 189.0 199.0 210.0 221.0 233.0 243.0 255.0 266.0 277.0 288.0 299.0 87.0 1780799524.886549
292.0 292.0 290.0 286.0 282.0 277.0 273.0 268.0 263.0 257.0 252.0 247.0 240.0 234.0 228.0 222.0 216.0 209.0 203.0 196.0 189.0 182.0 175.0 168.0 161.0 16.0 41.0 54.0 65.0 77.0 89.0 100.0 112.0 123.0 134.0 145.0 157.0 167.0 178.0 189.0 200.0 211.0 222.0 233.0 243.0 254.0 264.0 275.0 285.0 296.0 88.0 1780799524.902150
292.0 293.0 290.0 286.0 283.0 280.0 275.0 271.0 266.0 261.0 256.0 251.0 246.0 240.0 234.0 228.0 221.0 215.0 208.0 200.0 193.0 185.0 177.0 169.0 161.0 16.0 41.0 53.0 65.0 77.0 89.0 101.0 112.0 124.0 135.0 146.0 157.0 168.0 179.0 190.0 201.0 211.0 222.0 232.0 243.0 252.0 263.0 272.0 283.0 293.0 89.0 1780799524.922527
292.0 293.0 290.0 288.0 284.0 281.0 278.0 274.0 270.0 266.0 262.0 257.0 252.0 247.0 241.0 235.0 228.0 221.0 214.0 206.0 198.0 190.0 181.0 172.0 163.0 16.0 41.0 54.0 66.0 77.0 89.0 101.0 113.0 125.0 136.0 147.0 159.0 170.0 181.0 192.0 203.0 214.0 224.0 234.0 244.0 254.0 264.0 273.0 283.0 292.0 90.0 1780799524.938000
292.0 293.0 291.0 289.0 286.0 283.0 281.0 277.0 274.0 270.0 267.0 262.0 257.0 253.0 247.0 241.0 235.0 228.0 221.0 213.0 205.0 196.0 187.0 178.0 169.0 16.0 41.0 53.0 66.0 78.0 90.0 102.0 114.0 126.0 137.0 149.0 161.0 172.0 182.0 193.0 204.0 215.0 225.0 236.0 246.0 256.0 265.0 275.0 284.0 293.0 91.0 1780799524.958641
292.0 293.0 291.0 290.0 288.0 286.0 284.0 281.0 279.0 274.0 271.0 268.0 263.0 259.0 254.0 249.0 243.0 236.0 229.0 222.0 214.0 206.0 197.0 188.0 180.0 16.0 41.0 53.0 66.0 78.0 90.0 103.0 115.0 127.0 139.0 150.0 162.0 173.0 184.0 196.0 207.0 217.0 228.0 238.0 248.0 258.0 267.0 277.0 287.0 297.0 92.0 1780799524.974204
292.0 293.0 292.0 290.0 289.0 288.0 286.0 284.0 281.0 279.0 275.0 272.0 269.0 264.0 259.0 255.0 249.0 243.0 237.0 230.0 223.0 215.0 208.0 200.0 192.0 16.0 41.0 54.0 66.0 78.0 91.0 104.0 116.0 128.0 140.0 152.0 164.0 176.0 187.0 198.0 209.0 220.0 231.0 241.0 252.0 262.0 272.0 282.0 292.0 302.0 93.0 1780799524.994751
292.0 293.0 293.0 291.0 290.0 289.0 288.0 286.0 284.0 282.0 279.0 276.0 272.0 268.0 265.0 261.0 255.0 251.0 245.0 240.0 234.0 227.0 221.0 214.0 207.0 16.0 41.0 54.0 67.0 80.0 93.0 105.0 118.0 131.0 143.0 155.0 168.0 179.0 191.0 203.0 215.0 226.0 237.0 248.0 259.0 270.0 281.0 292.0 302.0 312.0 94.0 1780799525.010113
292.0 293.0 293.0 292.0 290.0 290.0 288.0 286.0 285.0 283.0 281.0 278.0 276.0 273.0 270.0 267.0 263.0 259.0 255.0 250.0 246.0 241.0 236.0 232.0 226.0 16.0 41.0 54.0 67.0 80.0 93.0 105.0 118.0 131.0 144.0 156.0 168.0 180.0 192.0 205.0 216.0 228.0 240.0 252.0 263.0 275.0 286.0 297.0 308.0 319.0 95.0 1780799525.025998
292.0 293.0 293.0 291.0 290.0 290.0 288.0 287.0 286.0 285.0 283.0 281.0 279.0 276.0 275.0 273.0 270.0 268.0 265.0 263.0 259.0 256.0 253.0 250.0 246.0 16.0 41.0 53.0 66.0 79.0 92.0 105.0 117.0 130.0 142.0 155.0 168.0 180.0 192.0 204.0 216.0 229.0 241.0 253.0 265.0 277.0 289.0 301.0 312.0 324.0 96.0 1780799525.041223
292.0 293.0 292.0 292.0 291.0 290.0 289.0 288.0 287.0 285.0 284.0 283.0 281.0 281.0 280.0 278.0 278.0 277.0 276.0 275.0 273.0 272.0 270.0 269.0 267.0 16.0 41.0 53.0 66.0 78.0 91.0 103.0 116.0 128.0 141.0 154.0 166.0 179.0 191.0 204.0 216.0 228.0 241.0 253.0 266.0 278.0 290.0 302.0 315.0 327.0 97.0 1780799525.056611
292.0 293.0 293.0 291.0 291.0 290.0 289.0 287.0 287.0 285.0 286.0 286.0 284.0 285.0 284.0 285.0 286.0 286.0 286.0 287.0 287.0 288.0 288.0 288.0 289.0 16.0 41.0 53.0 66.0 79.0 91.0 104.0 116.0 129.0 142.0 154.0 167.0 180.0 192.0 205.0 217.0 230.0 242.0 254.0 266.0 278.0 291.0 303.0 315.0 327.0 98.0 1780799525.072045
292.0 293.0 292.0 291.0 290.0 290.0 289.0 288.0 288.0 287.0 288.0 288.0 289.0 289.0 291.0 293.0 294.0 295.0 297.0 299.0 302.0 304.0 306.0 308.0 310.0 16.0 41.0 54.0 66.0 79.0 92.0 105.0 117.0 130.0 144.0 156.0 169.0 182.0 194.0 207.0 219.0 231.0 243.0 256.0 268.0 280.0 292.0 303.0 315.0 327.0 99.0 1780799525.087442
292.0 294.0 293.0 292.0 292.0 291.0 291.0 290.0 290.0 291.0 292.0 293.0 294.0 295.0 298.0 300.0 303.0 306.0 309.0 312.0 315.0 319.0 322.0 326.0 330.0 16.0 41.0 54.0 67.0 80.0 93.0 106.0 119.0 132.0 145.0 158.0 171.0 183.0 196.0 208.0 221.0 232.0 244.0 256.0 268.0 279.0 291.0 303.0 314.0 325.0 100.0 1780799525.108155
292.0 294.0 293.0 293.0 293.0 293.0 293.0 293.0 294.0 296.0 297.0 298.0 300.0 302.0 305.0 308.0 311.0 315.0 319.0 323.0 328.0 332.0 337.0 342.0 347.0 16.0 41.0 54.0 67.0 81.0 93.0 106.0 120.0 132.0 145.0 158.0 170.0 183.0 195.0 207.0 219.0 231.0 242.0 254.0 265.0 277.0 288.0 299.0 310.0 321.0 101.0 1780799525.123476
292.0 295.0 294.0 295.0 295.0 296.0 297.0 298.0 300.0 302.0 304.0 306.0 308.0 311.0 315.0 319.0 323.0 327.0 332.0 337.0 343.0 348.0 354.0 359.0 364.0 16.0 43.0 56.0 69.0 82.0 95.0 108.0 121.0 134.0 146.0 159.0 171.0 183.0 195.0 207.0 220.0 231.0 243.0 254.0 265.0 276.0 287.0 298.0 309.0 321.0 102.0 1780799525.139035
292.0 295.0 295.0 297.0 298.0 299.0 301.0 303.0 305.0 308.0 311.0 314.0 316.0 320.0 324.0 329.0 333.0 338.0 343.0 348.0 354.0 360.0 366.0 372.0 377.0 16.0 42.0 56.0 69.0 81.0 94.0 107.0 119.0 132.0 144.0 156.0 169.0 181.0 193.0 204.0 216.0 227.0 239.0 250.0 262.0 273.0 284.0 295.0 305.0 316.0 103.0 1780799525.159612
292.0 295.0 296.0 299.0 301.0 303.0 306.0 309.0 312.0 316.0 319.0 323.0 327.0 331.0 336.0 340.0 345.0 350.0 356.0 361.0 366.0 372.0 378.0 383.0 388.0 16.0 43.0 56.0 69.0 81.0 94.0 106.0 119.0 131.0 143.0 155.0 167.0 179.0 191.0 202.0 214.0 225.0 237.0 248.0 259.0 271.0 282.0 293.0 304.0 316.0 104.0 1780799525.180198
292.0 296.0 298.0 301.0 304.0 307.0 311.0 314.0 319.0 323.0 327.0 332.0 337.0 341.0 346.0 351.0 357.0 361.0 367.0 372.0 377.0 382.0 387.0 393.0 397.0 16.0 42.0 55.0 67.0 80.0 93.0 104.0 116.0 128.0 140.0 152.0 164.0 175.0 187.0 199.0 211.0 222.0 233.0 245.0 256.0 268.0 279.0 291.0 302.0 314.0 105.0 1780799525.195649
292.0 297.0 299.0 302.0 306.0 310.0 314.0 319.0 324.0 329.0 334.0 339.0 344.0 350.0 355.0 360.0 365.0 370.0 375.0 380.0 385.0 390.0 395.0 399.0 403.0 16.0 42.0 55.0 67.0 79.0 91.0 103.0 115.0 126.0 138.0 150.0 161.0 173.0 184.0 195.0 207.0 219.0 230.0 242.0 254.0 265.0 277.0 289.0 301.0 312.0 106.0 1780799525.216371
292.0 297.0 300.0 303.0 308.0 313.0 318.0 323.0 329.0 334.0 340.0 345.0 351.0 356.0 362.0 367.0 372.0 377.0 382.0 387.0 391.0 396.0 399.0 404.0 407.0 16.0 42.0 54.0 66.0 78.0 90.0 101.0 113.0 124.0 135.0 147.0 158.0 169.0 181.0 192.0 204.0 215.0 227.0 239.0 250.0 262.0 274.0 286.0 297.0 310.0 107.0 1780799525.236837
292.0 297.0 300.0 304.0 309.0 314.0 320.0 326.0 331.0 337.0 343.0 349.0 355.0 361.0 367.0 372.0 377.0 382.0 387.0 391.0 395.0 399.0 404.0 408.0 411.0 16.0 42.0 55.0 66.0 78.0 90.0 101.0 111.0 123.0 134.0 145.0 156.0 167.0 178.0 190.0 201.0 212.0 224.0 235.0 247.0 259.0 271.0 282.0 295.0 306.0 108.0 1780799525.257439
292.0 297.0 301.0 304.0 309.0 315.0 320.0 326.0 332.0 338.0 344.0 350.0 356.0 362.0 368.0 373.0 379.0 384.0 389.0 393.0 397.0 402.0 406.0 410.0 414.0 16.0 42.0 54.0 66.0 78.0 89.0 100.0 111.0 122.0 133.0 145.0 156.0 167.0 178.0 189.0 201.0 212.0 224.0 235.0 247.0 259.0 271.0 282.0 294.0 306.0 109.0 1780799525.278075
292.0 297.0 300.0 304.0 309.0 314.0 320.0 325.0 331.0 337.0 343.0 349.0 355.0 361.0 367.0 373.0 378.0 383.0 389.0 393.0 398.0 403.0 407.0 411.0 415.0 16.0 42.0 54.0 66.0 78.0 89.0 100.0 111.0 123.0 134.0 145.0 156.0 167.0 178.0 190.0 201.0 212.0 224.0 235.0 246.0 258.0 270.0 282.0 294.0 306.0 110.0 1780799525.298888
292.0 297.0 300.0 303.0 307.0 312.0 317.0 322.0 328.0 333.0 339.0 345.0 351.0 357.0 362.0 369.0 375.0 380.0 386.0 392.0 397.0 402.0 408.0 413.0 418.0 16.0 41.0 54.0 66.0 78.0 90.0 101.0 113.0 124.0 135.0 146.0 158.0 169.0 180.0 191.0 202.0 213.0 225.0 236.0 247.0 259.0 270.0 281.0 293.0 305.0 111.0 1780799525.324433
292.0 297.0 299.0 302.0 305.0 309.0 314.0 318.0 322.0 327.0 332.0 337.0 343.0 348.0 354.0 361.0 366.0 373.0 379.0 385.0 391.0 398.0 404.0 410.0 417.0 16.0 42.0 54.0 66.0 78.0 90.0 102.0 114.0 125.0 137.0 149.0 160.0 171.0 183.0 194.0 205.0 216.0 226.0 237.0 249.0 259.0 270.0 281.0 292.0 303.0 112.0 1780799525.339953
292.0 297.0 298.0 301.0 304.0 306.0 310.0 313.0 318.0 322.0 326.0 331.0 335.0 341.0 346.0 352.0 358.0 364.0 371.0 378.0 384.0 391.0 398.0 405.0 413.0 16.0 41.0 54.0 67.0 79.0 91.0 103.0 115.0 127.0 139.0 150.0 161.0 172.0 184.0 195.0 206.0 217.0 228.0 239.0 249.0 260.0 271.0 281.0 291.0 301.0 113.0 1780799525.360556
292.0 297.0 298.0 299.0 301.0 303.0 306.0 309.0 313.0 316.0 320.0 323.0 328.0 333.0 338.0 343.0 349.0 356.0 362.0 369.0 376.0 383.0 391.0 398.0 406.0 16.0 42.0 55.0 68.0 80.0 93.0 105.0 117.0 129.0 141.0 152.0 164.0 176.0 188.0 199.0 210.0 221.0 231.0 242.0 253.0 263.0 273.0 284.0 294.0 304.0 114.0 1780799525.375972
292.0 296.0 297.0 298.0 300.0 301.0 302.0 305.0 308.0 310.0 314.0 317.0 321.0 325.0 330.0 335.0 341.0 347.0 353.0 359.0 367.0 374.0 381.0 388.0 395.0 16.0 42.0 55.0 68.0 80.0 93.0 106.0 117.0 130.0 142.0 154.0 166.0 177.0 189.0 200.0 211.0 222.0 233.0 244.0 255.0 265.0 276.0 286.0 296.0 306.0 115.0 1780799525.391558
292.0 296.0 296.0 297.0 297.0 299.0 300.0 302.0 304.0 307.0 309.0 313.0 316.0 320.0 324.0 329.0 334.0 339.0 345.0 351.0 358.0 364.0 371.0 377.0 383.0 16.0 43.0 57.0 69.0 82.0 95.0 108.0 120.0 133.0 145.0 157.0 169.0 181.0 193.0 204.0 216.0 227.0 238.0 249.0 260.0 270.0 281.0 292.0 302.0 313.0 116.0 1780799525.412060
292.0 295.0 295.0 295.0 296.0 297.0 297.0 299.0 301.0 303.0 305.0 308.0 311.0 313.0 317.0 321.0 325.0 330.0 334.0 340.0 345.0 350.0 355.0 361.0 366.0 16.0 44.0 57.0 70.0 83.0 96.0 109.0 122.0 134.0 146.0 159.0 171.0 183.0 196.0 207.0 219.0 230.0 242.0 253.0 264.0 276.0 287.0 297.0 309.0 320.0 117.0 1780799525.427504
292.0 295.0 295.0 295.0 296.0 296.0 297.0 298.0 299.0 300.0 302.0 304.0 306.0 309.0 311.0 314.0 317.0 320.0 324.0 327.0 331.0 335.0 339.0 343.0 346.0 16.0 44.0 57.0 70.0 83.0 96.0 108.0 121.0 134.0 147.0 159.0 171.0 184.0 196.0 208.0 219.0 232.0 243.0 255.0 267.0 278.0 290.0 301.0 312.0 325.0 118.0 1780799525.442974
292.0 294.0 295.0 295.0 295.0 296.0 296.0 297.0 298.0 299.0 300.0 301.0 302.0 304.0 306.0 307.0 309.0 311.0 313.0 316.0 318.0 320.0 322.0 324.0 326.0 16.0 42.0 56.0 68.0 81.0 93.0 106.0 119.0 132.0 144.0 156.0 169.0 181.0 194.0 206.0 218.0 230.0 243.0 254.0 267.0 279.0 291.0 303.0 315.0 327.0 119.0 1780799525.458390
292.0 294.0 295.0 295.0 295.0 295.0 297.0 297.0 297.0 297.0 298.0 299.0 300.0 300.0 301.0 302.0 302.0 302.0 303.0 303.0 304.0 305.0 305.0 306.0 305.0 16.0 42.0 55.0 67.0 80.0 92.0 105.0 118.0 130.0 143.0 156.0 169.0 181.0 193.0 205.0 218.0 231.0 243.0 255.0 267.0 279.0 291.0 303.0 316.0 328.0 120.0 1780799525.474041
292.0 295.0 295.0 295.0 296.0 296.0 296.0 297.0 297.0 297.0 297.0 297.0 297.0 297.0 295.0 295.0 295.0 294.0 293.0 291.0 290.0 289.0 288.0 286.0 284.0 16.0 43.0 56.0 68.0 81.0 94.0 107.0 120.0 132.0 145.0 157.0 170.0 182.0 195.0 207.0 220.0 232.0 244.0 255.0 268.0 280.0 292.0 304.0 315.0 327.0 121.0 1780799525.489333
292.0 294.0 294.0 295.0 295.0 295.0 296.0 296.0 295.0 295.0 295.0 294.0 293.0 292.0 291.0 289.0 287.0 285.0 282.0 280.0 277.0 274.0 271.0 268.0 265.0 16.0 42.0 55.0 68.0 81.0 94.0 106.0 119.0 132.0 145.0 158.0 170.0 183.0 195.0 207.0 219.0 231.0 243.0 255.0 266.0 278.0 290.0 301.0 313.0 325.0 122.0 1780799525.509948
292.0 295.0 295.0 295.0 295.0 294.0 294.0 293.0 293.0 292.0 291.0 290.0 288.0 286.0 283.0 281.0 278.0 274.0 271.0 267.0 263.0 258.0 254.0 249.0 244.0 16.0 43.0 56.0 69.0 82.0 94.0 107.0 120.0 133.0 145.0 158.0 170.0 183.0 194.0 207.0 219.0 230.0 242.0 253.0 264.0 276.0 286.0 298.0 309.0 319.0 123.0 1780799525.525429
292.0 294.0 294.0 293.0 293.0 292.0 292.0 291.0 290.0 289.0 287.0 285.0 283.0 280.0 277.0 274.0 269.0 265.0 260.0 255.0 250.0 244.0 239.0 233.0 227.0 16.0 43.0 56.0 69.0 82.0 95.0 107.0 120.0 132.0 145.0 158.0 170.0 182.0 193.0 205.0 217.0 228.0 239.0 250.0 262.0 272.0 283.0 294.0 304.0 315.0 124.0 1780799525.540962
292.0 295.0 294.0 293.0 291.0 291.0 289.0 288.0 287.0 284.0 282.0 280.0 276.0 273.0 269.0 266.0 261.0 257.0 251.0 245.0 239.0 233.0 227.0 219.0 212.0 16.0 43.0 56.0 68.0 81.0 94.0 106.0 119.0 131.0 144.0 156.0 168.0 180.0 192.0 203.0 215.0 226.0 237.0 248.0 259.0 270.0 280.0 290.0 301.0 311.0 125.0 1780799525.561535
292.0 294.0 293.0 292.0 290.0 288.0 287.0 284.0 282.0 279.0 277.0 273.0 270.0 266.0 262.0 258.0 253.0 248.0 242.0 236.0 230.0 223.0 217.0 209.0 202.0 16.0 42.0 55.0 68.0 80.0 93.0 105.0 118.0 130.0 142.0 154.0 165.0 177.0 189.0 201.0 212.0 223.0 234.0 245.0 255.0 266.0 276.0 287.0 297.0 307.0 126.0 1780799525.576934
292.0 294.0 292.0 290.0 288.0 285.0 283.0 279.0 277.0 273.0 271.0 266.0 263.0 258.0 254.0 249.0 244.0 238.0 232.0 226.0 220.0 213.0 206.0 199.0 192.0 16.0 42.0 54.0 67.0 79.0 91.0 104.0 116.0 128.0 140.0 152.0 164.0 175.0 186.0 198.0 209.0 221.0 232.0 243.0 253.0 264.0 274.0 285.0 296.0 306.0 127.0 1780799525.592309
292.0 293.0 292.0 289.0 286.0 283.0 279.0 275.0 272.0 268.0 264.0 260.0 255.0 251.0 245.0 240.0 235.0 229.0 224.0 218.0 212.0 206.0 199.0 193.0 186.0 16.0 41.0 54.0 66.0 78.0 91.0 102.0 114.0 126.0 138.0 150.0 161.0 173.0 184.0 196.0 207.0 218.0 229.0 240.0 251.0 262.0 273.0 283.0 294.0 305.0 128.0 1780799525.612994
292.0 293.0 291.0 287.0 283.0 280.0 275.0 271.0 266.0 262.0 257.0 252.0 247.0 242.0 237.0 232.0 226.0 221.0 215.0 210.0 204.0 198.0 193.0 186.0 181.0 16.0 41.0 54.0 66.0 78.0 90.0 102.0 114.0 126.0 137.0 149.0 160.0 172.0 183.0 194.0 206.0 217.0 229.0 240.0 251.0 263.0 273.0 285.0 296.0 307.0 129.0 1780799525.633629
292.0 292.0 289.0 286.0 282.0 277.0 272.0 267.0 262.0 257.0 252.0 246.0 241.0 236.0 230.0 225.0 220.0 215.0 210.0 205.0 199.0 194.0 189.0 184.0 178.0 16.0 41.0 54.0 66.0 78.0 89.0 100.0 112.0 124.0 135.0 146.0 158.0 170.0 181.0 192.0 203.0 214.0 226.0 237.0 249.0 261.0 272.0 283.0 295.0 306.0 130.0 1780799525.654165
292.0 292.0 289.0 285.0 280.0 275.0 269.0 264.0 259.0 253.0 248.0 242.0 237.0 232.0 226.0 221.0 216.0 211.0 206.0 201.0 197.0 192.0 186.0 182.0 177.0 16.0 41.0 53.0 65.0 77.0 89.0 100.0 112.0 123.0 134.0 145.0 157.0 168.0 179.0 191.0 202.0 214.0 226.0 237.0 249.0 260.0 272.0 284.0 295.0 307.0 131.0 1780799525.669676
292.0 292.0 289.0 285.0 280.0 275.0 269.0 264.0 258.0 252.0 247.0 241.0 236.0 230.0 225.0 220.0 215.0 210.0 205.0 200.0 196.0 191.0 186.0 182.0 177.0 16.0 41.0 53.0 65.0 77.0 88.0 100.0 111.0 123.0 134.0 145.0 157.0 168.0 179.0 191.0 202.0 214.0 226.0 237.0 249.0 261.0 272.0 284.0 296.0 307.0 132.0 1780799525.690264
292.0 292.0 289.0 284.0 280.0 275.0 269.0 264.0 258.0 253.0 247.0 242.0 236.0 231.0 225.0 220.0 215.0 210.0 206.0 201.0 196.0 191.0 187.0 182.0 177.0 16.0 41.0 53.0 65.0 77.0 89.0 100.0 111.0 123.0 134.0 145.0 157.0 168.0 179.0 191.0 202.0 214.0 226.0 237.0 249.0 260.0 272.0 284.0 296.0 307.0 133.0 1780799525.710815
292.0 292.0 289.0 285.0 281.0 276.0 271.0 266.0 261.0 256.0 251.0 245.0 241.0 235.0 230.0 225.0 220.0 215.0 209.0 204.0 200.0 195.0 189.0 184.0 179.0 16.0 41.0 54.0 66.0 78.0 89.0 100.0 112.0 124.0 135.0 147.0 158.0 170.0 181.0 192.0 204.0 215.0 227.0 238.0 250.0 261.0 273.0 284.0 296.0 307.0 134.0 1780799525.731488
292.0 293.0 289.0 286.0 282.0 279.0 275.0 271.0 266.0 261.0 257.0 252.0 247.0 242.0 237.0 232.0 227.0 221.0 216.0 211.0 205.0 200.0 194.0 189.0 184.0 16.0 41.0 54.0 66.0 78.0 89.0 101.0 114.0 125.0 136.0 148.0 159.0 171.0 183.0 194.0 205.0 217.0 228.0 240.0 251.0 262.0 273.0 285.0 296.0 308.0 135.0 1780799525.752395
292.0 293.0 290.0 288.0 285.0 282.0 278.0 275.0 271.0 267.0 264.0 259.0 255.0 250.0 246.0 241.0 236.0 230.0 225.0 219.0 214.0 207.0 202.0 196.0 190.0 16.0 41.0 54.0 66.0 78.0 90.0 103.0 115.0 126.0 138.0 150.0 162.0 173.0 185.0 197.0 208.0 219.0 230.0 241.0 252.0 264.0 275.0 285.0 296.0 308.0 136.0 1780799525.772847
292.0 293.0 291.0 290.0 287.0 285.0 282.0 280.0 277.0 274.0 272.0 268.0 264.0 259.0 255.0 251.0 246.0 241.0 235.0 230.0 224.0 217.0 211.0 205.0 198.0 16.0 41.0 54.0 66.0 79.0 91.0 103.0 116.0 128.0 140.0 152.0 164.0 176.0 187.0 199.0 210.0 222.0 233.0 244.0 255.0 266.0 277.0 288.0 298.0 309.0 137.0 1780799525.793661
292.0 294.0 293.0 291.0 289.0 288.0 287.0 285.0 283.0 280.0 278.0 275.0 272.0 269.0 265.0 261.0 256.0 252.0 247.0 241.0 235.0 229.0 223.0 216.0 209.0 16.0 41.0 54.0 67.0 79.0 92.0 105.0 117.0 130.0 142.0 155.0 166.0 178.0 190.0 202.0 214.0 225.0 237.0 248.0 259.0 270.0 280.0 291.0 302.0 312.0 138.0 1780799525.813882
292.0 294.0 293.0 292.0 291.0 291.0 290.0 289.0 287.0 286.0 285.0 283.0 280.0 278.0 275.0 271.0 268.0 263.0 259.0 253.0 249.0 243.0 237.0 232.0 226.0 16.0 42.0 54.0 67.0 80.0 93.0 106.0 119.0 131.0 144.0 156.0 169.0 181.0 193.0 205.0 217.0 229.0 240.0 251.0 262.0 273.0 285.0 295.0 306.0 317.0 139.0 1780799525.829449
292.0 294.0 294.0 294.0 292.0 293.0 292.0 291.0 291.0 290.0 289.0 288.0 286.0 284.0 282.0 279.0 277.0 273.0 269.0 265.0 261.0 257.0 252.0 247.0 241.0 16.0 42.0 55.0 68.0 81.0 94.0 107.0 120.0 133.0 146.0 158.0 171.0 184.0 196.0 208.0 220.0 232.0 244.0 256.0 267.0 278.0 290.0 301.0 312.0 323.0 140.0 1780799525.844774
292.0 295.0 295.0 294.0 294.0 295.0 294.0 294.0 294.0 294.0 292.0 292.0 292.0 290.0 288.0 287.0 285.0 283.0 280.0 277.0 274.0 271.0 268.0 264.0 260.0 16.0 42.0 55.0 68.0 81.0 94.0 106.0 119.0 132.0 145.0 158.0 170.0 183.0 196.0 208.0 220.0 233.0 245.0 257.0 269.0 281.0 292.0 304.0 316.0 326.0 141.0 1780799525.860290
292.0 294.0 295.0 294.0 294.0 295.0 295.0 295.0 296.0 295.0 296.0 296.0 295.0 295.0 294.0 294.0 293.0 291.0 290.0 289.0 288.0 286.0 284.0 282.0 280.0 16.0 41.0 54.0 67.0 79.0 92.0 105.0 118.0 130.0 143.0 155.0 168.0 181.0 194.0 206.0 218.0 231.0 243.0 255.0 268.0 280.0 292.0 305.0 316.0 328.0 142.0 1780799525.875993
292.0 295.0 294.0 294.0 295.0 295.0 295.0 297.0 297.0 298.0 298.0 298.0 299.0 299.0 300.0 300.0 301.0 300.0 300.0 301.0 301.0 301.0 301.0 301.0 300.0 16.0 42.0 54.0 68.0 80.0 93.0 106.0 119.0 131.0 144.0 157.0 170.0 182.0 195.0 208.0 220.0 232.0 244.0 257.0 269.0 281.0 294.0 306.0 319.0 331.0 143.0 1780799525.891332
292.0 295.0 295.0 294.0 295.0 296.0 297.0 297.0 298.0 299.0 300.0 301.0 303.0 304.0 304.0 306.0 307.0 309.0 310.0 312.0 314.0 315.0 317.0 319.0 320.0 16.0 42.0 55.0 68.0 81.0 94.0 106.0 119.0 132.0 145.0 157.0 170.0 183.0 195.0 208.0 220.0 232.0 244.0 257.0 269.0 281.0 293.0 305.0 317.0 329.0 144.0 1780799525.906693
292.0 295.0 295.0 295.0 296.0 296.0 297.0 298.0 299.0 301.0 302.0 304.0 306.0 308.0 310.0 312.0 315.0 318.0 320.0 324.0 327.0 330.0 334.0 337.0 339.0 16.0 42.0 56.0 69.0 82.0 94.0 107.0 120.0 133.0 145.0 158.0 171.0 183.0 196.0 208.0 220.0 232.0 244.0 256.0 268.0 280.0 292.0 303.0 315.0 327.0 145.0 1780799525.922213
292.0 294.0 294.0 296.0 296.0 297.0 298.0 300.0 301.0 303.0 305.0 307.0 309.0 312.0 315.0 319.0 322.0 326.0 330.0 335.0 339.0 343.0 348.0 352.0 357.0 16.0 43.0 56.0 69.0 82.0 95.0 108.0 121.0 133.0 146.0 158.0 171.0 183.0 195.0 207.0 219.0 231.0 242.0 254.0 265.0 277.0 288.0 299.0 311.0 322.0 146.0 1780799525.942699
292.0 295.0 295.0 296.0 296.0 299.0 300.0 301.0 303.0 306.0 308.0 311.0 314.0 318.0 321.0 326.0 330.0 335.0 340.0 346.0 351.0 356.0 362.0 368.0 373.0 16.0 43.0 57.0 70.0 83.0 95.0 108.0 120.0 133.0 145.0 157.0 169.0 181.0 193.0 204.0 216.0 228.0 239.0 250.0 261.0 272.0 283.0 294.0 305.0 315.0 147.0 1780799525.963330
292.0 295.0 296.0 297.0 298.0 300.0 302.0 305.0 307.0 310.0 313.0 316.0 320.0 324.0 329.0 334.0 339.0 344.0 351.0 357.0 363.0 369.0 375.0 382.0 388.0 16.0 43.0 56.0 69.0 82.0 94.0 107.0 119.0 131.0 143.0 156.0 168.0 180.0 191.0 202.0 214.0 225.0 236.0 247.0 258.0 269.0 279.0 290.0 301.0 312.0 148.0 1780799525.978798
292.0 295.0 297.0 299.0 299.0 302.0 305.0 307.0 311.0 314.0 318.0 322.0 326.0 331.0 336.0 340.0 346.0 352.0 358.0 365.0 372.0 378.0 385.0 391.0 398.0 16.0 42.0 55.0 68.0 80.0 93.0 105.0 118.0 129.0 141.0 153.0 165.0 177.0 188.0 199.0 210.0 221.0 233.0 244.0 254.0 265.0 275.0 286.0 297.0 307.0 149.0 1780799525.999408
292.0 296.0 298.0 300.0 302.0 305.0 308.0 311.0 315.0 319.0 323.0 328.0 332.0 337.0 343.0 348.0 354.0 360.0 366.0 373.0 380.0 387.0 393.0 400.0 406.0 16.0 42.0 54.0 67.0 80.0 92.0 104.0 116.0 128.0 140.0 152.0 163.0 174.0 186.0 197.0 208.0 219.0 230.0 241.0 252.0 263.0 273.0 284.0 295.0 306.0 150.0 1780799526.014862
292.0 296.0 298.0 301.0 304.0 307.0 311.0 315.0 320.0 323.0 329.0 333.0 339.0 344.0 349.0 355.0 361.0 367.0 373.0 379.0 386.0 392.0 399.0 405.0 411.0 16.0 41.0 54.0 66.0 79.0 91.0 103.0 115.0 126.0 138.0 150.0 161.0 173.0 184.0 196.0 207.0 218.0 229.0 240.0 250.0 262.0 272.0 283.0 294.0 305.0 151.0 1780799526.035501
292.0 297.0 299.0 302.0 306.0 309.0 314.0 318.0 324.0 328.0 334.0 339.0 344.0 350.0 355.0 361.0 367.0 372.0 379.0 385.0 390.0 397.0 402.0 409.0 414.0 16.0 41.0 54.0 66.0 78.0 91.0 102.0 114.0 125.0 137.0 148.0 160.0 171.0 183.0 194.0 205.0 216.0 227.0 238.0 249.0 261.0 272.0 283.0 294.0 305.0 152.0 1780799526.056123
292.0 298.0 299.0 303.0 307.0 311.0 316.0 321.0 326.0 332.0 337.0 343.0 348.0 354.0 360.0 365.0 371.0 376.0 382.0 387.0 393.0 398.0 403.0 408.0 413.0 16.0 41.0 54.0 66.0 78.0 90.0 101.0 112.0 124.0 135.0 147.0 158.0 169.0 180.0 191.0 202.0 214.0 225.0 237.0 248.0 259.0 270.0 282.0 293.0 305.0 153.0 1780799526.082045
292.0 298.0 299.0 303.0 307.0 312.0 317.0 322.0 328.0 333.0 339.0 345.0 350.0 356.0 362.0 367.0 373.0 378.0 383.0 388.0 393.0 398.0 402.0 407.0 412.0 16.0 41.0 54.0 66.0 78.0 89.0 101.0 112.0 124.0 135.0 146.0 158.0 169.0 180.0 191.0 203.0 214.0 225.0 237.0 248.0 260.0 272.0 283.0 295.0 307.0 154.0 1780799526.107629
292.0 297.0 299.0 303.0 307.0 312.0 316.0 322.0 327.0 333.0 338.0 344.0 349.0 355.0 361.0 366.0 372.0 377.0 382.0 386.0 391.0 396.0 400.0 405.0 409.0 16.0 41.0 54.0 66.0 78.0 90.0 101.0 112.0 124.0 135.0 147.0 158.0 169.0 180.0 191.0 203.0 214.0 226.0 238.0 249.0 261.0 272.0 284.0 296.0 308.0 155.0 1780799526.122994
292.0 297.0 300.0 302.0 306.0 311.0 315.0 320.0 326.0 331.0 336.0 342.0 347.0 353.0 357.0 363.0 368.0 373.0 378.0 382.0 387.0 392.0 396.0 400.0 404.0 16.0 41.0 54.0 66.0 78.0 90.0 102.0 113.0 125.0 137.0 148.0 159.0 171.0 182.0 194.0 205.0 217.0 228.0 240.0 252.0 264.0 275.0 287.0 299.0 311.0 156.0 1780799526.143706
292.0 297.0 299.0 302.0 305.0 309.0 313.0 318.0 322.0 327.0 332.0 337.0 341.0 346.0 351.0 357.0 362.0 366.0 371.0 376.0 380.0 385.0 389.0 394.0 399.0 16.0 41.0 54.0 66.0 79.0 91.0 103.0 115.0 126.0 138.0 150.0 161.0 173.0 185.0 196.0 208.0 219.0 231.0 243.0 254.0 266.0 278.0 290.0 302.0 313.0 157.0 1780799526.164223
292.0 296.0 298.0 300.0 303.0 307.0 310.0 314.0 317.0 321.0 326.0 330.0 334.0 338.0 343.0 348.0 352.0 357.0 361.0 366.0 371.0 376.0 381.0 386.0 391.0 16.0 41.0 54.0 67.0 79.0 91.0 103.0 116.0 128.0 139.0 151.0 164.0 176.0 187.0 199.0 210.0 222.0 234.0 245.0 257.0 269.0 280.0 292.0 303.0 314.0 158.0 1780799526.184856
292.0 296.0 297.0 299.0 301.0 304.0 307.0 309.0 312.0 315.0 318.0 321.0 325.0 329.0 333.0 337.0 342.0 347.0 351.0 356.0 361.0 365.0 370.0 376.0 380.0 16.0 42.0 54.0 67.0 80.0 92.0 105.0 117.0 129.0 141.0 154.0 166.0 178.0 189.0 201.0 213.0 225.0 236.0 248.0 259.0 271.0 282.0 294.0 305.0 316.0 159.0 1780799526.205691
292.0 296.0 296.0 298.0 298.0 300.0 302.0 304.0 306.0 308.0 311.0 313.0 316.0 320.0 322.0 327.0 331.0 335.0 339.0 343.0 348.0 353.0 357.0 362.0 367.0 16.0 42.0 54.0 68.0 81.0 93.0 106.0 118.0 131.0 143.0 156.0 168.0 180.0 192.0 204.0 216.0 227.0 239.0 251.0 262.0 274.0 285.0 297.0 308.0 320.0 160.0 1780799526.226116
292.0 295.0 296.0 295.0 296.0 297.0 298.0 299.0 300.0 302.0 303.0 306.0 307.0 310.0 312.0 316.0 319.0 323.0 326.0 330.0 334.0 338.0 342.0 346.0 350.0 16.0 41.0 54.0 67.0 80.0 93.0 106.0 119.0 131.0 144.0 157.0 169.0 181.0 194.0 206.0 218.0 230.0 242.0 254.0 265.0 277.0 288.0 300.0 312.0 323.0 161.0 1780799526.241723
292.0 294.0 294.0 294.0 294.0 294.0 295.0 295.0 295.0 297.0 298.0 299.0 300.0 302.0 304.0 306.0 310.0 312.0 315.0 317.0 321.0 325.0 327.0 331.0 334.0 16.0 43.0 56.0 68.0 81.0 94.0 107.0 120.0 133.0 146.0 158.0 171.0 183.0 196.0 208.0 220.0 232.0 244.0 256.0 268.0 280.0 291.0 303.0 315.0 326.0 162.0 1780799526.257291
292.0 295.0 294.0 293.0 293.0 293.0 293.0 292.0 293.0 292.0 293.0 294.0 295.0 296.0 297.0 298.0 300.0 302.0 304.0 305.0 307.0 310.0 311.0 314.0 317.0 16.0 43.0 55.0 68.0 81.0 94.0 106.0 119.0 131.0 144.0 157.0 169.0 182.0 194.0 207.0 220.0 231.0 244.0 256.0 269.0 280.0 292.0 305.0 317.0 328.0 163.0 1780799526.272523
292.0 295.0 294.0 293.0 292.0 291.0 291.0 291.0 291.0 290.0 290.0 290.0 290.0 290.0 290.0 291.0 292.0 292.0 293.0 294.0 295.0 296.0 296.0 297.0 298.0 16.0 43.0 55.0 68.0 80.0 93.0 106.0 118.0 131.0 143.0 156.0 168.0 181.0 193.0 206.0 218.0 231.0 243.0 255.0 268.0 280.0 293.0 305.0 317.0 329.0 164.0 1780799526.288101
292.0 294.0 293.0 293.0 292.0 291.0 291.0 290.0 289.0 289.0 287.0 286.0 286.0 285.0 284.0 284.0 284.0 282.0 283.0 282.0 282.0 281.0 280.0 280.0 279.0 16.0 43.0 56.0 69.0 81.0 93.0 106.0 118.0 131.0 144.0 157.0 169.0 182.0 194.0 206.0 219.0 231.0 243.0 256.0 269.0 281.0 293.0 305.0 318.0 330.0 165.0 1780799526.303641
292.0 294.0 294.0 293.0 292.0 291.0 290.0 289.0 288.0 286.0 285.0 284.0 282.0 281.0 279.0 277.0 276.0 274.0 272.0 270.0 268.0 267.0 265.0 262.0 260.0 16.0 42.0 55.0 68.0 81.0 94.0 107.0 119.0 132.0 145.0 157.0 170.0 182.0 195.0 207.0 220.0 232.0 244.0 257.0 268.0 281.0 293.0 305.0 317.0 329.0 166.0 1780799526.318851
292.0 295.0 294.0 293.0 291.0 290.0 289.0 287.0 286.0 285.0 282.0 281.0 278.0 277.0 274.0 272.0 270.0 266.0 263.0 260.0 257.0 254.0 250.0 247.0 243.0 16.0 43.0 56.0 69.0 81.0 94.0 107.0 119.0 132.0 145.0 157.0 169.0 182.0 194.0 206.0 218.0 230.0 242.0 254.0 266.0 277.0 290.0 301.0 313.0 324.0 167.0 1780799526.339417
292.0 295.0 293.0 293.0 291.0 289.0 288.0 286.0 285.0 282.0 280.0 278.0 275.0 272.0 269.0 265.0 262.0 258.0 254.0 250.0 245.0 241.0 236.0 231.0 226.0 16.0 43.0 56.0 68.0 81.0 93.0 106.0 118.0 131.0 143.0 156.0 168.0 180.0 192.0 204.0 216.0 227.0 239.0 250.0 261.0 273.0 284.0 295.0 306.0 318.0 168.0 1780799526.354855
292.0 294.0 293.0 292.0 290.0 288.0 287.0 284.0 282.0 280.0 277.0 274.0 271.0 268.0 264.0 260.0 256.0 251.0 246.0 241.0 236.0 229.0 224.0 217.0 212.0 16.0 42.0 55.0 68.0 80.0 93.0 105.0 118.0 130.0 142.0 155.0 167.0 178.0 190.0 201.0 213.0 225.0 236.0 247.0 258.0 269.0 280.0 290.0 301.0 312.0 169.0 1780799526.375471
292.0 295.0 293.0 291.0 289.0 287.0 285.0 282.0 280.0 278.0 274.0 271.0 267.0 263.0 259.0 254.0 250.0 244.0 238.0 232.0 226.0 219.0 213.0 205.0 199.0 16.0 40.0 53.0 65.0 78.0 90.0 103.0 115.0 127.0 139.0 151.0 163.0 175.0 186.0 198.0 210.0 221.0 232.0 243.0 253.0 264.0 275.0 285.0 296.0 306.0 170.0 1780799526.396228
292.0 294.0 292.0 290.0 288.0 285.0 283.0 279.0 276.0 273.0 270.0 266.0 262.0 257.0 253.0 248.0 242.0 237.0 231.0 224.0 218.0 210.0 203.0 196.0 188.0 16.0 40.0 53.0 66.0 78.0 90.0 102.0 114.0 126.0 138.0 150.0 162.0 173.0 184.0 196.0 207.0 218.0 229.0 240.0 250.0 261.0 271.0 282.0 292.0 302.0 171.0 1780799526.411731
292.0 294.0 291.0 289.0 287.0 284.0 281.0 277.0 273.0 270.0 266.0 261.0 256.0 252.0 247.0 241.0 235.0 230.0 223.0 216.0 209.0 202.0 195.0 187.0 180.0 16.0 41.0 53.0 66.0 78.0 90.0 103.0 115.0 126.0 138.0 150.0 162.0 173.0 184.0 196.0 207.0 218.0 229.0 239.0 250.0 261.0 271.0 282.0 292.0 302.0 172.0 1780799526.432511
292.0 293.0 291.0 288.0 285.0 282.0 278.0 274.0 270.0 266.0 261.0 257.0 252.0 246.0 241.0 236.0 230.0 224.0 217.0 211.0 204.0 197.0 190.0 182.0 176.0 16.0 41.0 54.0 66.0 78.0 90.0 102.0 114.0 126.0 137.0 149.0 160.0 171.0 183.0 194.0 205.0 216.0 227.0 238.0 249.0 259.0 269.0 280.0 291.0 302.0 173.0 1780799526.452789
292.0 293.0 290.0 287.0 284.0 280.0 276.0 272.0 267.0 262.0 258.0 253.0 247.0 242.0 236.0 231.0 225.0 219.0 213.0 207.0 201.0 194.0 188.0 181.0 175.0 16.0 41.0 53.0 66.0 78.0 90.0 101.0 113.0 125.0 136.0 147.0 159.0 170.0 181.0 192.0 204.0 215.0 225.0 237.0 248.0 259.0 269.0 280.0 291.0 302.0 174.0 1780799526.473465
292.0 292.0 290.0 286.0 283.0 279.0 274.0 270.0 265.0 260.0 255.0 250.0 245.0 240.0 234.0 228.0 223.0 217.0 211.0 206.0 200.0 194.0 188.0 182.0 176.0 16.0 41.0 53.0 66.0 77.0 89.0 101.0 113.0 124.0 136.0 147.0 158.0 170.0 181.0 192.0 203.0 214.0 225.0 237.0 248.0 259.0 270.0 281.0 292.0 303.0 175.0 1780799526.494116
292.0 293.0 290.0 286.0 282.0 278.0 274.0 268.0 264.0 259.0 254.0 249.0 243.0 238.0 233.0 228.0 222.0 217.0 211.0 206.0 200.0 194.0 189.0 183.0 178.0 16.0 41.0 53.0 66.0 77.0 89.0 101.0 112.0 124.0 135.0 147.0 158.0 170.0 181.0 192.0 204.0 215.0 226.0 238.0 249.0 260.0 271.0 282.0 294.0 305.0 176.0 1780799526.514572
292.0 292.0 290.0 286.0 282.0 278.0 273.0 268.0 264.0 258.0 253.0 249.0 244.0 239.0 234.0 229.0 223.0 219.0 214.0 209.0 203.0 198.0 193.0 188.0 182.0 16.0 41.0 54.0 66.0 78.0 90.0 101.0 113.0 124.0 136.0 147.0 159.0 170.0 182.0 193.0 205.0 216.0 228.0 239.0 251.0 262.0 274.0 285.0 297.0 308.0 177.0 1780799526.535254
292.0 292.0 290.0 286.0 283.0 278.0 274.0 270.0 265.0 261.0 256.0 251.0 247.0 242.0 237.0 232.0 228.0 223.0 219.0 214.0 209.0 205.0 199.0 195.0 190.0 16.0 41.0 54.0 66.0 78.0 90.0 101.0 113.0 125.0 137.0 148.0 160.0 172.0 183.0 195.0 207.0 218.0 230.0 242.0 254.0 265.0 276.0 288.0 300.0 312.0 178.0 1780799526.555952
292.0 293.0 290.0 287.0 284.0 280.0 276.0 272.0 269.0 265.0 260.0 256.0 252.0 247.0 243.0 239.0 234.0 230.0 226.0 222.0 217.0 213.0 208.0 204.0 199.0 16.0 41.0 54.0 66.0 78.0 90.0 102.0 114.0 126.0 138.0 150.0 161.0 173.0 185.0 197.0 208.0 220.0 232.0 244.0 256.0 268.0 279.0 291.0 302.0 314.0 179.0 1780799526.576534
292.0 293.0 290.0 288.0 285.0 283.0 280.0 277.0 273.0 270.0 266.0 263.0 258.0 255.0 251.0 247.0 243.0 239.0 235.0 231.0 226.0 222.0 218.0 214.0 210.0 16.0 42.0 54.0 66.0 79.0 91.0 103.0 116.0 128.0 139.0 152.0 164.0 176.0 188.0 199.0 211.0 223.0 235.0 247.0 259.0 271.0 282.0 294.0 306.0 317.0 180.0 1780799526.597064
292.0 294.0 292.0 290.0 287.0 286.0 283.0 281.0 278.0 275.0 272.0 270.0 267.0 264.0 261.0 257.0 254.0 250.0 246.0 242.0 238.0 234.0 230.0 226.0 222.0 16.0 41.0 54.0 67.0 79.0 92.0 104.0 117.0 129.0 141.0 153.0 166.0 178.0 190.0 202.0 214.0 226.0 238.0 250.0 262.0 274.0 285.0 297.0 309.0 321.0 181.0 1780799526.628031
292.0 294.0 292.0 291.0 290.0 289.0 287.0 286.0 285.0 283.0 280.0 279.0 276.0 275.0 272.0 270.0 266.0 263.0 260.0 257.0 254.0 250.0 246.0 242.0 238.0 16.0 42.0 54.0 67.0 79.0 92.0 105.0 118.0 130.0 143.0 155.0 168.0 180.0 193.0 205.0 217.0 229.0 241.0 253.0 264.0 276.0 288.0 299.0 311.0 323.0 182.0 1780799526.648608
292.0 294.0 294.0 292.0 292.0 293.0 292.0 291.0 291.0 290.0 289.0 288.0 287.0 286.0 284.0 283.0 281.0 278.0 276.0 274.0 271.0 268.0 265.0 262.0 259.0 16.0 42.0 55.0 67.0 80.0 93.0 106.0 118.0 131.0 143.0 156.0 168.0 181.0 194.0 206.0 218.0 230.0 243.0 255.0 267.0 279.0 291.0 302.0 314.0 326.0 183.0 1780799526.664299
292.0 294.0 294.0 294.0 294.0 295.0 295.0 295.0 295.0 295.0 295.0 295.0 295.0 295.0 294.0 293.0 292.0 291.0 289.0 288.0 286.0 284.0 282.0 280.0 277.0 16.0 41.0 54.0 67.0 80.0 92.0 105.0 117.0 130.0 143.0 155.0 168.0 180.0 193.0 205.0 218.0 231.0 243.0 256.0 268.0 280.0 292.0 305.0 317.0 329.0 184.0 1780799526.679610
292.0 295.0 295.0 295.0 295.0 297.0 297.0 299.0 298.0 299.0 300.0 300.0 301.0 302.0 302.0 301.0 302.0 302.0 301.0 300.0 300.0 299.0 297.0 297.0 295.0 16.0 41.0 54.0 67.0 79.0 92.0 104.0 117.0 130.0 142.0 155.0 167.0 179.0 192.0 204.0 217.0 229.0 242.0 255.0 267.0 280.0 292.0 305.0 317.0 330.0 185.0 1780799526.695175
292.0 295.0 296.0 296.0 297.0 299.0 299.0 301.0 302.0 303.0 305.0 305.0 307.0 308.0 308.0 309.0 310.0 310.0 311.0 312.0 312.0 313.0 313.0 313.0 313.0 16.0 42.0 54.0 67.0 80.0 92.0 105.0 117.0 129.0 142.0 154.0 167.0 179.0 191.0 204.0 217.0 229.0 242.0 254.0 266.0 279.0 291.0 304.0 316.0 329.0 186.0 1780799526.710624
292.0 295.0 296.0 297.0 299.0 300.0 301.0 303.0 304.0 306.0 308.0 310.0 311.0 313.0 314.0 316.0 318.0 319.0 321.0 322.0 324.0 326.0 327.0 329.0 330.0 16.0 42.0 54.0 67.0 80.0 92.0 105.0 117.0 129.0 142.0 154.0 166.0 179.0 191.0 204.0 216.0 228.0 240.0 252.0 265.0 277.0 290.0 302.0 314.0 326.0 187.0 1780799526.725863
292.0 296.0 297.0 297.0 299.0 300.0 302.0 304.0 306.0 308.0 311.0 313.0 315.0 318.0 320.0 322.0 325.0 328.0 331.0 334.0 336.0 339.0 342.0 344.0 347.0 16.0 42.0 55.0 67.0 80.0 93.0 106.0 118.0 131.0 143.0 155.0 168.0 180.0 192.0 204.0 217.0 229.0 241.0 253.0 265.0 278.0 289.0 301.0 314.0 326.0 188.0 1780799526.746656
292.0 296.0 296.0 298.0 299.0 302.0 303.0 306.0 309.0 311.0 314.0 316.0 320.0 323.0 326.0 330.0 334.0 338.0 342.0 345.0 349.0 354.0 357.0 361.0 364.0 16.0 42.0 55.0 68.0 81.0 94.0 106.0 118.0 131.0 143.0 156.0 168.0 180.0 193.0 205.0 217.0 228.0 241.0 253.0 264.0 276.0 288.0 300.0 311.0 323.0 189.0 1780799526.761941
292.0 296.0 297.0 298.0 300.0 303.0 304.0 307.0 310.0 313.0 316.0 319.0 324.0 327.0 331.0 336.0 340.0 345.0 350.0 354.0 359.0 364.0 368.0 374.0 378.0 16.0 43.0 56.0 68.0 81.0 94.0 107.0 119.0 131.0 143.0 156.0 167.0 179.0 191.0 203.0 214.0 226.0 237.0 249.0 260.0 272.0 283.0 294.0 306.0 317.0 190.0 1780799526.787748
292.0 296.0 298.0 299.0 301.0 303.0 306.0 309.0 312.0 316.0 319.0 323.0 328.0 332.0 337.0 342.0 347.0 352.0 358.0 363.0 369.0 375.0 380.0 386.0 392.0 16.0 42.0 55.0 68.0 81.0 93.0 106.0 118.0 130.0 142.0 154.0 166.0 178.0 189.0 201.0 212.0 223.0 235.0 246.0 257.0 269.0 279.0 291.0 302.0 313.0 191.0 1780799526.808231
292.0 296.0 297.0 299.0 302.0 305.0 307.0 310.0 314.0 318.0 322.0 327.0 331.0 336.0 341.0 346.0 353.0 358.0 364.0 370.0 376.0 383.0 389.0 395.0 401.0 16.0 42.0 55.0 68.0 80.0 93.0 105.0 117.0 129.0 141.0 153.0 165.0 176.0 188.0 199.0 210.0 221.0 233.0 243.0 255.0 266.0 277.0 287.0 298.0 309.0 192.0 1780799526.834077
292.0 296.0 298.0 300.0 303.0 306.0 309.0 313.0 317.0 322.0 326.0 330.0 335.0 340.0 346.0 352.0 358.0 364.0 370.0 377.0 383.0 390.0 397.0 403.0 410.0 16.0 42.0 55.0 67.0 79.0 91.0 103.0 115.0 128.0 139.0 151.0 162.0 174.0 185.0 196.0 207.0 218.0 229.0 240.0 251.0 262.0 273.0 283.0 294.0 305.0 193.0 1780799526.860081
292.0 296.0 298.0 301.0 304.0 307.0 311.0 315.0 320.0 325.0 329.0 335.0 340.0 345.0 351.0 357.0 363.0 369.0 375.0 381.0 388.0 394.0 401.0 407.0 414.0 16.0 41.0 54.0 66.0 79.0 91.0 102.0 114.0 126.0 138.0 150.0 161.0 172.0 183.0 194.0 206.0 217.0 228.0 239.0 250.0 260.0 271.0 282.0 293.0 304.0 194.0 1780799526.890838
292.0 296.0 298.0 301.0 305.0 308.0 312.0 317.0 321.0 326.0 331.0 337.0 342.0 347.0 353.0 359.0 364.0 370.0 376.0 382.0 388.0 395.0 401.0 407.0 412.0 16.0 41.0 54.0 66.0 78.0 90.0 102.0 114.0 126.0 137.0 149.0 160.0 171.0 183.0 194.0 205.0 216.0 227.0 238.0 250.0 261.0 272.0 283.0 294.0 305.0 195.0 1780799526.911445
292.0 297.0 299.0 301.0 305.0 309.0 313.0 318.0 322.0 327.0 332.0 337.0 342.0 348.0 354.0 359.0 365.0 370.0 376.0 382.0 387.0 393.0 398.0 404.0 409.0 16.0 41.0 54.0 66.0 78.0 90.0 102.0 114.0 126.0 138.0 149.0 160.0 172.0 183.0 195.0 206.0 217.0 229.0 240.0 251.0 263.0 274.0 285.0 296.0 308.0 196.0 1780799526.931966
292.0 297.0 299.0 301.0 305.0 309.0 313.0 317.0 322.0 326.0 332.0 337.0 342.0 347.0 352.0 357.0 362.0 367.0 373.0 378.0 383.0 387.0 392.0 397.0 402.0 16.0 41.0 54.0 67.0 79.0 91.0 103.0 115.0 126.0 138.0 150.0 161.0 173.0 185.0 196.0 207.0 219.0 231.0 242.0 254.0 266.0 277.0 289.0 300.0 312.0 197.0 1780799526.952701
292.0 296.0 298.0 301.0 304.0 308.0 312.0 316.0 321.0 325.0 329.0 334.0 338.0 343.0 347.0 353.0 357.0 362.0 366.0 371.0 375.0 380.0 384.0 389.0 392.0 16.0 41.0 54.0 67.0 79.0 91.0 103.0 115.0 127.0 139.0 150.0 162.0 174.0 186.0 198.0 209.0 221.0 232.0 244.0 256.0 268.0 279.0 291.0 303.0 316.0 198.0 1780799526.973169
292.0 297.0 298.0 301.0 303.0 307.0 310.0 314.0 318.0 321.0 325.0 329.0 333.0 337.0 341.0 345.0 349.0 354.0 358.0 361.0 366.0 369.0 374.0 377.0 380.0 16.0 41.0 54.0 66.0 79.0 91.0 103.0 115.0 127.0 139.0 151.0 163.0 175.0 187.0 199.0 211.0 222.0 234.0 246.0 257.0 269.0 281.0 293.0 305.0 318.0 199.0 1780799526.993736
292.0 297.0 298.0 299.0 302.0 305.0 307.0 310.0 314.0 316.0 320.0 323.0 327.0 329.0 334.0 337.0 341.0 344.0 348.0 351.0 354.0 358.0 362.0 365.0 368.0 16.0 41.0 54.0 67.0 79.0 91.0 104.0 116.0 128.0 141.0 153.0 165.0 177.0 189.0 201.0 213.0 225.0 236.0 249.0 261.0 273.0 285.0 297.0 309.0 321.0 200.0 1780799527.014407
292.0 296.0 297.0 298.0 300.0 303.0 304.0 306.0 308.0 311.0 314.0 316.0 319.0 321.0 324.0 328.0 330.0 333.0 336.0 339.0 342.0 346.0 348.0 351.0 353.0 16.0 41.0 54.0 67.0 80.0 92.0 105.0 117.0 130.0 142.0 154.0 167.0 179.0 191.0 203.0 215.0 228.0 240.0 252.0 264.0 276.0 288.0 300.0 312.0 325.0 201.0 1780799527.029791
292.0 296.0 297.0 297.0 298.0 300.0 300.0 302.0 304.0 306.0 308.0 309.0 311.0 314.0 316.0 318.0 320.0 323.0 325.0 328.0 330.0 333.0 336.0 338.0 340.0 16.0 42.0 54.0 67.0 80.0 93.0 105.0 118.0 130.0 143.0 155.0 168.0 180.0 193.0 205.0 217.0 229.0 242.0 254.0 266.0 278.0 291.0 303.0 315.0 328.0 202.0 1780799527.050445
292.0 295.0 296.0 295.0 296.0 297.0 297.0 298.0 299.0 299.0 301.0 302.0 303.0 304.0 306.0 307.0 309.0 311.0 313.0 315.0 317.0 319.0 320.0 322.0 323.0 16.0 41.0 54.0 67.0 80.0 92.0 105.0 118.0 130.0 143.0 156.0 168.0 181.0 193.0 205.0 218.0 230.0 243.0 255.0 267.0 280.0 292.0 304.0 316.0 329.0 203.0 1780799527.065916
292.0 295.0 295.0 294.0 294.0 294.0 294.0 295.0 295.0 294.0 295.0 296.0 296.0 297.0 298.0 299.0 299.0 300.0 302.0 302.0 304.0 305.0 306.0 307.0 307.0 16.0 41.0 54.0 66.0 79.0 91.0 104.0 116.0 129.0 142.0 154.0 167.0 179.0 192.0 205.0 217.0 230.0 242.0 255.0 267.0 279.0 292.0 304.0 317.0 329.0 204.0 1780799527.081479
292.0 295.0 294.0 294.0 293.0 293.0 292.0 291.0 291.0 290.0 291.0 290.0 290.0 290.0 290.0 290.0 290.0 290.0 290.0 291.0 291.0 291.0 292.0 292.0 292.0 16.0 41.0 54.0 66.0 79.0 91.0 104.0 116.0 129.0 141.0 154.0 166.0 179.0 192.0 204.0 217.0 230.0 242.0 255.0 267.0 280.0 292.0 305.0 318.0 330.0 205.0 1780799527.096784
292.0 294.0 294.0 293.0 292.0 291.0 289.0 289.0 288.0 287.0 286.0 285.0 284.0 283.0 283.0 281.0 281.0 281.0 280.0 280.0 279.0 278.0 278.0 277.0 276.0 16.0 42.0 54.0 67.0 79.0 92.0 105.0 117.0 129.0 142.0 154.0 167.0 179.0 192.0 204.0 217.0 229.0 242.0 254.0 267.0 279.0 292.0 304.0 317.0 330.0 206.0 1780799527.112254
292.0 294.0 293.0 292.0 291.0 289.0 288.0 287.0 285.0 284.0 282.0 280.0 279.0 277.0 276.0 275.0 273.0 272.0 270.0 268.0 267.0 265.0 265.0 263.0 261.0 16.0 42.0 55.0 67.0 80.0 92.0 105.0 117.0 130.0 142.0 155.0 167.0 180.0 192.0 205.0 217.0 229.0 242.0 254.0 267.0 279.0 291.0 304.0 316.0 329.0 207.0 1780799527.127685
292.0 294.0 293.0 291.0 289.0 288.0 286.0 285.0 283.0 281.0 279.0 277.0 274.0 272.0 271.0 268.0 266.0 264.0 261.0 258.0 256.0 254.0 252.0 249.0 247.0 16.0 42.0 55.0 67.0 80.0 92.0 105.0 117.0 130.0 142.0 154.0 167.0 179.0 191.0 204.0 216.0 228.0 240.0 253.0 265.0 277.0 289.0 301.0 313.0 326.0 208.0 1780799527.148622
292.0 293.0 293.0 290.0 288.0 286.0 284.0 283.0 280.0 278.0 275.0 272.0 269.0 266.0 264.0 261.0 257.0 255.0 251.0 247.0 244.0 240.0 237.0 233.0 229.0 16.0 42.0 55.0 68.0 80.0 93.0 105.0 118.0 130.0 142.0 155.0 167.0 179.0 191.0 203.0 215.0 228.0 240.0 251.0 263.0 275.0 287.0 299.0 310.0 322.0 209.0 1780799527.174064
292.0 294.0 292.0 290.0 287.0 285.0 282.0 280.0 277.0 275.0 271.0 268.0 265.0 261.0 258.0 254.0 250.0 246.0 242.0 237.0 233.0 228.0 224.0 218.0 214.0 16.0 41.0 54.0 67.0 79.0 92.0 104.0 117.0 129.0 142.0 154.0 166.0 178.0 190.0 202.0 214.0 226.0 237.0 249.0 261.0 272.0 284.0 295.0 306.0 318.0 210.0 1780799527.189640
292.0 294.0 292.0 289.0 287.0 285.0 281.0 278.0 275.0 272.0 269.0 265.0 261.0 257.0 253.0 249.0 244.0 240.0 234.0 229.0 224.0 218.0 213.0 207.0 201.0 16.0 41.0 54.0 67.0 79.0 91.0 103.0 115.0 127.0 140.0 152.0 163.0 176.0 187.0 199.0 210.0 222.0 233.0 245.0 256.0 267.0 278.0 290.0 300.0 311.0 211.0 1780799527.210319
292.0 294.0 292.0 289.0 286.0 284.0 280.0 277.0 273.0 269.0 265.0 261.0 257.0 253.0 248.0 243.0 238.0 233.0 227.0 222.0 215.0 209.0 203.0 196.0 190.0 16.0 41.0 54.0 66.0 78.0 91.0 103.0 115.0 127.0 139.0 151.0 163.0 174.0 186.0 197.0 209.0 220.0 231.0 243.0 253.0 265.0 276.0 286.0 297.0 308.0 212.0 1780799527.231049
292.0 293.0 291.0 289.0 285.0 283.0 279.0 275.0 272.0 268.0 263.0 259.0 254.0 250.0 244.0 239.0 234.0 228.0 222.0 216.0 209.0 203.0 196.0 189.0 182.0 16.0 42.0 55.0 67.0 79.0 91.0 103.0 115.0 127.0 139.0 150.0 162.0 173.0 185.0 196.0 207.0 218.0 229.0 240.0 251.0 262.0 272.0 283.0 294.0 305.0 213.0 1780799527.246374
292.0 294.0 291.0 288.0 285.0 282.0 278.0 274.0 271.0 266.0 262.0 257.0 252.0 247.0 242.0 236.0 230.0 224.0 218.0 212.0 206.0 199.0 192.0 185.0 178.0 16.0 41.0 54.0 66.0 78.0 90.0 102.0 114.0 126.0 137.0 149.0 160.0 172.0 183.0 194.0 205.0 216.0 228.0 238.0 249.0 260.0 270.0 281.0 291.0 302.0 214.0 1780799527.266849
292.0 293.0 291.0 288.0 285.0 281.0 277.0 273.0 269.0 265.0 260.0 255.0 250.0 245.0 239.0 234.0 228.0 222.0 216.0 209.0 203.0 196.0 189.0 182.0 175.0 16.0 42.0 54.0 66.0 79.0 91.0 102.0 114.0 126.0 138.0 149.0 161.0 172.0 184.0 195.0 206.0 217.0 228.0 239.0 250.0 261.0 271.0 282.0 292.0 303.0 215.0 1780799527.287418
292.0 293.0 291.0 288.0 284.0 281.0 277.0 273.0 269.0 265.0 260.0 255.0 250.0 245.0 239.0 234.0 228.0 222.0 216.0 209.0 203.0 196.0 189.0 182.0 176.0 16.0 41.0 54.0 66.0 79.0 91.0 102.0 114.0 126.0 138.0 149.0 160.0 172.0 183.0 194.0 205.0 217.0 228.0 239.0 250.0 260.0 271.0 282.0 292.0 303.0 216.0 1780799527.308306
292.0 293.0 291.0 288.0 284.0 281.0 277.0 273.0 269.0 264.0 259.0 255.0 250.0 245.0 239.0 234.0 228.0 223.0 217.0 211.0 204.0 198.0 191.0 185.0 178.0 16.0 41.0 54.0 66.0 78.0 90.0 102.0 114.0 126.0 137.0 149.0 160.0 172.0 183.0 194.0 205.0 217.0 228.0 239.0 250.0 261.0 271.0 282.0 293.0 304.0 217.0 1780799527.323717
292.0 293.0 291.0 288.0 284.0 280.0 277.0 272.0 268.0 264.0 260.0 255.0 250.0 245.0 240.0 235.0 230.0 225.0 219.0 213.0 207.0 201.0 195.0 189.0 183.0 16.0 41.0 54.0 66.0 78.0 91.0 103.0 114.0 126.0 137.0 149.0 161.0 173.0 184.0 195.0 207.0 218.0 230.0 241.0 252.0 263.0 274.0 285.0 295.0 307.0 218.0 1780799527.344385
292.0 293.0 290.0 288.0 285.0 281.0 277.0 273.0 270.0 266.0 261.0 257.0 253.0 248.0 244.0 239.0 234.0 229.0 224.0 219.0 214.0 208.0 203.0 198.0 192.0 16.0 42.0 54.0 66.0 78.0 91.0 103.0 114.0 126.0 138.0 150.0 161.0 173.0 185.0 197.0 208.0 220.0 231.0 242.0 254.0 265.0 276.0 288.0 299.0 310.0 219.0 1780799527.365005
292.0 294.0 291.0 288.0 285.0 282.0 279.0 275.0 272.0 268.0 264.0 261.0 256.0 252.0 248.0 244.0 240.0 235.0 230.0 226.0 221.0 217.0 212.0 207.0 202.0 16.0 42.0 54.0 67.0 79.0 91.0 103.0 115.0 128.0 140.0 152.0 163.0 175.0 187.0 199.0 210.0 222.0 234.0 246.0 257.0 269.0 281.0 292.0 304.0 316.0 220.0 1780799527.390578
292.0 294.0 291.0 288.0 287.0 283.0 280.0 278.0 274.0 271.0 268.0 265.0 262.0 258.0 254.0 250.0 247.0 243.0 239.0 235.0 231.0 227.0 223.0 219.0 215.0 16.0 42.0 54.0 67.0 79.0 92.0 104.0 116.0 128.0 141.0 153.0 165.0 177.0 189.0 201.0 213.0 225.0 237.0 249.0 261.0 273.0 284.0 296.0 308.0 320.0 221.0 1780799527.406241
292.0 293.0 292.0 289.0 288.0 286.0 283.0 280.0 278.0 276.0 273.0 270.0 267.0 265.0 262.0 259.0 255.0 253.0 249.0 247.0 243.0 240.0 236.0 233.0 229.0 16.0 41.0 54.0 66.0 79.0 92.0 104.0 117.0 129.0 141.0 153.0 166.0 178.0 190.0 202.0 214.0 227.0 239.0 251.0 263.0 275.0 287.0 299.0 311.0 323.0 222.0 1780799527.426569
292.0 293.0 292.0 290.0 289.0 288.0 286.0 284.0 282.0 280.0 278.0 276.0 275.0 273.0 271.0 268.0 266.0 263.0 261.0 259.0 256.0 253.0 250.0 248.0 246.0 16.0 41.0 53.0 66.0 79.0 91.0 104.0 117.0 129.0 142.0 154.0 166.0 179.0 191.0 203.0 216.0 228.0 241.0 252.0 265.0 277.0 289.0 301.0 313.0 326.0 223.0 1780799527.442061
292.0 294.0 293.0 292.0 290.0 290.0 288.0 288.0 286.0 285.0 283.0 282.0 281.0 280.0 279.0 277.0 276.0 274.0 273.0 271.0 269.0 266.0 264.0 262.0 260.0 16.0 42.0 54.0 67.0 80.0 92.0 104.0 117.0 130.0 143.0 155.0 168.0 180.0 193.0 205.0 218.0 231.0 243.0 255.0 267.0 280.0 292.0 304.0 316.0 329.0 224.0 1780799527.457831
292.0 294.0 293.0 292.0 292.0 291.0 291.0 291.0 290.0 289.0 289.0 288.0 288.0 287.0 286.0 286.0 285.0 285.0 283.0 282.0 280.0 279.0 278.0 276.0 275.0 16.0 42.0 54.0 67.0 80.0 92.0 105.0 118.0 130.0 143.0 155.0 168.0 181.0 193.0 206.0 218.0 231.0 244.0 256.0 269.0 281.0 294.0 306.0 318.0 330.0 225.0 1780799527.478082
292.0 295.0 293.0 294.0 294.0 294.0 293.0 293.0 294.0 294.0 293.0 293.0 294.0 294.0 294.0 294.0 294.0 294.0 293.0 293.0 293.0 292.0 291.0 290.0 290.0 16.0 42.0 55.0 67.0 80.0 93.0 105.0 118.0 130.0 143.0 156.0 168.0 181.0 193.0 206.0 218.0 231.0 244.0 256.0 269.0 281.0 294.0 306.0 319.0 332.0 226.0 1780799527.493535
292.0 295.0 294.0 295.0 296.0 296.0 297.0 298.0 298.0 299.0 300.0 300.0 302.0 302.0 302.0 304.0 304.0 305.0 305.0 306.0 306.0 306.0 306.0 306.0 307.0 16.0 43.0 56.0 69.0 81.0 94.0 106.0 118.0 131.0 143.0 156.0 168.0 181.0 193.0 206.0 218.0 231.0 243.0 256.0 268.0 281.0 293.0 306.0 318.0 330.0 227.0 1780799527.509183
292.0 295.0 295.0 297.0 297.0 298.0 300.0 301.0 302.0 303.0 305.0 306.0 308.0 309.0 310.0 312.0 313.0 315.0 316.0 317.0 319.0 320.0 321.0 322.0 322.0 16.0 42.0 55.0 68.0 80.0 93.0 105.0 118.0 131.0 143.0 155.0 168.0 181.0 193.0 205.0 218.0 230.0 243.0 255.0 268.0 280.0 293.0 305.0 318.0 331.0 228.0 1780799527.524639
292.0 295.0 296.0 298.0 299.0 300.0 302.0 304.0 306.0 307.0 309.0 312.0 314.0 315.0 318.0 319.0 322.0 323.0 325.0 328.0 329.0 332.0 333.0 335.0 336.0 16.0 42.0 55.0 68.0 80.0 93.0 105.0 118.0 130.0 143.0 155.0 168.0 180.0 193.0 205.0 217.0 229.0 242.0 254.0 266.0 279.0 291.0 304.0 316.0 329.0 229.0 1780799527.539929
292.0 296.0 297.0 298.0 300.0 302.0 305.0 306.0 309.0 311.0 313.0 316.0 319.0 322.0 324.0 327.0 330.0 332.0 335.0 338.0 340.0 343.0 346.0 347.0 350.0 16.0 42.0 55.0 68.0 80.0 93.0 105.0 118.0 130.0 143.0 155.0 167.0 179.0 192.0 204.0 217.0 229.0 241.0 253.0 265.0 278.0 290.0 302.0 314.0 327.0 230.0 1780799527.560728
292.0 296.0 297.0 299.0 302.0 303.0 306.0 309.0 312.0 315.0 317.0 321.0 324.0 327.0 330.0 334.0 338.0 341.0 344.0 348.0 351.0 354.0 358.0 361.0 365.0 16.0 42.0 55.0 68.0 80.0 92.0 105.0 118.0 130.0 142.0 154.0 166.0 178.0 190.0 203.0 215.0 227.0 239.0 251.0 263.0 275.0 287.0 299.0 311.0 323.0 231.0 1780799527.581400
292.0 296.0 297.0 300.0 302.0 305.0 308.0 311.0 314.0 318.0 321.0 325.0 329.0 333.0 337.0 341.0 345.0 349.0 354.0 358.0 362.0 366.0 370.0 374.0 378.0 16.0 42.0 55.0 67.0 80.0 92.0 105.0 117.0 129.0 141.0 154.0 166.0 178.0 190.0 201.0 213.0 225.0 237.0 249.0 261.0 273.0 285.0 297.0 309.0 320.0 232.0 1780799527.601795
292.0 296.0 298.0 300.0 303.0 306.0 309.0 312.0 316.0 320.0 324.0 329.0 333.0 337.0 342.0 346.0 352.0 356.0 361.0 366.0 371.0 376.0 381.0 385.0 390.0 16.0 41.0 54.0 67.0 79.0 92.0 104.0 116.0 128.0 140.0 152.0 164.0 176.0 188.0 199.0 211.0 223.0 235.0 246.0 257.0 270.0 281.0 293.0 304.0 316.0 233.0 1780799527.622306
292.0 297.0 298.0 301.0 304.0 307.0 310.0 314.0 318.0 322.0 327.0 331.0 336.0 340.0 346.0 351.0 356.0 362.0 367.0 372.0 377.0 383.0 388.0 393.0 399.0 16.0 41.0 54.0 67.0 79.0 91.0 104.0 116.0 128.0 139.0 151.0 163.0 174.0 186.0 197.0 209.0 220.0 232.0 243.0 254.0 266.0 277.0 288.0 300.0 311.0 234.0 1780799527.642917
292.0 296.0 298.0 301.0 304.0 307.0 311.0 315.0 319.0 324.0 328.0 333.0 338.0 343.0 348.0 354.0 360.0 365.0 371.0 376.0 382.0 388.0 394.0 400.0 405.0 16.0 41.0 54.0 66.0 79.0 91.0 103.0 115.0 127.0 139.0 150.0 162.0 173.0 184.0 196.0 208.0 219.0 230.0 241.0 252.0 263.0 274.0 285.0 297.0 308.0 235.0 1780799527.663614
292.0 296.0 298.0 301.0 304.0 308.0 311.0 315.0 320.0 324.0 329.0 334.0 339.0 344.0 350.0 355.0 361.0 367.0 373.0 378.0 384.0 391.0 397.0 402.0 408.0 16.0 41.0 54.0 66.0 79.0 91.0 103.0 115.0 127.0 138.0 150.0 161.0 173.0 184.0 195.0 207.0 218.0 229.0 240.0 251.0 262.0 273.0 284.0 295.0 307.0 236.0 1780799527.684145
292.0 296.0 298.0 301.0 304.0 308.0 311.0 315.0 320.0 324.0 329.0 334.0 339.0 344.0 350.0 355.0 361.0 367.0 373.0 379.0 385.0 391.0 397.0 403.0 409.0 16.0 41.0 54.0 66.0 79.0 91.0 103.0 115.0 126.0 138.0 150.0 161.0 173.0 184.0 195.0 207.0 218.0 229.0 240.0 251.0 262.0 273.0 284.0 295.0 306.0 237.0 1780799527.699883
292.0 296.0 298.0 301.0 304.0 308.0 311.0 315.0 320.0 324.0 329.0 334.0 339.0 344.0 350.0 355.0 361.0 367.0 373.0 379.0 385.0 391.0 397.0 403.0 409.0 16.0 41.0 54.0 66.0 79.0 91.0 103.0 115.0 126.0 138.0 150.0 161.0 173.0 184.0 195.0 207.0 218.0 229.0 240.0 251.0 262.0 273.0 284.0 295.0 306.0 238.0 1780799527.720195
292.0 297.0 299.0 301.0 304.0 307.0 311.0 315.0 319.0 323.0 328.0 333.0 338.0 344.0 349.0 354.0 360.0 366.0 372.0 378.0 383.0 389.0 395.0 401.0 407.0 16.0 41.0 54.0 67.0 79.0 91.0 104.0 115.0 127.0 138.0 150.0 162.0 173.0 185.0 196.0 207.0 219.0 230.0 241.0 252.0 263.0 274.0 285.0 296.0 308.0 239.0 1780799527.740900
292.0 297.0 298.0 300.0 303.0 307.0 310.0 314.0 318.0 322.0 327.0 330.0 336.0 341.0 346.0 351.0 356.0 361.0 367.0 373.0 378.0 384.0 389.0 395.0 399.0 16.0 41.0 54.0 67.0 79.0 92.0 104.0 116.0 128.0 139.0 151.0 163.0 175.0 186.0 197.0 209.0 220.0 232.0 243.0 255.0 266.0 277.0 288.0 300.0 311.0 240.0 1780799527.761496
292.0 296.0 298.0 300.0 303.0 306.0 310.0 312.0 317.0 320.0 324.0 328.0 333.0 337.0 342.0 346.0 351.0 356.0 361.0 366.0 371.0 376.0 381.0 386.0 390.0 16.0 42.0 55.0 67.0 80.0 92.0 104.0 116.0 129.0 141.0 153.0 164.0 176.0 188.0 200.0 212.0 223.0 235.0 246.0 258.0 269.0 281.0 293.0 304.0 316.0 241.0 1780799527.776949
292.0 297.0 298.0 300.0 302.0 305.0 308.0 311.0 315.0 318.0 322.0 325.0 329.0 333.0 337.0 341.0 346.0 350.0 354.0 358.0 363.0 367.0 372.0 376.0 380.0 16.0 42.0 55.0 67.0 80.0 92.0 105.0 117.0 129.0 141.0 153.0 165.0 177.0 189.0 201.0 213.0 225.0 236.0 248.0 260.0 272.0 284.0 295.0 307.0 319.0 242.0 1780799527.797588
292.0 296.0 298.0 299.0 301.0 303.0 307.0 309.0 312.0 315.0 318.0 322.0 325.0 328.0 332.0 335.0 338.0 342.0 345.0 349.0 353.0 356.0 360.0 363.0 367.0 16.0 42.0 54.0 68.0 80.0 93.0 105.0 117.0 129.0 142.0 154.0 166.0 179.0 191.0 202.0 214.0 226.0 239.0 251.0 262.0 274.0 287.0 299.0 311.0 322.0 243.0 1780799527.818248
292.0 296.0 297.0 298.0 300.0 302.0 304.0 306.0 308.0 311.0 314.0 316.0 319.0 321.0 324.0 327.0 330.0 332.0 335.0 337.0 341.0 343.0 346.0 348.0 352.0 16.0 42.0 54.0 67.0 80.0 92.0 105.0 118.0 130.0 142.0 155.0 167.0 179.0 191.0 203.0 216.0 228.0 240.0 252.0 264.0 277.0 289.0 301.0 313.0 325.0 244.0 1780799527.838882
292.0 296.0 297.0 298.0 299.0 300.0 301.0 303.0 305.0 307.0 309.0 310.0 312.0 314.0 316.0 318.0 320.0 321.0 324.0 325.0 328.0 329.0 330.0 332.0 333.0 16.0 41.0 54.0 67.0 79.0 92.0 104.0 117.0 129.0 141.0 154.0 166.0 179.0 191.0 203.0 215.0 228.0 240.0 253.0 265.0 277.0 289.0 302.0 315.0 327.0 245.0 1780799527.854450
292.0 296.0 295.0 297.0 297.0 298.0 299.0 300.0 301.0 303.0 303.0 305.0 306.0 307.0 309.0 310.0 311.0 312.0 313.0 314.0 315.0 316.0 316.0 317.0 317.0 16.0 41.0 54.0 67.0 79.0 92.0 104.0 117.0 129.0 141.0 154.0 166.0 179.0 191.0 204.0 216.0 228.0 241.0 253.0 266.0 279.0 291.0 304.0 316.0 329.0 246.0 1780799527.874784
292.0 295.0 295.0 295.0 296.0 296.0 297.0 296.0 297.0 298.0 298.0 299.0 299.0 299.0 300.0 301.0 301.0 301.0 302.0 301.0 301.0 302.0 301.0 300.0 300.0 16.0 41.0 54.0 67.0 79.0 92.0 105.0 117.0 130.0 142.0 155.0 168.0 180.0 193.0 205.0 218.0 230.0 243.0 255.0 268.0 280.0 293.0 305.0 318.0 330.0 247.0 1780799527.890550
292.0 294.0 294.0 294.0 294.0 294.0 294.0 294.0 293.0 293.0 293.0 293.0 293.0 292.0 292.0 292.0 291.0 291.0 290.0 289.0 289.0 288.0 287.0 286.0 285.0 16.0 41.0 54.0 67.0 79.0 92.0 105.0 117.0 130.0 142.0 155.0 168.0 180.0 193.0 205.0 218.0 230.0 243.0 255.0 267.0 280.0 293.0 305.0 317.0 330.0 248.0 1780799527.905926
292.0 294.0 294.0 293.0 293.0 293.0 292.0 290.0 290.0 289.0 288.0 287.0 287.0 286.0 284.0 283.0 282.0 281.0 280.0 278.0 277.0 275.0 274.0 272.0 270.0 16.0 41.0 54.0 67.0 80.0 92.0 105.0 118.0 130.0 143.0 155.0 168.0 180.0 193.0 205.0 218.0 230.0 243.0 255.0 267.0 280.0 292.0 304.0 316.0 329.0 249.0 1780799527.921117
292.0 295.0 293.0 293.0 292.0 291.0 289.0 287.0 287.0 285.0 284.0 282.0 280.0 279.0 277.0 275.0 274.0 272.0 270.0 268.0 266.0 264.0 262.0 259.0 257.0 16.0 42.0 55.0 67.0 80.0 92.0 105.0 117.0 130.0 142.0 155.0 167.0 180.0 192.0 205.0 217.0 229.0 242.0 254.0 266.0 278.0 291.0 303.0 315.0 327.0 250.0 1780799527.941871
292.0 294.0 293.0 291.0 290.0 288.0 287.0 285.0 283.0 282.0 279.0 277.0 275.0 273.0 271.0 268.0 266.0 263.0 261.0 258.0 255.0 254.0 250.0 247.0 244.0 16.0 42.0 55.0 67.0 80.0 92.0 105.0 117.0 129.0 142.0 155.0 167.0 179.0 191.0 203.0 216.0 228.0 240.0 252.0 264.0 277.0 289.0 301.0 312.0 324.0 251.0 1780799527.962500
292.0 294.0 293.0 290.0 289.0 286.0 284.0 282.0 278.0 276.0 274.0 271.0 269.0 265.0 263.0 260.0 257.0 253.0 250.0 247.0 243.0 240.0 237.0 232.0 229.0 16.0 41.0 54.0 66.0 79.0 92.0 104.0 117.0 129.0 141.0 154.0 166.0 178.0 190.0 202.0 215.0 227.0 239.0 251.0 263.0 275.0 287.0 298.0 310.0 322.0 252.0 1780799527.983050
292.0 294.0 292.0 290.0 287.0 284.0 281.0 278.0 275.0 272.0 269.0 266.0 263.0 259.0 256.0 252.0 248.0 244.0 240.0 237.0 232.0 229.0 224.0 220.0 216.0 16.0 41.0 54.0 67.0 79.0 91.0 104.0 116.0 128.0 141.0 153.0 165.0 177.0 189.0 201.0 213.0 225.0 237.0 249.0 261.0 272.0 284.0 296.0 308.0 320.0 253.0 1780799527.998408
292.0 294.0 291.0 289.0 286.0 282.0 279.0 276.0 272.0 270.0 266.0 262.0 258.0 254.0 250.0 246.0 243.0 238.0 234.0 229.0 225.0 220.0 216.0 210.0 206.0 16.0 42.0 54.0 66.0 79.0 91.0 103.0 115.0 127.0 139.0 151.0 163.0 175.0 187.0 199.0 211.0 223.0 234.0 246.0 257.0 269.0 281.0 292.0 303.0 315.0 254.0 1780799528.019053
292.0 294.0 291.0 288.0 285.0 282.0 277.0 275.0 271.0 267.0 263.0 259.0 255.0 250.0 246.0 241.0 237.0 232.0 227.0 222.0 217.0 212.0 207.0 202.0 196.0 16.0 42.0 54.0 66.0 79.0 91.0 103.0 115.0 127.0 139.0 151.0 163.0 174.0 186.0 198.0 210.0 221.0 232.0 244.0 256.0 268.0 279.0 290.0 301.0 313.0 255.0 1780799528.039693
292.0 293.0 290.0 288.0 284.0 281.0 277.0 273.0 269.0 265.0 262.0 257.0 252.0 247.0 243.0 238.0 233.0 228.0 223.0 217.0 212.0 206.0 200.0 195.0 189.0 16.0 42.0 54.0 66.0 79.0 90.0 102.0 115.0 127.0 139.0 150.0 162.0 174.0 185.0 197.0 208.0 220.0 231.0 243.0 254.0 265.0 276.0 288.0 299.0 310.0 256.0 1780799528.060335
292.0 293.0 290.0 288.0 285.0 281.0 277.0 273.0 269.0 265.0 261.0 256.0 251.0 246.0 241.0 236.0 231.0 225.0 220.0 214.0 209.0 203.0 197.0 191.0 185.0 16.0 42.0 54.0 66.0 79.0 91.0 102.0 114.0 126.0 138.0 150.0 162.0 173.0 185.0 197.0 208.0 219.0 230.0 242.0 253.0 264.0 275.0 287.0 297.0 308.0 257.0 1780799528.086064
292.0 293.0 290.0 288.0 285.0 281.0 277.0 273.0 269.0 265.0 261.0 256.0 251.0 246.0 241.0 236.0 231.0 225.0 220.0 214.0 208.0 202.0 196.0 190.0 184.0 16.0 42.0 54.0 66.0 79.0 91.0 102.0 114.0 126.0 138.0 150.0 161.0 173.0 184.0 196.0 207.0 219.0 230.0 241.0 252.0 264.0 275.0 286.0 296.0 308.0 258.0 1780799528.106655
292.0 293.0 290.0 288.0 285.0 281.0 277.0 273.0 269.0 265.0 261.0 256.0 252.0 247.0 242.0 237.0 231.0 226.0 220.0 214.0 208.0 202.0 196.0 190.0 184.0 16.0 42.0 54.0 66.0 79.0 91.0 102.0 114.0 126.0 138.0 150.0 162.0 173.0 185.0 196.0 208.0 219.0 230.0 241.0 252.0 264.0 275.0 286.0 297.0 308.0 259.0 1780799528.127381
292.0 294.0 291.0 288.0 285.0 282.0 279.0 275.0 270.0 267.0 263.0 258.0 254.0 249.0 245.0 240.0 234.0 229.0 223.0 217.0 212.0 205.0 200.0 193.0 187.0 16.0 42.0 54.0 66.0 79.0 91.0 103.0 115.0 127.0 139.0 151.0 162.0 174.0 185.0 197.0 208.0 220.0 231.0 242.0 253.0 264.0 275.0 286.0 297.0 308.0 260.0 1780799528.147983
292.0 294.0 291.0 288.0 286.0 283.0 280.0 277.0 273.0 269.0 266.0 262.0 258.0 253.0 248.0 244.0 239.0 234.0 229.0 223.0 217.0 212.0 206.0 200.0 194.0 16.0 41.0 54.0 66.0 78.0 91.0 103.0 115.0 127.0 139.0 151.0 163.0 174.0 186.0 198.0 209.0 221.0 232.0 244.0 255.0 266.0 277.0 288.0 299.0 310.0 261.0 1780799528.168439
292.0 293.0 292.0 289.0 286.0 284.0 281.0 279.0 275.0 272.0 269.0 265.0 262.0 257.0 253.0 249.0 244.0 240.0 235.0 230.0 225.0 220.0 214.0 209.0 204.0 16.0 41.0 54.0 66.0 79.0 91.0 103.0 116.0 128.0 140.0 152.0 164.0 176.0 188.0 200.0 211.0 222.0 234.0 246.0 257.0 268.0 279.0 291.0 302.0 313.0 262.0 1780799528.189189
292.0 293.0 292.0 290.0 288.0 285.0 283.0 281.0 277.0 275.0 272.0 268.0 266.0 262.0 259.0 255.0 251.0 247.0 243.0 239.0 235.0 230.0 226.0 221.0 216.0 16.0 41.0 54.0 67.0 79.0 91.0 104.0 116.0 128.0 140.0 153.0 165.0 177.0 189.0 201.0 213.0 225.0 237.0 248.0 260.0 271.0 283.0 295.0 306.0 318.0 263.0 1780799528.209661
292.0 293.0 293.0 290.0 289.0 287.0 285.0 282.0 280.0 279.0 276.0 273.0 271.0 268.0 265.0 262.0 259.0 256.0 252.0 249.0 246.0 241.0 238.0 234.0 231.0 16.0 41.0 54.0 66.0 79.0 91.0 104.0 117.0 129.0 141.0 154.0 166.0 178.0 190.0 203.0 215.0 226.0 239.0 251.0 262.0 274.0 286.0 298.0 309.0 322.0 264.0 1780799528.230357
292.0 293.0 293.0 291.0 290.0 288.0 286.0 284.0 283.0 281.0 280.0 278.0 275.0 273.0 272.0 270.0 267.0 265.0 263.0 261.0 258.0 255.0 253.0 250.0 247.0 16.0 41.0 54.0 66.0 79.0 91.0 104.0 116.0 129.0 141.0 154.0 166.0 178.0 191.0 203.0 216.0 228.0 240.0 252.0 265.0 277.0 289.0 301.0 313.0 325.0 265.0 1780799528.245836
292.0 294.0 293.0 291.0 290.0 290.0 288.0 287.0 286.0 284.0 284.0 282.0 280.0 279.0 278.0 277.0 276.0 274.0 273.0 271.0 270.0 269.0 267.0 265.0 263.0 16.0 41.0 53.0 66.0 79.0 92.0 104.0 117.0 129.0 142.0 154.0 167.0 180.0 192.0 205.0 217.0 230.0 243.0 255.0 267.0 280.0 292.0 305.0 317.0 329.0 266.0 1780799528.261427
292.0 294.0 293.0 292.0 291.0 291.0 290.0 289.0 288.0 287.0 287.0 286.0 286.0 285.0 285.0 285.0 284.0 283.0 283.0 282.0 281.0 281.0 281.0 279.0 278.0 16.0 41.0 53.0 66.0 78.0 91.0 103.0 116.0 128.0 141.0 154.0 167.0 179.0 192.0 204.0 217.0 230.0 242.0 255.0 267.0 280.0 292.0 305.0 317.0 330.0 267.0 1780799528.276834
292.0 294.0 293.0 293.0 293.0 292.0 292.0 291.0 291.0 291.0 291.0 291.0 290.0 290.0 292.0 292.0 292.0 292.0 292.0 292.0 293.0 292.0 293.0 292.0 293.0 16.0 42.0 54.0 66.0 79.0 91.0 104.0 117.0 129.0 142.0 155.0 167.0 180.0 192.0 205.0 217.0 229.0 242.0 254.0 267.0 279.0 292.0 304.0 316.0 329.0 268.0 1780799528.292145
292.0 294.0 294.0 293.0 293.0 293.0 294.0 294.0 294.0 295.0 295.0 296.0 296.0 296.0 298.0 298.0 300.0 300.0 301.0 302.0 303.0 304.0 305.0 306.0 307.0 16.0 42.0 54.0 67.0 80.0 92.0 105.0 117.0 130.0 142.0 155.0 167.0 180.0 193.0 205.0 217.0 229.0 242.0 254.0 266.0 278.0 291.0 303.0 315.0 328.0 269.0 1780799528.307619
292.0 294.0 295.0 294.0 295.0 295.0 296.0 297.0 298.0 298.0 300.0 301.0 301.0 303.0 305.0 306.0 307.0 309.0 311.0 312.0 314.0 316.0 317.0 319.0 320.0 16.0 41.0 54.0 67.0 80.0 93.0 106.0 118.0 131.0 143.0 156.0 168.0 181.0 193.0 206.0 218.0 230.0 243.0 255.0 267.0 279.0 292.0 304.0 316.0 329.0 270.0 1780799528.323437
292.0 295.0 295.0 296.0 297.0 298.0 298.0 300.0 302.0 303.0 305.0 306.0 307.0 309.0 311.0 313.0 316.0 318.0 320.0 322.0 325.0 327.0 329.0 332.0 333.0 16.0 42.0 55.0 68.0 80.0 93.0 106.0 119.0 131.0 144.0 156.0 169.0 181.0 193.0 206.0 218.0 230.0 243.0 255.0 267.0 279.0 291.0 303.0 316.0 328.0 271.0 1780799528.338764
292.0 295.0 296.0 297.0 298.0 300.0 301.0 304.0 305.0 307.0 310.0 311.0 314.0 316.0 319.0 321.0 324.0 326.0 329.0 332.0 334.0 338.0 340.0 343.0 346.0 16.0 42.0 55.0 68.0 81.0 93.0 106.0 118.0 131.0 143.0 155.0 168.0 181.0 193.0 205.0 217.0 230.0 242.0 254.0 266.0 278.0 290.0 302.0 314.0 327.0 272.0 1780799528.359485
292.0 296.0 296.0 298.0 300.0 302.0 304.0 307.0 309.0 311.0 315.0 317.0 320.0 323.0 326.0 329.0 332.0 335.0 339.0 342.0 345.0 348.0 352.0 354.0 358.0 16.0 42.0 55.0 67.0 80.0 92.0 105.0 118.0 130.0 143.0 155.0 167.0 179.0 191.0 203.0 216.0 228.0 240.0 252.0 264.0 276.0 288.0 300.0 312.0 324.0 273.0 1780799528.374617
292.0 296.0 297.0 299.0 301.0 304.0 307.0 309.0 313.0 315.0 319.0 322.0 326.0 329.0 332.0 336.0 340.0 343.0 347.0 351.0 354.0 357.0 361.0 364.0 367.0 16.0 42.0 54.0 67.0 80.0 92.0 105.0 117.0 129.0 141.0 153.0 166.0 178.0 190.0 202.0 214.0 225.0 237.0 249.0 262.0 274.0 286.0 297.0 310.0 322.0 274.0 1780799528.395505
292.0 297.0 298.0 300.0 302.0 305.0 309.0 312.0 315.0 319.0 323.0 327.0 330.0 335.0 338.0 343.0 346.0 351.0 354.0 359.0 362.0 366.0 370.0 374.0 377.0 16.0 41.0 54.0 67.0 80.0 92.0 104.0 116.0 128.0 140.0 152.0 164.0 176.0 188.0 199.0 211.0 223.0 235.0 247.0 259.0 271.0 283.0 295.0 307.0 319.0 275.0 1780799528.415928
292.0 296.0 298.0 301.0 303.0 307.0 310.0 314.0 318.0 322.0 326.0 330.0 335.0 339.0 344.0 348.0 353.0 357.0 361.0 366.0 369.0 374.0 378.0 382.0 385.0 16.0 41.0 54.0 67.0 79.0 91.0 103.0 115.0 128.0 140.0 151.0 163.0 175.0 187.0 198.0 210.0 222.0 234.0 245.0 257.0 269.0 281.0 293.0 304.0 317.0 276.0 1780799528.436657
292.0 296.0 298.0 301.0 304.0 308.0 312.0 315.0 319.0 324.0 328.0 333.0 337.0 343.0 347.0 351.0 357.0 361.0 366.0 370.0 375.0 380.0 384.0 389.0 393.0 16.0 41.0 54.0 66.0 79.0 91.0 103.0 115.0 127.0 138.0 150.0 162.0 173.0 185.0 197.0 208.0 219.0 231.0 243.0 254.0 266.0 278.0 289.0 301.0 313.0 277.0 1780799528.457139
292.0 297.0 298.0 301.0 304.0 308.0 312.0 316.0 320.0 325.0 330.0 335.0 339.0 345.0 349.0 354.0 359.0 364.0 369.0 374.0 379.0 384.0 389.0 394.0 398.0 16.0 41.0 54.0 67.0 79.0 91.0 103.0 115.0 127.0 139.0 150.0 162.0 174.0 185.0 197.0 208.0 220.0 231.0 243.0 255.0 266.0 278.0 289.0 301.0 313.0 278.0 1780799528.477802
292.0 296.0 298.0 301.0 304.0 308.0 312.0 316.0 320.0 325.0 329.0 335.0 339.0 345.0 349.0 355.0 360.0 365.0 370.0 375.0 380.0 385.0 390.0 395.0 399.0 16.0 41.0 54.0 66.0 79.0 91.0 103.0 115.0 127.0 138.0 150.0 162.0 174.0 185.0 197.0 208.0 219.0 231.0 242.0 254.0 265.0 277.0 288.0 300.0 312.0 279.0 1780799528.493032
292.0 296.0 298.0 301.0 304.0 308.0 312.0 316.0 320.0 324.0 329.0 335.0 339.0 344.0 349.0 354.0 360.0 365.0 370.0 375.0 381.0 386.0 391.0 396.0 400.0 16.0 41.0 54.0 67.0 79.0 91.0 103.0 115.0 127.0 139.0 150.0 162.0 173.0 185.0 196.0 208.0 219.0 230.0 242.0 254.0 265.0 277.0 288.0 299.0 311.0 280.0 1780799528.513651
292.0 297.0 298.0 301.0 303.0 307.0 311.0 315.0 319.0 323.0 328.0 333.0 337.0 343.0 348.0 353.0 358.0 364.0 369.0 374.0 380.0 385.0 390.0 396.0 401.0 16.0 41.0 54.0 67.0 79.0 91.0 103.0 115.0 127.0 139.0 151.0 162.0 174.0 185.0 197.0 208.0 219.0 231.0 242.0 254.0 265.0 276.0 288.0 299.0 311.0 281.0 1780799528.534290
292.0 296.0 298.0 300.0 303.0 307.0 310.0 313.0 317.0 322.0 325.0 330.0 335.0 340.0 345.0 350.0 355.0 361.0 366.0 372.0 377.0 383.0 389.0 394.0 399.0 16.0 41.0 54.0 67.0 79.0 92.0 104.0 117.0 129.0 140.0 152.0 164.0 176.0 187.0 199.0 210.0 222.0 233.0 244.0 256.0 267.0 279.0 290.0 301.0 313.0 282.0 1780799528.549684
292.0 297.0 298.0 300.0 302.0 305.0 308.0 312.0 316.0 319.0 323.0 328.0 332.0 337.0 341.0 346.0 351.0 356.0 362.0 368.0 373.0 378.0 384.0 390.0 394.0 16.0 42.0 55.0 68.0 80.0 93.0 105.0 118.0 130.0 142.0 154.0 166.0 178.0 190.0 201.0 213.0 224.0 236.0 248.0 259.0 270.0 282.0 293.0 304.0 316.0 283.0 1780799528.575479
292.0 296.0 297.0 300.0 302.0 304.0 306.0 310.0 313.0 316.0 320.0 323.0 327.0 331.0 336.0 340.0 345.0 349.0 355.0 360.0 365.0 370.0 375.0 380.0 384.0 16.0 42.0 55.0 68.0 81.0 94.0 106.0 118.0 131.0 144.0 156.0 167.0 179.0 192.0 204.0 216.0 227.0 239.0 250.0 262.0 274.0 285.0 296.0 308.0 320.0 284.0 1780799528.606408
292.0 296.0 297.0 298.0 300.0 302.0 304.0 307.0 309.0 312.0 315.0 318.0 321.0 325.0 328.0 331.0 335.0 339.0 343.0 348.0 351.0 355.0 360.0 363.0 367.0 16.0 42.0 55.0 68.0 81.0 93.0 106.0 119.0 131.0 144.0 156.0 168.0 180.0 192.0 205.0 217.0 229.0 240.0 253.0 264.0 276.0 288.0 300.0 312.0 323.0 285.0 1780799528.627029
292.0 296.0 297.0 297.0 298.0 300.0 303.0 304.0 306.0 308.0 311.0 312.0 315.0 318.0 320.0 323.0 326.0 329.0 331.0 334.0 337.0 341.0 343.0 346.0 349.0 16.0 42.0 55.0 68.0 80.0 93.0 106.0 118.0 130.0 143.0 155.0 168.0 180.0 193.0 205.0 217.0 229.0 242.0 254.0 266.0 278.0 290.0 302.0 314.0 327.0 286.0 1780799528.642512
292.0 296.0 296.0 297.0 298.0 299.0 300.0 301.0 304.0 305.0 307.0 308.0 311.0 312.0 314.0 316.0 318.0 319.0 321.0 323.0 325.0 327.0 329.0 330.0 332.0 16.0 41.0 54.0 67.0 80.0 93.0 105.0 118.0 130.0 143.0 155.0 168.0 180.0 192.0 205.0 217.0 230.0 242.0 254.0 267.0 279.0 292.0 304.0 316.0 328.0 287.0 1780799528.657903
292.0 295.0 296.0 296.0 297.0 297.0 299.0 300.0 301.0 303.0 303.0 305.0 306.0 307.0 308.0 309.0 310.0 311.0 312.0 313.0 314.0 314.0 315.0 315.0 317.0 16.0 41.0 54.0 67.0 80.0 92.0 105.0 117.0 130.0 142.0 155.0 167.0 179.0 192.0 205.0 217.0 229.0 242.0 255.0 267.0 280.0 292.0 304.0 317.0 330.0 288.0 1780799528.673412
292.0 295.0 296.0 295.0 296.0 297.0 297.0 297.0 299.0 299.0 300.0 300.0 301.0 302.0 302.0 302.0 302.0 303.0 303.0 303.0 303.0 302.0 302.0 301.0 301.0 16.0 41.0 54.0 67.0 79.0 92.0 104.0 117.0 130.0 142.0 155.0 168.0 180.0 193.0 205.0 218.0 230.0 243.0 255.0 268.0 280.0 293.0 305.0 317.0 330.0 289.0 1780799528.688981
292.0 295.0 295.0 295.0 295.0 295.0 296.0 295.0 296.0 297.0 297.0 296.0 296.0 296.0 296.0 296.0 295.0 294.0 294.0 293.0 291.0 290.0 289.0 287.0 286.0 16.0 41.0 54.0 67.0 80.0 93.0 105.0 118.0 130.0 143.0 156.0 169.0 182.0 194.0 207.0 219.0 232.0 244.0 256.0 269.0 281.0 293.0 305.0 318.0 329.0 290.0 1780799528.704769
292.0 295.0 295.0 294.0 294.0 294.0 293.0 293.0 294.0 293.0 293.0 292.0 290.0 291.0 289.0 288.0 287.0 285.0 284.0 283.0 280.0 279.0 276.0 274.0 271.0 16.0 41.0 54.0 67.0 80.0 93.0 106.0 118.0 131.0 143.0 156.0 169.0 182.0 194.0 207.0 220.0 232.0 244.0 257.0 269.0 281.0 293.0 305.0 317.0 329.0 291.0 1780799528.719793
292.0 294.0 294.0 294.0 292.0 292.0 292.0 291.0 290.0 289.0 288.0 288.0 286.0 285.0 283.0 281.0 279.0 277.0 275.0 273.0 270.0 268.0 265.0 262.0 259.0 16.0 43.0 56.0 68.0 81.0 94.0 106.0 119.0 132.0 144.0 157.0 170.0 182.0 194.0 206.0 219.0 231.0 244.0 255.0 267.0 279.0 292.0 303.0 315.0 326.0 292.0 1780799528.740565
292.0 295.0 294.0 292.0 291.0 291.0 289.0 288.0 287.0 284.0 283.0 282.0 279.0 278.0 276.0 274.0 270.0 268.0 265.0 262.0 260.0 256.0 252.0 249.0 245.0 16.0 42.0 55.0 67.0 80.0 93.0 106.0 118.0 131.0 143.0 155.0 168.0 180.0 193.0 205.0 218.0 229.0 241.0 253.0 265.0 277.0 289.0 301.0 313.0 324.0 293.0 1780799528.755865
292.0 294.0 293.0 291.0 290.0 288.0 287.0 285.0 283.0 281.0 279.0 276.0 274.0 271.0 269.0 266.0 263.0 260.0 256.0 253.0 250.0 246.0 242.0 239.0 234.0 16.0 42.0 55.0 67.0 80.0 92.0 105.0 118.0 130.0 143.0 155.0 167.0 179.0 191.0 203.0 216.0 228.0 240.0 252.0 263.0 275.0 287.0 298.0 310.0 321.0 294.0 1780799528.776386
292.0 294.0 293.0 290.0 288.0 286.0 284.0 282.0 279.0 276.0 273.0 271.0 268.0 265.0 262.0 258.0 255.0 251.0 248.0 244.0 240.0 236.0 232.0 228.0 223.0 16.0 41.0 54.0 67.0 80.0 92.0 105.0 117.0 129.0 141.0 153.0 166.0 178.0 190.0 202.0 214.0 226.0 238.0 250.0 262.0 274.0 286.0 297.0 309.0 320.0 295.0 1780799528.802148
292.0 293.0 291.0 289.0 286.0 284.0 281.0 278.0 275.0 272.0 269.0 265.0 262.0 258.0 255.0 251.0 248.0 243.0 239.0 236.0 231.0 227.0 223.0 218.0 214.0 16.0 42.0 55.0 67.0 80.0 92.0 104.0 116.0 129.0 141.0 153.0 165.0 177.0 189.0 201.0 213.0 225.0 236.0 248.0 260.0 272.0 284.0 295.0 307.0 318.0 296.0 1780799528.817663
292.0 293.0 291.0 289.0 285.0 282.0 279.0 275.0 272.0 268.0 264.0 261.0 257.0 253.0 249.0 245.0 241.0 237.0 232.0 228.0 223.0 220.0 215.0 210.0 205.0 16.0 42.0 54.0 67.0 79.0 91.0 104.0 116.0 128.0 140.0 152.0 164.0 176.0 188.0 200.0 211.0 223.0 235.0 247.0 258.0 270.0 282.0 293.0 305.0 317.0 297.0 1780799528.838382
292.0 293.0 291.0 288.0 284.0 281.0 277.0 274.0 270.0 266.0 262.0 258.0 254.0 249.0 245.0 241.0 237.0 232.0 227.0 223.0 218.0 214.0 209.0 205.0 199.0 16.0 42.0 54.0 66.0 79.0 91.0 103.0 115.0 127.0 138.0 150.0 163.0 174.0 186.0 198.0 209.0 221.0 233.0 245.0 256.0 268.0 280.0 291.0 303.0 314.0 298.0 1780799528.858967
292.0 293.0 291.0 287.0 284.0 280.0 277.0 272.0 269.0 264.0 260.0 256.0 251.0 247.0 243.0 237.0 233.0 229.0 224.0 219.0 214.0 210.0 205.0 199.0 194.0 16.0 41.0 54.0 66.0 79.0 90.0 103.0 114.0 126.0 138.0 150.0 162.0 174.0 185.0 197.0 209.0 221.0 233.0 244.0 256.0 267.0 279.0 290.0 302.0 313.0 299.0 1780799528.879441
292.0 293.0 291.0 288.0 284.0 280.0 277.0 272.0 268.0 264.0 260.0 256.0 251.0 246.0 242.0 237.0 232.0 228.0 223.0 218.0 213.0 209.0 203.0 198.0 193.0 16.0 41.0 54.0 66.0 79.0 90.0 103.0 114.0 126.0 138.0 150.0 162.0 173.0 185.0 197.0 208.0 220.0 232.0 243.0 255.0 266.0 278.0 289.0 301.0 312.0 300.0 1780799528.905260
292.0 293.0 291.0 288.0 284.0 280.0 277.0 273.0 269.0 265.0 261.0 257.0 252.0 247.0 243.0 238.0 233.0 228.0 224.0 219.0 214.0 209.0 203.0 198.0 193.0 16.0 42.0 54.0 66.0 79.0 90.0 103.0 114.0 126.0 138.0 150.0 162.0 173.0 185.0 197.0 208.0 220.0 231.0 243.0 254.0 266.0 277.0 289.0 300.0 311.0 301.0 1780799528.930987
292.0 294.0 291.0 288.0 286.0 282.0 279.0 275.0 272.0 268.0 264.0 260.0 256.0 252.0 247.0 242.0 238.0 233.0 227.0 222.0 217.0 212.0 206.0 201.0 195.0 16.0 42.0 54.0 66.0 79.0 91.0 103.0 115.0 127.0 139.0 151.0 163.0 174.0 186.0 197.0 209.0 221.0 232.0 244.0 255.0 266.0 278.0 289.0 300.0 311.0 302.0 1780799528.951568
292.0 293.0 291.0 288.0 286.0 283.0 281.0 278.0 274.0 271.0 267.0 263.0 259.0 255.0 251.0 246.0 242.0 237.0 232.0 227.0 221.0 216.0 210.0 204.0 198.0 16.0 41.0 54.0 66.0 79.0 91.0 103.0 116.0 128.0 140.0 152.0 163.0 175.0 188.0 199.0 211.0 222.0 234.0 245.0 256.0 268.0 279.0 290.0 301.0 312.0 303.0 1780799528.967144
292.0 294.0 292.0 290.0 288.0 285.0 283.0 280.0 277.0 274.0 270.0 267.0 264.0 260.0 256.0 251.0 247.0 242.0 238.0 233.0 227.0 222.0 217.0 211.0 205.0 16.0 41.0 54.0 67.0 79.0 91.0 104.0 116.0 128.0 141.0 153.0 165.0 177.0 189.0 200.0 212.0 223.0 235.0 246.0 258.0 269.0 280.0 292.0 303.0 314.0 304.0 1780799528.987792
292.0 293.0 293.0 290.0 289.0 287.0 285.0 282.0 279.0 277.0 275.0 272.0 269.0 265.0 262.0 258.0 254.0 250.0 246.0 241.0 236.0 231.0 226.0 221.0 215.0 16.0 41.0 54.0 67.0 79.0 92.0 104.0 117.0 129.0 141.0 153.0 165.0 178.0 190.0 202.0 214.0 225.0 237.0 248.0 260.0 271.0 283.0 294.0 305.0 316.0 305.0 1780799529.008264
292.0 294.0 292.0 291.0 289.0 288.0 287.0 284.0 282.0 280.0 278.0 276.0 273.0 271.0 267.0 264.0 261.0 258.0 254.0 250.0 246.0 242.0 237.0 233.0 229.0 16.0 41.0 54.0 67.0 79.0 92.0 105.0 117.0 129.0 142.0 154.0 167.0 179.0 191.0 203.0 215.0 227.0 239.0 251.0 262.0 274.0 285.0 297.0 308.0 320.0 306.0 1780799529.023684
292.0 294.0 293.0 292.0 290.0 289.0 288.0 286.0 285.0 283.0 281.0 280.0 277.0 275.0 273.0 270.0 268.0 265.0 262.0 259.0 255.0 252.0 249.0 245.0 242.0 16.0 42.0 55.0 67.0 79.0 92.0 105.0 117.0 130.0 143.0 155.0 167.0 180.0 192.0 204.0 217.0 229.0 240.0 253.0 264.0 276.0 288.0 299.0 312.0 324.0 307.0 1780799529.044362
292.0 294.0 293.0 292.0 291.0 290.0 290.0 288.0 287.0 285.0 284.0 284.0 282.0 280.0 279.0 276.0 275.0 272.0 270.0 268.0 266.0 263.0 261.0 258.0 255.0 16.0 42.0 55.0 67.0 80.0 92.0 105.0 117.0 130.0 143.0 155.0 168.0 180.0 192.0 205.0 217.0 229.0 242.0 254.0 266.0 278.0 290.0 302.0 314.0 326.0 308.0 1780799529.059999
292.0 294.0 294.0 292.0 292.0 291.0 291.0 290.0 288.0 288.0 287.0 287.0 286.0 286.0 285.0 283.0 282.0 281.0 281.0 279.0 277.0 277.0 275.0 274.0 271.0 16.0 42.0 54.0 66.0 79.0 92.0 105.0 117.0 130.0 142.0 155.0 167.0 179.0 192.0 205.0 217.0 230.0 242.0 254.0 267.0 279.0 292.0 304.0 316.0 328.0 309.0 1780799529.075581
292.0 294.0 294.0 293.0 293.0 291.0 292.0 291.0 291.0 291.0 290.0 290.0 290.0 290.0 290.0 290.0 289.0 290.0 290.0 289.0 289.0 289.0 288.0 288.0 287.0 16.0 42.0 54.0 67.0 79.0 92.0 105.0 117.0 130.0 142.0 155.0 168.0 180.0 193.0 205.0 218.0 230.0 243.0 255.0 267.0 280.0 292.0 304.0 317.0 329.0 310.0 1780799529.090787
292.0 294.0 294.0 293.0 293.0 293.0 293.0 293.0 293.0 293.0 294.0 294.0 294.0 294.0 295.0 296.0 297.0 298.0 298.0 299.0 299.0 301.0 302.0 302.0 303.0 16.0 42.0 55.0 67.0 80.0 92.0 105.0 118.0 131.0 143.0 156.0 168.0 181.0 194.0 206.0 218.0 231.0 243.0 256.0 268.0 281.0 293.0 305.0 317.0 329.0 311.0 1780799529.106345
292.0 294.0 294.0 294.0 293.0 294.0 295.0 295.0 296.0 296.0 297.0 298.0 299.0 300.0 302.0 303.0 304.0 306.0 307.0 309.0 310.0 313.0 314.0 315.0 317.0 16.0 42.0 55.0 68.0 81.0 94.0 106.0 119.0 132.0 145.0 158.0 170.0 183.0 195.0 207.0 220.0 232.0 244.0 257.0 269.0 281.0 293.0 305.0 317.0 330.0 312.0 1780799529.121687
292.0 295.0 294.0 295.0 295.0 296.0 297.0 297.0 298.0 299.0 301.0 302.0 304.0 305.0 307.0 309.0 311.0 313.0 316.0 318.0 321.0 323.0 325.0 327.0 329.0 16.0 42.0 55.0 69.0 81.0 94.0 107.0 120.0 132.0 145.0 157.0 169.0 182.0 195.0 207.0 219.0 231.0 243.0 255.0 267.0 279.0 291.0 303.0 315.0 328.0 313.0 1780799529.142195
292.0 295.0 295.0 295.0 297.0 297.0 299.0 300.0 302.0 303.0 305.0 307.0 309.0 311.0 314.0 316.0 318.0 322.0 324.0 327.0 330.0 334.0 336.0 339.0 342.0 16.0 44.0 57.0 70.0 82.0 95.0 108.0 121.0 133.0 146.0 158.0 170.0 182.0 195.0 207.0 219.0 232.0 244.0 255.0 267.0 279.0 291.0 303.0 315.0 327.0 314.0 1780799529.157723
292.0 295.0 296.0 297.0 298.0 299.0 302.0 303.0 305.0 308.0 310.0 312.0 315.0 317.0 320.0 323.0 327.0 330.0 333.0 337.0 340.0 344.0 347.0 351.0 354.0 16.0 43.0 56.0 69.0 82.0 94.0 107.0 119.0 132.0 144.0 157.0 169.0 181.0 194.0 206.0 218.0 229.0 241.0 253.0 265.0 277.0 289.0 301.0 312.0 324.0 315.0 1780799529.173331
292.0 296.0 297.0 298.0 299.0 301.0 304.0 306.0 309.0 312.0 314.0 317.0 320.0 324.0 327.0 330.0 334.0 337.0 341.0 345.0 349.0 353.0 357.0 361.0 364.0 16.0 42.0 55.0 68.0 81.0 93.0 106.0 119.0 131.0 144.0 156.0 168.0 180.0 192.0 204.0 216.0 228.0 240.0 252.0 264.0 276.0 288.0 300.0 311.0 324.0 316.0 1780799529.193983
292.0 296.0 298.0 299.0 301.0 303.0 306.0 309.0 312.0 316.0 319.0 322.0 326.0 330.0 333.0 338.0 341.0 346.0 350.0 354.0 358.0 362.0 366.0 370.0 373.0 16.0 42.0 55.0 68.0 81.0 93.0 106.0 118.0 130.0 143.0 155.0 167.0 179.0 191.0 203.0 216.0 227.0 239.0 251.0 263.0 275.0 287.0 299.0 311.0 323.0 317.0 1780799529.214439
292.0 296.0 298.0 300.0 303.0 305.0 309.0 312.0 316.0 319.0 323.0 327.0 331.0 335.0 339.0 344.0 348.0 352.0 356.0 361.0 365.0 369.0 373.0 377.0 380.0 16.0 41.0 55.0 67.0 80.0 93.0 105.0 117.0 129.0 141.0 153.0 165.0 178.0 190.0 201.0 213.0 225.0 237.0 249.0 261.0 273.0 284.0 296.0 308.0 321.0 318.0 1780799529.235156
292.0 296.0 298.0 301.0 303.0 307.0 310.0 314.0 318.0 322.0 326.0 331.0 335.0 340.0 344.0 348.0 353.0 357.0 362.0 366.0 370.0 374.0 378.0 382.0 386.0 16.0 41.0 54.0 67.0 80.0 92.0 104.0 116.0 128.0 140.0 152.0 164.0 175.0 187.0 199.0 211.0 223.0 234.0 246.0 258.0 270.0 282.0 294.0 306.0 317.0 319.0 1780799529.255881
292.0 297.0 298.0 301.0 304.0 307.0 312.0 315.0 320.0 325.0 329.0 333.0 338.0 342.0 347.0 352.0 357.0 361.0 365.0 370.0 374.0 378.0 382.0 386.0 391.0 16.0 41.0 54.0 67.0 79.0 91.0 103.0 116.0 127.0 139.0 151.0 163.0 174.0 186.0 197.0 209.0 221.0 233.0 245.0 256.0 268.0 280.0 292.0 304.0 316.0 320.0 1780799529.276361
292.0 297.0 298.0 301.0 304.0 307.0 312.0 316.0 320.0 325.0 329.0 334.0 339.0 343.0 348.0 353.0 358.0 362.0 366.0 371.0 375.0 379.0 383.0 387.0 392.0 16.0 41.0 54.0 67.0 79.0 91.0 103.0 115.0 127.0 139.0 151.0 163.0 174.0 186.0 197.0 209.0 221.0 233.0 244.0 256.0 268.0 280.0 292.0 304.0 315.0 321.0 1780799529.296959
292.0 297.0 298.0 301.0 305.0 308.0 312.0 316.0 320.0 325.0 329.0 334.0 339.0 343.0 348.0 353.0 358.0 362.0 367.0 371.0 375.0 380.0 384.0 388.0 393.0 16.0 41.0 54.0 67.0 79.0 91.0 103.0 116.0 127.0 139.0 151.0 163.0 174.0 186.0 198.0 209.0 221.0 233.0 244.0 256.0 268.0 280.0 292.0 304.0 315.0 322.0 1780799529.322634
292.0 297.0 298.0 301.0 304.0 307.0 311.0 315.0 319.0 323.0 328.0 332.0 337.0 341.0 346.0 351.0 356.0 360.0 365.0 370.0 374.0 379.0 384.0 388.0 393.0 16.0 41.0 54.0 67.0 79.0 92.0 104.0 116.0 128.0 140.0 152.0 164.0 175.0 187.0 199.0 211.0 222.0 234.0 245.0 257.0 269.0 281.0 293.0 305.0 316.0 323.0 1780799529.343294
292.0 296.0 298.0 301.0 303.0 306.0 309.0 313.0 316.0 321.0 324.0 329.0 333.0 337.0 342.0 347.0 351.0 356.0 361.0 366.0 371.0 375.0 380.0 384.0 390.0 16.0 42.0 55.0 67.0 80.0 92.0 105.0 117.0 129.0 141.0 153.0 165.0 177.0 189.0 200.0 212.0 224.0 236.0 247.0 259.0 271.0 282.0 294.0 306.0 317.0 324.0 1780799529.363830
292.0 296.0 297.0 299.0 301.0 304.0 307.0 311.0 314.0 317.0 321.0 324.0 328.0 332.0 337.0 341.0 346.0 350.0 355.0 359.0 364.0 369.0 374.0 379.0 383.0 16.0 42.0 55.0 68.0 80.0 93.0 105.0 118.0 129.0 142.0 154.0 166.0 178.0 190.0 202.0 214.0 225.0 237.0 249.0 260.0 272.0 283.0 295.0 306.0 318.0 325.0 1780799529.384453
292.0 296.0 297.0 299.0 300.0 302.0 305.0 307.0 310.0 313.0 316.0 319.0 323.0 327.0 331.0 334.0 339.0 343.0 348.0 352.0 356.0 361.0 366.0 370.0 375.0 16.0 42.0 55.0 68.0 81.0 93.0 106.0 118.0 131.0 143.0 155.0 168.0 180.0 191.0 203.0 215.0 227.0 239.0 251.0 262.0 274.0 286.0 297.0 309.0 320.0 326.0 1780799529.405241
292.0 296.0 296.0 297.0 299.0 300.0 303.0 305.0 307.0 309.0 312.0 314.0 318.0 321.0 324.0 328.0 331.0 335.0 339.0 343.0 347.0 351.0 356.0 359.0 363.0 16.0 42.0 55.0 68.0 81.0 94.0 106.0 119.0 131.0 144.0 156.0 169.0 181.0 193.0 205.0 217.0 229.0 241.0 253.0 265.0 276.0 288.0 300.0 311.0 324.0 327.0 1780799529.425604
292.0 296.0 296.0 296.0 298.0 299.0 300.0 302.0 303.0 306.0 307.0 310.0 312.0 314.0 317.0 320.0 323.0 326.0 330.0 332.0 336.0 339.0 343.0 345.0 349.0 16.0 42.0 55.0 68.0 81.0 94.0 107.0 120.0 132.0 144.0 157.0 169.0 181.0 194.0 206.0 218.0 230.0 241.0 253.0 265.0 277.0 289.0 301.0 313.0 325.0 328.0 1780799529.441287
292.0 295.0 296.0 296.0 297.0 298.0 299.0 300.0 301.0 303.0 304.0 305.0 307.0 310.0 311.0 313.0 316.0 318.0 320.0 323.0 325.0 328.0 331.0 332.0 335.0 16.0 42.0 55.0 68.0 81.0 93.0 106.0 119.0 131.0 144.0 157.0 169.0 182.0 194.0 206.0 219.0 231.0 243.0 255.0 267.0 280.0 292.0 303.0 316.0 328.0 329.0 1780799529.456773
292.0 296.0 295.0 295.0 296.0 297.0 297.0 298.0 299.0 300.0 301.0 302.0 303.0 305.0 306.0 307.0 308.0 310.0 312.0 313.0 315.0 317.0 318.0 319.0 321.0 16.0 42.0 54.0 67.0 80.0 93.0 106.0 118.0 131.0 143.0 156.0 168.0 181.0 193.0 206.0 218.0 230.0 243.0 255.0 267.0 280.0 292.0 304.0 317.0 329.0 330.0 1780799529.471958
292.0 295.0 295.0 295.0 295.0 295.0 296.0 297.0 297.0 298.0 298.0 298.0 300.0 300.0 301.0 301.0 302.0 303.0 304.0 304.0 305.0 305.0 305.0 305.0 306.0 16.0 41.0 54.0 67.0 79.0 92.0 105.0 118.0 130.0 143.0 156.0 168.0 181.0 194.0 206.0 218.0 231.0 244.0 257.0 269.0 281.0 293.0 306.0 318.0 331.0 331.0 1780799529.492793
292.0 295.0 294.0 295.0 295.0 295.0 295.0 295.0 295.0 296.0 295.0 295.0 296.0 296.0 296.0 295.0 295.0 295.0 296.0 294.0 294.0 294.0 293.0 292.0 291.0 16.0 41.0 54.0 67.0 80.0 92.0 105.0 118.0 131.0 143.0 156.0 168.0 181.0 194.0 207.0 219.0 231.0 244.0 256.0 269.0 281.0 293.0 306.0 318.0 331.0 332.0 1780799529.502913
292.0 295.0 294.0 294.0 294.0 294.0 293.0 294.0 294.0 293.0 293.0 292.0 292.0 291.0 291.0 289.0 288.0 288.0 287.0 285.0 283.0 282.0 281.0 279.0 277.0 16.0 41.0 54.0 67.0 80.0 93.0 106.0 118.0 131.0 144.0 156.0 169.0 182.0 194.0 207.0 219.0 232.0 245.0 257.0 269.0 282.0 293.0 305.0 318.0 330.0 333.0 1780799529.518529
292.0 295.0 294.0 294.0 294.0 293.0 292.0 292.0 291.0 290.0 289.0 289.0 287.0 286.0 285.0 284.0 282.0 280.0 278.0 276.0 274.0 272.0 269.0 266.0 264.0 16.0 42.0 55.0 68.0 81.0 93.0 106.0 119.0 132.0 144.0 157.0 170.0 182.0 195.0 207.0 219.0 232.0 244.0 256.0 268.0 280.0 292.0 304.0 316.0 328.0 334.0 1780799529.538964
292.0 295.0 294.0 293.0 292.0 291.0 290.0 290.0 289.0 288.0 286.0 285.0 283.0 281.0 279.0 277.0 274.0 272.0 269.0 266.0 263.0 260.0 257.0 253.0 250.0 16.0 42.0 55.0 67.0 80.0 93.0 106.0 119.0 132.0 144.0 156.0 169.0 181.0 194.0 206.0 218.0 230.0 242.0 254.0 266.0 278.0 290.0 302.0 313.0 326.0 335.0 1780799529.554354
292.0 294.0 293.0 292.0 291.0 290.0 288.0 287.0 285.0 284.0 283.0 280.0 278.0 275.0 273.0 270.0 267.0 264.0 261.0 257.0 254.0 250.0 246.0 242.0 238.0 16.0 43.0 56.0 69.0 81.0 94.0 106.0 119.0 132.0 145.0 157.0 169.0 181.0 193.0 206.0 218.0 230.0 242.0 253.0 265.0 277.0 289.0 300.0 311.0 323.0 336.0 1780799529.570014
292.0 294.0 293.0 291.0 290.0 289.0 286.0 285.0 283.0 280.0 278.0 276.0 273.0 271.0 268.0 264.0 261.0 257.0 253.0 250.0 245.0 242.0 237.0 232.0 227.0 16.0 42.0 55.0 68.0 81.0 94.0 106.0 119.0 131.0 144.0 156.0 168.0 180.0 192.0 204.0 216.0 228.0 240.0 252.0 264.0 275.0 287.0 298.0 309.0 320.0 337.0 1780799529.590427
292.0 294.0 292.0 291.0 289.0 286.0 284.0 282.0 279.0 277.0 274.0 272.0 267.0 265.0 262.0 258.0 254.0 250.0 246.0 242.0 237.0 233.0 228.0 223.0 218.0 16.0 42.0 55.0 68.0 80.0 93.0 105.0 118.0 130.0 143.0 155.0 167.0 179.0 191.0 203.0 215.0 227.0 238.0 250.0 262.0 273.0 285.0 296.0 308.0 319.0 338.0 1780799529.611129
292.0 294.0 292.0 289.0 287.0 285.0 282.0 279.0 276.0 273.0 269.0 267.0 263.0 259.0 256.0 252.0 248.0 243.0 240.0 235.0 230.0 225.0 221.0 215.0 211.0 16.0 42.0 55.0 67.0 79.0 92.0 104.0 116.0 129.0 141.0 153.0 165.0 177.0 189.0 201.0 213.0 225.0 236.0 248.0 259.0 271.0 282.0 294.0 305.0 317.0 339.0 1780799529.631703
292.0 294.0 292.0 289.0 286.0 283.0 279.0 277.0 273.0 270.0 266.0 262.0 258.0 254.0 251.0 247.0 242.0 238.0 234.0 229.0 225.0 220.0 215.0 210.0 205.0 16.0 41.0 54.0 67.0 79.0 91.0 103.0 115.0 128.0 140.0 152.0 163.0 176.0 188.0 200.0 211.0 223.0 235.0 246.0 258.0 270.0 281.0 293.0 304.0 316.0 340.0 1780799529.652486
292.0 294.0 291.0 288.0 285.0 281.0 278.0 274.0 271.0 267.0 263.0 259.0 255.0 251.0 247.0 243.0 238.0 234.0 230.0 225.0 220.0 216.0 211.0 206.0 202.0 16.0 42.0 54.0 66.0 78.0 91.0 103.0 115.0 127.0 139.0 150.0 162.0 174.0 186.0 198.0 210.0 221.0 233.0 245.0 256.0 268.0 280.0 291.0 303.0 314.0 341.0 1780799529.673132
292.0 293.0 291.0 288.0 284.0 280.0 277.0 273.0 269.0 266.0 261.0 257.0 253.0 249.0 244.0 240.0 236.0 231.0 227.0 222.0 218.0 213.0 208.0 204.0 199.0 16.0 42.0 54.0 67.0 79.0 91.0 103.0 115.0 127.0 139.0 151.0 163.0 175.0 186.0 198.0 210.0 222.0 233.0 245.0 257.0 269.0 280.0 292.0 304.0 316.0 342.0 1780799529.693654
292.0 293.0 291.0 288.0 284.0 280.0 277.0 273.0 269.0 266.0 261.0 257.0 253.0 248.0 244.0 240.0 235.0 231.0 227.0 222.0 217.0 213.0 208.0 204.0 199.0 16.0 42.0 54.0 67.0 79.0 91.0 103.0 115.0 127.0 139.0 151.0 163.0 175.0 186.0 198.0 210.0 222.0 234.0 246.0 257.0 269.0 281.0 292.0 304.0 316.0 343.0 1780799529.714509
292.0 293.0 291.0 288.0 285.0 281.0 277.0 273.0 270.0 266.0 261.0 258.0 253.0 249.0 245.0 240.0 236.0 232.0 227.0 223.0 218.0 214.0 209.0 204.0 199.0 16.0 42.0 54.0 67.0 79.0 91.0 103.0 115.0 127.0 139.0 151.0 163.0 175.0 186.0 198.0 210.0 222.0 234.0 245.0 257.0 269.0 280.0 292.0 304.0 316.0 344.0 1780799529.739891
292.0 294.0 291.0 288.0 285.0 282.0 279.0 276.0 272.0 268.0 264.0 261.0 257.0 252.0 249.0 244.0 240.0 236.0 232.0 227.0 222.0 218.0 213.0 208.0 203.0 16.0 42.0 54.0 67.0 79.0 91.0 103.0 116.0 128.0 140.0 151.0 164.0 176.0 187.0 199.0 211.0 223.0 235.0 246.0 258.0 270.0 281.0 293.0 304.0 316.0 345.0 1780799529.760461
292.0 293.0 291.0 289.0 286.0 284.0 281.0 278.0 275.0 272.0 268.0 265.0 262.0 258.0 254.0 250.0 245.0 241.0 237.0 233.0 228.0 223.0 219.0 214.0 209.0 16.0 41.0 54.0 66.0 79.0 92.0 104.0 116.0 128.0 141.0 152.0 164.0 177.0 189.0 201.0 213.0 224.0 236.0 248.0 259.0 271.0 282.0 294.0 305.0 317.0 346.0 1780799529.781165
292.0 294.0 292.0 289.0 288.0 286.0 283.0 280.0 278.0 276.0 273.0 269.0 267.0 263.0 259.0 257.0 252.0 249.0 245.0 240.0 236.0 231.0 226.0 221.0 216.0 16.0 41.0 54.0 67.0 79.0 92.0 104.0 116.0 129.0 142.0 154.0 166.0 178.0 190.0 202.0 214.0 226.0 238.0 250.0 261.0 273.0 284.0 296.0 307.0 319.0 347.0 1780799529.801730
292.0 293.0 292.0 291.0 289.0 287.0 286.0 283.0 282.0 279.0 278.0 275.0 272.0 269.0 267.0 264.0 260.0 256.0 252.0 248.0 244.0 240.0 236.0 231.0 227.0 16.0 41.0 54.0 67.0 79.0 92.0 105.0 117.0 130.0 142.0 154.0 167.0 179.0 192.0 204.0 216.0 227.0 239.0 251.0 263.0 274.0 286.0 298.0 309.0 321.0 348.0 1780799529.817199
292.0 294.0 293.0 292.0 290.0 289.0 287.0 286.0 284.0 283.0 282.0 279.0 278.0 275.0 272.0 270.0 267.0 264.0 260.0 257.0 253.0 249.0 246.0 242.0 238.0 16.0 42.0 55.0 67.0 80.0 92.0 105.0 118.0 131.0 143.0 155.0 167.0 180.0 192.0 204.0 217.0 229.0 241.0 252.0 264.0 276.0 288.0 299.0 311.0 322.0 349.0 1780799529.837771
292.0 294.0 293.0 292.0 291.0 291.0 289.0 289.0 288.0 286.0 285.0 284.0 282.0 281.0 279.0 277.0 275.0 273.0 270.0 267.0 264.0 260.0 257.0 254.0 251.0 16.0 42.0 55.0 67.0 80.0 93.0 105.0 118.0 131.0 144.0 157.0 169.0 182.0 194.0 206.0 218.0 231.0 243.0 255.0 267.0 279.0 291.0 303.0 314.0 326.0 350.0 1780799529.853214
292.0 295.0 293.0 293.0 292.0 293.0 291.0 291.0 290.0 290.0 289.0 288.0 287.0 285.0 285.0 283.0 281.0 280.0 278.0 277.0 274.0 271.0 269.0 267.0 264.0 16.0 42.0 54.0 67.0 80.0 93.0 105.0 118.0 131.0 144.0 157.0 169.0 182.0 194.0 207.0 219.0 231.0 244.0 256.0 269.0 280.0 292.0 304.0 317.0 328.0 351.0 1780799529.868933
292.0 295.0 294.0 294.0 293.0 293.0 292.0 292.0 292.0 292.0 292.0 291.0 290.0 291.0 290.0 289.0 288.0 287.0 287.0 286.0 284.0 283.0 281.0 280.0 278.0 16.0 42.0 54.0 66.0 79.0 93.0 105.0 117.0 130.0 142.0 155.0 168.0 180.0 192.0 205.0 218.0 230.0 243.0 255.0 268.0 280.0 292.0 304.0 316.0 329.0 352.0 1780799529.884367
292.0 295.0 294.0 294.0 293.0 294.0 293.0 294.0 294.0 294.0 295.0 294.0 295.0 295.0 294.0 295.0 295.0 295.0 295.0 294.0 294.0 295.0 293.0 294.0 293.0 16.0 42.0 55.0 67.0 80.0 93.0 105.0 118.0 131.0 143.0 155.0 168.0 181.0 193.0 206.0 218.0 230.0 243.0 255.0 268.0 280.0 293.0 305.0 317.0 329.0 353.0 1780799529.899626
292.0 294.0 294.0 295.0 294.0 295.0 295.0 296.0 296.0 296.0 297.0 297.0 298.0 299.0 299.0 301.0 301.0 302.0 302.0 303.0 304.0 305.0 305.0 306.0 307.0 16.0 42.0 55.0 67.0 80.0 93.0 105.0 118.0 131.0 143.0 155.0 168.0 180.0 192.0 205.0 218.0 230.0 242.0 254.0 267.0 279.0 291.0 303.0 316.0 328.0 354.0 1780799529.915057
292.0 295.0 295.0 295.0 295.0 296.0 296.0 297.0 298.0 299.0 299.0 301.0 302.0 304.0 304.0 306.0 307.0 309.0 310.0 312.0 314.0 316.0 317.0 318.0 320.0 16.0 42.0 55.0 68.0 81.0 93.0 106.0 119.0 131.0 143.0 156.0 168.0 181.0 193.0 206.0 218.0 230.0 242.0 255.0 266.0 279.0 291.0 303.0 316.0 327.0 355.0 1780799529.930560
292.0 295.0 295.0 295.0 296.0 297.0 298.0 299.0 300.0 301.0 303.0 305.0 306.0 308.0 310.0 312.0 314.0 317.0 318.0 321.0 323.0 326.0 328.0 331.0 333.0 16.0 43.0 56.0 69.0 82.0 94.0 107.0 120.0 132.0 145.0 157.0 170.0 182.0 194.0 206.0 218.0 230.0 242.0 255.0 267.0 279.0 291.0 303.0 315.0 326.0 356.0 1780799529.951284
292.0 295.0 295.0 297.0 297.0 298.0 300.0 301.0 303.0 305.0 307.0 309.0 311.0 313.0 316.0 319.0 321.0 325.0 328.0 331.0 334.0 337.0 340.0 343.0 347.0 16.0 44.0 57.0 70.0 82.0 95.0 108.0 120.0 133.0 145.0 158.0 170.0 183.0 195.0 207.0 218.0 230.0 242.0 254.0 266.0 278.0 290.0 302.0 314.0 325.0 357.0 1780799529.966664
292.0 295.0 296.0 297.0 298.0 300.0 301.0 303.0 306.0 308.0 310.0 313.0 315.0 318.0 321.0 325.0 328.0 332.0 335.0 339.0 343.0 347.0 350.0 354.0 358.0 16.0 44.0 57.0 70.0 83.0 95.0 108.0 121.0 133.0 145.0 158.0 170.0 182.0 194.0 206.0 218.0 230.0 242.0 254.0 265.0 277.0 290.0 301.0 313.0 324.0 358.0 1780799529.992323
292.0 295.0 297.0 298.0 299.0 302.0 303.0 306.0 308.0 311.0 314.0 317.0 320.0 323.0 327.0 331.0 335.0 339.0 343.0 347.0 351.0 356.0 360.0 364.0 369.0 16.0 43.0 56.0 69.0 82.0 94.0 107.0 119.0 132.0 144.0 156.0 169.0 181.0 193.0 205.0 217.0 229.0 241.0 252.0 264.0 276.0 288.0 299.0 311.0 322.0 359.0 1780799530.007879
292.0 296.0 297.0 298.0 301.0 303.0 305.0 308.0 312.0 314.0 318.0 322.0 325.0 329.0 333.0 337.0 341.0 345.0 349.0 354.0 359.0 363.0 368.0 372.0 376.0 16.0 43.0 56.0 69.0 81.0 94.0 106.0 118.0 131.0 143.0 155.0 167.0 179.0 191.0 203.0 215.0 226.0 238.0 250.0 261.0 273.0 285.0 296.0 308.0 320.0 360.0 1780799530.028515
292.0 296.0 297.0 300.0 302.0 305.0 308.0 311.0 314.0 318.0 322.0 326.0 330.0 333.0 338.0 342.0 346.0 351.0 355.0 360.0 364.0 369.0 373.0 378.0 382.0 16.0 42.0 55.0 68.0 80.0 93.0 105.0 117.0 129.0 141.0 153.0 165.0 177.0 189.0 201.0 213.0 225.0 236.0 248.0 260.0 271.0 283.0 295.0 306.0 319.0 361.0 1780799530.049101
292.0 296.0 298.0 300.0 303.0 306.0 309.0 313.0 317.0 320.0 325.0 329.0 333.0 338.0 342.0 346.0 351.0 356.0 360.0 365.0 369.0 373.0 378.0 382.0 386.0 16.0 42.0 54.0 67.0 80.0 92.0 105.0 117.0 129.0 141.0 153.0 164.0 176.0 188.0 200.0 212.0 223.0 235.0 247.0 259.0 271.0 283.0 294.0 306.0 318.0 362.0 1780799530.069723
292.0 296.0 298.0 301.0 304.0 307.0 310.0 314.0 318.0 322.0 327.0 331.0 335.0 340.0 344.0 349.0 353.0 358.0 363.0 367.0 371.0 376.0 380.0 384.0 388.0 16.0 41.0 54.0 67.0 79.0 92.0 104.0 116.0 128.0 140.0 152.0 164.0 176.0 188.0 199.0 211.0 223.0 235.0 247.0 258.0 270.0 282.0 293.0 305.0 317.0 363.0 1780799530.095708
292.0 296.0 298.0 301.0 304.0 307.0 311.0 315.0 319.0 323.0 327.0 332.0 336.0 340.0 345.0 349.0 353.0 358.0 363.0 367.0 371.0 376.0 380.0 384.0 388.0 16.0 41.0 54.0 67.0 79.0 92.0 104.0 116.0 128.0 139.0 151.0 163.0 175.0 187.0 199.0 211.0 222.0 234.0 246.0 258.0 269.0 281.0 293.0 305.0 317.0 364.0 1780799530.121234
292.0 296.0 298.0 301.0 304.0 307.0 310.0 315.0 318.0 322.0 327.0 331.0 335.0 340.0 345.0 349.0 353.0 358.0 362.0 366.0 370.0 375.0 379.0 383.0 387.0 16.0 41.0 54.0 67.0 79.0 91.0 104.0 116.0 128.0 140.0 151.0 163.0 175.0 187.0 199.0 210.0 222.0 234.0 246.0 258.0 270.0 282.0 293.0 305.0 317.0 365.0 1780799530.141736
292.0 296.0 298.0 300.0 303.0 306.0 310.0 313.0 317.0 321.0 325.0 329.0 333.0 337.0 342.0 346.0 350.0 354.0 359.0 363.0 367.0 371.0 375.0 379.0 383.0 16.0 41.0 54.0 67.0 80.0 92.0 104.0 116.0 128.0 140.0 152.0 164.0 177.0 188.0 200.0 212.0 224.0 235.0 247.0 259.0 271.0 283.0 295.0 307.0 319.0 366.0 1780799530.162321
292.0 297.0 298.0 300.0 302.0 305.0 308.0 311.0 314.0 318.0 321.0 325.0 329.0 332.0 337.0 341.0 345.0 349.0 353.0 357.0 361.0 366.0 370.0 374.0 377.0 16.0 41.0 54.0 67.0 80.0 92.0 105.0 117.0 129.0 142.0 154.0 166.0 178.0 190.0 201.0 213.0 225.0 237.0 249.0 261.0 273.0 285.0 297.0 309.0 321.0 367.0 1780799530.183229
292.0 296.0 297.0 299.0 301.0 303.0 305.0 308.0 311.0 314.0 317.0 321.0 324.0 327.0 331.0 334.0 338.0 342.0 346.0 350.0 354.0 358.0 362.0 366.0 369.0 16.0 42.0 55.0 67.0 80.0 93.0 105.0 118.0 130.0 142.0 154.0 167.0 179.0 191.0 203.0 215.0 227.0 239.0 251.0 263.0 275.0 287.0 299.0 310.0 323.0 368.0 1780799530.203687
292.0 295.0 297.0 298.0 299.0 301.0 303.0 305.0 308.0 310.0 313.0 315.0 318.0 322.0 325.0 328.0 331.0 335.0 339.0 342.0 346.0 350.0 353.0 356.0 360.0 16.0 42.0 55.0 68.0 81.0 93.0 106.0 119.0 131.0 144.0 156.0 168.0 181.0 193.0 205.0 217.0 229.0 241.0 253.0 265.0 277.0 289.0 301.0 313.0 326.0 369.0 1780799530.224180
292.0 295.0 296.0 296.0 298.0 300.0 301.0 303.0 304.0 306.0 308.0 310.0 313.0 315.0 317.0 320.0 323.0 326.0 329.0 332.0 335.0 338.0 341.0 344.0 347.0 16.0 42.0 55.0 68.0 81.0 93.0 106.0 119.0 131.0 144.0 156.0 169.0 181.0 194.0 205.0 218.0 230.0 242.0 254.0 266.0 278.0 290.0 302.0 314.0 326.0 370.0 1780799530.244832
292.0 296.0 296.0 295.0 296.0 298.0 299.0 299.0 300.0 301.0 304.0 305.0 307.0 308.0 310.0 312.0 315.0 316.0 319.0 321.0 323.0 326.0 329.0 331.0 333.0 16.0 41.0 54.0 67.0 80.0 93.0 106.0 118.0 131.0 143.0 156.0 168.0 180.0 193.0 205.0 218.0 230.0 242.0 254.0 266.0 279.0 291.0 303.0 315.0 327.0 371.0 1780799530.260759
292.0 295.0 295.0 295.0 295.0 296.0 296.0 297.0 297.0 298.0 299.0 300.0 301.0 303.0 303.0 306.0 307.0 309.0 310.0 312.0 313.0 315.0 316.0 319.0 319.0 16.0 42.0 55.0 68.0 81.0 93.0 106.0 119.0 132.0 144.0 157.0 170.0 182.0 195.0 207.0 219.0 231.0 244.0 256.0 268.0 281.0 293.0 305.0 318.0 330.0 372.0 1780799530.275751
292.0 295.0 295.0 294.0 294.0 294.0 295.0 295.0 295.0 295.0 296.0 296.0 297.0 297.0 298.0 299.0 301.0 301.0 302.0 302.0 303.0 304.0 305.0 305.0 306.0 16.0 42.0 55.0 67.0 80.0 93.0 105.0 118.0 130.0 143.0 156.0 169.0 181.0 194.0 206.0 219.0 231.0 244.0 256.0 269.0 281.0 294.0 306.0 319.0 332.0 373.0 1780799530.291374
292.0 294.0 295.0 294.0 294.0 294.0 294.0 293.0 294.0 293.0 293.0 293.0 293.0 293.0 292.0 294.0 294.0 293.0 293.0 294.0 294.0 294.0 293.0 293.0 292.0 16.0 41.0 54.0 67.0 79.0 92.0 105.0 117.0 130.0 143.0 156.0 168.0 181.0 194.0 206.0 219.0 231.0 244.0 257.0 269.0 282.0 294.0 307.0 319.0 332.0 374.0 1780799530.306718
292.0 295.0 294.0 294.0 294.0 292.0 293.0 292.0 291.0 291.0 290.0 289.0 290.0 289.0 288.0 287.0 287.0 286.0 285.0 284.0 283.0 282.0 281.0 280.0 278.0 16.0 43.0 56.0 68.0 81.0 94.0 107.0 119.0 132.0 145.0 157.0 170.0 182.0 195.0 207.0 220.0 232.0 245.0 257.0 269.0 282.0 294.0 307.0 318.0 331.0 375.0 1780799530.322210
292.0 294.0 293.0 294.0 293.0 292.0 292.0 291.0 290.0 289.0 288.0 286.0 286.0 285.0 283.0 282.0 281.0 279.0 277.0 275.0 274.0 272.0 270.0 268.0 266.0 16.0 42.0 55.0 68.0 80.0 93.0 106.0 119.0 131.0 144.0 157.0 169.0 182.0 194.0 207.0 220.0 232.0 244.0 256.0 269.0 281.0 293.0 306.0 318.0 330.0 376.0 1780799530.342681
292.0 295.0 294.0 293.0 292.0 292.0 290.0 289.0 288.0 287.0 285.0 284.0 282.0 281.0 278.0 277.0 275.0 272.0 270.0 267.0 265.0 262.0 259.0 256.0 253.0 16.0 41.0 54.0 67.0 80.0 93.0 106.0 118.0 131.0 144.0 156.0 169.0 181.0 194.0 207.0 219.0 232.0 244.0 256.0 268.0 279.0 292.0 304.0 316.0 327.0 377.0 1780799530.358130
292.0 295.0 293.0 293.0 291.0 290.0 289.0 287.0 286.0 284.0 282.0 280.0 277.0 276.0 273.0 271.0 268.0 265.0 262.0 259.0 255.0 252.0 248.0 245.0 240.0 16.0 43.0 56.0 68.0 81.0 94.0 107.0 119.0 132.0 145.0 157.0 169.0 181.0 194.0 206.0 218.0 230.0 242.0 254.0 266.0 277.0 289.0 301.0 312.0 324.0 378.0 1780799530.373945
292.0 294.0 293.0 292.0 291.0 289.0 287.0 286.0 283.0 281.0 279.0 277.0 274.0 271.0 268.0 266.0 262.0 258.0 255.0 251.0 247.0 243.0 238.0 234.0 230.0 16.0 42.0 55.0 68.0 81.0 94.0 106.0 119.0 131.0 144.0 156.0 169.0 181.0 193.0 205.0 217.0 229.0 241.0 252.0 264.0 276.0 288.0 299.0 310.0 322.0 379.0 1780799530.394209
292.0 295.0 292.0 291.0 289.0 288.0 286.0 283.0 281.0 278.0 276.0 274.0 270.0 267.0 264.0 260.0 257.0 253.0 249.0 244.0 240.0 235.0 230.0 225.0 220.0 16.0 40.0 53.0 66.0 79.0 91.0 104.0 116.0 129.0 141.0 154.0 166.0 178.0 190.0 202.0 214.0 227.0 238.0 250.0 262.0 273.0 284.0 296.0 307.0 319.0 380.0 1780799530.409898
292.0 294.0 292.0 291.0 288.0 286.0 283.0 281.0 279.0 276.0 273.0 270.0 267.0 263.0 260.0 255.0 251.0 247.0 243.0 238.0 233.0 228.0 223.0 218.0 212.0 16.0 41.0 54.0 67.0 79.0 92.0 104.0 117.0 129.0 142.0 154.0 166.0 178.0 190.0 202.0 214.0 226.0 237.0 249.0 261.0 272.0 284.0 295.0 306.0 318.0 381.0 1780799530.430284
292.0 294.0 292.0 289.0 287.0 284.0 282.0 279.0 276.0 273.0 270.0 266.0 263.0 259.0 255.0 251.0 246.0 242.0 237.0 232.0 227.0 223.0 218.0 212.0 207.0 16.0 42.0 54.0 67.0 80.0 92.0 104.0 117.0 129.0 141.0 153.0 165.0 178.0 190.0 202.0 213.0 225.0 237.0 248.0 260.0 271.0 283.0 294.0 305.0 317.0 382.0 1780799530.450872
292.0 294.0 291.0 289.0 287.0 284.0 280.0 277.0 274.0 270.0 267.0 263.0 259.0 255.0 251.0 247.0 243.0 238.0 234.0 229.0 224.0 219.0 214.0 208.0 203.0 16.0 41.0 54.0 66.0 79.0 92.0 104.0 116.0 128.0 140.0 152.0 164.0 176.0 188.0 199.0 211.0 223.0 234.0 246.0 257.0 269.0 280.0 292.0 303.0 314.0 383.0 1780799530.471548
292.0 294.0 291.0 289.0 286.0 283.0 279.0 276.0 273.0 269.0 265.0 262.0 257.0 253.0 249.0 245.0 240.0 236.0 231.0 227.0 222.0 217.0 213.0 207.0 202.0 16.0 42.0 55.0 67.0 79.0 92.0 103.0 116.0 128.0 140.0 151.0 163.0 175.0 187.0 199.0 211.0 223.0 234.0 246.0 257.0 269.0 280.0 292.0 303.0 315.0 384.0 1780799530.497416
292.0 294.0 291.0 288.0 285.0 282.0 279.0 275.0 272.0 268.0 264.0 260.0 256.0 252.0 248.0 243.0 239.0 235.0 230.0 226.0 221.0 217.0 212.0 207.0 202.0 16.0 42.0 54.0 66.0 79.0 91.0 103.0 116.0 128.0 140.0 152.0 164.0 176.0 187.0 199.0 211.0 223.0 235.0 246.0 258.0 269.0 281.0 293.0 304.0 316.0 385.0 1780799530.512697
292.0 294.0 291.0 288.0 285.0 282.0 279.0 275.0 272.0 268.0 264.0 260.0 256.0 252.0 248.0 244.0 239.0 235.0 231.0 226.0 221.0 217.0 212.0 208.0 203.0 16.0 42.0 54.0 66.0 79.0 91.0 103.0 116.0 128.0 140.0 151.0 164.0 175.0 187.0 199.0 211.0 223.0 234.0 246.0 258.0 269.0 281.0 293.0 304.0 316.0 386.0 1780799530.533541
292.0 294.0 291.0 288.0 285.0 283.0 279.0 275.0 272.0 268.0 265.0 261.0 257.0 253.0 249.0 245.0 241.0 237.0 233.0 228.0 224.0 220.0 215.0 211.0 206.0 16.0 41.0 54.0 66.0 78.0 91.0 103.0 115.0 127.0 139.0 151.0 163.0 175.0 187.0 199.0 211.0 223.0 235.0 247.0 258.0 270.0 281.0 293.0 305.0 317.0 387.0 1780799530.554144
292.0 293.0 291.0 289.0 286.0 283.0 280.0 277.0 274.0 270.0 267.0 264.0 260.0 257.0 253.0 249.0 246.0 241.0 237.0 233.0 229.0 225.0 221.0 216.0 212.0 16.0 41.0 54.0 66.0 79.0 91.0 104.0 116.0 128.0 140.0 152.0 164.0 176.0 188.0 200.0 212.0 224.0 236.0 248.0 260.0 271.0 283.0 295.0 307.0 319.0 388.0 1780799530.574719
292.0 294.0 291.0 289.0 287.0 285.0 282.0 279.0 276.0 274.0 270.0 267.0 265.0 261.0 258.0 255.0 251.0 247.0 243.0 239.0 236.0 232.0 228.0 224.0 219.0 16.0 42.0 55.0 67.0 79.0 92.0 104.0 117.0 129.0 142.0 154.0 166.0 178.0 190.0 202.0 214.0 227.0 238.0 250.0 262.0 274.0 286.0 298.0 309.0 321.0 389.0 1780799530.595321
292.0 293.0 292.0 290.0 289.0 286.0 284.0 282.0 280.0 277.0 275.0 272.0 269.0 267.0 264.0 261.0 257.0 254.0 251.0 248.0 244.0 241.0 236.0 232.0 228.0 16.0 42.0 54.0 67.0 79.0 92.0 105.0 117.0 129.0 142.0 154.0 167.0 179.0 191.0 203.0 215.0 227.0 239.0 251.0 264.0 275.0 287.0 299.0 311.0 322.0 390.0 1780799530.620918
292.0 294.0 293.0 291.0 290.0 288.0 286.0 285.0 283.0 282.0 279.0 278.0 275.0 274.0 271.0 269.0 265.0 263.0 260.0 257.0 253.0 250.0 246.0 243.0 240.0 16.0 42.0 55.0 67.0 80.0 93.0 105.0 117.0 130.0 142.0 155.0 167.0 179.0 192.0 204.0 216.0 228.0 240.0 253.0 264.0 276.0 288.0 300.0 312.0 323.0 391.0 1780799530.636584
292.0 294.0 293.0 292.0 291.0 290.0 289.0 287.0 286.0 286.0 284.0 283.0 281.0 280.0 278.0 276.0 273.0 271.0 269.0 266.0 264.0 261.0 258.0 255.0 252.0 16.0 42.0 55.0 67.0 80.0 93.0 105.0 118.0 131.0 143.0 156.0 169.0 181.0 194.0 206.0 218.0 230.0 242.0 255.0 267.0 278.0 290.0 302.0 314.0 326.0 392.0 1780799530.656927
292.0 294.0 293.0 292.0 292.0 291.0 291.0 291.0 290.0 289.0 288.0 288.0 287.0 286.0 285.0 284.0 282.0 280.0 278.0 277.0 275.0 273.0 270.0 268.0 265.0 16.0 42.0 54.0 67.0 80.0 93.0 106.0 118.0 131.0 144.0 157.0 169.0 181.0 194.0 207.0 219.0 231.0 244.0 256.0 268.0 280.0 292.0 304.0 316.0 328.0 393.0 1780799530.677583
292.0 295.0 293.0 294.0 294.0 294.0 293.0 293.0 293.0 293.0 293.0 293.0 293.0 292.0 291.0 292.0 290.0 290.0 289.0 289.0 287.0 286.0 285.0 283.0 281.0 16.0 41.0 54.0 67.0 79.0 92.0 105.0 117.0 130.0 142.0 155.0 168.0 180.0 193.0 205.0 218.0 230.0 242.0 255.0 267.0 280.0 292.0 304.0 316.0 328.0 394.0 1780799530.698209
292.0 295.0 294.0 294.0 295.0 295.0 295.0 296.0 296.0 297.0 297.0 297.0 298.0 299.0 298.0 299.0 299.0 299.0 300.0 300.0 299.0 299.0 299.0 298.0 297.0 16.0 42.0 55.0 67.0 80.0 93.0 105.0 118.0 130.0 143.0 155.0 168.0 180.0 193.0 206.0 218.0 231.0 243.0 255.0 268.0 280.0 293.0 305.0 318.0 330.0 395.0 1780799530.713677
292.0 294.0 295.0 295.0 295.0 296.0 297.0 298.0 299.0 300.0 301.0 301.0 303.0 303.0 305.0 306.0 306.0 307.0 308.0 309.0 310.0 311.0 311.0 312.0 312.0 16.0 42.0 54.0 67.0 80.0 93.0 105.0 118.0 130.0 143.0 156.0 168.0 181.0 193.0 206.0 218.0 231.0 243.0 256.0 268.0 280.0 293.0 305.0 318.0 331.0 396.0 1780799530.729313
292.0 295.0 295.0 295.0 297.0 297.0 299.0 299.0 302.0 303.0 304.0 305.0 306.0 308.0 310.0 311.0 313.0 314.0 316.0 318.0 320.0 321.0 322.0 324.0 325.0 16.0 43.0 56.0 69.0 82.0 94.0 106.0 119.0 131.0 144.0 156.0 169.0 181.0 193.0 205.0 218.0 230.0 243.0 255.0 267.0 279.0 291.0 304.0 315.0 328.0 397.0 1780799530.744721
292.0 295.0 296.0 297.0 298.0 299.0 300.0 301.0 304.0 305.0 306.0 309.0 311.0 312.0 314.0 317.0 319.0 321.0 324.0 326.0 328.0 331.0 333.0 336.0 338.0 16.0 44.0 57.0 69.0 82.0 95.0 107.0 120.0 132.0 145.0 157.0 169.0 181.0 194.0 206.0 218.0 230.0 243.0 255.0 267.0 279.0 291.0 303.0 315.0 327.0 398.0 1780799530.760133
292.0 296.0 296.0 297.0 298.0 299.0 301.0 303.0 305.0 308.0 309.0 312.0 314.0 316.0 319.0 322.0 324.0 328.0 331.0 333.0 337.0 340.0 343.0 346.0 349.0 16.0 43.0 56.0 69.0 82.0 94.0 107.0 119.0 132.0 144.0 157.0 169.0 181.0 194.0 206.0 218.0 230.0 242.0 254.0 267.0 279.0 290.0 302.0 314.0 326.0 399.0 1780799530.780738
292.0 296.0 296.0 298.0 299.0 301.0 303.0 304.0 307.0 310.0 313.0 315.0 318.0 321.0 324.0 328.0 331.0 335.0 338.0 342.0 345.0 349.0 353.0 357.0 359.0 16.0 43.0 56.0 69.0 82.0 95.0 107.0 120.0 132.0 144.0 157.0 169.0 181.0 194.0 205.0 217.0 229.0 241.0 253.0 265.0 277.0 288.0 300.0 312.0 324.0 400.0 1780799530.796300
292.0 295.0 297.0 298.0 300.0 301.0 304.0 306.0 309.0 312.0 315.0 318.0 322.0 325.0 328.0 332.0 336.0 340.0 344.0 348.0 352.0 356.0 360.0 365.0 368.0 16.0 43.0 56.0 68.0 81.0 94.0 106.0 119.0 131.0 143.0 155.0 168.0 180.0 192.0 204.0 216.0 228.0 239.0 251.0 263.0 274.0 286.0 297.0 310.0 322.0 401.0 1780799530.817025
292.0 296.0 297.0 299.0 301.0 303.0 306.0 308.0 312.0 315.0 318.0 321.0 325.0 328.0 333.0 337.0 341.0 345.0 349.0 354.0 359.0 363.0 368.0 372.0 376.0 16.0 42.0 55.0 68.0 81.0 93.0 106.0 118.0 131.0 143.0 155.0 168.0 179.0 191.0 203.0 215.0 227.0 239.0 250.0 262.0 274.0 285.0 297.0 309.0 321.0 402.0 1780799530.837669
