186.0 187.0 189.0 190.0 192.0 193.0 194.2 196.0 197.2 198.2 199.0 199.0 199.9 200.9 201.9 203.5 204.9 206.0 206.7 206.9 206.8 207.0 207.8 207.9 208.0 208.7 208.0 208.9 209.0 210.0 210.0 209.0 209.0 209.3 209.7 210.0 209.7 209.4 209.3 209.1 209.7 209.9 210.5 210.7 210.9 210.9 210.8 210.2 210.1 210.1 210.1 210.1 210.1 210.2 210.3 210.4 210.4 210.5 210.6 210.9 210.8 210.8 210.8 210.9 210.8 210.7 210.7 210.6 210.6 210.7 210.7 210.7 210.7 210.6 210.5 210.6 210.5 210.6 210.3 210.3 210.3 210.3 210.3 210.1 210.1 210.3 210.4 210.4 210.6 210.6 210.6 210.6 210.4 210.1 210.2 210.5 210.8 211.1 211.1 211.6 16.0 17.0 16.2 16.2 16.8 16.8 17.6 17.0 17.0 17.2 19.2 20.2 21.8 23.0 23.7 23.2 24.0 24.3 26.0 27.2 29.0 30.2 31.8 33.2 34.2 36.1 37.2 39.1 40.2 41.9 43.2 45.0 46.2 48.1 49.7 51.2 52.9 54.2 55.9 57.2 59.0 60.3 61.9 63.2 64.9 66.2 67.9 69.7 71.1 72.7 74.1 75.9 77.2 78.9 80.2 81.9 83.7 85.1 86.7 88.1 89.9 91.1 92.9 94.7 95.9 97.7 99.1 100.9 102.1 103.9 105.6 106.9 108.7 109.9 111.7 113.1 114.9 116.1 117.9 119.6 120.9 122.7 123.9 125.9 127.1 128.9 130.6 131.9 133.6 134.9 136.7 137.9 139.9 141.6 142.9 144.6 145.9 147.4 148.9 150.1 0.0 1782153197.778680
186.0 187.0 189.0 190.0 192.0 193.0 194.2 196.0 197.2 198.2 199.0 199.0 199.9 200.9 201.9 203.5 204.9 206.0 206.8 206.9 206.8 207.0 207.8 207.9 208.0 208.7 208.0 208.9 209.0 210.0 210.0 209.0 209.0 209.3 209.7 210.0 209.7 209.3 209.3 209.1 209.7 209.9 210.5 210.7 210.9 210.9 210.8 210.3 210.1 210.1 210.1 210.1 210.1 210.2 210.3 210.4 210.4 210.5 210.6 210.8 210.8 210.8 210.8 210.9 210.8 210.7 210.7 210.6 210.6 210.7 210.7 210.7 210.7 210.7 210.5 210.6 210.5 210.5 210.3 210.3 210.3 210.3 210.3 210.1 210.1 210.3 210.5 210.5 210.6 210.6 210.6 210.5 210.4 210.1 210.2 210.6 210.8 211.1 211.1 211.6 16.0 17.0 16.2 16.2 16.8 16.8 17.6 17.0 17.0 17.2 19.2 20.2 21.8 23.0 23.7 23.2 24.0 24.3 26.0 27.2 29.0 30.2 31.8 33.2 34.2 36.1 37.2 39.1 40.2 41.9 43.2 45.0 46.2 48.1 49.7 51.2 52.9 54.2 55.9 57.2 59.0 60.3 61.9 63.2 64.9 66.2 67.9 69.7 71.1 72.7 74.1 75.9 77.2 78.9 80.2 81.9 83.7 85.1 86.7 88.1 89.9 91.1 92.9 94.7 95.9 97.7 99.1 100.9 102.1 103.9 105.7 106.9 108.7 109.9 111.7 113.1 114.9 116.1 117.9 119.7 120.9 122.7 123.9 125.9 127.1 128.9 130.7 131.9 133.7 134.9 136.7 137.9 139.9 141.7 142.9 144.6 145.9 147.4 148.9 150.1 1.0 1782153197.788774
186.0 187.0 189.0 190.0 192.0 193.0 194.2 196.0 197.2 198.2 199.0 199.0 199.9 200.9 201.9 203.5 204.9 206.0 206.8 206.8 206.8 207.0 207.8 207.9 208.0 208.7 208.0 208.9 209.0 210.0 210.0 209.0 209.0 209.3 209.7 210.0 209.7 209.3 209.3 209.2 209.7 209.9 210.5 210.7 210.9 210.9 210.8 210.3 210.1 210.1 210.1 210.1 210.1 210.1 210.3 210.4 210.4 210.5 210.6 210.8 210.8 210.8 210.8 210.9 210.9 210.7 210.7 210.7 210.6 210.7 210.7 210.7 210.7 210.7 210.5 210.6 210.5 210.5 210.3 210.3 210.3 210.3 210.3 210.1 210.1 210.4 210.5 210.5 210.6 210.6 210.6 210.6 210.3 210.1 210.2 210.6 210.8 211.2 211.1 211.6 16.0 17.0 16.2 16.2 16.8 16.8 17.7 17.0 17.0 17.2 19.2 20.2 21.7 23.0 23.7 23.2 23.9 24.3 26.0 27.2 29.0 30.2 31.8 33.2 34.2 36.1 37.2 39.1 40.2 41.9 43.2 45.0 46.2 48.1 49.7 51.2 52.9 54.2 55.9 57.2 58.9 60.3 61.9 63.2 64.9 66.2 67.9 69.7 71.1 72.7 74.1 75.9 77.2 78.9 80.2 81.9 83.7 85.1 86.7 88.1 89.9 91.1 92.9 94.7 95.9 97.7 99.1 100.9 102.1 103.9 105.6 106.9 108.7 109.9 111.7 113.1 114.9 116.1 117.9 119.6 120.9 122.7 123.9 125.9 127.1 128.9 130.6 131.9 133.6 134.9 136.7 137.9 139.9 141.6 142.9 144.6 145.9 147.3 148.9 150.0 2.0 1782153197.804006
186.0 187.0 189.0 190.0 192.0 193.0 194.2 196.0 197.2 198.2 199.0 199.0 199.9 200.9 201.9 203.5 204.9 206.0 206.7 206.8 206.8 207.0 207.8 207.9 208.0 208.6 208.0 208.9 209.0 210.0 210.0 209.0 209.0 209.4 209.7 210.0 209.6 209.3 209.3 209.2 209.7 209.9 210.5 210.7 210.9 210.9 210.8 210.2 210.1 210.1 210.1 210.1 210.1 210.1 210.2 210.3 210.4 210.4 210.6 210.9 210.8 210.9 210.9 210.9 210.9 210.8 210.8 210.7 210.7 210.7 210.7 210.7 210.7 210.7 210.5 210.5 210.5 210.5 210.3 210.3 210.3 210.3 210.3 210.1 210.1 210.4 210.5 210.5 210.7 210.7 210.7 210.6 210.3 210.1 210.2 210.6 210.8 211.2 211.1 211.6 16.0 17.0 16.2 16.2 16.8 16.8 17.6 17.0 17.0 17.2 19.1 20.2 21.8 23.0 23.8 23.3 23.9 24.3 26.0 27.2 29.0 30.2 31.8 33.2 34.2 36.1 37.3 39.1 40.2 41.9 43.2 45.0 46.2 48.1 49.7 51.2 52.9 54.2 55.9 57.2 58.9 60.2 61.9 63.2 64.9 66.2 67.9 69.7 71.1 72.7 74.1 75.9 77.2 78.9 80.2 81.9 83.7 85.1 86.7 88.1 89.9 91.1 92.9 94.7 95.9 97.7 99.1 100.8 102.1 103.9 105.6 106.9 108.7 109.9 111.7 113.1 114.8 116.1 117.8 119.6 120.9 122.7 123.9 125.8 127.1 128.8 130.6 131.8 133.6 134.8 136.7 137.9 139.8 141.6 142.8 144.5 145.8 147.2 148.8 150.0 3.0 1782153197.814495
186.0 187.0 189.0 190.0 192.0 193.0 194.2 196.0 197.2 198.2 199.0 199.0 199.9 200.9 202.0 203.4 205.0 206.0 206.7 206.8 206.7 207.0 207.8 207.8 208.0 208.7 208.0 208.8 209.0 210.0 210.0 209.0 209.0 209.4 209.7 210.0 209.6 209.3 209.3 209.2 209.7 209.9 210.5 210.7 210.9 210.9 210.8 210.2 210.1 210.1 210.1 210.1 210.1 210.1 210.2 210.3 210.4 210.4 210.6 210.9 210.8 210.9 210.9 210.9 210.9 210.8 210.8 210.7 210.7 210.7 210.7 210.7 210.7 210.7 210.4 210.5 210.4 210.4 210.3 210.2 210.3 210.3 210.3 210.1 210.1 210.4 210.6 210.5 210.7 210.7 210.7 210.6 210.3 210.1 210.2 210.6 210.8 211.2 211.1 211.6 16.0 17.0 16.2 16.2 16.8 16.8 17.6 17.0 17.0 17.2 19.1 20.2 21.7 23.0 23.8 23.2 23.9 24.3 26.0 27.2 29.0 30.2 31.7 33.2 34.2 36.1 37.2 39.1 40.2 41.8 43.2 45.0 46.2 48.1 49.7 51.2 52.8 54.2 55.8 57.2 58.9 60.2 61.8 63.2 64.8 66.2 67.8 69.6 71.1 72.7 74.1 75.8 77.2 78.8 80.2 81.8 83.6 85.1 86.6 88.1 89.8 91.1 92.8 94.6 95.8 97.6 99.1 100.8 102.1 103.8 105.6 106.8 108.6 109.8 111.6 113.1 114.8 116.1 117.8 119.6 120.8 122.6 123.8 125.8 127.1 128.8 130.6 131.8 133.6 134.8 136.6 137.8 139.8 141.6 142.8 144.5 145.8 147.2 148.8 149.9 4.0 1782153197.829772
186.0 187.0 189.0 190.0 192.0 193.0 194.2 196.0 197.2 198.1 199.0 199.0 199.9 200.9 202.0 203.4 205.0 206.0 206.8 206.7 206.7 207.0 207.8 207.8 208.0 208.7 208.0 208.8 209.0 210.0 210.0 209.0 209.0 209.4 209.7 210.0 209.6 209.3 209.3 209.3 209.7 209.9 210.5 210.7 210.9 210.9 210.8 210.2 210.1 210.1 210.1 210.1 210.1 210.1 210.2 210.3 210.3 210.4 210.7 210.9 210.8 210.9 210.9 210.9 210.9 210.8 210.8 210.7 210.7 210.8 210.8 210.8 210.7 210.7 210.4 210.5 210.4 210.4 210.2 210.2 210.2 210.2 210.2 210.1 210.1 210.5 210.6 210.6 210.7 210.7 210.7 210.6 210.3 210.1 210.2 210.6 210.9 211.3 211.1 211.7 16.0 17.0 16.2 16.2 16.8 16.8 17.6 17.0 17.0 17.2 19.1 20.2 21.7 23.0 23.8 23.2 23.8 24.3 26.0 27.2 29.0 30.2 31.7 33.1 34.2 36.1 37.2 39.1 40.2 41.8 43.2 45.0 46.2 48.1 49.6 51.1 52.8 54.1 55.8 57.2 58.8 60.2 61.8 63.1 64.8 66.1 67.8 69.6 71.1 72.6 74.1 75.8 77.1 78.8 80.1 81.8 83.6 85.1 86.6 88.1 89.8 91.1 92.8 94.6 95.8 97.6 99.1 100.8 102.1 103.8 105.5 106.8 108.6 109.8 111.6 113.1 114.8 116.1 117.8 119.5 120.8 122.6 123.8 125.8 127.1 128.8 130.5 131.8 133.5 134.8 136.6 137.8 139.8 141.5 142.8 144.5 145.8 147.1 148.8 149.9 5.0 1782153197.845329
186.0 187.0 189.0 190.0 192.0 193.0 194.2 196.0 197.2 198.1 199.0 199.0 199.9 200.9 202.0 203.4 205.0 206.0 206.8 206.7 206.7 207.0 207.8 207.8 208.0 208.7 208.0 208.8 209.0 210.0 210.0 209.0 209.0 209.5 209.8 210.0 209.5 209.3 209.2 209.3 209.8 210.0 210.4 210.8 211.0 211.0 210.8 210.2 210.0 210.1 210.1 210.1 210.1 210.1 210.2 210.3 210.3 210.4 210.7 210.9 210.8 210.9 210.9 210.9 210.9 210.8 210.8 210.7 210.7 210.8 210.8 210.8 210.7 210.7 210.4 210.4 210.4 210.4 210.2 210.2 210.2 210.2 210.2 210.1 210.1 210.5 210.6 210.6 210.7 210.7 210.7 210.7 210.3 210.1 210.2 210.7 210.9 211.3 211.1 211.7 16.0 17.0 16.2 16.2 16.8 16.8 17.6 17.0 17.0 17.2 19.1 20.2 21.6 23.0 23.8 23.2 23.8 24.3 26.0 27.2 29.0 30.2 31.7 33.1 34.2 36.1 37.2 39.1 40.2 41.8 43.2 45.0 46.2 48.1 49.6 51.1 52.8 54.1 55.8 57.2 58.8 60.2 61.8 63.1 64.8 66.1 67.8 69.6 71.1 72.6 74.1 75.8 77.1 78.8 80.1 81.8 83.6 85.1 86.6 88.1 89.8 91.1 92.8 94.6 95.8 97.6 99.1 100.7 102.1 103.8 105.5 106.8 108.6 109.8 111.6 113.1 114.7 116.1 117.7 119.5 120.8 122.6 123.8 125.7 127.1 128.7 130.5 131.7 133.5 134.7 136.6 137.8 139.7 141.5 142.7 144.4 145.7 147.1 148.7 149.8 6.0 1782153197.860631
186.0 187.0 189.0 190.0 192.0 193.0 194.2 196.0 197.2 198.1 199.0 199.0 199.9 200.9 202.0 203.4 205.0 206.0 206.8 206.7 206.6 207.0 207.8 207.7 208.0 208.7 208.0 208.7 209.0 210.0 210.0 209.0 209.0 209.5 209.8 210.0 209.5 209.2 209.2 209.3 209.8 210.0 210.4 210.8 211.0 211.0 210.8 210.2 210.0 210.1 210.1 210.1 210.1 210.1 210.2 210.3 210.3 210.4 210.7 210.9 210.8 210.9 210.9 210.9 210.9 210.8 210.8 210.7 210.7 210.8 210.8 210.8 210.8 210.8 210.4 210.4 210.4 210.4 210.2 210.2 210.2 210.2 210.2 210.1 210.1 210.5 210.6 210.6 210.7 210.7 210.7 210.7 210.3 210.1 210.1 210.7 210.9 211.4 211.1 211.7 16.0 17.0 16.2 16.2 16.8 16.8 17.7 17.0 17.0 17.2 19.1 20.2 21.6 23.0 23.8 23.2 23.8 24.2 26.0 27.2 29.0 30.2 31.6 33.1 34.2 36.1 37.2 39.1 40.2 41.7 43.2 45.0 46.2 48.1 49.6 51.1 52.7 54.1 55.7 57.2 58.7 60.2 61.7 63.1 64.7 66.1 67.7 69.5 71.1 72.6 74.1 75.7 77.1 78.7 80.1 81.7 83.5 85.1 86.5 88.1 89.7 91.1 92.7 94.5 95.7 97.5 99.1 100.7 102.1 103.7 105.5 106.7 108.5 109.7 111.5 113.1 114.7 116.1 117.7 119.5 120.7 122.5 123.7 125.7 127.1 128.7 130.5 131.7 133.5 134.7 136.5 137.7 139.7 141.5 142.7 144.4 145.7 147.0 148.7 149.8 7.0 1782153197.871008
186.0 187.0 189.0 190.0 192.0 193.0 194.2 196.0 197.2 198.1 199.0 199.0 200.0 200.9 202.0 203.4 205.0 206.0 206.8 206.6 206.6 207.0 207.8 207.7 208.0 208.7 208.0 208.7 209.0 210.0 210.0 209.0 209.0 209.5 209.8 210.0 209.5 209.2 209.2 209.4 209.8 210.0 210.4 210.8 211.0 211.0 210.8 210.2 210.0 210.1 210.1 210.1 210.1 210.1 210.2 210.3 210.3 210.3 210.7 210.9 210.8 210.9 210.9 210.9 210.9 210.8 210.8 210.7 210.7 210.8 210.8 210.8 210.8 210.8 210.4 210.4 210.4 210.4 210.2 210.2 210.2 210.2 210.2 210.1 210.1 210.5 210.6 210.6 210.7 210.7 210.7 210.7 210.2 210.1 210.1 210.7 210.9 211.4 211.1 211.7 16.0 17.0 16.2 16.2 16.8 16.8 17.7 17.0 17.0 17.2 19.1 20.2 21.6 23.0 23.8 23.2 23.7 24.2 26.0 27.2 29.0 30.2 31.6 33.1 34.2 36.1 37.2 39.1 40.2 41.7 43.2 45.0 46.2 48.1 49.6 51.1 52.7 54.1 55.7 57.2 58.7 60.2 61.7 63.1 64.7 66.1 67.7 69.5 71.1 72.6 74.1 75.7 77.1 78.7 80.1 81.7 83.5 85.1 86.5 88.1 89.7 91.1 92.7 94.5 95.7 97.5 99.1 100.6 102.1 103.7 105.5 106.7 108.5 109.7 111.5 113.1 114.6 116.1 117.6 119.5 120.7 122.5 123.7 125.6 127.1 128.6 130.5 131.6 133.5 134.6 136.5 137.7 139.6 141.5 142.6 144.4 145.6 147.0 148.6 149.7 8.0 1782153197.891629
186.0 187.0 189.0 190.0 192.0 193.0 194.2 196.0 197.2 198.1 199.0 199.0 200.0 200.9 202.0 203.3 205.0 206.0 206.8 206.6 206.6 207.0 207.8 207.7 208.0 208.7 208.0 208.7 209.0 210.0 210.0 209.0 209.0 209.5 209.8 210.0 209.5 209.2 209.2 209.4 209.8 210.0 210.4 210.8 211.0 211.0 210.8 210.2 210.0 210.0 210.0 210.1 210.1 210.1 210.2 210.3 210.3 210.3 210.7 210.9 210.8 210.9 210.9 210.9 210.9 210.8 210.8 210.8 210.8 210.8 210.8 210.8 210.8 210.8 210.3 210.4 210.3 210.3 210.2 210.2 210.2 210.2 210.2 210.1 210.1 210.6 210.7 210.6 210.7 210.7 210.7 210.7 210.2 210.1 210.1 210.7 210.9 211.4 211.1 211.7 16.0 17.0 16.2 16.2 16.8 16.8 17.7 17.0 17.0 17.2 19.1 20.2 21.6 23.0 23.8 23.2 23.7 24.2 26.0 27.2 29.0 30.2 31.6 33.1 34.2 36.1 37.2 39.1 40.2 41.7 43.2 45.0 46.2 48.1 49.5 51.1 52.7 54.1 55.7 57.2 58.7 60.2 61.7 63.1 64.7 66.1 67.7 69.5 71.1 72.5 74.1 75.7 77.1 78.7 80.1 81.7 83.5 85.1 86.5 88.1 89.7 91.1 92.7 94.5 95.7 97.5 99.1 100.6 102.1 103.7 105.4 106.7 108.5 109.7 111.5 113.1 114.6 116.1 117.6 119.4 120.7 122.5 123.7 125.6 127.1 128.6 130.4 131.6 133.4 134.6 136.5 137.7 139.6 141.4 142.6 144.4 145.6 146.9 148.6 149.7 9.0 1782153197.901952
186.0 187.0 189.0 190.0 192.0 193.0 194.1 196.0 197.1 198.1 199.0 199.0 200.0 200.9 202.0 203.3 205.0 206.0 206.8 206.6 206.5 207.0 207.8 207.7 208.0 208.8 208.0 208.6 209.0 210.0 210.0 209.0 209.0 209.6 209.8 210.0 209.4 209.2 209.2 209.4 209.8 210.0 210.4 210.8 210.9 210.9 210.8 210.2 210.1 210.1 210.1 210.1 210.1 210.1 210.2 210.2 210.3 210.3 210.7 210.8 210.8 210.8 210.8 210.9 210.9 210.8 210.8 210.8 210.8 210.8 210.8 210.8 210.8 210.8 210.4 210.4 210.3 210.3 210.2 210.2 210.2 210.2 210.2 210.1 210.1 210.6 210.7 210.7 210.8 210.8 210.8 210.7 210.2 210.1 210.2 210.7 210.9 211.4 211.1 211.7 16.0 17.0 16.1 16.1 16.9 16.9 17.7 17.0 17.0 17.1 19.1 20.1 21.5 23.0 23.8 23.2 23.7 24.2 26.0 27.1 29.0 30.1 31.5 33.1 34.1 36.1 37.2 39.1 40.1 41.6 43.1 45.0 46.1 48.1 49.5 51.1 52.6 54.1 55.6 57.1 58.6 60.2 61.6 63.1 64.6 66.1 67.6 69.5 71.1 72.5 74.1 75.6 77.1 78.6 80.1 81.6 83.5 85.1 86.5 88.1 89.6 91.1 92.6 94.5 95.6 97.5 99.1 100.6 102.1 103.6 105.4 106.6 108.5 109.6 111.5 113.1 114.6 116.1 117.6 119.4 120.6 122.5 123.6 125.6 127.1 128.6 130.4 131.6 133.4 134.6 136.5 137.6 139.6 141.4 142.6 144.3 145.6 146.9 148.6 149.7 10.0 1782153197.917444
186.0 187.0 189.0 190.0 192.0 193.0 194.1 196.0 197.1 198.1 199.0 199.0 200.0 200.9 202.0 203.3 205.0 206.0 206.8 206.6 206.5 207.0 207.9 207.7 208.0 208.8 208.0 208.6 209.0 210.0 210.0 209.0 209.0 209.6 209.8 210.0 209.4 209.2 209.2 209.5 209.8 210.0 210.4 210.8 210.9 210.9 210.8 210.3 210.1 210.1 210.1 210.1 210.2 210.1 210.2 210.2 210.3 210.3 210.7 210.8 210.8 210.8 210.8 210.9 210.9 210.8 210.8 210.8 210.8 210.8 210.8 210.8 210.8 210.8 210.4 210.4 210.3 210.3 210.2 210.2 210.2 210.2 210.2 210.1 210.1 210.6 210.7 210.7 210.8 210.8 210.8 210.6 210.2 210.1 210.2 210.7 210.9 211.5 211.1 211.8 16.0 17.0 16.1 16.1 16.9 16.9 17.7 17.0 17.0 17.1 19.1 20.1 21.5 23.0 23.8 23.2 23.6 24.2 26.0 27.1 29.0 30.1 31.5 33.1 34.1 36.1 37.2 39.1 40.1 41.6 43.1 45.0 46.1 48.1 49.5 51.1 52.6 54.1 55.6 57.1 58.6 60.2 61.6 63.1 64.6 66.1 67.6 69.4 71.1 72.5 74.1 75.6 77.1 78.6 80.1 81.6 83.4 85.1 86.4 88.1 89.6 91.1 92.6 94.4 95.6 97.4 99.1 100.6 102.1 103.6 105.4 106.6 108.4 109.6 111.4 113.1 114.6 116.1 117.6 119.4 120.6 122.4 123.6 125.6 127.1 128.6 130.4 131.6 133.4 134.6 136.4 137.6 139.6 141.4 142.6 144.3 145.6 146.8 148.6 149.6 11.0 1782153197.927831
186.0 187.0 189.0 190.0 192.0 193.0 194.1 196.0 197.1 198.1 199.0 199.0 200.0 200.9 202.0 203.3 205.0 206.0 206.8 206.6 206.5 207.0 207.8 207.7 208.0 208.7 208.0 208.6 209.0 210.0 210.0 209.0 209.0 209.6 209.8 210.0 209.4 209.2 209.2 209.4 209.8 210.0 210.4 210.8 210.9 210.9 210.8 210.3 210.2 210.1 210.1 210.1 210.2 210.1 210.2 210.2 210.2 210.3 210.6 210.8 210.7 210.8 210.8 210.9 210.9 210.8 210.8 210.8 210.8 210.8 210.8 210.8 210.8 210.8 210.4 210.4 210.3 210.3 210.2 210.2 210.2 210.2 210.2 210.1 210.1 210.6 210.7 210.7 210.8 210.8 210.8 210.6 210.2 210.1 210.3 210.8 210.9 211.5 211.1 211.8 16.0 17.0 16.1 16.1 16.9 16.9 17.7 17.0 17.0 17.1 19.1 20.1 21.5 23.0 23.8 23.2 23.6 24.2 26.0 27.1 29.0 30.1 31.5 33.1 34.1 36.1 37.2 39.1 40.1 41.6 43.1 45.0 46.1 48.1 49.5 51.1 52.6 54.1 55.6 57.1 58.6 60.2 61.6 63.1 64.6 66.1 67.6 69.4 71.1 72.5 74.1 75.6 77.1 78.6 80.1 81.6 83.4 85.1 86.4 88.1 89.6 91.1 92.6 94.4 95.6 97.4 99.1 100.5 102.1 103.6 105.4 106.6 108.4 109.6 111.4 113.1 114.5 116.1 117.5 119.4 120.6 122.4 123.6 125.5 127.1 128.5 130.4 131.5 133.4 134.5 136.4 137.6 139.5 141.4 142.5 144.2 145.5 146.8 148.5 149.6 12.0 1782153197.943267
186.0 187.0 189.0 190.0 192.0 193.0 194.1 196.0 197.1 198.1 199.0 199.0 200.0 200.9 202.0 203.3 205.0 206.0 206.8 206.5 206.5 207.0 207.8 207.7 208.0 208.7 208.0 208.6 209.0 210.0 210.0 209.0 209.0 209.6 209.8 210.0 209.4 209.2 209.2 209.5 209.8 210.0 210.4 210.8 210.8 210.8 210.7 210.3 210.2 210.2 210.2 210.2 210.2 210.1 210.1 210.2 210.2 210.3 210.6 210.7 210.7 210.8 210.8 210.9 210.9 210.9 210.9 210.8 210.8 210.8 210.8 210.8 210.8 210.8 210.5 210.5 210.3 210.3 210.2 210.2 210.2 210.2 210.2 210.1 210.1 210.6 210.7 210.7 210.8 210.8 210.8 210.6 210.2 210.1 210.3 210.8 210.9 211.5 211.1 211.8 16.0 17.0 16.1 16.1 16.9 16.9 17.7 17.0 17.0 17.1 19.1 20.1 21.5 23.0 23.8 23.2 23.6 24.2 26.0 27.1 29.0 30.1 31.5 33.1 34.1 36.1 37.2 39.1 40.1 41.5 43.1 45.0 46.1 48.1 49.4 51.1 52.5 54.1 55.5 57.1 58.6 60.1 61.5 63.1 64.5 66.1 67.5 69.4 71.1 72.4 74.1 75.5 77.1 78.5 80.1 81.5 83.4 85.1 86.4 88.1 89.5 91.1 92.5 94.4 95.5 97.4 99.1 100.5 102.1 103.5 105.4 106.5 108.4 109.5 111.4 113.1 114.5 116.1 117.5 119.4 120.5 122.4 123.5 125.5 127.1 128.5 130.4 131.5 133.4 134.5 136.4 137.5 139.5 141.4 142.5 144.1 145.5 146.8 148.5 149.6 13.0 1782153197.953620
186.0 187.0 189.0 190.0 192.0 193.0 194.1 196.0 197.1 198.1 199.0 199.0 200.0 200.9 202.0 203.3 205.0 206.0 206.8 206.5 206.5 207.0 207.8 207.7 208.0 208.8 208.0 208.6 209.0 210.0 210.0 209.0 209.0 209.6 209.8 210.0 209.4 209.2 209.2 209.5 209.8 210.0 210.4 210.8 210.8 210.8 210.7 210.3 210.2 210.2 210.2 210.2 210.2 210.1 210.1 210.2 210.2 210.3 210.6 210.7 210.7 210.8 210.8 210.9 210.9 210.9 210.9 210.8 210.8 210.8 210.8 210.8 210.8 210.8 210.4 210.4 210.3 210.3 210.2 210.1 210.2 210.2 210.2 210.1 210.1 210.7 210.7 210.7 210.8 210.8 210.8 210.6 210.2 210.1 210.3 210.8 210.9 211.5 211.1 211.8 16.0 17.0 16.1 16.1 16.9 16.9 17.8 17.0 17.0 17.1 19.1 20.1 21.4 23.0 23.9 23.2 23.5 24.2 26.0 27.1 29.0 30.1 31.5 33.1 34.1 36.1 37.1 39.0 40.1 41.5 43.1 45.0 46.1 48.1 49.4 51.1 52.5 54.1 55.5 57.1 58.6 60.1 61.5 63.1 64.5 66.1 67.5 69.4 71.1 72.4 74.1 75.5 77.1 78.5 80.1 81.5 83.4 85.1 86.4 88.1 89.5 91.1 92.5 94.4 95.5 97.4 99.1 100.5 102.1 103.5 105.3 106.5 108.4 109.5 111.4 113.1 114.5 116.1 117.5 119.3 120.5 122.4 123.5 125.5 127.1 128.5 130.3 131.5 133.3 134.5 136.4 137.5 139.5 141.3 142.5 144.1 145.5 146.7 148.5 149.6 14.0 1782153197.968967
186.0 187.0 189.0 190.0 192.0 193.0 194.1 196.0 197.1 198.1 199.0 199.0 200.0 200.9 202.0 203.3 205.0 206.0 206.8 206.5 206.5 207.0 207.8 207.7 208.0 208.8 208.0 208.5 209.0 210.0 210.0 209.0 209.0 209.6 209.8 210.0 209.4 209.2 209.2 209.5 209.8 210.0 210.4 210.8 210.8 210.8 210.8 210.3 210.2 210.2 210.2 210.2 210.2 210.1 210.1 210.2 210.2 210.2 210.6 210.8 210.7 210.8 210.8 210.9 210.9 210.9 210.9 210.8 210.8 210.8 210.8 210.8 210.8 210.8 210.4 210.4 210.3 210.3 210.2 210.1 210.2 210.2 210.2 210.1 210.1 210.7 210.7 210.7 210.8 210.8 210.8 210.6 210.2 210.1 210.3 210.8 210.9 211.6 211.1 211.8 16.0 17.0 16.1 16.1 16.9 16.9 17.8 17.0 17.0 17.1 19.1 20.1 21.4 23.0 23.9 23.1 23.5 24.2 26.0 27.1 29.0 30.1 31.4 33.1 34.1 36.0 37.1 39.0 40.1 41.5 43.1 45.0 46.1 48.0 49.4 51.1 52.5 54.1 55.5 57.1 58.5 60.1 61.5 63.1 64.5 66.1 67.5 69.4 71.0 72.4 74.0 75.5 77.1 78.5 80.1 81.5 83.4 85.0 86.4 88.0 89.5 91.0 92.5 94.4 95.5 97.4 99.0 100.5 102.0 103.5 105.3 106.5 108.4 109.5 111.4 113.0 114.5 116.0 117.5 119.3 120.5 122.4 123.5 125.5 127.0 128.5 130.3 131.5 133.3 134.5 136.4 137.5 139.5 141.3 142.5 144.1 145.5 146.7 148.5 149.5 15.0 1782153197.979185
186.0 187.0 189.0 190.0 192.0 193.0 194.2 196.0 197.2 198.1 199.0 199.0 200.0 200.9 202.0 203.2 205.0 206.0 206.8 206.5 206.5 207.0 207.8 207.7 208.0 208.7 208.0 208.6 209.0 210.0 210.0 209.0 209.0 209.6 209.9 210.0 209.4 209.2 209.1 209.5 209.8 210.0 210.4 210.9 210.9 210.9 210.8 210.3 210.2 210.2 210.2 210.2 210.2 210.1 210.1 210.2 210.2 210.2 210.6 210.8 210.7 210.8 210.8 211.0 210.9 210.9 210.9 210.8 210.8 210.9 210.9 210.9 210.8 210.8 210.4 210.4 210.3 210.3 210.1 210.1 210.1 210.1 210.1 210.1 210.1 210.7 210.7 210.7 210.8 210.8 210.8 210.6 210.2 210.1 210.3 210.8 210.9 211.6 211.1 211.8 16.0 17.0 16.2 16.2 16.8 16.8 17.7 17.0 17.0 17.2 19.1 20.2 21.5 23.0 23.9 23.2 23.5 24.2 26.0 27.2 29.0 30.2 31.5 33.1 34.2 36.0 37.2 39.0 40.2 41.5 43.2 45.0 46.2 48.0 49.4 51.1 52.5 54.1 55.5 57.2 58.6 60.1 61.5 63.1 64.5 66.1 67.5 69.4 71.0 72.4 74.0 75.5 77.1 78.5 80.1 81.5 83.4 85.0 86.4 88.0 89.5 91.0 92.5 94.4 95.5 97.4 99.0 100.4 102.0 103.5 105.3 106.5 108.4 109.5 111.4 113.0 114.4 116.0 117.4 119.3 120.5 122.4 123.5 125.4 127.0 128.4 130.3 131.4 133.3 134.4 136.4 137.5 139.4 141.3 142.4 144.1 145.4 146.7 148.4 149.5 16.0 1782153197.999853
186.0 187.0 189.0 190.0 192.0 193.0 194.2 196.0 197.2 198.1 199.0 199.0 200.0 200.9 202.0 203.2 205.0 206.0 206.8 206.5 206.5 207.0 207.9 207.6 208.0 208.7 208.0 208.5 209.0 210.0 210.0 209.0 209.0 209.6 209.9 210.0 209.4 209.2 209.1 209.5 209.8 210.0 210.4 210.9 210.9 210.9 210.8 210.3 210.2 210.1 210.1 210.2 210.2 210.1 210.1 210.2 210.2 210.2 210.7 210.8 210.7 210.8 210.8 211.0 210.9 210.9 210.9 210.8 210.8 210.9 210.9 210.9 210.8 210.8 210.4 210.4 210.2 210.2 210.1 210.1 210.1 210.1 210.1 210.1 210.1 210.7 210.8 210.8 210.8 210.8 210.8 210.6 210.2 210.1 210.2 210.8 210.9 211.6 211.0 211.8 16.0 17.0 16.2 16.2 16.8 16.8 17.7 17.0 17.0 17.2 19.1 20.2 21.4 23.0 23.9 23.2 23.5 24.2 26.0 27.2 29.0 30.2 31.4 33.1 34.2 36.0 37.2 39.0 40.2 41.5 43.2 45.0 46.2 48.0 49.4 51.1 52.5 54.1 55.5 57.2 58.5 60.1 61.5 63.1 64.5 66.1 67.5 69.3 71.0 72.4 74.0 75.5 77.1 78.5 80.1 81.5 83.3 85.0 86.3 88.0 89.5 91.0 92.5 94.3 95.5 97.3 99.0 100.4 102.0 103.5 105.3 106.5 108.3 109.5 111.3 113.0 114.4 116.0 117.4 119.3 120.5 122.3 123.5 125.4 127.0 128.4 130.3 131.4 133.3 134.4 136.3 137.5 139.4 141.3 142.4 144.1 145.4 146.6 148.4 149.5 17.0 1782153198.010039
186.0 187.0 189.0 190.0 192.0 193.0 194.1 196.0 197.1 198.1 199.0 199.0 200.0 200.9 202.0 203.2 205.0 206.0 206.8 206.5 206.5 207.0 207.9 207.6 208.0 208.7 208.0 208.5 209.0 210.0 210.0 209.0 209.0 209.7 209.9 210.0 209.3 209.2 209.1 209.5 209.8 210.0 210.4 210.9 210.9 210.9 210.8 210.3 210.2 210.1 210.1 210.1 210.2 210.1 210.1 210.2 210.2 210.2 210.7 210.8 210.8 210.8 210.8 211.0 210.9 210.9 210.9 210.8 210.8 210.9 210.9 210.9 210.9 210.8 210.4 210.4 210.2 210.2 210.1 210.1 210.1 210.1 210.1 210.1 210.1 210.7 210.8 210.8 210.8 210.8 210.8 210.7 210.2 210.1 210.2 210.8 210.9 211.6 211.0 211.8 16.0 17.0 16.1 16.1 16.9 16.9 17.7 17.0 17.0 17.1 19.1 20.1 21.4 23.0 23.9 23.2 23.5 24.2 26.0 27.1 29.0 30.1 31.4 33.1 34.1 36.0 37.2 39.0 40.1 41.5 43.1 45.0 46.1 48.0 49.4 51.1 52.5 54.1 55.5 57.1 58.5 60.1 61.5 63.1 64.5 66.1 67.5 69.3 71.0 72.4 74.0 75.5 77.1 78.5 80.1 81.5 83.3 85.0 86.3 88.0 89.5 91.0 92.5 94.3 95.5 97.3 99.0 100.4 102.0 103.5 105.3 106.5 108.3 109.5 111.3 113.0 114.4 116.0 117.4 119.3 120.5 122.3 123.5 125.4 127.0 128.4 130.3 131.4 133.3 134.4 136.3 137.5 139.4 141.3 142.4 144.1 145.4 146.6 148.4 149.5 18.0 1782153198.025542
186.0 187.0 189.0 190.0 192.0 193.0 194.1 196.0 197.1 198.1 199.0 199.0 200.0 200.9 202.0 203.2 205.0 206.0 206.8 206.5 206.5 207.0 207.8 207.6 208.0 208.7 208.0 208.5 209.0 210.0 210.0 209.0 209.0 209.7 209.9 210.0 209.3 209.2 209.1 209.5 209.8 210.0 210.4 210.9 210.9 210.9 210.8 210.3 210.2 210.1 210.1 210.1 210.1 210.1 210.1 210.2 210.2 210.2 210.7 210.8 210.8 210.8 210.8 211.0 210.9 210.9 210.9 210.8 210.8 210.9 210.9 210.9 210.8 210.8 210.4 210.3 210.2 210.2 210.1 210.1 210.1 210.1 210.1 210.1 210.1 210.7 210.8 210.8 210.8 210.8 210.8 210.7 210.1 210.1 210.2 210.8 210.9 211.6 211.0 211.8 16.0 17.0 16.1 16.1 16.9 16.9 17.7 17.0 17.0 17.1 19.1 20.1 21.4 23.0 23.8 23.2 23.5 24.2 26.0 27.1 29.0 30.1 31.4 33.1 34.1 36.0 37.2 39.0 40.1 41.5 43.1 45.0 46.1 48.0 49.4 51.1 52.5 54.1 55.5 57.1 58.5 60.1 61.5 63.1 64.5 66.1 67.5 69.3 71.0 72.4 74.0 75.5 77.1 78.5 80.1 81.5 83.3 85.0 86.3 88.0 89.5 91.0 92.5 94.3 95.5 97.3 99.0 100.4 102.0 103.5 105.3 106.5 108.3 109.5 111.3 113.0 114.4 116.0 117.4 119.3 120.5 122.3 123.5 125.4 127.0 128.4 130.3 131.4 133.3 134.4 136.3 137.5 139.4 141.3 142.4 144.1 145.4 146.6 148.4 149.5 19.0 1782153198.036059
186.0 187.0 189.0 190.0 192.0 193.0 194.1 196.0 197.1 198.1 199.0 199.0 200.0 200.9 202.0 203.2 205.0 206.0 206.8 206.5 206.5 207.0 207.8 207.6 208.0 208.7 208.0 208.5 209.0 210.0 210.0 209.0 209.0 209.7 209.9 210.0 209.3 209.2 209.1 209.5 209.8 210.0 210.4 210.9 210.9 210.9 210.8 210.2 210.2 210.1 210.1 210.1 210.1 210.1 210.1 210.2 210.2 210.2 210.7 210.8 210.8 210.8 210.8 211.0 210.9 210.9 210.9 210.9 210.8 210.9 210.9 210.9 210.8 210.8 210.3 210.3 210.2 210.2 210.1 210.1 210.1 210.1 210.1 210.1 210.1 210.7 210.8 210.8 210.8 210.8 210.8 210.7 210.1 210.1 210.2 210.8 210.9 211.6 211.0 211.8 16.0 17.0 16.1 16.1 16.9 16.9 17.7 17.0 17.0 17.1 19.1 20.1 21.4 23.0 23.8 23.2 23.5 24.2 26.0 27.1 29.0 30.1 31.4 33.1 34.1 36.0 37.2 39.0 40.1 41.4 43.1 45.0 46.1 48.0 49.4 51.1 52.4 54.1 55.4 57.1 58.5 60.1 61.4 63.1 64.4 66.1 67.4 69.3 71.0 72.4 74.0 75.4 77.1 78.4 80.1 81.4 83.3 85.0 86.3 88.0 89.4 91.0 92.4 94.3 95.4 97.3 99.0 100.4 102.0 103.4 105.3 106.4 108.3 109.4 111.3 113.0 114.4 116.0 117.4 119.3 120.4 122.3 123.4 125.4 127.0 128.4 130.3 131.4 133.3 134.4 136.3 137.4 139.4 141.3 142.4 144.1 145.4 146.6 148.4 149.4 20.0 1782153198.046364
186.0 187.0 189.0 190.0 192.0 193.0 194.1 196.0 197.1 198.1 199.0 199.0 200.0 200.9 202.0 203.2 205.0 206.0 206.8 206.5 206.4 207.0 207.8 207.6 208.0 208.7 208.0 208.5 209.0 210.0 210.0 209.0 209.0 209.7 209.9 210.0 209.3 209.2 209.1 209.5 209.8 210.0 210.4 210.9 210.8 210.8 210.8 210.3 210.2 210.2 210.2 210.2 210.1 210.1 210.1 210.2 210.2 210.2 210.7 210.8 210.7 210.8 210.8 211.0 210.9 210.9 210.9 210.9 210.9 210.9 210.9 210.9 210.8 210.8 210.4 210.4 210.2 210.2 210.1 210.1 210.1 210.1 210.1 210.0 210.1 210.7 210.8 210.8 210.9 210.9 210.9 210.7 210.1 210.0 210.2 210.8 210.9 211.6 211.1 211.8 16.0 17.0 16.1 16.1 16.9 16.9 17.7 17.0 17.0 17.1 19.1 20.1 21.4 23.0 23.9 23.2 23.4 24.2 26.0 27.1 29.0 30.1 31.4 33.1 34.1 36.0 37.1 39.0 40.1 41.4 43.1 45.0 46.1 48.0 49.3 51.1 52.4 54.1 55.4 57.1 58.5 60.1 61.4 63.1 64.4 66.1 67.4 69.3 71.0 72.3 74.0 75.4 77.1 78.4 80.1 81.4 83.3 85.0 86.3 88.0 89.4 91.0 92.4 94.3 95.4 97.3 99.0 100.4 102.0 103.4 105.3 106.4 108.3 109.4 111.3 113.0 114.4 116.0 117.4 119.3 120.4 122.3 123.4 125.4 127.0 128.4 130.3 131.4 133.3 134.4 136.3 137.4 139.4 141.3 142.4 144.1 145.4 146.5 148.4 149.5 21.0 1782153198.061746
186.0 187.0 189.0 190.0 192.0 193.0 194.1 196.0 197.1 198.1 199.0 199.0 200.0 200.9 202.0 203.2 205.0 206.0 206.9 206.5 206.5 207.0 207.8 207.6 208.0 208.7 208.0 208.6 209.0 210.0 210.0 209.0 209.0 209.7 209.9 210.0 209.3 209.2 209.1 209.5 209.9 210.0 210.4 210.9 210.8 210.8 210.8 210.3 210.2 210.2 210.2 210.2 210.1 210.1 210.1 210.1 210.2 210.3 210.7 210.8 210.8 210.8 210.8 211.0 210.9 210.9 210.9 210.9 210.9 210.9 210.9 210.9 210.8 210.8 210.3 210.3 210.2 210.2 210.1 210.1 210.1 210.1 210.1 210.0 210.0 210.7 210.8 210.8 210.9 210.9 210.9 210.7 210.1 210.0 210.2 210.8 210.9 211.6 211.1 211.8 16.0 17.0 16.1 16.1 16.9 16.9 17.7 17.0 17.0 17.1 19.1 20.1 21.4 23.0 23.8 23.1 23.5 24.2 26.0 27.1 29.0 30.1 31.4 33.1 34.1 36.0 37.1 39.0 40.1 41.5 43.1 45.0 46.1 48.0 49.4 51.1 52.5 54.1 55.5 57.1 58.5 60.1 61.5 63.1 64.5 66.1 67.5 69.3 71.0 72.4 74.0 75.5 77.1 78.5 80.1 81.5 83.3 85.0 86.3 88.0 89.5 91.0 92.5 94.3 95.5 97.3 99.0 100.4 102.0 103.5 105.3 106.5 108.3 109.5 111.3 113.0 114.4 116.0 117.4 119.3 120.5 122.3 123.5 125.4 127.0 128.4 130.3 131.4 133.3 134.4 136.3 137.5 139.4 141.3 142.4 144.1 145.4 146.6 148.4 149.5 22.0 1782153198.077193
186.0 187.0 189.0 190.0 192.0 193.0 194.1 196.0 197.1 198.1 199.0 199.0 200.0 200.9 202.0 203.3 205.0 206.0 206.9 206.6 206.5 207.0 207.8 207.7 208.0 208.7 208.0 208.6 209.0 210.0 210.0 209.0 209.0 209.7 209.9 210.0 209.3 209.1 209.1 209.5 209.9 210.0 210.4 210.9 210.9 210.9 210.8 210.3 210.2 210.2 210.2 210.2 210.1 210.1 210.1 210.1 210.3 210.3 210.7 210.8 210.8 210.8 210.8 211.0 210.9 210.9 210.9 210.9 210.9 210.9 210.9 210.9 210.8 210.8 210.3 210.3 210.2 210.2 210.1 210.1 210.1 210.1 210.1 210.0 210.0 210.7 210.8 210.8 210.9 210.9 210.9 210.7 210.1 210.0 210.2 210.8 210.9 211.6 211.1 211.8 16.0 17.0 16.1 16.1 16.9 16.9 17.8 17.0 17.0 17.1 19.1 20.1 21.4 23.0 23.8 23.1 23.5 24.2 26.0 27.1 29.0 30.1 31.4 33.1 34.1 36.0 37.1 39.0 40.1 41.5 43.1 45.0 46.1 48.0 49.4 51.1 52.5 54.1 55.5 57.1 58.5 60.1 61.5 63.1 64.5 66.1 67.5 69.4 71.0 72.4 74.0 75.5 77.1 78.5 80.1 81.5 83.4 85.0 86.4 88.0 89.5 91.0 92.5 94.4 95.5 97.4 99.0 100.4 102.0 103.5 105.3 106.5 108.4 109.5 111.4 113.0 114.4 116.0 117.4 119.3 120.5 122.4 123.5 125.4 127.0 128.4 130.3 131.4 133.3 134.4 136.4 137.5 139.4 141.3 142.4 144.2 145.4 146.6 148.4 149.5 23.0 1782153198.087557
186.0 187.0 189.0 190.0 192.0 193.0 194.1 196.0 197.1 198.1 199.0 199.0 200.0 200.9 201.9 203.3 204.9 206.0 206.8 206.6 206.5 207.0 207.8 207.6 208.0 208.7 208.0 208.6 209.0 210.0 210.0 209.0 209.0 209.7 209.8 210.0 209.3 209.2 209.2 209.5 209.8 210.0 210.3 210.8 210.9 210.9 210.8 210.2 210.2 210.1 210.1 210.1 210.1 210.1 210.1 210.1 210.3 210.3 210.7 210.8 210.8 210.8 210.8 211.0 210.9 210.9 210.9 210.9 210.9 210.9 210.9 210.9 210.8 210.7 210.3 210.3 210.2 210.2 210.1 210.1 210.1 210.1 210.1 210.0 210.0 210.7 210.8 210.8 210.9 210.9 210.9 210.7 210.2 210.0 210.2 210.8 210.9 211.6 211.1 211.8 16.0 17.0 16.1 16.1 16.9 16.9 17.8 17.0 17.0 17.1 19.1 20.1 21.5 23.0 23.8 23.2 23.6 24.2 26.0 27.1 29.0 30.1 31.5 33.1 34.1 36.0 37.1 39.0 40.1 41.5 43.1 45.0 46.1 48.0 49.4 51.1 52.5 54.1 55.5 57.1 58.6 60.1 61.5 63.1 64.5 66.1 67.5 69.4 71.0 72.4 74.0 75.5 77.1 78.5 80.1 81.5 83.4 85.0 86.4 88.0 89.5 91.0 92.5 94.4 95.5 97.4 99.0 100.4 102.0 103.5 105.4 106.5 108.4 109.5 111.4 113.0 114.4 116.0 117.4 119.4 120.5 122.4 123.5 125.4 127.0 128.4 130.4 131.4 133.4 134.4 136.4 137.5 139.4 141.4 142.4 144.2 145.4 146.6 148.4 149.6 24.0 1782153198.097900
186.0 187.0 189.0 190.0 192.0 193.0 194.1 196.0 197.1 198.1 199.0 199.0 200.0 200.9 201.9 203.3 204.9 206.0 206.8 206.6 206.5 207.0 207.8 207.6 208.0 208.7 208.0 208.6 209.0 210.0 210.0 209.0 209.0 209.7 209.9 210.0 209.3 209.2 209.1 209.5 209.8 210.0 210.4 210.9 210.8 210.8 210.8 210.3 210.2 210.2 210.2 210.2 210.1 210.0 210.1 210.1 210.2 210.3 210.7 210.8 210.8 210.8 210.8 211.0 211.0 210.9 210.9 210.8 210.8 210.9 210.9 210.9 210.7 210.7 210.3 210.3 210.2 210.2 210.1 210.1 210.1 210.1 210.1 210.0 210.0 210.7 210.8 210.8 210.9 210.9 210.9 210.8 210.2 210.0 210.2 210.8 210.9 211.6 211.1 211.8 16.0 17.0 16.1 16.1 16.9 16.9 17.8 17.0 17.0 17.1 19.1 20.1 21.4 23.0 23.8 23.2 23.6 24.2 26.0 27.1 29.0 30.1 31.5 33.1 34.1 36.0 37.2 39.0 40.1 41.5 43.1 45.0 46.1 48.0 49.5 51.1 52.5 54.1 55.5 57.1 58.6 60.1 61.5 63.1 64.5 66.1 67.5 69.4 71.0 72.5 74.0 75.5 77.1 78.5 80.1 81.5 83.4 85.0 86.4 88.0 89.5 91.0 92.5 94.4 95.5 97.4 99.0 100.5 102.0 103.5 105.4 106.5 108.4 109.5 111.4 113.0 114.5 116.0 117.5 119.4 120.5 122.4 123.5 125.5 127.0 128.5 130.4 131.5 133.4 134.5 136.4 137.5 139.5 141.4 142.5 144.3 145.5 146.7 148.5 149.6 25.0 1782153198.113180
186.0 187.0 189.0 190.0 192.0 193.0 194.2 196.0 197.2 198.1 199.0 199.0 200.0 200.9 201.9 203.3 204.9 206.0 206.8 206.6 206.5 207.0 207.7 207.7 208.0 208.7 208.0 208.6 209.0 210.0 210.0 209.0 209.0 209.7 209.8 210.0 209.3 209.2 209.2 209.5 209.8 210.0 210.4 210.8 210.8 210.8 210.8 210.3 210.2 210.2 210.2 210.2 210.1 210.0 210.1 210.1 210.3 210.4 210.7 210.8 210.8 210.8 210.8 211.0 211.0 210.9 210.9 210.8 210.8 210.9 210.9 210.9 210.7 210.6 210.3 210.3 210.2 210.2 210.1 210.1 210.1 210.1 210.1 210.0 210.0 210.7 210.8 210.8 210.9 210.9 210.9 210.8 210.3 210.0 210.2 210.7 210.9 211.5 211.1 211.8 16.0 17.0 16.2 16.2 16.8 16.8 17.7 17.0 17.0 17.2 19.1 20.2 21.5 23.0 23.8 23.2 23.6 24.2 26.0 27.2 29.0 30.2 31.5 33.1 34.2 36.1 37.2 39.1 40.2 41.6 43.2 45.0 46.2 48.1 49.5 51.1 52.6 54.1 55.6 57.2 58.7 60.2 61.6 63.1 64.6 66.1 67.6 69.5 71.1 72.5 74.1 75.6 77.1 78.6 80.1 81.6 83.5 85.1 86.5 88.1 89.6 91.1 92.6 94.5 95.6 97.5 99.1 100.5 102.1 103.6 105.4 106.6 108.5 109.6 111.5 113.1 114.5 116.1 117.5 119.4 120.6 122.5 123.6 125.5 127.1 128.5 130.4 131.5 133.4 134.5 136.5 137.6 139.5 141.4 142.5 144.3 145.5 146.8 148.5 149.6 26.0 1782153198.128531
186.0 187.0 189.0 190.0 192.0 193.0 194.2 196.0 197.2 198.1 199.0 199.0 200.0 200.8 201.9 203.3 204.9 206.0 206.7 206.6 206.5 207.0 207.7 207.7 208.0 208.7 208.0 208.7 209.0 210.0 210.0 209.0 209.0 209.6 209.8 210.0 209.4 209.3 209.2 209.4 209.7 210.0 210.3 210.8 210.8 210.8 210.8 210.2 210.2 210.2 210.2 210.2 210.1 210.0 210.1 210.2 210.3 210.4 210.7 210.8 210.8 210.9 210.9 211.0 211.0 210.9 210.9 210.9 210.8 210.8 210.8 210.8 210.7 210.6 210.3 210.3 210.2 210.2 210.1 210.1 210.2 210.2 210.2 210.1 210.1 210.7 210.8 210.8 210.8 210.8 210.8 210.7 210.2 210.1 210.2 210.7 210.8 211.5 211.1 211.8 16.0 17.0 16.2 16.2 16.8 16.8 17.7 17.0 17.0 17.2 19.1 20.2 21.5 23.0 23.8 23.3 23.6 24.3 26.0 27.2 29.0 30.2 31.5 33.1 34.2 36.1 37.2 39.1 40.2 41.6 43.2 45.0 46.2 48.1 49.5 51.1 52.6 54.1 55.6 57.2 58.7 60.2 61.6 63.1 64.6 66.1 67.6 69.5 71.1 72.5 74.1 75.6 77.1 78.6 80.1 81.6 83.5 85.1 86.5 88.1 89.6 91.1 92.6 94.5 95.6 97.5 99.1 100.5 102.1 103.6 105.5 106.6 108.5 109.6 111.5 113.1 114.5 116.1 117.5 119.5 120.6 122.5 123.6 125.5 127.1 128.5 130.5 131.5 133.5 134.5 136.5 137.6 139.5 141.5 142.5 144.3 145.5 146.9 148.5 149.6 27.0 1782153198.138875
186.0 187.0 189.0 190.0 192.0 193.0 194.2 196.0 197.2 198.2 199.0 199.0 200.0 200.8 201.9 203.2 204.9 206.0 206.7 206.7 206.6 207.0 207.7 207.7 208.0 208.6 208.0 208.7 209.0 210.0 210.0 209.0 209.0 209.6 209.7 210.0 209.4 209.3 209.3 209.4 209.7 210.0 210.3 210.7 210.8 210.8 210.8 210.2 210.2 210.2 210.2 210.2 210.1 210.0 210.1 210.2 210.4 210.4 210.7 210.8 210.8 210.9 210.9 211.0 211.0 210.9 210.9 210.9 210.8 210.8 210.8 210.8 210.6 210.6 210.3 210.3 210.2 210.2 210.1 210.1 210.2 210.2 210.2 210.1 210.1 210.7 210.8 210.8 210.8 210.9 210.9 210.7 210.3 210.1 210.2 210.7 210.8 211.4 211.1 211.8 16.0 17.0 16.2 16.2 16.8 16.8 17.6 17.0 17.0 17.2 19.2 20.2 21.5 23.0 23.8 23.3 23.7 24.3 26.0 27.2 29.0 30.2 31.6 33.2 34.2 36.1 37.3 39.1 40.2 41.6 43.2 45.0 46.2 48.1 49.6 51.2 52.6 54.2 55.6 57.2 58.8 60.3 61.6 63.2 64.6 66.2 67.6 69.5 71.1 72.6 74.1 75.6 77.2 78.6 80.2 81.6 83.5 85.1 86.5 88.1 89.6 91.1 92.6 94.5 95.6 97.5 99.1 100.6 102.1 103.6 105.5 106.6 108.5 109.6 111.5 113.1 114.6 116.1 117.6 119.5 120.6 122.5 123.6 125.6 127.1 128.6 130.5 131.6 133.5 134.6 136.5 137.6 139.6 141.5 142.6 144.4 145.6 146.9 148.6 149.7 28.0 1782153198.149274
186.0 187.0 189.0 190.0 192.0 193.0 194.2 196.0 197.2 198.2 199.0 199.0 200.0 200.8 201.9 203.2 204.9 206.0 206.7 206.7 206.6 207.0 207.7 207.7 208.0 208.7 208.0 208.7 209.0 210.0 210.0 209.0 209.0 209.6 209.7 210.0 209.4 209.3 209.3 209.4 209.7 210.0 210.3 210.7 210.9 210.9 210.8 210.2 210.2 210.1 210.1 210.2 210.1 210.0 210.1 210.2 210.4 210.5 210.7 210.8 210.8 210.9 210.9 211.0 211.0 210.9 210.9 210.9 210.8 210.8 210.8 210.8 210.6 210.5 210.2 210.2 210.2 210.2 210.1 210.1 210.2 210.2 210.2 210.1 210.1 210.7 210.8 210.8 210.8 210.8 210.8 210.7 210.3 210.1 210.2 210.7 210.7 211.4 211.1 211.8 16.0 17.0 16.2 16.2 16.8 16.8 17.6 17.0 17.0 17.2 19.2 20.2 21.5 23.0 23.8 23.3 23.7 24.4 26.0 27.2 29.0 30.2 31.6 33.2 34.2 36.1 37.2 39.1 40.2 41.6 43.2 45.0 46.2 48.1 49.6 51.2 52.6 54.2 55.6 57.2 58.8 60.3 61.6 63.2 64.6 66.2 67.6 69.5 71.1 72.6 74.1 75.6 77.2 78.6 80.2 81.6 83.5 85.1 86.5 88.1 89.6 91.1 92.6 94.5 95.6 97.5 99.1 100.6 102.1 103.6 105.5 106.6 108.5 109.6 111.5 113.1 114.6 116.1 117.6 119.5 120.6 122.5 123.6 125.6 127.1 128.6 130.5 131.6 133.5 134.6 136.5 137.6 139.6 141.5 142.6 144.4 145.6 147.0 148.6 149.7 29.0 1782153198.164715
186.0 187.0 189.0 190.0 192.0 193.0 194.2 196.0 197.2 198.2 199.0 199.0 200.0 200.8 201.9 203.3 204.9 206.0 206.7 206.6 206.6 207.0 207.7 207.7 208.0 208.6 208.0 208.7 209.0 210.0 210.0 209.0 209.0 209.6 209.7 210.0 209.4 209.3 209.3 209.4 209.7 210.0 210.3 210.7 210.9 210.9 210.8 210.2 210.2 210.1 210.1 210.1 210.1 210.0 210.1 210.2 210.4 210.5 210.8 210.9 210.8 210.9 210.9 211.0 211.0 210.9 210.9 210.9 210.7 210.7 210.7 210.7 210.5 210.5 210.2 210.2 210.2 210.2 210.1 210.2 210.3 210.3 210.3 210.2 210.2 210.7 210.8 210.8 210.8 210.8 210.8 210.7 210.3 210.2 210.2 210.7 210.7 211.3 211.1 211.8 16.0 17.0 16.2 16.2 16.8 16.8 17.5 17.0 17.0 17.2 19.2 20.2 21.6 23.0 23.9 23.3 23.7 24.4 26.0 27.2 29.0 30.2 31.6 33.2 34.2 36.2 37.3 39.1 40.2 41.6 43.2 45.0 46.2 48.2 49.6 51.2 52.6 54.2 55.6 57.2 58.8 60.4 61.6 63.2 64.6 66.2 67.6 69.6 71.2 72.6 74.2 75.6 77.2 78.6 80.2 81.6 83.6 85.2 86.6 88.2 89.6 91.2 92.6 94.6 95.6 97.6 99.2 100.6 102.2 103.6 105.5 106.6 108.6 109.6 111.6 113.2 114.6 116.2 117.6 119.5 120.6 122.6 123.6 125.6 127.2 128.6 130.5 131.6 133.5 134.6 136.6 137.6 139.6 141.5 142.6 144.4 145.6 147.0 148.6 149.7 30.0 1782153198.180130
186.0 187.0 189.0 190.0 192.0 193.0 194.3 196.0 197.3 198.2 199.0 199.0 200.0 200.8 201.9 203.3 204.9 206.0 206.6 206.7 206.6 207.0 207.7 207.8 208.0 208.6 208.0 208.7 209.0 210.0 210.0 209.0 209.0 209.6 209.7 210.0 209.4 209.4 209.3 209.3 209.6 210.0 210.3 210.7 210.9 210.9 210.8 210.2 210.1 210.1 210.1 210.1 210.1 210.0 210.1 210.2 210.4 210.5 210.7 210.9 210.8 210.9 210.9 211.0 211.0 210.9 210.9 210.9 210.7 210.8 210.8 210.8 210.6 210.5 210.3 210.3 210.2 210.2 210.1 210.2 210.2 210.2 210.2 210.2 210.2 210.7 210.8 210.7 210.7 210.7 210.7 210.7 210.3 210.2 210.2 210.7 210.7 211.3 211.0 211.8 16.0 17.0 16.3 16.3 16.7 16.7 17.4 17.0 17.0 17.3 19.2 20.3 21.6 23.0 23.9 23.4 23.8 24.4 26.0 27.3 29.0 30.3 31.6 33.2 34.3 36.2 37.3 39.1 40.3 41.7 43.3 45.0 46.3 48.2 49.6 51.2 52.7 54.2 55.7 57.3 58.8 60.4 61.7 63.2 64.7 66.2 67.7 69.6 71.2 72.6 74.2 75.7 77.2 78.7 80.2 81.7 83.6 85.2 86.6 88.2 89.7 91.2 92.7 94.6 95.7 97.6 99.2 100.6 102.2 103.7 105.5 106.7 108.6 109.7 111.6 113.2 114.6 116.2 117.6 119.5 120.7 122.6 123.7 125.6 127.2 128.6 130.5 131.6 133.5 134.6 136.6 137.7 139.6 141.5 142.6 144.4 145.6 147.0 148.6 149.7 31.0 1782153198.190524
186.0 187.0 189.0 190.0 192.0 193.0 194.3 196.0 197.3 198.2 199.0 199.0 200.0 200.8 201.9 203.3 204.9 206.0 206.6 206.7 206.7 207.0 207.8 207.8 208.0 208.7 208.0 208.7 209.0 210.0 210.0 209.0 209.0 209.5 209.6 210.0 209.5 209.4 209.4 209.3 209.6 210.0 210.3 210.6 210.9 210.9 210.8 210.2 210.1 210.1 210.1 210.1 210.1 210.0 210.1 210.3 210.4 210.5 210.7 210.9 210.9 210.9 210.9 211.0 211.0 210.9 210.9 210.9 210.7 210.7 210.7 210.7 210.5 210.5 210.3 210.3 210.2 210.2 210.1 210.1 210.3 210.3 210.3 210.2 210.2 210.7 210.8 210.7 210.7 210.7 210.7 210.7 210.3 210.2 210.2 210.7 210.7 211.3 211.0 211.8 16.0 17.0 16.3 16.3 16.7 16.7 17.5 17.0 17.0 17.3 19.2 20.3 21.6 23.0 23.9 23.4 23.8 24.5 26.0 27.3 29.0 30.3 31.7 33.2 34.3 36.2 37.3 39.1 40.3 41.7 43.3 45.0 46.3 48.2 49.6 51.2 52.7 54.2 55.7 57.3 58.8 60.4 61.7 63.2 64.7 66.2 67.7 69.6 71.2 72.6 74.2 75.7 77.2 78.7 80.2 81.7 83.6 85.2 86.6 88.2 89.7 91.2 92.7 94.6 95.7 97.6 99.2 100.6 102.2 103.7 105.5 106.7 108.6 109.7 111.6 113.2 114.6 116.2 117.6 119.5 120.7 122.6 123.7 125.6 127.2 128.6 130.5 131.6 133.5 134.6 136.6 137.7 139.6 141.5 142.6 144.5 145.6 147.1 148.6 149.7 32.0 1782153198.205984
186.0 187.0 189.0 190.0 192.0 193.0 194.3 196.0 197.3 198.2 199.0 199.0 200.0 200.8 201.9 203.2 204.9 206.0 206.6 206.7 206.6 207.0 207.8 207.8 208.0 208.7 208.0 208.8 209.0 210.0 210.0 209.0 209.0 209.5 209.6 210.0 209.5 209.4 209.4 209.3 209.6 210.0 210.2 210.6 210.9 210.9 210.8 210.2 210.1 210.1 210.1 210.1 210.1 210.0 210.1 210.3 210.4 210.5 210.7 210.9 210.9 210.9 210.9 211.0 211.0 210.9 210.9 210.9 210.7 210.7 210.7 210.7 210.6 210.5 210.3 210.3 210.2 210.2 210.1 210.1 210.3 210.3 210.3 210.2 210.2 210.7 210.8 210.7 210.7 210.7 210.7 210.6 210.3 210.2 210.2 210.7 210.7 211.3 211.0 211.8 16.0 17.0 16.3 16.3 16.7 16.7 17.5 17.0 17.0 17.3 19.2 20.3 21.6 23.0 23.8 23.4 23.8 24.4 26.0 27.3 29.0 30.3 31.6 33.2 34.3 36.2 37.3 39.1 40.3 41.7 43.3 45.0 46.3 48.2 49.6 51.2 52.7 54.2 55.7 57.3 58.8 60.4 61.7 63.2 64.7 66.2 67.7 69.6 71.2 72.6 74.2 75.7 77.2 78.7 80.2 81.7 83.6 85.2 86.6 88.2 89.7 91.2 92.7 94.6 95.7 97.6 99.2 100.7 102.2 103.7 105.5 106.7 108.6 109.7 111.6 113.2 114.7 116.2 117.7 119.5 120.7 122.6 123.7 125.7 127.2 128.7 130.5 131.7 133.5 134.7 136.6 137.7 139.7 141.5 142.7 144.4 145.7 147.1 148.7 149.7 33.0 1782153198.216234
186.0 187.0 189.0 190.0 192.0 193.0 194.3 196.0 197.3 198.3 199.0 199.0 200.0 200.8 201.9 203.2 204.9 206.0 206.6 206.7 206.6 207.0 207.8 207.8 208.0 208.7 208.0 208.8 209.0 210.0 210.0 209.0 209.0 209.5 209.6 210.0 209.5 209.5 209.4 209.3 209.6 210.0 210.2 210.6 210.9 210.9 210.9 210.2 210.1 210.1 210.1 210.1 210.1 210.0 210.1 210.2 210.4 210.4 210.7 210.9 210.9 210.9 210.9 211.0 211.0 210.9 210.9 210.9 210.7 210.7 210.7 210.7 210.6 210.6 210.3 210.3 210.3 210.3 210.1 210.1 210.3 210.3 210.3 210.2 210.2 210.7 210.7 210.7 210.6 210.6 210.6 210.6 210.3 210.2 210.2 210.7 210.7 211.2 211.0 211.7 16.0 17.0 16.3 16.3 16.7 16.7 17.4 17.0 17.0 17.3 19.3 20.3 21.7 23.0 23.8 23.4 23.8 24.5 26.0 27.3 29.0 30.3 31.6 33.3 34.3 36.2 37.3 39.1 40.3 41.7 43.3 45.0 46.3 48.2 49.6 51.3 52.7 54.3 55.7 57.3 58.8 60.4 61.7 63.3 64.7 66.3 67.7 69.6 71.2 72.6 74.2 75.7 77.3 78.7 80.3 81.7 83.6 85.2 86.6 88.2 89.7 91.2 92.7 94.6 95.7 97.6 99.2 100.7 102.2 103.7 105.5 106.7 108.6 109.7 111.6 113.2 114.7 116.2 117.7 119.5 120.7 122.6 123.7 125.7 127.2 128.7 130.5 131.7 133.5 134.7 136.6 137.7 139.7 141.5 142.7 144.4 145.7 147.1 148.7 149.8 34.0 1782153198.231658
186.0 187.0 189.0 190.0 192.0 193.0 194.3 196.0 197.3 198.3 199.0 199.0 200.0 200.8 201.9 203.2 204.9 206.0 206.6 206.7 206.7 207.0 207.7 207.8 208.0 208.7 208.0 208.8 209.0 210.0 210.0 209.0 209.0 209.5 209.6 210.0 209.5 209.4 209.4 209.3 209.6 210.0 210.2 210.6 210.9 210.9 210.9 210.2 210.1 210.1 210.1 210.1 210.1 210.0 210.1 210.2 210.4 210.4 210.6 210.9 210.9 210.9 210.9 211.0 211.0 211.0 210.9 210.9 210.7 210.8 210.8 210.8 210.6 210.6 210.4 210.4 210.3 210.3 210.1 210.1 210.2 210.2 210.2 210.2 210.2 210.6 210.7 210.6 210.6 210.6 210.6 210.6 210.3 210.2 210.2 210.7 210.7 211.2 211.0 211.7 16.0 17.0 16.3 16.3 16.7 16.7 17.4 17.0 17.0 17.3 19.3 20.3 21.7 23.0 23.8 23.4 23.9 24.4 26.0 27.3 29.0 30.3 31.7 33.3 34.3 36.1 37.3 39.1 40.3 41.7 43.3 45.0 46.3 48.1 49.6 51.3 52.7 54.3 55.7 57.3 58.8 60.4 61.7 63.3 64.7 66.3 67.7 69.6 71.1 72.6 74.1 75.7 77.3 78.7 80.3 81.7 83.6 85.1 86.6 88.1 89.7 91.1 92.7 94.6 95.7 97.6 99.1 100.7 102.1 103.7 105.5 106.7 108.6 109.7 111.6 113.1 114.7 116.1 117.7 119.5 120.7 122.6 123.7 125.7 127.1 128.7 130.5 131.7 133.5 134.7 136.6 137.7 139.7 141.5 142.7 144.4 145.7 147.1 148.7 149.8 35.0 1782153198.247047
186.0 187.0 189.0 190.0 192.0 193.0 194.3 196.0 197.3 198.3 199.0 199.0 200.0 200.8 201.9 203.2 204.9 206.0 206.6 206.7 206.7 207.0 207.8 207.8 208.0 208.7 208.0 208.8 209.0 210.0 210.0 209.0 209.0 209.5 209.6 210.0 209.5 209.5 209.4 209.3 209.5 210.0 210.2 210.6 210.9 210.9 210.9 210.2 210.1 210.1 210.1 210.1 210.1 210.0 210.0 210.2 210.4 210.4 210.6 210.9 210.9 210.9 210.9 211.0 211.0 211.0 211.0 210.9 210.8 210.8 210.8 210.8 210.6 210.6 210.4 210.4 210.3 210.3 210.1 210.1 210.2 210.2 210.2 210.2 210.2 210.6 210.7 210.6 210.6 210.6 210.6 210.5 210.2 210.2 210.2 210.7 210.7 211.2 211.0 211.7 16.0 17.0 16.3 16.3 16.7 16.7 17.4 17.0 17.0 17.3 19.3 20.3 21.7 23.0 23.8 23.4 23.9 24.5 26.0 27.3 29.0 30.3 31.7 33.3 34.3 36.1 37.4 39.1 40.3 41.7 43.3 45.0 46.3 48.1 49.6 51.3 52.7 54.3 55.7 57.3 58.8 60.4 61.7 63.3 64.7 66.3 67.7 69.6 71.1 72.6 74.1 75.7 77.3 78.7 80.3 81.7 83.6 85.1 86.6 88.1 89.7 91.1 92.7 94.6 95.7 97.6 99.1 100.7 102.1 103.7 105.4 106.7 108.6 109.7 111.6 113.1 114.7 116.1 117.7 119.4 120.7 122.6 123.7 125.7 127.1 128.7 130.4 131.7 133.4 134.7 136.6 137.7 139.7 141.4 142.7 144.4 145.7 147.1 148.7 149.8 36.0 1782153198.262554
186.0 187.0 189.0 190.0 192.0 193.0 194.3 196.0 197.3 198.3 199.0 199.0 199.9 200.8 201.9 203.2 204.9 206.0 206.6 206.7 206.7 207.0 207.8 207.8 208.0 208.7 208.0 208.8 209.0 210.0 210.0 209.0 209.0 209.5 209.5 210.0 209.5 209.5 209.5 209.3 209.5 210.0 210.2 210.5 210.9 210.9 210.9 210.2 210.1 210.1 210.1 210.1 210.1 210.0 210.0 210.2 210.3 210.4 210.6 210.9 210.9 210.9 210.9 211.0 211.0 211.0 211.0 210.9 210.8 210.8 210.8 210.8 210.6 210.6 210.4 210.4 210.4 210.4 210.2 210.1 210.2 210.2 210.2 210.2 210.2 210.6 210.6 210.6 210.5 210.5 210.5 210.5 210.2 210.2 210.2 210.8 210.8 211.2 211.0 211.6 16.0 17.0 16.3 16.3 16.7 16.7 17.4 17.0 17.0 17.3 19.3 20.3 21.7 23.0 23.8 23.4 23.9 24.5 26.0 27.3 29.0 30.3 31.6 33.3 34.3 36.1 37.3 39.1 40.3 41.8 43.3 45.0 46.3 48.1 49.6 51.3 52.8 54.3 55.8 57.3 58.9 60.4 61.8 63.3 64.8 66.3 67.8 69.6 71.1 72.6 74.1 75.8 77.3 78.8 80.3 81.8 83.6 85.1 86.6 88.1 89.8 91.1 92.8 94.6 95.8 97.6 99.1 100.7 102.1 103.8 105.4 106.8 108.6 109.8 111.6 113.1 114.7 116.1 117.7 119.4 120.8 122.6 123.8 125.7 127.1 128.7 130.4 131.7 133.4 134.7 136.6 137.8 139.7 141.4 142.7 144.4 145.7 147.1 148.7 149.8 37.0 1782153198.272872
186.0 187.0 189.0 190.0 192.0 193.0 194.3 196.0 197.3 198.3 199.0 199.0 199.9 200.8 201.9 203.2 204.9 206.0 206.5 206.8 206.7 207.0 207.8 207.8 208.0 208.7 208.0 208.8 209.0 210.0 210.0 209.0 209.0 209.4 209.5 210.0 209.6 209.5 209.5 209.2 209.5 210.0 210.2 210.5 210.9 210.9 210.9 210.2 210.1 210.1 210.1 210.1 210.1 210.0 210.0 210.2 210.3 210.4 210.5 210.9 210.9 210.9 210.9 211.0 211.0 211.0 211.0 210.9 210.8 210.8 210.8 210.8 210.7 210.6 210.4 210.4 210.4 210.4 210.2 210.1 210.2 210.2 210.2 210.2 210.2 210.5 210.6 210.6 210.5 210.5 210.5 210.5 210.2 210.2 210.2 210.8 210.8 211.2 211.0 211.6 16.0 17.0 16.3 16.3 16.7 16.7 17.3 17.0 17.0 17.3 19.3 20.3 21.7 23.0 23.8 23.5 24.0 24.5 26.0 27.3 29.0 30.3 31.7 33.3 34.3 36.1 37.4 39.1 40.3 41.8 43.3 45.0 46.3 48.1 49.6 51.3 52.8 54.3 55.8 57.3 58.9 60.4 61.8 63.3 64.8 66.3 67.8 69.6 71.1 72.6 74.1 75.8 77.3 78.8 80.3 81.8 83.6 85.1 86.6 88.1 89.8 91.1 92.8 94.6 95.8 97.6 99.1 100.7 102.1 103.8 105.4 106.8 108.6 109.8 111.6 113.1 114.7 116.1 117.7 119.4 120.8 122.6 123.8 125.7 127.1 128.7 130.4 131.7 133.4 134.7 136.6 137.8 139.7 141.4 142.7 144.3 145.7 147.1 148.7 149.8 38.0 1782153198.288295
186.0 187.0 189.0 190.0 192.0 193.0 194.4 196.0 197.4 198.3 199.0 199.0 199.9 200.8 201.9 203.2 204.9 206.0 206.5 206.8 206.7 207.0 207.8 207.8 208.0 208.7 208.0 208.8 209.0 210.0 210.0 209.0 209.0 209.5 209.5 210.0 209.5 209.5 209.5 209.2 209.5 210.0 210.2 210.5 210.9 210.9 210.9 210.2 210.1 210.1 210.1 210.1 210.1 210.0 210.0 210.2 210.3 210.3 210.6 210.9 210.9 210.9 210.9 211.0 211.0 211.0 211.0 210.9 210.8 210.8 210.8 210.8 210.7 210.7 210.5 210.5 210.4 210.4 210.1 210.1 210.2 210.2 210.2 210.1 210.2 210.5 210.6 210.5 210.5 210.5 210.5 210.5 210.2 210.1 210.2 210.8 210.8 211.2 211.0 211.6 16.0 17.0 16.4 16.4 16.6 16.6 17.3 17.0 17.0 17.4 19.3 20.4 21.7 23.0 23.8 23.5 24.0 24.5 26.0 27.4 29.0 30.4 31.7 33.3 34.4 36.1 37.4 39.1 40.4 41.8 43.4 45.0 46.4 48.1 49.6 51.3 52.8 54.3 55.8 57.4 58.9 60.5 61.8 63.3 64.8 66.3 67.8 69.6 71.1 72.6 74.1 75.8 77.3 78.8 80.3 81.8 83.6 85.1 86.6 88.1 89.8 91.1 92.8 94.6 95.8 97.6 99.1 100.7 102.1 103.8 105.4 106.8 108.6 109.8 111.6 113.1 114.7 116.1 117.7 119.4 120.8 122.6 123.8 125.7 127.1 128.7 130.4 131.7 133.4 134.7 136.6 137.8 139.7 141.4 142.7 144.3 145.7 147.1 148.7 149.8 39.0 1782153198.293454
186.0 187.0 189.0 190.0 192.0 193.0 194.4 196.0 197.4 198.3 199.0 199.0 199.9 200.8 201.8 203.2 204.8 206.0 206.5 206.8 206.7 207.0 207.8 207.8 208.0 208.7 208.0 208.8 209.0 210.0 210.0 209.0 209.0 209.4 209.5 210.0 209.6 209.5 209.5 209.2 209.5 210.0 210.2 210.5 210.9 210.9 210.9 210.2 210.1 210.1 210.1 210.1 210.1 210.0 210.0 210.2 210.3 210.3 210.5 210.9 210.9 210.9 210.9 211.0 211.0 211.0 211.0 210.9 210.8 210.8 210.8 210.8 210.7 210.7 210.5 210.5 210.5 210.5 210.2 210.1 210.2 210.2 210.2 210.1 210.1 210.5 210.5 210.5 210.5 210.5 210.5 210.4 210.2 210.1 210.2 210.8 210.8 211.2 211.0 211.5 16.0 17.0 16.4 16.4 16.6 16.6 17.3 17.0 17.0 17.4 19.3 20.4 21.7 23.0 23.8 23.5 24.0 24.6 26.0 27.4 29.0 30.4 31.6 33.3 34.4 36.1 37.4 39.1 40.4 41.8 43.4 45.0 46.4 48.1 49.6 51.3 52.8 54.3 55.8 57.4 58.9 60.5 61.8 63.3 64.8 66.3 67.8 69.6 71.1 72.6 74.1 75.8 77.3 78.8 80.3 81.8 83.6 85.1 86.6 88.1 89.8 91.1 92.8 94.6 95.8 97.6 99.1 100.8 102.1 103.8 105.4 106.8 108.6 109.8 111.6 113.1 114.8 116.1 117.8 119.4 120.8 122.6 123.8 125.8 127.1 128.8 130.4 131.8 133.4 134.8 136.6 137.8 139.8 141.4 142.8 144.3 145.8 147.1 148.8 149.8 40.0 1782153198.309008
186.0 187.0 189.0 190.0 192.0 193.0 194.3 196.0 197.3 198.3 199.0 199.0 199.9 200.8 201.8 203.2 204.8 206.0 206.5 206.8 206.7 207.0 207.8 207.8 208.0 208.7 208.0 208.8 209.0 210.0 210.0 209.0 209.0 209.4 209.5 210.0 209.6 209.5 209.5 209.2 209.5 210.0 210.2 210.5 210.9 210.9 210.9 210.3 210.1 210.1 210.1 210.1 210.0 210.0 210.0 210.2 210.3 210.3 210.5 210.9 210.9 210.9 210.9 211.0 211.0 211.0 211.0 210.9 210.8 210.8 210.8 210.8 210.7 210.7 210.5 210.5 210.5 210.5 210.2 210.1 210.2 210.2 210.2 210.1 210.1 210.5 210.5 210.5 210.4 210.4 210.4 210.4 210.2 210.1 210.2 210.8 210.8 211.2 211.0 211.5 16.0 17.0 16.3 16.3 16.7 16.7 17.3 17.0 17.0 17.3 19.3 20.3 21.7 23.0 23.8 23.5 24.0 24.5 26.0 27.3 29.0 30.3 31.6 33.3 34.3 36.1 37.4 39.1 40.3 41.8 43.3 45.0 46.3 48.1 49.6 51.3 52.8 54.3 55.8 57.3 58.9 60.4 61.8 63.3 64.8 66.3 67.8 69.6 71.1 72.6 74.1 75.8 77.3 78.8 80.3 81.8 83.6 85.1 86.6 88.1 89.8 91.1 92.8 94.6 95.8 97.6 99.1 100.8 102.1 103.8 105.4 106.8 108.6 109.8 111.6 113.1 114.8 116.1 117.8 119.4 120.8 122.6 123.8 125.8 127.1 128.8 130.4 131.8 133.4 134.8 136.6 137.8 139.8 141.4 142.8 144.3 145.8 147.1 148.8 149.8 41.0 1782153198.324382
186.0 187.0 189.0 190.0 192.0 193.0 194.3 196.0 197.3 198.3 199.0 199.0 199.9 200.8 201.8 203.2 204.8 206.0 206.5 206.8 206.7 207.0 207.8 207.9 208.0 208.8 208.0 208.8 209.0 210.0 210.0 209.0 209.0 209.4 209.5 210.0 209.6 209.5 209.5 209.2 209.5 210.0 210.2 210.5 210.9 210.9 210.9 210.3 210.1 210.1 210.1 210.1 210.0 210.0 210.0 210.2 210.3 210.3 210.5 210.9 210.9 210.9 210.9 211.0 211.0 211.0 211.0 210.9 210.8 210.8 210.8 210.8 210.7 210.7 210.5 210.5 210.5 210.5 210.3 210.1 210.2 210.2 210.2 210.1 210.1 210.4 210.5 210.5 210.4 210.4 210.4 210.4 210.2 210.1 210.2 210.8 210.8 211.2 211.0 211.5 16.0 17.0 16.3 16.3 16.7 16.7 17.4 17.0 17.0 17.3 19.3 20.3 21.8 23.0 23.8 23.5 24.0 24.5 26.0 27.3 29.0 30.3 31.6 33.3 34.3 36.1 37.3 39.1 40.3 41.8 43.3 45.0 46.3 48.1 49.6 51.3 52.8 54.3 55.8 57.3 58.9 60.4 61.8 63.3 64.8 66.3 67.8 69.5 71.1 72.6 74.1 75.8 77.3 78.8 80.3 81.8 83.5 85.1 86.5 88.1 89.8 91.1 92.8 94.5 95.8 97.5 99.1 100.8 102.1 103.8 105.3 106.8 108.5 109.8 111.5 113.1 114.8 116.1 117.8 119.3 120.8 122.5 123.8 125.8 127.1 128.8 130.3 131.8 133.3 134.8 136.5 137.8 139.8 141.3 142.8 144.3 145.8 147.1 148.8 149.8 42.0 1782153198.334634
186.0 187.0 189.0 190.0 192.0 193.0 194.3 196.0 197.3 198.3 199.0 199.0 199.9 200.8 201.9 203.2 204.9 206.0 206.5 206.8 206.7 207.0 207.8 207.9 208.0 208.7 208.0 208.8 209.0 210.0 210.0 209.0 209.0 209.4 209.5 210.0 209.6 209.5 209.5 209.2 209.5 210.0 210.2 210.5 210.9 210.9 210.9 210.3 210.1 210.1 210.1 210.1 210.0 210.0 210.0 210.2 210.3 210.3 210.5 210.9 210.9 210.9 210.9 211.0 211.0 211.0 211.0 210.9 210.8 210.8 210.8 210.8 210.7 210.7 210.6 210.6 210.5 210.5 210.2 210.1 210.2 210.2 210.2 210.1 210.1 210.4 210.5 210.4 210.4 210.4 210.4 210.4 210.2 210.1 210.1 210.8 210.8 211.2 211.0 211.5 16.0 17.0 16.3 16.3 16.7 16.7 17.4 17.0 17.0 17.3 19.3 20.3 21.8 23.0 23.7 23.5 24.0 24.5 26.0 27.3 29.0 30.3 31.6 33.3 34.3 36.1 37.3 39.1 40.3 41.8 43.3 45.0 46.3 48.1 49.5 51.3 52.8 54.3 55.8 57.3 58.9 60.4 61.8 63.3 64.8 66.3 67.8 69.5 71.1 72.5 74.1 75.8 77.3 78.8 80.3 81.8 83.5 85.1 86.5 88.1 89.8 91.1 92.8 94.5 95.8 97.5 99.1 100.8 102.1 103.8 105.3 106.8 108.5 109.8 111.5 113.1 114.8 116.1 117.8 119.3 120.8 122.5 123.8 125.8 127.1 128.8 130.3 131.8 133.3 134.8 136.5 137.8 139.8 141.3 142.8 144.3 145.8 147.1 148.8 149.8 43.0 1782153198.350260
186.0 187.0 189.0 190.0 192.0 193.0 194.3 196.0 197.3 198.3 199.0 199.0 199.9 200.8 201.9 203.1 204.9 206.0 206.6 206.8 206.7 207.0 207.8 207.9 208.0 208.7 208.0 208.9 209.0 210.0 210.0 209.0 209.0 209.5 209.5 210.0 209.6 209.5 209.5 209.2 209.5 210.0 210.1 210.5 210.9 210.9 210.9 210.3 210.1 210.1 210.1 210.1 210.0 210.0 210.0 210.2 210.3 210.3 210.5 210.9 210.9 210.9 210.9 211.0 211.0 211.0 211.0 210.9 210.8 210.8 210.8 210.8 210.7 210.7 210.6 210.6 210.5 210.5 210.2 210.1 210.2 210.2 210.2 210.1 210.1 210.4 210.5 210.4 210.4 210.4 210.4 210.4 210.2 210.1 210.1 210.8 210.8 211.2 211.0 211.5 16.0 17.0 16.3 16.3 16.7 16.7 17.4 17.0 17.0 17.3 19.3 20.3 21.8 23.0 23.7 23.4 24.0 24.5 26.0 27.3 29.0 30.3 31.6 33.3 34.3 36.1 37.3 39.1 40.3 41.8 43.3 45.0 46.3 48.1 49.5 51.3 52.8 54.3 55.8 57.3 58.9 60.4 61.8 63.3 64.8 66.3 67.8 69.5 71.1 72.5 74.1 75.8 77.3 78.8 80.3 81.8 83.5 85.1 86.5 88.1 89.8 91.1 92.8 94.5 95.8 97.5 99.1 100.8 102.1 103.8 105.3 106.8 108.5 109.8 111.5 113.1 114.8 116.1 117.8 119.3 120.8 122.5 123.8 125.8 127.1 128.8 130.3 131.8 133.3 134.8 136.5 137.8 139.8 141.3 142.8 144.3 145.8 147.0 148.8 149.8 44.0 1782153198.360474
186.0 187.0 189.0 190.0 192.0 193.0 194.3 196.0 197.3 198.3 199.0 199.0 199.9 200.8 201.9 203.1 204.9 206.0 206.6 206.8 206.7 207.0 207.8 207.9 208.0 208.7 208.0 208.9 209.0 210.0 210.0 209.0 209.0 209.4 209.5 210.0 209.6 209.5 209.5 209.2 209.5 210.0 210.1 210.5 210.9 210.9 210.9 210.3 210.1 210.1 210.1 210.1 210.0 210.0 210.0 210.1 210.2 210.3 210.4 210.9 210.9 210.9 210.9 211.0 211.0 211.0 211.0 210.9 210.8 210.8 210.8 210.8 210.7 210.7 210.6 210.6 210.6 210.6 210.3 210.1 210.2 210.2 210.2 210.1 210.1 210.4 210.4 210.4 210.4 210.4 210.4 210.4 210.2 210.1 210.1 210.8 210.8 211.1 211.0 211.4 16.0 17.0 16.3 16.3 16.7 16.7 17.4 17.0 17.0 17.3 19.3 20.3 21.8 23.0 23.7 23.4 24.0 24.5 26.0 27.3 29.0 30.3 31.6 33.3 34.3 36.1 37.3 39.1 40.3 41.8 43.3 45.0 46.3 48.1 49.5 51.3 52.8 54.3 55.8 57.3 58.9 60.4 61.8 63.3 64.8 66.3 67.8 69.5 71.1 72.5 74.1 75.8 77.3 78.8 80.3 81.8 83.5 85.1 86.5 88.1 89.8 91.1 92.8 94.5 95.8 97.5 99.1 100.8 102.1 103.8 105.3 106.8 108.5 109.8 111.5 113.1 114.8 116.1 117.8 119.3 120.8 122.5 123.8 125.8 127.1 128.8 130.3 131.8 133.3 134.8 136.5 137.8 139.8 141.3 142.8 144.2 145.8 147.0 148.8 149.9 45.0 1782153198.375987
186.0 187.0 189.0 190.0 192.0 193.0 194.3 196.0 197.3 198.3 199.0 199.0 199.9 200.8 201.9 203.1 204.9 206.0 206.6 206.8 206.7 207.0 207.7 207.9 208.0 208.7 208.0 208.9 209.0 210.0 210.0 209.0 209.0 209.5 209.5 210.0 209.5 209.5 209.5 209.2 209.5 210.0 210.1 210.5 210.9 210.9 210.9 210.3 210.1 210.1 210.1 210.1 210.0 210.0 210.0 210.1 210.2 210.3 210.4 210.9 210.9 210.9 210.9 211.0 211.0 211.0 211.0 210.9 210.8 210.9 210.8 210.8 210.8 210.7 210.6 210.6 210.6 210.6 210.3 210.1 210.1 210.1 210.1 210.1 210.1 210.4 210.4 210.4 210.4 210.4 210.4 210.3 210.2 210.1 210.1 210.8 210.8 211.1 211.0 211.4 16.0 17.0 16.3 16.3 16.7 16.7 17.5 17.0 17.0 17.3 19.3 20.3 21.8 23.0 23.7 23.4 24.0 24.4 26.0 27.3 29.0 30.3 31.6 33.3 34.3 36.1 37.3 39.1 40.3 41.8 43.3 45.0 46.3 48.1 49.5 51.3 52.8 54.3 55.8 57.3 58.9 60.4 61.8 63.3 64.8 66.3 67.8 69.5 71.1 72.5 74.1 75.8 77.3 78.8 80.3 81.8 83.5 85.1 86.5 88.1 89.8 91.1 92.8 94.5 95.8 97.5 99.1 100.8 102.1 103.8 105.3 106.8 108.5 109.8 111.5 113.1 114.8 116.1 117.8 119.3 120.8 122.5 123.8 125.8 127.1 128.8 130.3 131.8 133.3 134.8 136.5 137.8 139.8 141.3 142.8 144.2 145.8 147.0 148.8 149.9 46.0 1782153198.391930
186.0 187.0 189.0 190.0 192.0 193.0 194.3 196.0 197.3 198.2 199.0 199.0 199.9 200.8 201.9 203.1 204.9 206.0 206.6 206.8 206.7 207.0 207.7 207.9 208.0 208.7 208.0 208.9 209.0 210.0 210.0 209.0 209.0 209.5 209.5 210.0 209.5 209.5 209.5 209.2 209.5 210.0 210.1 210.5 210.9 210.9 210.9 210.3 210.1 210.1 210.1 210.1 210.0 210.0 210.0 210.1 210.2 210.2 210.4 210.9 210.9 210.9 210.9 211.0 211.0 211.0 211.0 210.9 210.8 210.9 210.9 210.9 210.8 210.7 210.6 210.6 210.6 210.6 210.2 210.1 210.1 210.1 210.1 210.1 210.1 210.4 210.4 210.4 210.3 210.4 210.4 210.3 210.1 210.1 210.1 210.8 210.8 211.1 211.0 211.4 16.0 17.0 16.3 16.3 16.7 16.7 17.5 17.0 17.0 17.3 19.2 20.3 21.8 23.0 23.6 23.4 24.0 24.4 26.0 27.3 29.0 30.3 31.6 33.2 34.3 36.1 37.3 39.1 40.3 41.8 43.3 45.0 46.3 48.1 49.5 51.2 52.8 54.2 55.8 57.3 58.9 60.3 61.8 63.2 64.8 66.2 67.8 69.4 71.1 72.5 74.1 75.8 77.2 78.8 80.2 81.8 83.4 85.1 86.4 88.1 89.8 91.1 92.8 94.4 95.8 97.4 99.1 100.8 102.1 103.8 105.3 106.8 108.4 109.8 111.4 113.1 114.8 116.1 117.8 119.3 120.8 122.4 123.8 125.8 127.1 128.8 130.3 131.8 133.3 134.8 136.4 137.8 139.8 141.3 142.8 144.2 145.8 147.0 148.8 149.9 47.0 1782153198.401968
186.0 187.0 189.0 190.0 192.0 193.0 194.3 196.0 197.3 198.2 199.0 199.0 199.9 200.8 201.8 203.1 204.8 206.0 206.6 206.8 206.7 207.0 207.7 207.9 208.0 208.7 208.0 208.9 209.0 210.0 210.0 209.0 209.0 209.5 209.5 210.0 209.5 209.5 209.5 209.2 209.5 210.0 210.1 210.5 210.9 210.9 210.9 210.3 210.1 210.1 210.1 210.1 210.0 210.0 210.0 210.1 210.2 210.2 210.4 210.9 210.9 210.9 210.9 211.0 211.0 211.0 211.0 210.9 210.9 210.9 210.9 210.9 210.8 210.8 210.6 210.6 210.6 210.6 210.3 210.1 210.1 210.1 210.1 210.1 210.1 210.4 210.4 210.4 210.3 210.3 210.3 210.3 210.1 210.1 210.1 210.8 210.8 211.1 211.0 211.4 16.0 17.0 16.3 16.3 16.7 16.7 17.5 17.0 17.0 17.3 19.2 20.3 21.8 23.0 23.6 23.4 24.0 24.4 26.0 27.3 29.0 30.3 31.6 33.2 34.3 36.1 37.3 39.1 40.3 41.8 43.3 45.0 46.3 48.1 49.4 51.2 52.8 54.2 55.8 57.3 58.9 60.3 61.8 63.2 64.8 66.2 67.8 69.4 71.1 72.4 74.1 75.8 77.2 78.8 80.2 81.8 83.4 85.1 86.4 88.1 89.8 91.1 92.8 94.4 95.8 97.4 99.1 100.8 102.1 103.8 105.3 106.8 108.4 109.8 111.4 113.1 114.8 116.1 117.8 119.3 120.8 122.4 123.8 125.8 127.1 128.8 130.3 131.8 133.3 134.8 136.4 137.8 139.8 141.3 142.8 144.2 145.8 147.0 148.8 149.9 48.0 1782153198.417136
186.0 187.0 189.0 190.0 192.0 193.0 194.2 196.0 197.2 198.2 199.0 199.0 199.9 200.8 201.8 203.2 204.8 206.0 206.6 206.8 206.7 207.0 207.7 207.9 208.0 208.7 208.0 208.9 209.0 210.0 210.0 209.0 209.0 209.4 209.5 210.0 209.6 209.5 209.5 209.2 209.5 210.0 210.2 210.5 210.9 210.9 210.9 210.3 210.1 210.1 210.1 210.1 210.0 210.0 210.0 210.2 210.3 210.3 210.4 210.9 210.9 210.9 210.9 211.0 211.0 211.0 211.0 210.9 210.8 210.8 210.8 210.8 210.7 210.7 210.6 210.6 210.6 210.6 210.3 210.1 210.2 210.2 210.2 210.1 210.1 210.4 210.4 210.3 210.3 210.3 210.3 210.3 210.2 210.1 210.2 210.8 210.8 211.1 211.0 211.4 16.0 17.0 16.2 16.2 16.8 16.8 17.5 17.0 17.0 17.2 19.2 20.2 21.8 23.0 23.6 23.4 24.0 24.4 26.0 27.2 29.0 30.2 31.6 33.2 34.2 36.1 37.3 39.1 40.2 41.9 43.2 45.0 46.2 48.1 49.5 51.2 52.9 54.2 55.9 57.2 58.9 60.3 61.9 63.2 64.9 66.2 67.9 69.4 71.1 72.5 74.1 75.9 77.2 78.9 80.2 81.9 83.4 85.1 86.4 88.1 89.9 91.1 92.9 94.4 95.9 97.4 99.1 100.8 102.1 103.9 105.3 106.9 108.4 109.9 111.4 113.1 114.8 116.1 117.8 119.3 120.9 122.4 123.9 125.8 127.1 128.8 130.3 131.8 133.3 134.8 136.4 137.9 139.8 141.3 142.8 144.3 145.8 147.1 148.8 149.9 49.0 1782153198.427433
186.0 187.0 189.0 190.0 192.0 193.0 194.2 196.0 197.2 198.2 199.0 199.0 199.9 200.8 201.9 203.2 204.9 206.0 206.6 206.9 206.7 207.0 207.7 207.9 208.0 208.7 208.0 208.9 209.0 210.0 210.0 209.0 209.0 209.5 209.5 210.0 209.5 209.5 209.5 209.1 209.5 210.0 210.2 210.5 210.9 210.9 210.9 210.3 210.1 210.1 210.1 210.1 210.0 210.0 210.0 210.2 210.2 210.3 210.4 210.9 210.9 210.9 210.9 211.0 211.0 211.0 211.0 210.9 210.8 210.8 210.8 210.8 210.7 210.7 210.6 210.6 210.6 210.6 210.2 210.1 210.2 210.2 210.2 210.1 210.1 210.4 210.4 210.3 210.3 210.3 210.3 210.3 210.2 210.1 210.2 210.8 210.8 211.1 211.0 211.4 16.0 17.0 16.2 16.2 16.8 16.8 17.5 17.0 17.0 17.2 19.2 20.2 21.8 23.0 23.6 23.4 24.0 24.4 26.0 27.2 29.0 30.2 31.6 33.2 34.2 36.1 37.3 39.1 40.2 41.9 43.2 45.0 46.2 48.1 49.4 51.2 52.9 54.2 55.9 57.2 58.9 60.3 61.9 63.2 64.9 66.2 67.9 69.4 71.1 72.4 74.1 75.9 77.2 78.9 80.2 81.9 83.4 85.1 86.4 88.1 89.9 91.1 92.9 94.4 95.9 97.4 99.1 100.8 102.1 103.9 105.3 106.9 108.4 109.9 111.4 113.1 114.8 116.1 117.8 119.3 120.9 122.4 123.9 125.8 127.1 128.8 130.3 131.8 133.3 134.8 136.4 137.9 139.8 141.3 142.8 144.2 145.8 147.1 148.8 149.9 50.0 1782153198.442898
186.0 187.0 189.0 190.0 192.0 193.0 194.2 196.0 197.2 198.2 199.0 199.0 199.9 200.8 201.9 203.2 204.9 206.0 206.6 206.9 206.7 207.0 207.7 207.9 208.0 208.7 208.0 208.9 209.0 210.0 210.0 209.0 209.0 209.5 209.6 210.0 209.5 209.4 209.4 209.2 209.6 210.0 210.2 210.6 210.9 210.9 210.9 210.3 210.1 210.1 210.1 210.1 210.1 210.1 210.1 210.2 210.2 210.3 210.4 210.9 210.9 210.9 210.9 210.9 210.9 210.9 210.9 210.9 210.8 210.8 210.8 210.8 210.8 210.7 210.6 210.6 210.6 210.6 210.2 210.1 210.2 210.2 210.2 210.1 210.2 210.4 210.4 210.3 210.3 210.3 210.3 210.3 210.2 210.2 210.2 210.8 210.8 211.0 211.0 211.4 16.0 17.0 16.2 16.2 16.8 16.8 17.6 17.0 17.0 17.2 19.2 20.2 21.8 23.0 23.6 23.4 24.0 24.4 26.0 27.2 29.0 30.2 31.7 33.2 34.2 36.1 37.2 39.0 40.2 41.9 43.2 45.0 46.2 48.1 49.5 51.2 52.9 54.2 55.9 57.2 58.9 60.3 61.9 63.2 64.9 66.2 67.9 69.5 71.1 72.5 74.1 75.9 77.2 78.9 80.2 81.9 83.5 85.1 86.5 88.1 89.9 91.1 92.9 94.5 95.9 97.5 99.1 100.8 102.1 103.9 105.3 106.9 108.5 109.9 111.5 113.1 114.8 116.1 117.8 119.3 120.9 122.5 123.9 125.8 127.1 128.8 130.3 131.8 133.3 134.8 136.5 137.9 139.8 141.3 142.8 144.3 145.8 147.1 148.8 149.9 51.0 1782153198.458484
186.0 187.0 189.0 190.0 192.0 193.0 194.2 196.0 197.2 198.2 199.0 199.0 199.9 200.8 201.9 203.2 204.9 206.0 206.7 206.9 206.8 207.0 207.7 207.9 208.0 208.7 208.0 208.9 209.0 210.0 210.0 209.0 209.0 209.5 209.6 210.0 209.5 209.4 209.4 209.2 209.6 210.0 210.2 210.6 210.9 210.9 210.9 210.3 210.1 210.1 210.1 210.1 210.1 210.1 210.1 210.2 210.3 210.3 210.4 210.9 210.9 210.9 210.9 210.9 210.9 210.9 210.9 210.9 210.8 210.8 210.8 210.8 210.7 210.7 210.6 210.6 210.6 210.6 210.2 210.1 210.2 210.2 210.2 210.2 210.2 210.4 210.5 210.3 210.3 210.3 210.3 210.3 210.3 210.2 210.2 210.7 210.7 211.0 211.0 211.5 16.0 17.0 16.2 16.2 16.8 16.8 17.6 17.0 17.0 17.2 19.2 20.2 21.8 23.0 23.6 23.3 24.0 24.4 26.0 27.2 29.0 30.2 31.7 33.2 34.2 36.1 37.2 39.0 40.2 41.9 43.2 45.0 46.2 48.1 49.5 51.2 52.9 54.2 55.9 57.2 58.9 60.3 61.9 63.2 64.9 66.2 67.9 69.5 71.1 72.5 74.1 75.9 77.2 78.9 80.2 81.9 83.5 85.1 86.5 88.1 89.9 91.1 92.9 94.5 95.9 97.5 99.1 100.9 102.1 103.9 105.4 106.9 108.5 109.9 111.5 113.1 114.9 116.1 117.9 119.4 120.9 122.5 123.9 125.9 127.1 128.9 130.4 131.9 133.4 134.9 136.5 137.9 139.9 141.4 142.9 144.3 145.9 147.2 148.9 149.9 52.0 1782153198.468701
186.0 187.0 189.0 190.0 192.0 193.0 194.2 196.0 197.2 198.2 199.0 199.0 199.9 200.8 201.9 203.3 204.9 206.0 206.7 206.9 206.8 207.0 207.7 207.9 208.0 208.7 208.0 208.9 209.0 210.0 210.0 209.0 209.0 209.4 209.6 210.0 209.6 209.4 209.4 209.2 209.6 210.0 210.3 210.6 210.9 210.9 210.9 210.2 210.1 210.1 210.1 210.1 210.1 210.1 210.1 210.2 210.3 210.3 210.4 210.9 210.9 210.9 210.9 210.9 210.9 210.9 210.9 210.8 210.8 210.8 210.8 210.8 210.7 210.7 210.6 210.6 210.6 210.6 210.2 210.2 210.2 210.2 210.2 210.2 210.3 210.5 210.5 210.3 210.3 210.3 210.3 210.3 210.3 210.3 210.3 210.7 210.7 210.9 211.0 211.5 16.0 17.0 16.2 16.2 16.8 16.8 17.6 17.0 17.0 17.2 19.2 20.2 21.9 23.0 23.6 23.3 24.0 24.4 26.0 27.2 29.0 30.2 31.7 33.2 34.2 36.1 37.2 39.0 40.2 41.9 43.2 45.0 46.2 48.1 49.5 51.2 52.9 54.2 55.9 57.2 58.9 60.3 61.9 63.2 64.9 66.2 67.9 69.5 71.1 72.5 74.1 75.9 77.2 78.9 80.2 81.9 83.5 85.1 86.5 88.1 89.9 91.1 92.9 94.5 95.9 97.5 99.1 100.9 102.1 103.9 105.4 106.9 108.5 109.9 111.5 113.1 114.9 116.1 117.9 119.4 120.9 122.5 123.9 125.9 127.1 128.9 130.4 131.9 133.4 134.9 136.5 137.9 139.9 141.4 142.9 144.4 145.9 147.2 148.9 149.9 53.0 1782153198.479194
186.0 187.0 189.0 190.0 192.0 193.0 194.2 196.0 197.2 198.2 199.0 199.0 199.9 200.8 201.8 203.3 204.8 206.0 206.6 206.9 206.8 207.0 207.8 207.9 208.0 208.7 208.0 208.9 209.0 210.0 210.0 209.0 209.0 209.4 209.6 210.0 209.6 209.4 209.4 209.2 209.6 210.0 210.3 210.6 210.9 210.9 210.9 210.2 210.1 210.1 210.1 210.1 210.1 210.1 210.1 210.3 210.3 210.3 210.5 210.9 210.9 210.9 210.9 210.9 210.9 210.9 210.9 210.8 210.7 210.7 210.7 210.7 210.7 210.6 210.6 210.6 210.5 210.5 210.2 210.2 210.3 210.3 210.3 210.2 210.3 210.5 210.5 210.3 210.3 210.3 210.3 210.3 210.3 210.3 210.3 210.7 210.7 210.9 211.0 211.5 16.0 17.0 16.2 16.2 16.8 16.8 17.6 17.0 17.0 17.2 19.2 20.2 21.9 23.0 23.6 23.4 24.0 24.4 26.0 27.2 29.0 30.2 31.7 33.2 34.2 36.1 37.2 39.0 40.2 41.9 43.2 45.0 46.2 48.1 49.5 51.2 52.9 54.2 55.9 57.2 58.9 60.3 61.9 63.2 64.9 66.2 67.9 69.5 71.1 72.5 74.1 75.9 77.2 78.9 80.2 81.9 83.5 85.1 86.5 88.1 89.9 91.1 92.9 94.5 95.9 97.5 99.1 100.9 102.1 103.9 105.4 106.9 108.5 109.9 111.5 113.1 114.9 116.1 117.9 119.4 120.9 122.5 123.9 125.9 127.1 128.9 130.4 131.9 133.4 134.9 136.5 137.9 139.9 141.4 142.9 144.4 145.9 147.2 148.9 149.9 54.0 1782153198.494346
186.0 187.0 189.0 190.0 192.0 193.0 194.2 196.0 197.2 198.2 199.0 199.0 199.9 200.8 201.8 203.3 204.8 206.0 206.7 206.9 206.8 207.0 207.8 207.9 208.0 208.7 208.0 208.9 209.0 210.0 210.0 209.0 209.0 209.4 209.6 210.0 209.6 209.4 209.4 209.2 209.6 210.0 210.3 210.6 210.9 210.9 210.9 210.2 210.1 210.1 210.1 210.1 210.1 210.1 210.1 210.3 210.4 210.4 210.5 210.9 210.9 210.9 210.9 211.0 210.9 210.9 210.9 210.8 210.7 210.7 210.7 210.7 210.6 210.6 210.5 210.5 210.5 210.5 210.2 210.2 210.3 210.3 210.3 210.3 210.3 210.5 210.5 210.3 210.2 210.2 210.2 210.3 210.3 210.3 210.3 210.7 210.6 210.8 211.0 211.5 16.0 17.0 16.2 16.2 16.8 16.8 17.6 17.0 17.0 17.2 19.2 20.2 21.9 23.0 23.6 23.3 24.0 24.4 26.0 27.2 29.0 30.2 31.7 33.2 34.2 36.1 37.2 39.0 40.2 41.9 43.2 45.0 46.2 48.1 49.6 51.2 52.9 54.2 55.9 57.2 58.9 60.3 61.9 63.2 64.9 66.2 67.9 69.5 71.1 72.6 74.1 75.9 77.2 78.9 80.2 81.9 83.5 85.1 86.5 88.1 89.9 91.1 92.9 94.5 95.9 97.5 99.1 100.9 102.1 103.9 105.4 106.9 108.5 109.9 111.5 113.1 114.9 116.1 117.9 119.4 120.9 122.5 123.9 125.9 127.1 128.9 130.4 131.9 133.4 134.9 136.5 137.9 139.9 141.4 142.9 144.4 145.9 147.3 148.9 149.9 55.0 1782153198.504766
186.0 187.0 189.0 190.0 192.0 193.0 194.2 196.0 197.2 198.2 199.0 199.0 199.9 200.8 201.8 203.3 204.8 206.0 206.7 206.9 206.8 207.0 207.8 207.9 208.0 208.7 208.0 208.9 209.0 210.0 210.0 209.0 209.0 209.4 209.6 210.0 209.6 209.4 209.4 209.2 209.6 210.0 210.3 210.6 210.9 210.9 210.9 210.2 210.1 210.1 210.1 210.1 210.1 210.1 210.1 210.3 210.4 210.4 210.5 210.9 210.9 210.9 210.9 211.0 210.9 210.9 210.9 210.8 210.7 210.7 210.7 210.7 210.6 210.6 210.5 210.5 210.5 210.5 210.2 210.2 210.3 210.3 210.3 210.3 210.3 210.5 210.6 210.3 210.2 210.2 210.2 210.3 210.3 210.3 210.4 210.7 210.6 210.8 211.0 211.6 16.0 17.0 16.2 16.2 16.8 16.8 17.6 17.0 17.0 17.2 19.2 20.2 21.9 23.0 23.5 23.3 24.0 24.3 26.0 27.2 29.0 30.2 31.7 33.2 34.2 36.1 37.2 39.0 40.2 41.9 43.2 45.0 46.2 48.1 49.6 51.2 52.9 54.2 55.9 57.2 58.9 60.3 61.9 63.2 64.9 66.2 67.9 69.6 71.1 72.6 74.1 75.9 77.2 78.9 80.2 81.9 83.6 85.1 86.6 88.1 89.9 91.1 92.9 94.6 95.9 97.6 99.1 100.9 102.1 103.9 105.5 106.9 108.6 109.9 111.6 113.1 114.9 116.1 117.9 119.5 120.9 122.6 123.9 125.9 127.1 128.9 130.5 131.9 133.5 134.9 136.6 137.9 139.9 141.5 142.9 144.4 145.9 147.3 148.9 149.9 56.0 1782153198.520194
186.0 187.0 189.0 190.0 192.0 193.0 194.2 196.0 197.2 198.2 199.0 199.0 199.9 200.8 201.8 203.3 204.8 206.0 206.6 206.9 206.8 207.0 207.8 207.9 208.0 208.8 208.0 208.9 209.0 210.0 210.0 209.0 209.0 209.4 209.6 210.0 209.6 209.4 209.4 209.1 209.6 210.0 210.3 210.6 210.9 210.9 210.9 210.2 210.1 210.1 210.1 210.1 210.1 210.0 210.1 210.3 210.4 210.4 210.5 210.9 210.9 210.9 210.9 211.0 211.0 210.9 210.9 210.8 210.7 210.7 210.7 210.7 210.6 210.6 210.5 210.5 210.5 210.5 210.2 210.2 210.3 210.3 210.3 210.3 210.3 210.5 210.6 210.3 210.3 210.3 210.3 210.3 210.4 210.3 210.3 210.6 210.6 210.8 211.0 211.5 16.0 17.0 16.2 16.2 16.8 16.8 17.7 17.0 17.0 17.2 19.2 20.2 21.9 23.0 23.5 23.4 24.0 24.4 26.0 27.2 29.0 30.2 31.7 33.2 34.2 36.1 37.2 39.0 40.2 41.9 43.2 45.0 46.2 48.1 49.6 51.2 52.9 54.2 55.9 57.2 58.9 60.3 61.9 63.2 64.9 66.2 67.9 69.6 71.1 72.6 74.1 75.9 77.2 78.9 80.2 81.9 83.6 85.1 86.6 88.1 89.9 91.1 92.9 94.6 95.9 97.6 99.1 100.9 102.1 103.9 105.5 106.9 108.6 109.9 111.6 113.1 114.9 116.1 117.9 119.5 120.9 122.6 123.9 125.9 127.1 128.9 130.5 131.9 133.5 134.9 136.6 137.9 139.9 141.5 142.9 144.5 145.9 147.3 148.9 150.0 57.0 1782153198.535681
186.0 187.0 189.0 190.0 192.0 193.0 194.2 196.0 197.2 198.2 199.0 199.0 199.9 200.8 201.8 203.3 204.8 206.0 206.7 206.9 206.8 207.0 207.8 207.9 208.0 208.8 208.0 208.9 209.0 210.0 210.0 209.0 209.0 209.4 209.6 210.0 209.6 209.4 209.4 209.1 209.6 210.0 210.3 210.6 210.9 210.9 210.9 210.2 210.1 210.1 210.1 210.1 210.1 210.0 210.1 210.3 210.4 210.5 210.6 210.9 210.9 210.9 210.9 211.0 211.0 210.9 210.9 210.7 210.6 210.7 210.7 210.7 210.6 210.5 210.5 210.5 210.5 210.5 210.2 210.3 210.3 210.3 210.3 210.3 210.3 210.5 210.5 210.3 210.3 210.3 210.3 210.3 210.4 210.3 210.3 210.6 210.6 210.8 211.0 211.5 16.0 17.0 16.2 16.2 16.8 16.8 17.7 17.0 17.0 17.2 19.1 20.2 21.9 23.0 23.6 23.3 24.0 24.4 26.0 27.2 29.0 30.2 31.8 33.2 34.2 36.1 37.2 39.0 40.2 41.9 43.2 45.0 46.2 48.1 49.6 51.2 52.9 54.2 55.9 57.2 58.9 60.3 61.9 63.2 64.9 66.2 67.9 69.6 71.1 72.6 74.1 75.9 77.2 78.9 80.2 81.9 83.6 85.1 86.6 88.1 89.9 91.1 92.9 94.6 95.9 97.6 99.1 100.9 102.1 103.9 105.5 106.9 108.6 109.9 111.6 113.1 114.9 116.1 117.9 119.5 120.9 122.6 123.9 125.9 127.1 128.9 130.5 131.9 133.5 134.9 136.6 137.9 139.9 141.5 142.9 144.5 145.9 147.4 148.9 150.0 58.0 1782153198.545989
186.0 187.0 189.0 190.0 192.0 193.0 194.2 196.0 197.2 198.1 199.0 199.0 199.9 200.8 201.8 203.4 204.8 206.0 206.7 206.9 206.8 207.0 207.8 207.9 208.0 208.8 208.0 208.9 209.0 210.0 210.0 209.0 209.0 209.3 209.6 210.0 209.7 209.4 209.4 209.1 209.6 210.0 210.3 210.6 210.9 210.9 210.9 210.2 210.1 210.1 210.1 210.1 210.1 210.1 210.1 210.4 210.4 210.5 210.6 210.9 210.9 210.9 210.9 211.0 210.9 210.9 210.9 210.7 210.6 210.6 210.6 210.6 210.6 210.5 210.4 210.5 210.5 210.5 210.3 210.3 210.4 210.4 210.4 210.3 210.3 210.5 210.5 210.3 210.3 210.3 210.3 210.4 210.4 210.3 210.3 210.6 210.7 210.8 211.0 211.6 16.0 17.0 16.2 16.2 16.8 16.8 17.7 17.0 17.0 17.2 19.1 20.2 21.9 23.0 23.6 23.3 24.0 24.3 26.0 27.2 29.0 30.2 31.8 33.1 34.2 36.1 37.2 39.0 40.2 41.9 43.2 45.0 46.2 48.1 49.6 51.1 52.9 54.1 55.9 57.2 58.9 60.3 61.9 63.1 64.9 66.1 67.9 69.6 71.1 72.6 74.1 75.9 77.1 78.9 80.1 81.9 83.6 85.1 86.6 88.1 89.9 91.1 92.9 94.6 95.9 97.6 99.1 100.9 102.1 103.9 105.5 106.9 108.6 109.9 111.6 113.1 114.9 116.1 117.9 119.5 120.9 122.6 123.9 125.9 127.1 128.9 130.5 131.9 133.5 134.9 136.6 137.9 139.9 141.5 142.9 144.5 145.9 147.4 148.9 150.0 59.0 1782153198.551221
186.0 187.0 189.0 190.0 192.0 193.0 194.2 196.0 197.2 198.2 199.0 199.0 199.9 200.8 201.8 203.3 204.8 206.0 206.6 206.9 206.8 207.0 207.8 207.9 208.0 208.7 208.0 208.9 209.0 210.0 210.0 209.0 209.0 209.4 209.6 210.0 209.6 209.4 209.4 209.1 209.6 210.0 210.3 210.6 210.9 210.9 210.9 210.2 210.1 210.1 210.1 210.1 210.1 210.1 210.1 210.4 210.5 210.5 210.6 210.9 210.9 210.9 210.9 211.0 210.9 210.9 210.9 210.7 210.6 210.6 210.6 210.6 210.5 210.5 210.4 210.5 210.5 210.5 210.2 210.3 210.4 210.4 210.4 210.3 210.3 210.5 210.5 210.3 210.4 210.4 210.4 210.4 210.4 210.3 210.3 210.5 210.7 210.8 211.0 211.6 16.0 17.0 16.2 16.2 16.8 16.8 17.6 17.0 17.0 17.2 19.2 20.2 21.9 23.0 23.6 23.4 24.0 24.4 26.0 27.2 29.0 30.2 31.8 33.2 34.2 36.1 37.2 39.1 40.2 41.9 43.2 45.0 46.2 48.1 49.7 51.2 52.9 54.2 55.9 57.2 58.9 60.4 61.9 63.2 64.9 66.2 67.9 69.6 71.1 72.7 74.1 75.9 77.2 78.9 80.2 81.9 83.6 85.1 86.6 88.1 89.9 91.1 92.9 94.6 95.9 97.6 99.1 100.9 102.1 103.9 105.6 106.9 108.6 109.9 111.6 113.1 114.9 116.1 117.9 119.6 120.9 122.6 123.9 125.9 127.1 128.9 130.6 131.9 133.6 134.9 136.6 137.9 139.9 141.6 142.9 144.5 145.9 147.4 148.9 150.0 60.0 1782153198.571882
186.0 187.0 189.0 190.0 192.0 193.0 194.2 196.0 197.2 198.2 199.0 199.0 199.9 200.8 201.8 203.3 204.8 206.0 206.6 206.9 206.8 207.0 207.7 207.9 208.0 208.7 208.0 208.9 209.0 210.0 210.0 209.0 209.0 209.4 209.6 210.0 209.6 209.4 209.4 209.1 209.6 210.0 210.3 210.6 210.9 210.9 210.9 210.2 210.1 210.1 210.1 210.1 210.1 210.1 210.1 210.3 210.5 210.5 210.6 210.9 210.9 210.9 210.9 211.0 210.9 210.9 210.9 210.7 210.7 210.7 210.7 210.6 210.5 210.5 210.4 210.5 210.5 210.5 210.2 210.3 210.3 210.3 210.3 210.2 210.3 210.5 210.6 210.4 210.4 210.4 210.4 210.4 210.4 210.3 210.3 210.5 210.7 210.9 211.0 211.6 16.0 17.0 16.2 16.2 16.8 16.8 17.5 17.0 17.0 17.2 19.2 20.2 21.9 23.0 23.6 23.4 24.0 24.4 26.0 27.2 29.0 30.2 31.8 33.2 34.2 36.1 37.3 39.1 40.2 41.9 43.2 45.0 46.2 48.1 49.7 51.2 52.9 54.2 55.9 57.2 59.0 60.4 61.9 63.2 64.9 66.2 67.9 69.7 71.1 72.7 74.1 75.9 77.2 78.9 80.2 81.9 83.7 85.1 86.7 88.1 89.9 91.1 92.9 94.7 95.9 97.7 99.1 100.9 102.1 103.9 105.6 106.9 108.7 109.9 111.7 113.1 114.9 116.1 117.9 119.6 120.9 122.7 123.9 125.9 127.1 128.9 130.6 131.9 133.6 134.9 136.7 137.9 139.9 141.6 142.9 144.6 145.9 147.5 148.9 150.0 61.0 1782153198.582076
186.0 187.0 189.0 190.0 192.0 193.0 194.2 196.0 197.2 198.2 199.0 199.0 199.9 200.8 201.8 203.3 204.8 206.0 206.6 206.9 206.8 207.0 207.7 207.9 208.0 208.7 208.0 208.9 209.0 210.0 210.0 209.0 209.0 209.4 209.6 210.0 209.6 209.4 209.4 209.1 209.6 210.0 210.3 210.6 210.9 210.9 210.9 210.2 210.1 210.1 210.1 210.1 210.0 210.1 210.1 210.3 210.5 210.5 210.6 210.9 210.9 210.9 210.9 211.0 210.9 210.9 210.9 210.8 210.7 210.7 210.7 210.6 210.5 210.5 210.4 210.5 210.4 210.4 210.2 210.3 210.3 210.3 210.3 210.2 210.3 210.5 210.6 210.4 210.4 210.4 210.4 210.4 210.4 210.3 210.3 210.5 210.7 210.9 211.1 211.6 16.0 17.0 16.2 16.2 16.8 16.8 17.5 17.0 17.0 17.2 19.2 20.2 21.9 23.0 23.6 23.4 24.0 24.4 26.0 27.2 29.0 30.2 31.8 33.2 34.2 36.1 37.2 39.1 40.2 41.9 43.2 45.0 46.2 48.1 49.7 51.2 52.9 54.2 55.9 57.2 59.0 60.4 61.9 63.2 64.9 66.2 67.9 69.7 71.1 72.7 74.1 75.9 77.2 78.9 80.2 81.9 83.7 85.1 86.7 88.1 89.9 91.1 92.9 94.7 95.9 97.7 99.1 100.9 102.1 103.9 105.6 106.9 108.7 109.9 111.7 113.1 114.9 116.1 117.9 119.6 120.9 122.7 123.9 125.9 127.1 128.9 130.6 131.9 133.6 134.9 136.7 137.9 139.9 141.6 142.9 144.6 145.9 147.4 148.9 150.0 62.0 1782153198.602930
186.0 187.0 189.0 190.0 192.0 193.0 194.3 196.0 197.3 198.3 199.0 199.0 199.9 200.8 201.9 203.4 204.9 206.1 206.6 206.9 206.8 207.0 207.7 207.9 208.0 208.7 208.0 208.9 209.0 210.0 209.9 209.0 209.1 209.5 209.6 209.9 209.6 209.4 209.4 209.2 209.7 210.0 210.3 210.7 210.9 210.9 210.9 210.2 210.1 210.1 210.1 210.1 210.0 210.1 210.2 210.4 210.5 210.5 210.6 210.9 210.9 210.9 210.9 211.0 210.9 210.9 210.8 210.7 210.6 210.6 210.6 210.5 210.5 210.5 210.4 210.5 210.4 210.4 210.3 210.3 210.4 210.4 210.4 210.3 210.3 210.5 210.6 210.4 210.4 210.4 210.4 210.4 210.3 210.2 210.3 210.6 210.7 210.9 211.1 211.6 16.0 17.0 16.3 16.3 16.7 16.7 17.4 16.9 17.0 17.3 19.3 20.3 21.9 23.0 23.7 23.4 24.0 24.5 26.0 27.3 29.0 30.3 31.8 33.3 34.3 36.2 37.3 39.2 40.3 41.9 43.3 45.0 46.3 48.2 49.7 51.3 52.9 54.3 55.9 57.3 59.0 60.4 61.9 63.3 64.9 66.3 67.9 69.7 71.2 72.7 74.2 75.9 77.3 78.9 80.3 81.9 83.7 85.2 86.7 88.2 89.9 91.2 92.9 94.7 95.9 97.7 99.2 100.9 102.2 103.9 105.6 106.9 108.7 109.9 111.7 113.2 114.9 116.2 117.9 119.6 120.9 122.7 123.9 125.9 127.2 128.9 130.6 131.9 133.6 134.9 136.7 137.9 139.9 141.6 142.9 144.6 145.9 147.4 148.9 150.1 63.0 1782153198.618007
186.0 187.0 189.0 190.0 192.0 193.0 194.3 196.0 197.3 198.3 199.0 199.0 199.9 200.8 201.9 203.3 204.9 206.1 206.6 206.8 206.8 207.0 207.7 207.9 208.0 208.7 208.0 208.9 209.0 210.0 209.9 209.0 209.1 209.5 209.6 209.9 209.5 209.4 209.4 209.2 209.7 210.0 210.3 210.7 210.9 210.9 210.9 210.2 210.1 210.1 210.1 210.1 210.0 210.1 210.2 210.3 210.5 210.5 210.6 210.9 210.9 210.9 210.9 211.0 210.9 210.9 210.8 210.7 210.7 210.7 210.7 210.6 210.5 210.5 210.4 210.4 210.4 210.4 210.2 210.3 210.3 210.3 210.3 210.3 210.3 210.5 210.6 210.4 210.4 210.4 210.4 210.5 210.3 210.2 210.3 210.6 210.7 210.9 211.1 211.6 16.0 17.0 16.3 16.3 16.7 16.7 17.5 16.9 17.0 17.3 19.3 20.3 21.9 23.0 23.7 23.4 24.0 24.4 26.0 27.3 29.0 30.3 31.8 33.3 34.3 36.2 37.3 39.2 40.3 41.9 43.3 45.0 46.3 48.2 49.7 51.3 52.9 54.3 55.9 57.3 58.9 60.4 61.9 63.3 64.9 66.3 67.9 69.7 71.2 72.7 74.2 75.9 77.3 78.9 80.3 81.9 83.7 85.2 86.7 88.2 89.9 91.2 92.9 94.7 95.9 97.7 99.2 100.9 102.2 103.9 105.6 106.9 108.7 109.9 111.7 113.2 114.9 116.2 117.9 119.6 120.9 122.7 123.9 125.9 127.2 128.9 130.6 131.9 133.6 134.9 136.7 137.9 139.9 141.6 142.9 144.6 145.9 147.3 148.9 150.0 64.0 1782153198.628350
186.0 187.0 189.0 190.0 192.0 193.0 194.2 196.0 197.2 198.2 199.0 199.0 199.9 200.8 201.9 203.4 204.9 206.1 206.6 206.8 206.8 207.0 207.7 207.9 208.0 208.7 208.0 208.9 209.0 210.0 209.9 209.0 209.1 209.5 209.7 209.9 209.6 209.3 209.3 209.2 209.7 210.0 210.3 210.7 210.9 210.9 210.9 210.2 210.1 210.1 210.1 210.1 210.0 210.1 210.2 210.3 210.4 210.5 210.6 210.9 210.9 210.9 211.0 211.0 210.9 210.9 210.8 210.7 210.7 210.7 210.7 210.6 210.6 210.5 210.4 210.4 210.4 210.4 210.2 210.3 210.3 210.3 210.3 210.2 210.3 210.6 210.7 210.4 210.5 210.5 210.5 210.4 210.3 210.2 210.3 210.6 210.8 211.0 211.1 211.6 16.0 17.0 16.2 16.2 16.8 16.8 17.5 16.9 17.0 17.2 19.2 20.2 21.8 23.0 23.7 23.4 24.0 24.4 26.0 27.2 29.0 30.2 31.8 33.2 34.2 36.2 37.3 39.2 40.2 41.9 43.2 45.0 46.2 48.2 49.7 51.2 52.9 54.2 55.9 57.2 58.9 60.4 61.9 63.2 64.9 66.2 67.9 69.7 71.2 72.7 74.2 75.9 77.2 78.9 80.2 81.9 83.7 85.2 86.7 88.2 89.9 91.2 92.9 94.7 95.9 97.7 99.2 100.9 102.2 103.9 105.6 106.9 108.7 109.9 111.7 113.2 114.9 116.2 117.9 119.6 120.9 122.7 123.9 125.9 127.2 128.9 130.6 131.9 133.6 134.9 136.7 137.9 139.9 141.6 142.9 144.5 145.9 147.3 148.9 150.0 65.0 1782153198.638719
186.0 187.0 189.0 190.0 192.0 193.0 194.2 196.0 197.2 198.2 199.0 199.0 199.9 200.8 201.9 203.3 204.9 206.1 206.7 206.8 206.8 207.0 207.6 207.9 208.0 208.6 208.0 208.9 209.0 209.9 210.0 209.0 209.1 209.5 209.7 209.9 209.5 209.3 209.3 209.2 209.7 210.0 210.3 210.7 210.9 210.9 210.9 210.2 210.1 210.1 210.1 210.1 210.0 210.1 210.1 210.3 210.5 210.5 210.6 210.9 210.9 210.9 211.0 211.0 210.9 210.9 210.9 210.8 210.7 210.7 210.7 210.6 210.5 210.5 210.4 210.4 210.4 210.4 210.2 210.3 210.3 210.3 210.3 210.2 210.3 210.6 210.7 210.5 210.5 210.5 210.5 210.5 210.3 210.2 210.3 210.6 210.8 211.0 211.1 211.6 16.0 17.0 16.2 16.2 16.8 16.8 17.5 17.0 17.0 17.2 19.2 20.2 21.8 23.0 23.7 23.3 23.9 24.4 26.0 27.2 29.0 30.2 31.7 33.2 34.2 36.2 37.2 39.2 40.2 41.8 43.2 45.0 46.2 48.2 49.6 51.2 52.8 54.2 55.8 57.2 58.9 60.3 61.8 63.2 64.8 66.2 67.8 69.6 71.2 72.6 74.2 75.8 77.2 78.8 80.2 81.8 83.6 85.2 86.6 88.2 89.8 91.2 92.8 94.6 95.8 97.6 99.2 100.8 102.2 103.8 105.6 106.8 108.6 109.8 111.6 113.2 114.8 116.2 117.8 119.6 120.8 122.6 123.8 125.8 127.2 128.8 130.6 131.8 133.6 134.8 136.6 137.8 139.8 141.6 142.8 144.5 145.8 147.2 148.8 150.0 66.0 1782153198.654105
186.0 187.0 189.0 190.0 192.0 193.0 194.3 196.0 197.3 198.2 199.0 199.0 199.9 200.8 201.9 203.3 204.9 206.0 206.6 206.8 206.8 207.0 207.7 207.9 208.0 208.6 208.0 208.9 209.0 209.9 210.0 209.0 209.1 209.5 209.7 209.9 209.5 209.3 209.3 209.2 209.7 210.0 210.3 210.7 210.9 210.9 210.9 210.2 210.1 210.1 210.1 210.0 210.0 210.1 210.1 210.3 210.5 210.5 210.6 210.9 210.9 210.9 211.0 211.0 210.9 210.9 210.9 210.8 210.7 210.7 210.7 210.6 210.5 210.5 210.4 210.4 210.3 210.3 210.2 210.2 210.3 210.3 210.3 210.2 210.2 210.6 210.7 210.5 210.5 210.5 210.5 210.5 210.3 210.2 210.3 210.6 210.8 211.0 211.1 211.6 16.0 17.0 16.3 16.3 16.7 16.7 17.5 17.0 17.0 17.3 19.2 20.3 21.8 23.0 23.7 23.4 23.9 24.4 26.0 27.3 29.0 30.3 31.7 33.2 34.3 36.2 37.3 39.1 40.3 41.8 43.3 45.0 46.3 48.2 49.7 51.2 52.8 54.2 55.8 57.3 58.9 60.3 61.8 63.2 64.8 66.2 67.8 69.6 71.2 72.7 74.2 75.8 77.2 78.8 80.2 81.8 83.6 85.2 86.6 88.2 89.8 91.2 92.8 94.6 95.8 97.6 99.2 100.8 102.2 103.8 105.5 106.8 108.6 109.8 111.6 113.2 114.8 116.2 117.8 119.5 120.8 122.6 123.8 125.8 127.2 128.8 130.5 131.8 133.5 134.8 136.6 137.8 139.8 141.5 142.8 144.5 145.8 147.2 148.8 150.0 67.0 1782153198.669606
186.0 187.0 189.0 190.0 192.0 193.0 194.3 196.0 197.3 198.2 199.0 199.0 199.9 200.8 201.9 203.3 204.9 206.0 206.6 206.8 206.8 207.0 207.6 207.9 208.0 208.6 208.0 208.9 209.0 209.9 210.0 209.0 209.1 209.6 209.7 209.9 209.5 209.3 209.3 209.2 209.7 210.0 210.3 210.7 210.9 210.9 210.9 210.2 210.1 210.1 210.1 210.0 210.0 210.1 210.1 210.3 210.5 210.5 210.6 210.9 210.9 210.9 211.0 211.0 210.9 210.9 210.9 210.8 210.7 210.7 210.7 210.6 210.5 210.5 210.4 210.4 210.3 210.3 210.2 210.2 210.3 210.3 210.3 210.2 210.2 210.6 210.7 210.5 210.5 210.5 210.5 210.5 210.3 210.2 210.3 210.7 210.8 211.1 211.1 211.6 16.0 17.0 16.3 16.3 16.7 16.7 17.5 17.0 17.0 17.3 19.2 20.3 21.7 23.0 23.6 23.4 23.9 24.4 26.0 27.3 29.0 30.3 31.7 33.2 34.3 36.1 37.3 39.1 40.3 41.8 43.3 45.0 46.3 48.1 49.6 51.2 52.8 54.2 55.8 57.3 58.9 60.3 61.8 63.2 64.8 66.2 67.8 69.6 71.1 72.6 74.1 75.8 77.2 78.8 80.2 81.8 83.6 85.1 86.6 88.1 89.8 91.1 92.8 94.6 95.8 97.6 99.1 100.7 102.1 103.8 105.5 106.8 108.6 109.8 111.6 113.1 114.7 116.1 117.7 119.5 120.8 122.6 123.8 125.7 127.1 128.7 130.5 131.7 133.5 134.7 136.6 137.8 139.7 141.5 142.7 144.5 145.7 147.1 148.7 149.9 68.0 1782153198.679857
186.0 187.0 189.0 190.0 192.0 193.0 194.3 196.0 197.3 198.2 199.0 199.0 199.9 200.8 201.9 203.3 204.9 206.0 206.6 206.9 206.8 207.0 207.6 207.9 208.0 208.6 208.0 208.9 209.0 209.9 210.0 209.0 209.1 209.6 209.7 209.9 209.5 209.3 209.3 209.2 209.8 210.0 210.3 210.8 210.9 210.9 210.9 210.2 210.1 210.1 210.1 210.0 210.0 210.1 210.1 210.3 210.5 210.5 210.6 210.9 210.9 210.9 211.0 211.0 210.9 210.9 210.9 210.8 210.7 210.7 210.7 210.7 210.5 210.5 210.4 210.3 210.3 210.3 210.2 210.2 210.3 210.3 210.3 210.2 210.2 210.6 210.7 210.5 210.6 210.6 210.6 210.5 210.2 210.2 210.3 210.7 210.8 211.1 211.1 211.6 16.0 17.0 16.3 16.3 16.7 16.7 17.4 17.0 17.0 17.3 19.2 20.3 21.8 23.0 23.7 23.4 23.9 24.4 26.0 27.3 29.0 30.3 31.7 33.2 34.3 36.1 37.3 39.1 40.3 41.8 43.3 45.0 46.3 48.1 49.6 51.2 52.8 54.2 55.8 57.3 58.9 60.3 61.8 63.2 64.8 66.2 67.8 69.5 71.1 72.6 74.1 75.8 77.2 78.8 80.2 81.8 83.5 85.1 86.5 88.1 89.8 91.1 92.8 94.5 95.8 97.5 99.1 100.7 102.1 103.8 105.5 106.8 108.5 109.8 111.5 113.1 114.7 116.1 117.7 119.5 120.8 122.5 123.8 125.7 127.1 128.7 130.5 131.7 133.5 134.7 136.5 137.8 139.7 141.5 142.7 144.4 145.7 147.1 148.7 149.9 69.0 1782153198.695304
186.0 187.0 189.0 190.0 192.0 193.0 194.3 196.0 197.3 198.2 199.0 199.0 199.9 200.8 201.9 203.3 205.0 206.0 206.6 206.8 206.8 207.0 207.6 207.9 208.0 208.6 208.0 208.9 209.0 209.9 209.9 209.0 209.1 209.6 209.7 209.9 209.4 209.3 209.3 209.2 209.8 210.0 210.3 210.8 210.9 210.9 210.9 210.2 210.1 210.1 210.1 210.0 210.0 210.0 210.2 210.3 210.5 210.5 210.7 210.9 210.9 210.9 211.0 211.0 211.0 210.9 210.8 210.7 210.7 210.7 210.7 210.6 210.5 210.5 210.4 210.3 210.3 210.3 210.2 210.3 210.3 210.3 210.3 210.2 210.3 210.6 210.7 210.5 210.5 210.5 210.5 210.5 210.2 210.2 210.3 210.7 210.8 211.1 211.2 211.6 16.0 17.0 16.3 16.3 16.7 16.7 17.3 16.9 17.0 17.3 19.2 20.3 21.8 23.0 23.7 23.4 23.9 24.5 26.0 27.3 29.0 30.3 31.7 33.2 34.3 36.1 37.3 39.1 40.3 41.8 43.3 45.0 46.3 48.1 49.7 51.2 52.8 54.2 55.8 57.3 58.9 60.3 61.8 63.2 64.8 66.2 67.8 69.5 71.1 72.7 74.1 75.8 77.2 78.8 80.2 81.8 83.5 85.1 86.5 88.1 89.8 91.1 92.8 94.5 95.8 97.5 99.1 100.7 102.1 103.8 105.5 106.8 108.5 109.8 111.5 113.1 114.7 116.1 117.7 119.5 120.8 122.5 123.8 125.7 127.1 128.7 130.5 131.7 133.5 134.7 136.5 137.8 139.7 141.5 142.7 144.4 145.7 147.0 148.7 149.9 70.0 1782153198.710778
186.0 187.0 189.0 190.0 192.0 193.0 194.3 196.0 197.3 198.2 199.0 199.0 199.9 200.8 201.9 203.3 205.0 206.0 206.7 206.8 206.8 207.0 207.6 207.9 208.0 208.6 208.0 208.9 209.0 209.9 209.9 209.0 209.1 209.6 209.7 209.9 209.4 209.3 209.3 209.2 209.8 210.0 210.3 210.8 210.9 210.9 210.9 210.2 210.1 210.1 210.1 210.0 210.0 210.0 210.2 210.3 210.5 210.5 210.7 210.9 210.9 210.9 211.0 211.0 211.0 210.9 210.8 210.8 210.7 210.7 210.7 210.7 210.5 210.5 210.3 210.3 210.3 210.3 210.2 210.2 210.3 210.3 210.3 210.2 210.3 210.6 210.7 210.5 210.6 210.6 210.6 210.5 210.2 210.2 210.3 210.7 210.8 211.2 211.2 211.6 16.0 17.0 16.3 16.3 16.7 16.7 17.4 16.9 17.0 17.3 19.2 20.3 21.7 23.0 23.6 23.3 23.8 24.4 26.0 27.3 29.0 30.3 31.7 33.2 34.3 36.1 37.3 39.1 40.3 41.8 43.3 45.0 46.3 48.1 49.6 51.2 52.8 54.2 55.8 57.3 58.9 60.3 61.8 63.2 64.8 66.2 67.8 69.5 71.1 72.6 74.1 75.8 77.2 78.8 80.2 81.8 83.5 85.1 86.5 88.1 89.8 91.1 92.8 94.5 95.8 97.5 99.1 100.6 102.1 103.8 105.4 106.8 108.5 109.8 111.5 113.1 114.6 116.1 117.6 119.4 120.8 122.5 123.8 125.6 127.1 128.6 130.4 131.6 133.4 134.6 136.5 137.8 139.6 141.4 142.6 144.4 145.6 147.0 148.6 149.8 71.0 1782153198.726211
186.0 187.0 189.0 190.0 192.0 193.0 194.3 196.0 197.3 198.2 199.0 199.0 199.9 200.7 201.9 203.3 204.9 206.0 206.6 206.8 206.9 207.0 207.6 207.9 208.0 208.6 208.0 208.9 209.0 209.9 209.9 209.0 209.1 209.6 209.7 209.9 209.4 209.3 209.3 209.2 209.8 210.0 210.3 210.8 210.9 210.9 210.9 210.2 210.1 210.1 210.1 210.0 210.0 210.0 210.2 210.3 210.5 210.5 210.6 210.9 210.9 210.9 211.0 211.0 211.0 210.9 210.8 210.8 210.7 210.7 210.7 210.7 210.5 210.5 210.4 210.3 210.3 210.3 210.2 210.2 210.3 210.3 210.3 210.2 210.2 210.6 210.8 210.6 210.6 210.6 210.6 210.6 210.2 210.2 210.3 210.7 210.8 211.2 211.2 211.6 16.0 17.0 16.3 16.3 16.7 16.7 17.4 16.9 17.0 17.3 19.2 20.3 21.7 23.0 23.7 23.4 23.9 24.5 26.0 27.3 29.0 30.3 31.7 33.2 34.3 36.1 37.3 39.1 40.3 41.8 43.3 45.0 46.3 48.1 49.6 51.2 52.8 54.2 55.8 57.3 58.9 60.3 61.8 63.2 64.8 66.2 67.8 69.5 71.1 72.6 74.1 75.8 77.2 78.8 80.2 81.8 83.5 85.1 86.5 88.1 89.8 91.1 92.8 94.5 95.8 97.5 99.1 100.7 102.1 103.8 105.5 106.8 108.5 109.8 111.5 113.1 114.7 116.1 117.7 119.5 120.8 122.5 123.8 125.7 127.1 128.7 130.5 131.7 133.5 134.7 136.5 137.8 139.7 141.5 142.7 144.4 145.7 147.0 148.7 149.9 72.0 1782153198.746850
186.0 187.0 189.0 190.0 192.0 193.0 194.3 196.0 197.3 198.2 199.0 199.0 199.9 200.8 201.9 203.3 204.9 206.0 206.6 206.8 206.9 207.0 207.6 207.9 208.0 208.6 208.0 208.9 209.0 209.9 209.9 209.0 209.1 209.7 209.7 209.9 209.4 209.3 209.3 209.2 209.8 210.0 210.3 210.8 210.9 210.9 210.9 210.2 210.1 210.1 210.1 210.0 210.0 210.0 210.1 210.3 210.5 210.5 210.7 210.9 210.9 210.9 211.0 211.0 211.0 210.9 210.9 210.8 210.7 210.7 210.7 210.7 210.5 210.5 210.3 210.3 210.2 210.2 210.2 210.2 210.3 210.3 210.3 210.2 210.2 210.6 210.8 210.6 210.6 210.6 210.6 210.6 210.2 210.1 210.3 210.7 210.8 211.2 211.2 211.6 16.0 17.0 16.3 16.3 16.7 16.7 17.3 16.9 17.0 17.3 19.3 20.3 21.8 23.0 23.7 23.4 23.9 24.5 26.0 27.3 29.0 30.3 31.7 33.2 34.3 36.2 37.3 39.2 40.3 41.8 43.3 45.0 46.3 48.2 49.7 51.2 52.8 54.2 55.8 57.3 58.9 60.3 61.8 63.2 64.8 66.2 67.8 69.5 71.2 72.7 74.2 75.8 77.2 78.8 80.2 81.8 83.5 85.2 86.5 88.2 89.8 91.2 92.8 94.5 95.8 97.5 99.2 100.7 102.2 103.8 105.5 106.8 108.5 109.8 111.5 113.2 114.7 116.2 117.7 119.5 120.8 122.5 123.8 125.7 127.2 128.7 130.5 131.7 133.5 134.7 136.5 137.8 139.7 141.5 142.7 144.5 145.7 147.0 148.7 149.9 73.0 1782153198.757249
186.0 187.0 189.0 190.0 192.0 193.0 194.3 196.0 197.3 198.2 199.0 199.0 199.9 200.7 201.8 203.3 204.9 206.0 206.6 206.8 206.9 207.0 207.6 207.9 208.0 208.6 208.0 208.9 209.0 209.9 209.9 209.0 209.2 209.7 209.7 209.8 209.4 209.3 209.3 209.2 209.8 210.0 210.4 210.8 210.9 210.9 210.9 210.2 210.2 210.2 210.2 210.1 210.0 210.0 210.1 210.2 210.4 210.5 210.6 210.8 210.8 210.9 211.0 211.0 211.0 210.9 210.9 210.8 210.8 210.8 210.8 210.7 210.6 210.5 210.4 210.3 210.2 210.2 210.2 210.2 210.2 210.2 210.2 210.2 210.2 210.6 210.8 210.6 210.6 210.6 210.6 210.6 210.2 210.1 210.3 210.8 210.8 211.2 211.2 211.6 16.0 17.0 16.3 16.3 16.7 16.7 17.4 16.9 17.0 17.3 19.2 20.3 21.8 23.0 23.7 23.4 23.9 24.5 26.0 27.3 29.0 30.3 31.7 33.2 34.3 36.2 37.4 39.2 40.3 41.8 43.3 45.0 46.3 48.2 49.7 51.2 52.8 54.2 55.8 57.3 58.9 60.3 61.8 63.2 64.8 66.2 67.8 69.6 71.2 72.7 74.2 75.8 77.2 78.8 80.2 81.8 83.6 85.2 86.6 88.2 89.8 91.2 92.8 94.6 95.8 97.6 99.2 100.7 102.2 103.8 105.5 106.8 108.6 109.8 111.6 113.2 114.7 116.2 117.7 119.5 120.8 122.6 123.8 125.7 127.2 128.7 130.5 131.7 133.5 134.7 136.6 137.8 139.7 141.5 142.7 144.4 145.7 147.0 148.7 149.9 74.0 1782153198.772698
186.0 187.0 189.0 190.0 192.0 193.0 194.3 196.0 197.3 198.2 199.0 199.0 199.9 200.7 201.8 203.3 204.9 206.0 206.6 206.9 206.9 207.0 207.7 207.9 208.0 208.6 208.0 208.9 209.0 209.9 209.9 209.0 209.1 209.7 209.7 209.9 209.4 209.3 209.3 209.2 209.8 210.0 210.4 210.8 210.9 210.9 210.9 210.2 210.1 210.1 210.1 210.1 210.0 210.0 210.1 210.2 210.4 210.5 210.6 210.8 210.8 210.9 211.0 211.0 211.0 210.9 210.9 210.8 210.8 210.8 210.8 210.7 210.6 210.6 210.4 210.3 210.2 210.2 210.2 210.2 210.2 210.2 210.2 210.2 210.2 210.6 210.8 210.6 210.6 210.6 210.6 210.6 210.2 210.1 210.3 210.8 210.9 211.2 211.2 211.6 16.0 17.0 16.3 16.3 16.7 16.7 17.4 16.9 17.0 17.3 19.2 20.3 21.8 23.0 23.7 23.4 23.9 24.5 26.0 27.3 29.0 30.3 31.8 33.2 34.3 36.2 37.4 39.1 40.3 41.8 43.3 45.0 46.3 48.2 49.7 51.2 52.8 54.2 55.8 57.3 58.9 60.3 61.8 63.2 64.8 66.2 67.8 69.6 71.2 72.7 74.2 75.8 77.2 78.8 80.2 81.8 83.6 85.2 86.6 88.2 89.8 91.2 92.8 94.6 95.8 97.6 99.2 100.7 102.2 103.8 105.5 106.8 108.6 109.8 111.6 113.2 114.7 116.2 117.7 119.5 120.8 122.6 123.8 125.7 127.2 128.7 130.5 131.7 133.5 134.7 136.6 137.8 139.7 141.5 142.7 144.5 145.7 147.0 148.7 149.9 75.0 1782153198.788085
186.0 187.0 189.0 190.0 192.0 193.0 194.3 196.0 197.3 198.2 199.0 199.0 199.9 200.7 201.9 203.3 204.9 206.0 206.5 206.9 206.9 207.0 207.7 207.9 208.0 208.6 208.0 208.9 209.0 209.9 209.9 209.0 209.1 209.7 209.7 209.9 209.5 209.3 209.3 209.2 209.8 210.0 210.4 210.8 210.9 210.9 210.9 210.3 210.1 210.1 210.1 210.1 210.0 210.0 210.1 210.2 210.4 210.5 210.6 210.8 210.8 210.9 211.0 211.0 211.0 210.9 210.9 210.8 210.8 210.8 210.8 210.7 210.6 210.6 210.4 210.3 210.2 210.2 210.2 210.2 210.2 210.2 210.2 210.2 210.2 210.6 210.8 210.6 210.7 210.7 210.7 210.6 210.2 210.1 210.3 210.7 210.9 211.2 211.2 211.6 16.0 17.0 16.3 16.3 16.7 16.7 17.3 16.9 17.0 17.3 19.3 20.3 21.8 23.0 23.7 23.5 23.9 24.5 26.0 27.3 29.1 30.3 31.8 33.2 34.3 36.2 37.4 39.2 40.3 41.8 43.3 45.0 46.3 48.2 49.7 51.2 52.8 54.2 55.8 57.3 58.9 60.3 61.8 63.2 64.8 66.2 67.8 69.6 71.2 72.7 74.2 75.8 77.2 78.8 80.2 81.8 83.6 85.2 86.6 88.2 89.8 91.2 92.8 94.6 95.8 97.6 99.2 100.7 102.2 103.8 105.6 106.8 108.6 109.8 111.6 113.2 114.7 116.2 117.7 119.6 120.8 122.6 123.8 125.7 127.2 128.7 130.6 131.7 133.6 134.7 136.6 137.8 139.7 141.6 142.7 144.5 145.7 147.0 148.7 149.9 76.0 1782153198.803924
186.0 187.0 189.0 190.0 192.0 193.0 194.3 196.0 197.3 198.2 199.0 199.0 199.8 200.7 201.8 203.3 204.9 206.0 206.5 206.9 206.9 207.0 207.7 207.9 208.0 208.6 208.0 208.9 209.0 209.9 209.9 209.0 209.2 209.7 209.7 209.8 209.5 209.3 209.3 209.1 209.8 210.0 210.4 210.8 210.9 210.9 211.0 210.3 210.1 210.1 210.1 210.1 210.0 210.0 210.1 210.2 210.4 210.5 210.6 210.8 210.8 210.9 211.0 211.0 211.0 210.9 210.9 210.8 210.8 210.8 210.8 210.7 210.6 210.6 210.4 210.3 210.2 210.2 210.2 210.2 210.2 210.2 210.2 210.2 210.2 210.6 210.8 210.7 210.7 210.7 210.7 210.6 210.2 210.1 210.3 210.7 210.9 211.2 211.2 211.6 16.0 17.0 16.3 16.3 16.7 16.7 17.3 16.9 17.0 17.3 19.3 20.3 21.8 23.0 23.7 23.5 24.0 24.6 26.0 27.3 29.1 30.3 31.8 33.2 34.3 36.2 37.4 39.2 40.3 41.8 43.3 45.0 46.3 48.2 49.7 51.2 52.8 54.2 55.8 57.3 58.9 60.3 61.8 63.2 64.8 66.2 67.8 69.6 71.2 72.7 74.2 75.8 77.2 78.8 80.2 81.8 83.6 85.2 86.6 88.2 89.8 91.2 92.8 94.6 95.8 97.6 99.2 100.7 102.2 103.8 105.6 106.8 108.6 109.8 111.6 113.2 114.7 116.2 117.7 119.6 120.8 122.6 123.8 125.7 127.2 128.7 130.6 131.7 133.6 134.7 136.6 137.8 139.7 141.6 142.7 144.5 145.7 147.0 148.7 150.0 77.0 1782153198.813980
186.0 187.0 189.0 190.0 192.0 193.0 194.3 196.0 197.3 198.2 199.0 199.0 199.8 200.7 201.8 203.3 204.9 206.0 206.5 206.9 206.9 207.0 207.7 207.9 208.0 208.6 208.0 208.9 209.0 209.9 209.9 209.0 209.2 209.7 209.7 209.8 209.5 209.3 209.3 209.1 209.8 210.0 210.4 210.8 210.9 210.9 211.0 210.2 210.1 210.1 210.1 210.1 210.0 210.0 210.1 210.2 210.4 210.5 210.6 210.8 210.9 210.9 211.0 211.0 211.0 210.9 210.9 210.8 210.8 210.8 210.8 210.7 210.6 210.6 210.4 210.3 210.2 210.2 210.2 210.2 210.2 210.2 210.2 210.2 210.2 210.5 210.8 210.7 210.7 210.7 210.7 210.6 210.2 210.1 210.2 210.7 210.9 211.2 211.3 211.6 16.0 17.0 16.3 16.3 16.7 16.7 17.4 16.9 17.0 17.3 19.3 20.3 21.8 23.0 23.7 23.5 24.0 24.5 26.0 27.3 29.0 30.3 31.8 33.2 34.3 36.2 37.4 39.2 40.3 41.8 43.3 45.0 46.3 48.2 49.7 51.2 52.8 54.2 55.8 57.3 59.0 60.3 61.8 63.2 64.8 66.2 67.8 69.6 71.2 72.7 74.2 75.8 77.2 78.8 80.2 81.8 83.6 85.2 86.6 88.2 89.8 91.2 92.8 94.6 95.8 97.6 99.2 100.7 102.2 103.8 105.6 106.8 108.6 109.8 111.6 113.2 114.7 116.2 117.7 119.6 120.8 122.6 123.8 125.7 127.2 128.7 130.6 131.7 133.6 134.7 136.6 137.8 139.7 141.6 142.7 144.5 145.7 147.0 148.7 150.0 78.0 1782153198.829243
186.0 187.0 189.0 190.0 192.0 193.0 194.3 196.0 197.3 198.2 199.0 199.0 199.8 200.7 201.8 203.3 204.9 206.0 206.6 206.9 206.9 207.0 207.7 207.9 208.0 208.7 208.0 208.9 209.0 209.9 209.9 209.0 209.2 209.7 209.7 209.8 209.4 209.3 209.3 209.1 209.8 210.0 210.4 210.8 210.9 210.9 211.0 210.2 210.1 210.1 210.1 210.1 210.0 210.0 210.1 210.2 210.4 210.5 210.5 210.8 210.9 210.9 211.0 211.0 211.0 211.0 210.9 210.8 210.8 210.8 210.8 210.8 210.6 210.6 210.5 210.2 210.2 210.2 210.2 210.2 210.2 210.2 210.2 210.2 210.2 210.5 210.8 210.7 210.7 210.7 210.7 210.6 210.2 210.1 210.2 210.8 210.9 211.2 211.3 211.5 16.0 17.0 16.3 16.3 16.7 16.7 17.4 16.9 17.0 17.3 19.2 20.3 21.8 23.0 23.8 23.4 24.0 24.5 26.0 27.3 29.0 30.3 31.8 33.2 34.3 36.2 37.4 39.2 40.3 41.8 43.3 45.0 46.3 48.2 49.7 51.2 52.8 54.2 55.8 57.3 59.0 60.3 61.8 63.2 64.8 66.2 67.8 69.6 71.2 72.7 74.2 75.8 77.2 78.8 80.2 81.8 83.6 85.2 86.6 88.2 89.8 91.2 92.8 94.6 95.8 97.6 99.2 100.7 102.2 103.8 105.6 106.8 108.6 109.8 111.6 113.2 114.7 116.2 117.7 119.6 120.8 122.6 123.8 125.7 127.2 128.7 130.6 131.7 133.6 134.7 136.6 137.8 139.7 141.6 142.7 144.5 145.7 147.0 148.7 150.1 79.0 1782153198.844676
186.0 187.0 189.0 190.0 192.0 193.0 194.3 196.0 197.3 198.3 199.0 199.0 199.9 200.7 201.9 203.4 204.9 206.0 206.6 206.8 206.9 207.0 207.7 207.9 208.0 208.6 208.0 208.9 209.0 209.9 209.9 209.0 209.2 209.8 209.7 209.8 209.4 209.3 209.3 209.2 209.8 210.0 210.3 210.8 210.9 210.9 210.9 210.2 210.1 210.1 210.1 210.1 210.1 210.1 210.2 210.2 210.4 210.5 210.6 210.8 210.8 210.8 210.9 210.9 210.9 210.9 210.8 210.8 210.8 210.8 210.8 210.8 210.7 210.7 210.5 210.3 210.2 210.2 210.1 210.2 210.2 210.2 210.2 210.2 210.2 210.5 210.8 210.7 210.7 210.7 210.7 210.7 210.2 210.1 210.2 210.7 210.9 211.2 211.3 211.6 16.0 17.0 16.3 16.3 16.7 16.7 17.3 16.9 17.0 17.3 19.3 20.3 21.8 23.0 23.8 23.4 24.0 24.5 26.0 27.3 29.0 30.3 31.8 33.3 34.3 36.2 37.4 39.2 40.3 41.9 43.3 45.0 46.3 48.2 49.8 51.3 52.9 54.3 55.9 57.3 59.0 60.4 61.9 63.3 64.9 66.3 67.9 69.7 71.2 72.8 74.2 75.9 77.3 78.9 80.3 81.9 83.7 85.2 86.7 88.2 89.9 91.2 92.9 94.7 95.9 97.7 99.2 100.8 102.2 103.9 105.6 106.9 108.7 109.9 111.7 113.2 114.8 116.2 117.8 119.6 120.9 122.7 123.9 125.8 127.2 128.8 130.6 131.8 133.6 134.8 136.7 137.9 139.8 141.6 142.8 144.6 145.8 147.1 148.8 150.1 80.0 1782153198.855065
186.0 187.0 189.0 190.0 192.0 193.0 194.4 196.0 197.4 198.3 199.0 199.0 199.9 200.8 201.9 203.3 204.9 206.0 206.6 206.8 206.9 207.0 207.7 207.9 208.0 208.6 208.0 209.0 209.0 209.9 209.9 209.0 209.2 209.7 209.7 209.8 209.4 209.3 209.3 209.2 209.8 210.0 210.3 210.8 210.9 210.9 210.9 210.2 210.1 210.1 210.1 210.1 210.1 210.1 210.2 210.2 210.4 210.5 210.6 210.8 210.8 210.8 210.9 210.9 210.9 210.9 210.8 210.8 210.8 210.8 210.8 210.8 210.7 210.7 210.5 210.3 210.2 210.2 210.1 210.2 210.2 210.2 210.2 210.1 210.2 210.5 210.8 210.7 210.7 210.7 210.7 210.7 210.3 210.1 210.2 210.7 210.9 211.2 211.3 211.6 16.0 17.0 16.4 16.4 16.6 16.6 17.2 16.9 17.0 17.4 19.3 20.4 21.8 23.0 23.8 23.4 24.0 24.6 26.0 27.4 29.0 30.4 31.8 33.3 34.4 36.3 37.5 39.3 40.4 41.9 43.4 45.0 46.4 48.3 49.8 51.3 52.9 54.3 55.9 57.3 59.0 60.4 61.9 63.3 64.9 66.3 67.9 69.7 71.3 72.8 74.3 75.9 77.3 78.9 80.3 81.9 83.7 85.3 86.7 88.3 89.9 91.3 92.9 94.7 95.9 97.7 99.3 100.8 102.3 103.9 105.7 106.9 108.7 109.9 111.7 113.3 114.8 116.3 117.8 119.7 120.9 122.7 123.9 125.8 127.3 128.8 130.7 131.8 133.7 134.8 136.7 137.9 139.8 141.7 142.8 144.6 145.8 147.1 148.8 150.1 81.0 1782153198.870482
186.0 187.0 189.0 190.0 192.0 193.0 194.4 196.0 197.4 198.3 199.0 199.0 199.9 200.8 201.9 203.4 204.9 206.0 206.6 206.8 206.9 207.0 207.7 207.9 208.0 208.6 208.0 209.0 209.0 209.9 209.9 209.0 209.2 209.7 209.7 209.8 209.5 209.3 209.3 209.2 209.7 209.9 210.3 210.7 210.9 210.9 210.9 210.2 210.1 210.1 210.1 210.1 210.1 210.1 210.2 210.3 210.4 210.5 210.6 210.8 210.8 210.8 210.9 210.9 210.9 210.9 210.8 210.8 210.8 210.8 210.8 210.7 210.7 210.6 210.4 210.3 210.3 210.3 210.2 210.2 210.2 210.2 210.2 210.1 210.1 210.4 210.8 210.7 210.7 210.7 210.7 210.7 210.3 210.1 210.2 210.6 210.8 211.2 211.3 211.6 16.0 17.0 16.4 16.4 16.6 16.6 17.3 16.9 17.0 17.4 19.3 20.4 21.8 23.0 23.8 23.4 24.0 24.5 26.0 27.4 29.0 30.4 31.8 33.3 34.4 36.2 37.5 39.2 40.4 41.9 43.4 45.0 46.4 48.2 49.8 51.3 52.9 54.3 55.9 57.3 59.0 60.4 61.9 63.3 64.9 66.3 67.9 69.7 71.2 72.8 74.2 75.9 77.3 78.9 80.3 81.9 83.7 85.2 86.7 88.2 89.9 91.2 92.9 94.7 95.9 97.7 99.2 100.8 102.2 103.9 105.7 106.9 108.7 109.9 111.7 113.2 114.8 116.2 117.8 119.7 120.9 122.7 123.9 125.8 127.2 128.8 130.7 131.8 133.7 134.8 136.7 137.9 139.8 141.7 142.8 144.6 145.8 147.2 148.8 150.1 82.0 1782153198.885993
186.0 187.0 189.0 190.0 192.0 193.0 194.3 196.0 197.3 198.3 199.0 199.0 199.9 200.8 201.9 203.4 204.9 206.0 206.6 206.8 206.9 207.0 207.7 207.9 208.0 208.6 208.0 209.0 209.0 209.9 209.9 209.0 209.2 209.7 209.7 209.8 209.5 209.3 209.3 209.2 209.8 209.9 210.3 210.8 210.9 210.9 210.9 210.2 210.1 210.1 210.1 210.1 210.1 210.1 210.2 210.3 210.4 210.6 210.6 210.8 210.8 210.9 210.9 210.9 210.9 210.9 210.8 210.7 210.7 210.7 210.7 210.7 210.6 210.6 210.4 210.3 210.3 210.3 210.2 210.2 210.3 210.3 210.3 210.1 210.1 210.4 210.7 210.7 210.7 210.8 210.8 210.7 210.3 210.1 210.2 210.6 210.9 211.2 211.2 211.6 16.0 17.0 16.3 16.3 16.7 16.7 17.3 17.0 17.0 17.3 19.3 20.3 21.9 23.0 23.8 23.4 24.0 24.5 26.0 27.3 29.0 30.3 31.8 33.3 34.3 36.2 37.5 39.2 40.3 41.9 43.3 45.0 46.3 48.2 49.8 51.3 52.9 54.3 55.9 57.3 59.0 60.4 61.9 63.3 64.9 66.3 67.9 69.7 71.2 72.8 74.2 75.9 77.3 78.9 80.3 81.9 83.7 85.2 86.7 88.2 89.9 91.2 92.9 94.7 95.9 97.7 99.2 100.8 102.2 103.9 105.7 106.9 108.7 109.9 111.7 113.2 114.8 116.2 117.8 119.7 120.9 122.7 123.9 125.8 127.2 128.8 130.7 131.8 133.7 134.8 136.7 137.9 139.8 141.7 142.8 144.6 145.8 147.2 148.8 150.1 83.0 1782153198.896230
186.0 187.0 189.0 190.0 192.0 193.0 194.3 196.0 197.3 198.3 199.0 199.0 199.9 200.8 201.9 203.4 204.9 206.0 206.6 206.9 206.9 207.0 207.7 207.9 208.0 208.6 208.0 209.0 209.0 209.9 209.9 209.0 209.2 209.6 209.7 209.8 209.5 209.3 209.3 209.2 209.8 209.9 210.4 210.8 210.9 210.9 210.8 210.2 210.1 210.1 210.1 210.1 210.1 210.1 210.3 210.3 210.5 210.6 210.6 210.8 210.8 210.9 210.9 210.9 210.9 210.8 210.7 210.7 210.7 210.7 210.7 210.7 210.6 210.6 210.4 210.3 210.3 210.3 210.2 210.3 210.3 210.3 210.3 210.1 210.1 210.4 210.7 210.6 210.7 210.8 210.8 210.7 210.4 210.1 210.2 210.6 210.9 211.1 211.2 211.6 16.0 17.0 16.3 16.3 16.7 16.7 17.3 17.0 17.0 17.3 19.3 20.3 21.9 23.0 23.8 23.4 24.0 24.5 26.0 27.3 29.0 30.3 31.8 33.3 34.3 36.2 37.4 39.2 40.3 41.9 43.3 45.0 46.3 48.2 49.8 51.3 52.9 54.3 55.9 57.3 59.0 60.4 61.9 63.3 64.9 66.3 67.9 69.7 71.2 72.8 74.2 75.9 77.3 78.9 80.3 81.9 83.7 85.2 86.7 88.2 89.9 91.2 92.9 94.7 95.9 97.7 99.2 100.8 102.2 103.9 105.7 106.9 108.7 109.9 111.7 113.2 114.8 116.2 117.8 119.7 120.9 122.7 123.9 125.8 127.2 128.8 130.7 131.8 133.7 134.8 136.7 137.9 139.8 141.7 142.8 144.6 145.8 147.2 148.8 150.1 84.0 1782153198.911658
186.0 187.0 189.0 190.0 192.0 193.0 194.3 196.0 197.3 198.2 199.0 199.0 199.9 200.8 201.9 203.5 204.9 206.0 206.6 206.9 206.9 207.0 207.7 207.9 208.0 208.7 208.0 209.0 209.0 209.9 209.9 209.0 209.2 209.6 209.7 209.8 209.5 209.3 209.3 209.1 209.7 209.9 210.3 210.7 210.9 210.9 210.8 210.2 210.1 210.1 210.1 210.1 210.1 210.1 210.3 210.4 210.5 210.6 210.7 210.8 210.8 210.9 210.9 210.9 210.9 210.8 210.7 210.7 210.7 210.7 210.7 210.7 210.6 210.6 210.4 210.3 210.4 210.4 210.3 210.3 210.3 210.3 210.3 210.1 210.1 210.4 210.7 210.6 210.7 210.8 210.8 210.7 210.4 210.1 210.2 210.6 210.8 211.1 211.2 211.7 16.0 17.0 16.3 16.3 16.7 16.7 17.4 17.0 17.0 17.3 19.3 20.3 21.9 23.0 23.8 23.4 24.0 24.5 26.0 27.3 29.0 30.3 31.8 33.2 34.3 36.2 37.5 39.2 40.3 41.9 43.3 45.0 46.3 48.2 49.8 51.2 52.9 54.2 55.9 57.3 59.0 60.4 61.9 63.2 64.9 66.2 67.9 69.7 71.2 72.8 74.2 75.9 77.2 78.9 80.2 81.9 83.7 85.2 86.7 88.2 89.9 91.2 92.9 94.7 95.9 97.7 99.2 100.8 102.2 103.9 105.7 106.9 108.7 109.9 111.7 113.2 114.8 116.2 117.8 119.7 120.9 122.7 123.9 125.8 127.2 128.8 130.7 131.8 133.7 134.8 136.7 137.9 139.8 141.7 142.8 144.7 145.8 147.3 148.8 150.1 85.0 1782153198.927180
186.0 187.0 189.0 190.0 192.0 193.0 194.3 196.0 197.3 198.2 199.0 199.0 199.9 200.8 201.9 203.5 204.9 206.0 206.6 206.9 206.9 207.0 207.8 208.0 208.0 208.7 208.0 209.0 209.0 209.9 209.9 209.0 209.2 209.6 209.7 209.8 209.6 209.3 209.3 209.1 209.7 209.9 210.4 210.7 210.9 210.9 210.8 210.2 210.1 210.1 210.1 210.1 210.1 210.1 210.3 210.4 210.5 210.6 210.7 210.8 210.9 210.9 210.9 210.9 210.9 210.8 210.7 210.6 210.7 210.7 210.7 210.6 210.5 210.5 210.4 210.3 210.3 210.3 210.3 210.3 210.3 210.3 210.3 210.2 210.2 210.4 210.7 210.6 210.7 210.7 210.7 210.7 210.4 210.1 210.2 210.5 210.8 211.1 211.2 211.7 16.0 17.0 16.3 16.3 16.7 16.7 17.4 17.0 17.0 17.3 19.3 20.3 21.9 23.0 23.8 23.4 24.0 24.4 26.0 27.3 29.0 30.3 31.9 33.2 34.3 36.2 37.4 39.2 40.3 41.9 43.3 45.0 46.3 48.2 49.8 51.2 52.9 54.2 55.9 57.3 59.0 60.4 61.9 63.2 64.9 66.2 67.9 69.8 71.2 72.8 74.2 75.9 77.2 78.9 80.2 81.9 83.8 85.2 86.8 88.2 89.9 91.2 92.9 94.8 95.9 97.8 99.2 100.8 102.2 103.9 105.7 106.9 108.8 109.9 111.8 113.2 114.8 116.2 117.8 119.7 120.9 122.8 123.9 125.8 127.2 128.8 130.7 131.8 133.7 134.8 136.8 137.9 139.8 141.7 142.8 144.7 145.8 147.3 148.8 150.0 86.0 1782153198.937487
186.0 187.0 189.0 190.0 192.0 193.0 194.3 196.0 197.3 198.2 199.0 199.0 199.8 200.8 201.9 203.5 204.9 206.0 206.6 206.9 206.9 207.0 207.8 208.0 208.0 208.7 208.0 209.0 209.0 209.9 209.9 209.0 209.2 209.5 209.6 209.8 209.6 209.4 209.4 209.1 209.7 209.9 210.4 210.7 210.9 210.9 210.9 210.2 210.1 210.1 210.1 210.1 210.1 210.1 210.3 210.4 210.5 210.6 210.6 210.8 210.9 210.9 210.9 210.9 210.9 210.8 210.7 210.6 210.7 210.7 210.7 210.6 210.6 210.6 210.4 210.3 210.4 210.4 210.3 210.3 210.3 210.3 210.3 210.1 210.2 210.4 210.6 210.5 210.6 210.7 210.7 210.7 210.4 210.1 210.2 210.6 210.8 211.1 211.2 211.6 16.0 17.0 16.3 16.3 16.7 16.7 17.4 17.0 17.0 17.3 19.2 20.3 21.9 23.0 23.8 23.4 24.0 24.5 26.0 27.3 29.0 30.3 31.8 33.2 34.3 36.2 37.4 39.2 40.3 41.9 43.3 45.0 46.3 48.2 49.8 51.2 52.9 54.2 55.9 57.3 59.0 60.4 61.9 63.2 64.9 66.2 67.9 69.7 71.2 72.8 74.2 75.9 77.2 78.9 80.2 81.9 83.7 85.2 86.7 88.2 89.9 91.2 92.9 94.7 95.9 97.7 99.2 100.8 102.2 103.9 105.7 106.9 108.7 109.9 111.7 113.2 114.8 116.2 117.8 119.7 120.9 122.7 123.9 125.8 127.2 128.8 130.7 131.8 133.7 134.8 136.7 137.9 139.8 141.7 142.8 144.6 145.8 147.3 148.8 150.0 87.0 1782153198.947813
186.0 187.0 189.0 190.0 192.0 193.0 194.3 196.0 197.3 198.2 199.0 199.0 199.9 200.8 201.9 203.5 204.9 206.0 206.6 206.9 206.9 207.0 207.8 208.0 208.0 208.7 208.0 209.0 209.0 209.9 209.9 209.0 209.1 209.5 209.6 209.9 209.6 209.4 209.4 209.1 209.7 209.9 210.3 210.7 210.9 210.9 210.9 210.2 210.1 210.1 210.1 210.1 210.1 210.1 210.3 210.4 210.5 210.6 210.7 210.8 210.9 210.9 210.9 211.0 210.9 210.9 210.7 210.6 210.6 210.6 210.6 210.6 210.5 210.5 210.4 210.3 210.4 210.4 210.3 210.3 210.4 210.4 210.4 210.1 210.2 210.4 210.6 210.5 210.6 210.7 210.7 210.7 210.4 210.1 210.2 210.5 210.8 211.1 211.2 211.7 16.0 17.0 16.3 16.3 16.7 16.7 17.5 17.0 17.0 17.3 19.2 20.3 21.9 23.0 23.8 23.4 24.0 24.5 26.0 27.3 29.0 30.3 31.8 33.2 34.3 36.2 37.4 39.2 40.3 41.9 43.3 45.0 46.3 48.2 49.8 51.2 52.9 54.2 55.9 57.3 59.0 60.4 61.9 63.2 64.9 66.2 67.9 69.7 71.2 72.8 74.2 75.9 77.2 78.9 80.2 81.9 83.7 85.2 86.7 88.2 89.9 91.2 92.9 94.7 95.9 97.7 99.2 100.8 102.2 103.9 105.7 106.9 108.7 109.9 111.7 113.2 114.8 116.2 117.8 119.7 120.9 122.7 123.9 125.8 127.2 128.8 130.7 131.8 133.7 134.8 136.7 137.9 139.8 141.7 142.8 144.7 145.8 147.3 148.8 150.0 88.0 1782153198.958061
186.0 187.0 189.0 190.0 192.0 193.0 194.3 196.0 197.3 198.2 199.0 199.0 199.9 200.8 201.9 203.5 204.9 206.0 206.6 206.9 206.9 207.0 207.8 208.0 208.0 208.7 208.0 209.0 209.0 209.9 209.9 209.0 209.1 209.5 209.6 209.9 209.6 209.4 209.4 209.1 209.6 209.9 210.3 210.6 210.9 210.9 210.9 210.2 210.1 210.1 210.1 210.1 210.1 210.1 210.3 210.4 210.5 210.6 210.6 210.8 210.9 210.9 210.9 211.0 210.9 210.9 210.7 210.6 210.7 210.7 210.7 210.6 210.6 210.6 210.4 210.4 210.4 210.4 210.3 210.3 210.3 210.3 210.3 210.1 210.1 210.4 210.6 210.5 210.6 210.7 210.7 210.7 210.4 210.1 210.2 210.6 210.8 211.1 211.2 211.6 16.0 17.0 16.3 16.3 16.7 16.7 17.4 17.0 17.0 17.3 19.3 20.3 21.9 23.0 23.8 23.4 24.0 24.5 26.0 27.3 29.0 30.3 31.8 33.2 34.3 36.2 37.5 39.2 40.3 41.9 43.3 45.0 46.3 48.2 49.8 51.2 52.9 54.2 55.9 57.3 59.0 60.4 61.9 63.2 64.9 66.2 67.9 69.7 71.2 72.8 74.2 75.9 77.2 78.9 80.2 81.9 83.7 85.2 86.7 88.2 89.9 91.2 92.9 94.7 95.9 97.7 99.2 100.8 102.2 103.9 105.7 106.9 108.7 109.9 111.7 113.2 114.8 116.2 117.8 119.7 120.9 122.7 123.9 125.8 127.2 128.8 130.7 131.8 133.7 134.8 136.7 137.9 139.8 141.7 142.8 144.6 145.8 147.3 148.8 150.0 89.0 1782153198.978694
186.0 187.0 189.0 190.0 192.0 193.0 194.3 196.0 197.3 198.2 199.0 199.0 199.8 200.8 201.8 203.4 204.9 206.0 206.6 206.9 206.9 207.0 207.8 208.0 208.0 208.7 208.0 209.0 209.0 209.9 209.9 209.0 209.1 209.5 209.6 209.9 209.6 209.4 209.4 209.1 209.6 209.9 210.3 210.6 210.9 210.9 210.9 210.2 210.1 210.1 210.1 210.1 210.0 210.1 210.3 210.4 210.5 210.5 210.6 210.9 210.9 210.9 210.9 211.0 210.9 210.9 210.7 210.7 210.7 210.7 210.7 210.6 210.6 210.6 210.4 210.4 210.5 210.5 210.3 210.3 210.3 210.3 210.3 210.1 210.1 210.3 210.6 210.5 210.5 210.7 210.7 210.6 210.4 210.1 210.2 210.6 210.8 211.1 211.2 211.6 16.0 17.0 16.3 16.3 16.7 16.7 17.4 17.0 17.0 17.3 19.3 20.3 21.9 23.0 23.8 23.4 24.0 24.5 26.0 27.3 29.0 30.3 31.8 33.2 34.3 36.2 37.5 39.2 40.3 41.9 43.3 45.0 46.3 48.2 49.8 51.2 52.9 54.2 55.9 57.3 59.0 60.4 61.9 63.2 64.9 66.2 67.9 69.7 71.2 72.8 74.2 75.9 77.2 78.9 80.2 81.9 83.7 85.2 86.7 88.2 89.9 91.2 92.9 94.7 95.9 97.7 99.2 100.9 102.2 103.9 105.6 106.9 108.7 109.9 111.7 113.2 114.9 116.2 117.9 119.6 120.9 122.7 123.9 125.9 127.2 128.9 130.6 131.9 133.6 134.9 136.7 137.9 139.9 141.6 142.9 144.6 145.9 147.3 148.9 150.0 90.0 1782153198.989058
186.0 187.0 189.0 190.0 192.0 193.0 194.3 196.0 197.3 198.3 199.0 199.0 199.8 200.8 201.9 203.4 204.9 206.0 206.5 206.9 206.9 207.0 207.8 208.0 208.0 208.7 208.0 209.0 209.0 209.9 209.9 209.0 209.1 209.4 209.5 209.9 209.7 209.5 209.5 209.1 209.6 209.9 210.3 210.6 210.9 210.9 210.9 210.2 210.1 210.1 210.1 210.1 210.0 210.1 210.3 210.3 210.4 210.5 210.6 210.9 210.9 210.9 211.0 211.0 210.9 210.9 210.7 210.7 210.7 210.7 210.7 210.7 210.6 210.6 210.5 210.4 210.5 210.5 210.3 210.3 210.3 210.3 210.3 210.1 210.1 210.3 210.5 210.4 210.5 210.6 210.6 210.6 210.4 210.1 210.2 210.6 210.8 211.1 211.2 211.6 16.0 17.0 16.3 16.3 16.7 16.7 17.3 17.0 17.0 17.3 19.3 20.3 21.9 23.0 23.8 23.5 24.1 24.5 26.0 27.3 29.0 30.3 31.8 33.3 34.3 36.2 37.5 39.2 40.3 41.9 43.3 45.0 46.3 48.2 49.8 51.3 52.9 54.3 55.9 57.3 59.0 60.4 61.9 63.3 64.9 66.3 67.9 69.7 71.2 72.8 74.2 75.9 77.3 78.9 80.3 81.9 83.7 85.2 86.7 88.2 89.9 91.2 92.9 94.7 95.9 97.7 99.2 100.9 102.2 103.9 105.6 106.9 108.7 109.9 111.7 113.2 114.9 116.2 117.9 119.6 120.9 122.7 123.9 125.9 127.2 128.9 130.6 131.9 133.6 134.9 136.7 137.9 139.9 141.6 142.9 144.6 145.9 147.3 148.9 150.0 91.0 1782153198.999377
186.0 187.0 189.0 190.0 192.0 193.0 194.4 196.0 197.4 198.3 199.0 199.0 199.8 200.8 201.9 203.4 204.9 206.0 206.5 206.9 206.9 207.0 207.8 208.0 208.0 208.8 208.0 209.0 209.0 209.9 209.9 209.0 209.1 209.4 209.5 209.9 209.7 209.5 209.5 209.1 209.6 209.9 210.3 210.6 210.9 210.9 210.9 210.2 210.1 210.1 210.1 210.1 210.0 210.0 210.2 210.3 210.4 210.5 210.5 210.9 210.9 210.9 211.0 211.0 211.0 210.9 210.8 210.7 210.7 210.7 210.7 210.7 210.6 210.6 210.5 210.4 210.5 210.5 210.3 210.3 210.3 210.3 210.3 210.1 210.1 210.3 210.5 210.4 210.5 210.6 210.6 210.6 210.4 210.1 210.2 210.6 210.8 211.1 211.2 211.5 16.0 17.0 16.4 16.4 16.6 16.6 17.3 17.0 17.0 17.4 19.3 20.4 21.9 23.0 23.8 23.5 24.1 24.5 26.0 27.4 29.0 30.4 31.8 33.3 34.4 36.2 37.5 39.2 40.4 41.9 43.4 45.0 46.4 48.2 49.8 51.3 52.9 54.3 55.9 57.3 59.0 60.5 61.9 63.3 64.9 66.3 67.9 69.7 71.2 72.8 74.2 75.9 77.3 78.9 80.3 81.9 83.7 85.2 86.7 88.2 89.9 91.2 92.9 94.7 95.9 97.7 99.2 100.9 102.2 103.9 105.6 106.9 108.7 109.9 111.7 113.2 114.9 116.2 117.9 119.6 120.9 122.7 123.9 125.9 127.2 128.9 130.6 131.9 133.6 134.9 136.7 137.9 139.9 141.6 142.9 144.5 145.9 147.3 148.9 150.0 92.0 1782153199.020159
186.0 187.0 189.0 190.0 192.0 193.0 194.3 196.0 197.3 198.3 199.0 199.0 199.8 200.7 201.8 203.4 204.8 206.0 206.5 206.9 206.9 207.0 207.8 208.0 208.0 208.8 208.0 209.0 209.0 210.0 209.9 209.0 209.1 209.4 209.5 209.9 209.7 209.5 209.5 209.1 209.5 209.9 210.3 210.5 210.9 210.9 210.9 210.2 210.1 210.1 210.1 210.1 210.0 210.0 210.2 210.3 210.4 210.5 210.5 210.9 210.9 210.9 211.0 211.0 211.0 210.9 210.8 210.7 210.7 210.7 210.7 210.7 210.6 210.6 210.5 210.5 210.5 210.5 210.3 210.3 210.3 210.3 210.3 210.1 210.1 210.3 210.5 210.4 210.5 210.6 210.6 210.5 210.3 210.1 210.2 210.6 210.8 211.1 211.2 211.5 16.0 17.0 16.3 16.3 16.7 16.7 17.3 17.0 17.0 17.3 19.3 20.3 21.9 23.0 23.8 23.5 24.1 24.6 26.0 27.3 29.0 30.3 31.8 33.3 34.3 36.1 37.5 39.1 40.3 41.9 43.3 45.0 46.3 48.1 49.7 51.3 52.9 54.3 55.9 57.3 59.0 60.4 61.9 63.3 64.9 66.3 67.9 69.7 71.1 72.7 74.1 75.9 77.3 78.9 80.3 81.9 83.7 85.1 86.7 88.1 89.9 91.1 92.9 94.7 95.9 97.7 99.1 100.9 102.1 103.9 105.6 106.9 108.7 109.9 111.7 113.1 114.9 116.1 117.9 119.6 120.9 122.7 123.9 125.9 127.1 128.9 130.6 131.9 133.6 134.9 136.7 137.9 139.9 141.6 142.9 144.5 145.9 147.3 148.9 150.0 93.0 1782153199.030296
186.0 187.0 189.0 190.0 192.0 193.0 194.3 196.0 197.3 198.3 199.0 199.0 199.8 200.7 201.8 203.4 204.8 206.0 206.5 206.9 206.9 207.0 207.8 208.0 208.0 208.8 208.0 209.0 209.0 210.0 210.0 209.0 209.1 209.4 209.5 209.9 209.7 209.5 209.5 209.1 209.5 209.9 210.3 210.5 210.9 210.9 210.9 210.3 210.1 210.1 210.1 210.1 210.0 210.0 210.2 210.3 210.4 210.5 210.5 210.9 210.9 210.9 211.0 211.0 211.0 210.9 210.8 210.7 210.7 210.7 210.7 210.7 210.7 210.6 210.5 210.5 210.5 210.5 210.4 210.3 210.3 210.3 210.3 210.1 210.1 210.3 210.5 210.4 210.5 210.5 210.5 210.5 210.3 210.1 210.1 210.6 210.8 211.1 211.1 211.5 16.0 17.0 16.3 16.3 16.7 16.7 17.3 17.0 17.0 17.3 19.3 20.3 21.9 23.0 23.9 23.5 24.1 24.6 26.0 27.3 29.0 30.3 31.7 33.3 34.3 36.1 37.5 39.1 40.3 41.9 43.3 45.0 46.3 48.1 49.7 51.3 52.9 54.3 55.9 57.3 59.0 60.4 61.9 63.3 64.9 66.3 67.9 69.7 71.1 72.7 74.1 75.9 77.3 78.9 80.3 81.9 83.7 85.1 86.7 88.1 89.9 91.1 92.9 94.7 95.9 97.7 99.1 100.9 102.1 103.9 105.5 106.9 108.7 109.9 111.7 113.1 114.9 116.1 117.9 119.5 120.9 122.7 123.9 125.9 127.1 128.9 130.5 131.9 133.5 134.9 136.7 137.9 139.9 141.5 142.9 144.5 145.9 147.2 148.9 150.0 94.0 1782153199.045795
186.0 187.0 189.0 190.0 192.0 193.0 194.4 196.0 197.4 198.3 199.0 199.0 199.8 200.7 201.8 203.3 204.8 206.0 206.5 206.9 207.0 207.0 207.8 208.0 208.0 208.8 208.0 209.0 209.0 210.0 210.0 209.0 209.1 209.4 209.4 209.9 209.7 209.6 209.6 209.1 209.5 209.9 210.2 210.5 210.9 210.9 210.9 210.3 210.1 210.1 210.1 210.1 210.0 210.0 210.2 210.3 210.4 210.4 210.5 210.9 210.9 210.9 211.0 211.0 211.0 210.9 210.8 210.7 210.7 210.7 210.7 210.7 210.7 210.7 210.6 210.5 210.6 210.6 210.4 210.2 210.3 210.3 210.3 210.1 210.1 210.3 210.4 210.4 210.4 210.5 210.5 210.5 210.3 210.1 210.1 210.7 210.8 211.1 211.1 211.5 16.0 17.0 16.4 16.4 16.6 16.6 17.3 17.0 17.0 17.4 19.3 20.4 21.9 23.0 23.9 23.5 24.2 24.6 26.0 27.4 29.0 30.4 31.8 33.3 34.4 36.1 37.5 39.1 40.4 41.9 43.4 45.0 46.4 48.1 49.7 51.3 52.9 54.3 55.9 57.3 59.0 60.4 61.9 63.3 64.9 66.3 67.9 69.7 71.1 72.7 74.1 75.9 77.3 78.9 80.3 81.9 83.7 85.1 86.7 88.1 89.9 91.1 92.9 94.7 95.9 97.7 99.1 100.9 102.1 103.9 105.5 106.9 108.7 109.9 111.7 113.1 114.9 116.1 117.9 119.5 120.9 122.7 123.9 125.9 127.1 128.9 130.5 131.9 133.5 134.9 136.7 137.9 139.9 141.5 142.9 144.5 145.9 147.2 148.9 150.0 95.0 1782153199.056128
186.0 187.0 189.0 190.0 192.0 193.0 194.4 196.0 197.4 198.3 199.0 199.0 199.8 200.7 201.8 203.3 204.8 206.0 206.4 206.9 207.0 207.0 207.8 208.0 208.0 208.8 208.0 209.0 209.0 210.0 210.0 209.0 209.1 209.4 209.4 209.9 209.7 209.6 209.6 209.1 209.5 209.9 210.2 210.5 210.9 210.9 210.9 210.2 210.1 210.1 210.1 210.1 210.0 210.0 210.2 210.3 210.3 210.4 210.5 210.9 210.9 210.9 211.0 211.0 211.0 210.9 210.8 210.7 210.8 210.8 210.8 210.7 210.7 210.7 210.6 210.5 210.6 210.6 210.3 210.2 210.2 210.2 210.2 210.1 210.1 210.3 210.4 210.4 210.4 210.5 210.5 210.5 210.3 210.1 210.1 210.7 210.8 211.1 211.1 211.5 16.0 17.0 16.4 16.4 16.6 16.6 17.2 17.0 17.0 17.4 19.4 20.4 21.9 23.0 23.9 23.6 24.2 24.6 26.0 27.4 29.0 30.4 31.8 33.3 34.4 36.1 37.5 39.1 40.4 41.9 43.4 45.0 46.4 48.1 49.7 51.3 52.9 54.3 55.9 57.4 59.0 60.5 61.9 63.3 64.9 66.3 67.9 69.7 71.1 72.7 74.1 75.9 77.3 78.9 80.3 81.9 83.7 85.1 86.7 88.1 89.9 91.1 92.9 94.7 95.9 97.7 99.1 100.9 102.1 103.9 105.5 106.9 108.7 109.9 111.7 113.1 114.9 116.1 117.9 119.5 120.9 122.7 123.9 125.9 127.1 128.9 130.5 131.9 133.5 134.9 136.7 137.9 139.9 141.5 142.9 144.5 145.9 147.2 148.9 150.0 96.0 1782153199.071470
186.0 187.0 189.0 190.0 192.0 193.0 194.4 196.0 197.4 198.3 199.0 199.0 199.8 200.7 201.8 203.3 204.8 206.0 206.4 206.9 207.0 207.0 207.9 208.0 208.0 208.8 208.0 209.0 209.0 210.0 210.0 209.0 209.1 209.3 209.4 209.9 209.7 209.6 209.6 209.1 209.4 209.9 210.2 210.4 210.9 210.9 210.9 210.3 210.1 210.1 210.1 210.1 210.0 210.0 210.2 210.3 210.3 210.4 210.4 210.9 210.9 210.9 211.0 211.0 211.0 210.9 210.8 210.8 210.8 210.8 210.8 210.7 210.7 210.7 210.6 210.6 210.6 210.6 210.4 210.2 210.2 210.2 210.2 210.1 210.1 210.2 210.4 210.3 210.4 210.5 210.5 210.5 210.3 210.1 210.1 210.7 210.8 211.1 211.1 211.4 16.0 17.0 16.4 16.4 16.6 16.6 17.3 17.0 17.0 17.4 19.3 20.4 21.9 23.0 23.9 23.6 24.2 24.6 26.0 27.4 29.0 30.4 31.7 33.3 34.4 36.1 37.5 39.1 40.4 41.9 43.4 45.0 46.4 48.1 49.7 51.3 52.9 54.3 55.9 57.4 59.0 60.4 61.9 63.3 64.9 66.3 67.9 69.7 71.1 72.7 74.1 75.9 77.3 78.9 80.3 81.9 83.7 85.1 86.7 88.1 89.9 91.1 92.9 94.7 95.9 97.7 99.1 100.9 102.1 103.9 105.5 106.9 108.7 109.9 111.7 113.1 114.9 116.1 117.9 119.5 120.9 122.7 123.9 125.9 127.1 128.9 130.5 131.9 133.5 134.9 136.7 137.9 139.9 141.5 142.9 144.4 145.9 147.2 148.9 150.0 97.0 1782153199.081801
186.0 187.0 189.0 190.0 192.0 193.0 194.4 196.0 197.4 198.3 199.0 199.0 199.7 200.7 201.7 203.3 204.8 206.0 206.4 206.9 207.0 207.0 207.9 208.0 208.0 208.8 208.0 209.0 209.0 210.0 210.0 209.0 209.1 209.3 209.4 209.9 209.7 209.6 209.6 209.1 209.4 209.9 210.2 210.4 211.0 211.0 210.9 210.3 210.0 210.0 210.0 210.1 210.0 210.0 210.2 210.3 210.3 210.4 210.4 210.9 210.9 210.9 211.0 211.0 211.0 210.9 210.8 210.8 210.8 210.8 210.8 210.8 210.7 210.7 210.6 210.6 210.6 210.6 210.4 210.2 210.2 210.2 210.2 210.1 210.1 210.2 210.4 210.3 210.4 210.5 210.5 210.4 210.3 210.1 210.1 210.7 210.8 211.1 211.1 211.4 16.0 17.0 16.4 16.4 16.6 16.6 17.3 17.0 17.0 17.4 19.3 20.4 21.9 23.0 23.9 23.6 24.2 24.7 26.0 27.4 29.0 30.4 31.7 33.3 34.4 36.1 37.5 39.1 40.4 41.9 43.4 45.0 46.4 48.1 49.7 51.3 52.9 54.3 55.9 57.3 59.0 60.4 61.9 63.3 64.9 66.3 67.9 69.6 71.1 72.7 74.1 75.9 77.3 78.9 80.3 81.9 83.6 85.1 86.6 88.1 89.9 91.1 92.9 94.6 95.9 97.6 99.1 100.9 102.1 103.9 105.4 106.9 108.6 109.9 111.6 113.1 114.9 116.1 117.9 119.4 120.9 122.6 123.9 125.9 127.1 128.9 130.4 131.9 133.4 134.9 136.6 137.9 139.9 141.4 142.9 144.4 145.9 147.2 148.9 150.0 98.0 1782153199.092108
186.0 187.0 189.0 190.0 192.0 193.0 194.4 196.0 197.4 198.3 199.0 199.0 199.7 200.7 201.8 203.3 204.8 206.0 206.4 206.9 207.0 207.0 207.9 208.0 208.0 208.8 208.0 209.0 209.0 210.0 210.0 209.0 209.1 209.3 209.4 209.9 209.8 209.6 209.6 209.1 209.4 209.9 210.2 210.4 211.0 211.0 210.9 210.3 210.0 210.0 210.0 210.0 210.0 210.0 210.2 210.2 210.3 210.4 210.4 210.9 210.9 210.9 211.0 211.0 211.0 210.9 210.8 210.8 210.8 210.8 210.8 210.8 210.7 210.7 210.6 210.6 210.6 210.6 210.4 210.2 210.2 210.2 210.2 210.1 210.1 210.2 210.4 210.3 210.4 210.4 210.4 210.4 210.3 210.1 210.1 210.7 210.9 211.1 211.1 211.4 16.0 17.0 16.4 16.4 16.6 16.6 17.2 17.0 17.0 17.4 19.4 20.4 21.9 23.0 23.9 23.6 24.2 24.7 26.0 27.4 29.0 30.4 31.7 33.3 34.4 36.1 37.5 39.1 40.4 41.9 43.4 45.0 46.4 48.1 49.7 51.3 52.9 54.3 55.9 57.4 59.0 60.5 61.9 63.3 64.9 66.3 67.9 69.7 71.1 72.7 74.1 75.9 77.3 78.9 80.3 81.9 83.7 85.1 86.7 88.1 89.9 91.1 92.9 94.7 95.9 97.7 99.1 100.9 102.1 103.9 105.4 106.9 108.7 109.9 111.7 113.1 114.9 116.1 117.9 119.4 120.9 122.7 123.9 125.9 127.1 128.9 130.4 131.9 133.4 134.9 136.7 137.9 139.9 141.4 142.9 144.4 145.9 147.2 148.9 150.0 99.0 1782153199.102357
186.0 187.0 189.0 190.0 192.0 193.0 194.4 196.0 197.4 198.3 199.0 199.0 199.7 200.7 201.8 203.3 204.8 206.0 206.4 206.9 206.9 207.0 207.9 208.0 208.0 208.8 208.0 209.0 209.0 210.0 210.0 209.0 209.1 209.3 209.4 209.9 209.8 209.6 209.6 209.1 209.4 209.9 210.2 210.4 211.0 211.0 210.9 210.3 210.0 210.0 210.0 210.0 210.0 210.0 210.2 210.2 210.3 210.3 210.4 210.9 210.9 210.9 211.0 211.0 211.0 210.9 210.8 210.8 210.8 210.8 210.8 210.8 210.7 210.7 210.6 210.6 210.6 210.6 210.4 210.2 210.2 210.2 210.2 210.1 210.1 210.2 210.4 210.3 210.3 210.4 210.4 210.4 210.3 210.1 210.1 210.7 210.9 211.0 211.1 211.4 16.0 17.0 16.4 16.4 16.6 16.6 17.3 17.0 17.0 17.4 19.3 20.4 21.9 23.0 23.8 23.6 24.2 24.6 26.0 27.4 29.0 30.4 31.7 33.3 34.4 36.1 37.5 39.1 40.4 41.9 43.4 45.0 46.4 48.1 49.7 51.3 52.9 54.3 55.9 57.4 59.0 60.4 61.9 63.3 64.9 66.3 67.9 69.6 71.1 72.7 74.1 75.9 77.3 78.9 80.3 81.9 83.6 85.1 86.6 88.1 89.9 91.1 92.9 94.6 95.9 97.6 99.1 100.9 102.1 103.9 105.4 106.9 108.6 109.9 111.6 113.1 114.9 116.1 117.9 119.4 120.9 122.6 123.9 125.9 127.1 128.9 130.4 131.9 133.4 134.9 136.6 137.9 139.9 141.4 142.9 144.4 145.9 147.2 148.9 150.0 100.0 1782153199.123065
186.0 187.0 189.0 190.0 192.0 193.0 194.4 196.0 197.4 198.4 199.0 199.0 199.8 200.7 201.8 203.3 204.8 206.0 206.4 206.9 206.9 207.0 207.9 208.0 208.0 208.8 208.0 209.0 209.0 210.0 210.0 209.0 209.1 209.3 209.3 209.9 209.8 209.7 209.7 209.1 209.4 209.9 210.2 210.4 211.0 211.0 210.9 210.3 210.0 210.0 210.0 210.0 210.0 210.0 210.2 210.2 210.3 210.3 210.4 210.9 210.9 210.9 211.0 211.0 211.0 210.9 210.8 210.8 210.8 210.8 210.8 210.8 210.7 210.7 210.7 210.6 210.7 210.7 210.4 210.2 210.2 210.2 210.2 210.1 210.1 210.2 210.3 210.3 210.3 210.4 210.4 210.4 210.2 210.1 210.1 210.7 210.9 211.0 211.1 211.4 16.0 17.0 16.4 16.4 16.6 16.6 17.2 17.0 17.0 17.4 19.4 20.4 21.9 23.0 23.9 23.6 24.2 24.7 26.0 27.4 29.0 30.4 31.7 33.4 34.4 36.1 37.5 39.1 40.4 41.9 43.4 45.0 46.4 48.1 49.7 51.4 52.9 54.4 55.9 57.4 59.0 60.5 61.9 63.4 64.9 66.4 67.9 69.6 71.1 72.7 74.1 75.9 77.4 78.9 80.4 81.9 83.6 85.1 86.6 88.1 89.9 91.1 92.9 94.6 95.9 97.6 99.1 100.9 102.1 103.9 105.4 106.9 108.6 109.9 111.6 113.1 114.9 116.1 117.9 119.4 120.9 122.6 123.9 125.9 127.1 128.9 130.4 131.9 133.4 134.9 136.6 137.9 139.9 141.4 142.9 144.4 145.9 147.2 148.9 150.0 101.0 1782153199.133377
186.0 187.0 189.0 190.0 192.0 193.0 194.4 196.0 197.4 198.3 199.0 199.0 199.8 200.7 201.8 203.3 204.8 206.0 206.4 206.9 206.9 207.0 207.9 208.0 208.0 208.8 208.0 209.0 209.0 210.0 210.0 209.0 209.1 209.3 209.3 209.9 209.8 209.7 209.7 209.1 209.4 209.9 210.2 210.4 211.0 211.0 210.9 210.3 210.0 210.0 210.0 210.0 210.0 210.0 210.2 210.2 210.3 210.3 210.4 210.9 210.9 210.9 211.0 211.0 211.0 210.9 210.8 210.8 210.8 210.8 210.8 210.8 210.8 210.7 210.7 210.6 210.7 210.7 210.4 210.2 210.2 210.2 210.2 210.1 210.1 210.2 210.3 210.3 210.3 210.4 210.4 210.4 210.2 210.1 210.1 210.8 210.9 211.0 211.1 211.4 16.0 17.0 16.4 16.4 16.6 16.6 17.2 17.0 17.0 17.4 19.4 20.4 21.9 23.0 23.8 23.6 24.2 24.6 26.0 27.4 29.0 30.4 31.7 33.3 34.4 36.1 37.5 39.1 40.4 41.9 43.4 45.0 46.4 48.1 49.7 51.3 52.9 54.3 55.9 57.4 59.0 60.4 61.9 63.3 64.9 66.3 67.9 69.6 71.1 72.7 74.1 75.9 77.3 78.9 80.3 81.9 83.6 85.1 86.6 88.1 89.9 91.1 92.9 94.6 95.9 97.6 99.1 100.9 102.1 103.9 105.4 106.9 108.6 109.9 111.6 113.1 114.9 116.1 117.9 119.4 120.9 122.6 123.9 125.9 127.1 128.9 130.4 131.9 133.4 134.9 136.6 137.9 139.9 141.4 142.9 144.4 145.9 147.2 148.9 150.0 102.0 1782153199.148866
186.0 187.0 189.0 190.0 192.0 193.0 194.4 196.0 197.4 198.4 199.0 199.0 199.8 200.7 201.9 203.3 204.9 206.0 206.5 206.9 206.9 207.0 207.9 208.0 208.0 208.8 208.0 209.0 209.0 210.0 210.0 209.1 209.1 209.3 209.3 209.9 209.8 209.7 209.7 209.1 209.3 209.9 210.2 210.3 211.0 211.0 210.9 210.3 210.0 210.1 210.1 210.1 210.1 210.1 210.2 210.3 210.3 210.4 210.4 210.9 210.9 210.9 210.9 210.9 210.9 210.9 210.8 210.8 210.8 210.8 210.8 210.7 210.7 210.7 210.6 210.6 210.6 210.6 210.4 210.2 210.2 210.2 210.2 210.1 210.1 210.2 210.4 210.3 210.4 210.4 210.4 210.4 210.3 210.1 210.2 210.7 210.8 211.0 211.0 211.3 16.0 17.0 16.4 16.4 16.6 16.6 17.2 17.0 17.0 17.4 19.3 20.4 21.9 23.0 23.8 23.5 24.2 24.7 26.0 27.4 29.0 30.4 31.7 33.4 34.4 36.1 37.5 39.1 40.4 41.9 43.4 45.0 46.4 48.1 49.7 51.4 52.9 54.4 55.9 57.4 59.0 60.5 61.9 63.4 64.9 66.4 67.9 69.6 71.1 72.7 74.1 75.9 77.4 78.9 80.4 81.9 83.6 85.1 86.6 88.1 89.9 91.1 92.9 94.6 95.9 97.6 99.1 100.9 102.1 103.9 105.4 106.9 108.6 109.9 111.6 113.1 114.9 116.1 117.9 119.4 120.9 122.6 123.9 125.9 127.1 128.9 130.4 131.9 133.4 134.9 136.6 137.9 139.9 141.4 142.9 144.3 145.9 147.2 148.9 150.1 103.0 1782153199.159128
186.0 187.0 189.0 190.0 192.0 193.0 194.4 196.0 197.4 198.4 199.0 199.0 199.8 200.8 201.9 203.3 204.9 206.0 206.5 206.9 206.9 207.0 207.9 208.0 208.0 208.8 208.0 209.0 209.0 210.0 210.0 209.1 209.1 209.2 209.3 209.9 209.8 209.7 209.7 209.1 209.3 209.9 210.2 210.3 211.0 211.0 210.9 210.3 210.0 210.1 210.1 210.1 210.1 210.1 210.2 210.2 210.3 210.3 210.4 210.9 210.9 210.9 210.9 210.9 210.9 210.9 210.8 210.8 210.8 210.8 210.8 210.8 210.7 210.7 210.6 210.6 210.7 210.7 210.4 210.2 210.2 210.2 210.2 210.1 210.1 210.2 210.4 210.3 210.3 210.4 210.4 210.4 210.3 210.1 210.1 210.7 210.8 211.0 211.0 211.3 16.0 17.0 16.4 16.4 16.6 16.6 17.2 17.0 17.0 17.4 19.3 20.4 21.9 23.0 23.7 23.5 24.2 24.6 26.0 27.4 29.0 30.4 31.7 33.4 34.4 36.1 37.5 39.1 40.4 42.0 43.4 45.0 46.4 48.1 49.6 51.4 53.0 54.4 56.0 57.4 59.0 60.5 62.0 63.4 65.0 66.4 68.0 69.6 71.1 72.6 74.1 76.0 77.4 79.0 80.4 82.0 83.6 85.1 86.6 88.1 90.0 91.1 93.0 94.6 96.0 97.6 99.1 100.9 102.1 104.0 105.3 107.0 108.6 110.0 111.6 113.1 114.9 116.1 117.9 119.3 121.0 122.6 124.0 125.9 127.1 128.9 130.3 131.9 133.3 134.9 136.6 138.0 139.9 141.3 142.9 144.3 145.9 147.2 148.9 150.1 104.0 1782153199.169507
186.0 187.0 189.0 190.0 192.0 193.0 194.4 196.0 197.4 198.4 199.0 199.0 199.8 200.8 201.9 203.3 204.9 206.0 206.5 206.9 206.8 207.0 207.9 208.0 208.0 208.8 208.0 209.0 209.0 210.0 210.0 209.1 209.1 209.2 209.3 209.9 209.8 209.7 209.7 209.1 209.3 209.9 210.2 210.3 211.0 211.0 210.9 210.4 210.0 210.1 210.1 210.1 210.1 210.1 210.2 210.2 210.3 210.3 210.4 210.9 210.9 210.9 210.9 210.9 210.9 210.9 210.8 210.8 210.8 210.8 210.8 210.8 210.7 210.7 210.7 210.6 210.7 210.7 210.4 210.2 210.2 210.2 210.2 210.1 210.1 210.2 210.3 210.3 210.3 210.4 210.4 210.4 210.3 210.1 210.1 210.7 210.8 211.0 211.0 211.3 16.0 17.0 16.4 16.4 16.6 16.6 17.2 17.0 17.0 17.4 19.3 20.4 21.9 23.0 23.7 23.5 24.2 24.6 26.0 27.4 29.0 30.4 31.6 33.4 34.4 36.1 37.5 39.1 40.4 42.0 43.4 45.0 46.4 48.1 49.6 51.4 53.0 54.4 56.0 57.4 59.0 60.4 62.0 63.4 65.0 66.4 68.0 69.6 71.1 72.6 74.1 76.0 77.4 79.0 80.4 82.0 83.6 85.1 86.6 88.1 90.0 91.1 93.0 94.6 96.0 97.6 99.1 100.9 102.1 104.0 105.3 107.0 108.6 110.0 111.6 113.1 114.9 116.1 117.9 119.3 121.0 122.6 124.0 125.9 127.1 128.9 130.3 131.9 133.3 134.9 136.6 138.0 139.9 141.3 142.9 144.3 145.9 147.1 148.9 150.1 105.0 1782153199.185103
186.0 187.0 189.0 190.0 192.0 193.0 194.4 196.0 197.4 198.3 199.0 199.0 199.8 200.8 201.9 203.3 204.9 206.0 206.5 206.9 206.8 207.0 207.9 208.0 208.0 208.8 208.0 209.0 209.0 210.0 210.0 209.1 209.1 209.2 209.3 209.9 209.8 209.7 209.7 209.1 209.3 209.9 210.2 210.3 211.0 211.0 210.9 210.4 210.0 210.1 210.1 210.1 210.1 210.1 210.2 210.2 210.3 210.3 210.3 210.9 210.9 210.9 210.9 210.9 210.9 210.9 210.8 210.8 210.8 210.8 210.8 210.8 210.7 210.7 210.7 210.6 210.7 210.7 210.5 210.2 210.2 210.2 210.2 210.1 210.1 210.2 210.3 210.3 210.3 210.4 210.4 210.4 210.2 210.1 210.1 210.7 210.8 211.0 211.0 211.2 16.0 17.0 16.4 16.4 16.6 16.6 17.3 17.0 17.0 17.4 19.3 20.4 21.9 23.0 23.7 23.5 24.2 24.6 26.0 27.4 29.0 30.4 31.6 33.3 34.4 36.1 37.4 39.1 40.4 42.0 43.4 45.0 46.4 48.1 49.6 51.3 53.0 54.3 56.0 57.4 59.0 60.4 62.0 63.3 65.0 66.3 68.0 69.6 71.1 72.6 74.1 76.0 77.3 79.0 80.3 82.0 83.6 85.1 86.6 88.1 90.0 91.1 93.0 94.6 96.0 97.6 99.1 100.9 102.1 104.0 105.3 107.0 108.6 110.0 111.6 113.1 114.9 116.1 117.9 119.3 121.0 122.6 124.0 125.9 127.1 128.9 130.3 131.9 133.3 134.9 136.6 138.0 139.9 141.3 142.9 144.3 145.9 147.1 148.9 150.1 106.0 1782153199.200686
186.0 187.0 189.0 190.0 192.0 193.0 194.4 196.0 197.4 198.3 199.0 199.0 199.8 200.8 201.9 203.3 204.9 206.0 206.5 206.9 206.8 207.0 207.9 208.0 208.0 208.8 208.0 209.0 209.0 210.0 210.0 209.1 209.1 209.3 209.3 209.9 209.8 209.7 209.7 209.1 209.3 209.9 210.1 210.3 211.0 211.0 210.9 210.4 210.0 210.1 210.1 210.1 210.1 210.1 210.2 210.2 210.3 210.3 210.3 210.9 210.9 210.9 210.9 210.9 210.9 210.9 210.8 210.8 210.8 210.8 210.8 210.8 210.8 210.7 210.7 210.7 210.7 210.7 210.4 210.2 210.2 210.2 210.2 210.1 210.1 210.2 210.3 210.3 210.3 210.4 210.4 210.3 210.2 210.1 210.1 210.8 210.8 211.0 211.0 211.2 16.0 17.0 16.4 16.4 16.6 16.6 17.3 17.0 17.0 17.4 19.3 20.4 21.9 23.0 23.7 23.5 24.2 24.6 26.0 27.4 29.0 30.4 31.6 33.3 34.4 36.1 37.4 39.1 40.4 42.0 43.4 45.0 46.4 48.1 49.6 51.3 53.0 54.3 56.0 57.3 59.0 60.4 62.0 63.3 65.0 66.3 68.0 69.5 71.1 72.6 74.1 76.0 77.3 79.0 80.3 82.0 83.5 85.1 86.5 88.1 90.0 91.1 93.0 94.5 96.0 97.5 99.1 100.9 102.1 104.0 105.3 107.0 108.5 110.0 111.5 113.1 114.9 116.1 117.9 119.3 121.0 122.5 124.0 125.9 127.1 128.9 130.3 131.9 133.3 134.9 136.5 138.0 139.9 141.3 142.9 144.3 145.9 147.1 148.9 150.1 107.0 1782153199.210787
186.0 187.0 189.0 190.0 192.0 193.0 194.3 196.0 197.3 198.3 199.0 199.0 199.8 200.8 201.8 203.2 204.9 206.0 206.5 206.9 206.8 207.0 207.9 208.0 208.0 208.8 208.0 209.0 209.0 210.0 210.0 209.0 209.1 209.3 209.3 209.9 209.8 209.7 209.7 209.1 209.3 209.9 210.1 210.3 211.0 211.0 210.9 210.4 210.0 210.1 210.1 210.1 210.1 210.1 210.2 210.2 210.3 210.3 210.3 210.9 210.9 210.9 210.9 210.9 210.9 210.9 210.8 210.8 210.8 210.8 210.8 210.8 210.8 210.8 210.7 210.7 210.7 210.7 210.5 210.2 210.2 210.2 210.2 210.1 210.1 210.2 210.3 210.3 210.3 210.3 210.3 210.3 210.2 210.1 210.1 210.8 210.9 211.0 211.0 211.2 16.0 17.0 16.3 16.3 16.7 16.7 17.3 17.0 17.0 17.3 19.3 20.3 22.0 23.0 23.7 23.5 24.2 24.6 26.0 27.3 29.0 30.3 31.6 33.3 34.3 36.1 37.4 39.1 40.3 42.0 43.3 45.0 46.3 48.1 49.5 51.3 53.0 54.3 56.0 57.3 59.0 60.4 62.0 63.3 65.0 66.3 68.0 69.5 71.1 72.5 74.1 76.0 77.3 79.0 80.3 82.0 83.5 85.1 86.5 88.1 90.0 91.1 93.0 94.5 96.0 97.5 99.1 100.9 102.1 104.0 105.3 107.0 108.5 110.0 111.5 113.1 114.9 116.1 117.9 119.3 121.0 122.5 124.0 125.9 127.1 128.9 130.3 131.9 133.3 134.9 136.5 138.0 139.9 141.3 142.9 144.3 145.9 147.1 148.9 150.1 108.0 1782153199.231186
186.0 187.0 189.0 190.0 192.0 193.0 194.4 196.0 197.4 198.3 199.0 199.0 199.8 200.8 201.8 203.2 204.9 206.0 206.5 206.9 206.8 207.0 207.9 208.0 208.0 208.8 208.0 209.0 209.0 210.0 210.0 209.0 209.1 209.2 209.3 209.9 209.8 209.7 209.7 209.1 209.3 209.9 210.1 210.3 211.0 211.0 210.9 210.4 210.0 210.1 210.1 210.1 210.1 210.1 210.2 210.2 210.2 210.3 210.3 210.9 210.9 210.9 210.9 210.9 210.9 210.9 210.8 210.8 210.8 210.8 210.8 210.8 210.8 210.8 210.7 210.7 210.7 210.7 210.4 210.2 210.2 210.2 210.2 210.1 210.1 210.2 210.3 210.3 210.3 210.3 210.3 210.3 210.2 210.1 210.1 210.8 210.9 211.0 211.0 211.2 16.0 17.0 16.4 16.4 16.6 16.6 17.3 17.0 17.0 17.4 19.3 20.4 22.0 23.0 23.7 23.5 24.2 24.6 26.0 27.4 29.0 30.4 31.6 33.3 34.4 36.1 37.4 39.1 40.4 42.0 43.4 45.0 46.4 48.1 49.6 51.3 53.0 54.3 56.0 57.4 59.0 60.4 62.0 63.3 65.0 66.3 68.0 69.5 71.1 72.6 74.1 76.0 77.3 79.0 80.3 82.0 83.5 85.1 86.5 88.1 90.0 91.1 93.0 94.5 96.0 97.5 99.1 100.9 102.1 104.0 105.3 107.0 108.5 110.0 111.5 113.1 114.9 116.1 117.9 119.3 121.0 122.5 124.0 125.9 127.1 128.9 130.3 131.9 133.3 134.9 136.5 138.0 139.9 141.3 142.9 144.3 145.9 147.1 148.9 150.1 109.0 1782153199.241660
186.0 187.0 189.0 190.0 192.0 193.0 194.4 196.0 197.4 198.3 199.0 199.0 199.8 200.8 201.9 203.2 204.9 206.0 206.5 206.9 206.8 207.0 207.8 208.0 208.0 208.8 208.0 209.0 209.0 210.0 210.0 209.0 209.1 209.3 209.3 209.9 209.8 209.7 209.7 209.0 209.3 210.0 210.1 210.3 211.0 211.0 210.9 210.4 210.0 210.1 210.1 210.1 210.1 210.1 210.2 210.2 210.2 210.3 210.3 210.9 210.9 210.9 210.9 210.9 210.9 210.9 210.8 210.8 210.8 210.8 210.8 210.8 210.8 210.8 210.7 210.7 210.7 210.7 210.4 210.2 210.2 210.2 210.2 210.1 210.1 210.2 210.3 210.2 210.3 210.3 210.3 210.3 210.2 210.1 210.1 210.8 210.9 211.0 211.0 211.2 16.0 17.0 16.4 16.4 16.6 16.6 17.3 17.0 17.0 17.4 19.3 20.4 22.0 23.0 23.7 23.5 24.2 24.6 26.0 27.4 29.0 30.4 31.6 33.3 34.4 36.1 37.4 39.1 40.4 42.0 43.4 45.0 46.4 48.1 49.5 51.3 53.0 54.3 56.0 57.3 59.0 60.4 62.0 63.3 65.0 66.3 68.0 69.5 71.1 72.5 74.1 76.0 77.3 79.0 80.3 82.0 83.5 85.1 86.5 88.1 90.0 91.1 93.0 94.5 96.0 97.5 99.1 100.9 102.1 104.0 105.3 107.0 108.5 110.0 111.5 113.1 114.9 116.1 117.9 119.3 121.0 122.5 124.0 125.9 127.1 128.9 130.3 131.9 133.3 134.9 136.5 138.0 139.9 141.3 142.9 144.2 145.9 147.1 148.9 150.1 110.0 1782153199.256966
186.0 187.0 189.0 190.0 192.0 193.0 194.3 196.0 197.3 198.3 199.0 199.0 199.8 200.7 201.8 203.2 204.8 206.0 206.5 206.9 206.8 207.0 207.8 208.0 208.0 208.8 208.0 209.0 209.0 210.0 210.0 209.0 209.1 209.3 209.3 209.9 209.8 209.7 209.7 209.0 209.3 210.0 210.1 210.3 211.0 211.0 210.9 210.4 210.0 210.1 210.1 210.1 210.1 210.1 210.2 210.2 210.2 210.3 210.3 210.9 210.9 210.9 210.9 210.9 210.9 210.9 210.8 210.8 210.8 210.8 210.8 210.8 210.8 210.8 210.7 210.7 210.7 210.7 210.4 210.2 210.2 210.2 210.2 210.1 210.1 210.2 210.3 210.2 210.3 210.3 210.3 210.3 210.2 210.1 210.1 210.8 210.9 211.0 211.0 211.2 16.0 17.0 16.3 16.3 16.7 16.7 17.3 17.0 17.0 17.3 19.3 20.3 22.0 23.0 23.7 23.5 24.2 24.6 26.0 27.3 29.0 30.3 31.6 33.3 34.3 36.1 37.4 39.1 40.3 42.0 43.3 45.0 46.3 48.1 49.5 51.3 53.0 54.3 56.0 57.3 59.0 60.4 62.0 63.3 65.0 66.3 68.0 69.5 71.1 72.5 74.1 76.0 77.3 79.0 80.3 82.0 83.5 85.1 86.5 88.1 90.0 91.1 93.0 94.5 96.0 97.5 99.1 100.9 102.1 104.0 105.3 107.0 108.5 110.0 111.5 113.1 114.9 116.1 117.9 119.3 121.0 122.5 124.0 125.9 127.1 128.9 130.3 131.9 133.3 134.9 136.5 138.0 139.9 141.3 142.9 144.2 145.9 147.1 148.9 150.1 111.0 1782153199.262260
186.0 187.0 189.0 190.0 192.0 193.0 194.3 196.0 197.3 198.3 199.0 199.0 199.8 200.8 201.8 203.3 204.8 206.0 206.5 206.9 206.8 207.0 207.9 208.0 208.0 208.8 208.0 209.0 209.0 210.0 210.0 209.0 209.0 209.2 209.3 210.0 209.8 209.7 209.7 209.0 209.3 210.0 210.2 210.4 211.0 211.0 210.9 210.4 210.0 210.1 210.1 210.1 210.1 210.1 210.1 210.2 210.3 210.3 210.3 210.9 210.9 210.9 210.9 210.9 210.9 210.9 210.9 210.8 210.8 210.8 210.8 210.8 210.8 210.7 210.7 210.7 210.7 210.7 210.4 210.2 210.2 210.2 210.2 210.1 210.1 210.2 210.3 210.2 210.2 210.3 210.3 210.3 210.2 210.1 210.2 210.8 210.8 210.9 211.0 211.2 16.0 17.0 16.3 16.3 16.7 16.7 17.4 17.0 17.0 17.3 19.3 20.3 22.0 23.0 23.6 23.5 24.2 24.6 26.0 27.3 29.0 30.3 31.6 33.3 34.3 36.1 37.4 39.1 40.3 42.0 43.3 45.0 46.3 48.1 49.5 51.3 53.0 54.3 56.0 57.3 59.0 60.4 62.0 63.3 65.0 66.3 68.0 69.5 71.1 72.5 74.1 76.0 77.3 79.0 80.3 82.0 83.5 85.1 86.5 88.1 90.0 91.1 93.0 94.5 96.0 97.5 99.1 100.9 102.1 104.0 105.3 107.0 108.5 110.0 111.5 113.1 114.9 116.1 117.9 119.3 121.0 122.5 124.0 125.9 127.1 128.9 130.3 131.9 133.3 134.9 136.5 138.0 139.9 141.3 142.9 144.3 145.9 147.2 148.9 150.1 112.0 1782153199.282855
186.0 187.0 189.0 190.0 192.0 193.0 194.3 196.0 197.3 198.3 199.0 199.0 199.8 200.8 201.8 203.3 204.8 206.0 206.5 206.9 206.8 207.0 207.9 208.0 208.0 208.8 208.0 209.0 209.0 210.0 210.0 209.0 209.0 209.2 209.3 210.0 209.8 209.7 209.7 209.0 209.3 209.9 210.2 210.3 211.0 211.0 210.9 210.4 210.0 210.1 210.1 210.1 210.1 210.1 210.2 210.3 210.3 210.3 210.3 210.9 210.9 210.9 210.9 210.9 210.9 210.9 210.8 210.7 210.8 210.8 210.8 210.7 210.7 210.7 210.7 210.6 210.7 210.7 210.5 210.2 210.2 210.2 210.2 210.1 210.1 210.2 210.3 210.2 210.2 210.3 210.3 210.3 210.3 210.1 210.1 210.7 210.8 210.9 211.0 211.3 16.0 17.0 16.3 16.3 16.7 16.7 17.4 17.0 17.0 17.3 19.3 20.3 22.0 23.0 23.6 23.5 24.2 24.5 26.0 27.3 29.0 30.3 31.6 33.3 34.3 36.1 37.4 39.1 40.3 42.0 43.3 45.0 46.3 48.1 49.6 51.3 53.0 54.3 56.0 57.3 59.0 60.4 62.0 63.3 65.0 66.3 68.0 69.5 71.1 72.6 74.1 76.0 77.3 79.0 80.3 82.0 83.5 85.1 86.5 88.1 90.0 91.1 93.0 94.5 96.0 97.5 99.1 100.9 102.1 104.0 105.3 107.0 108.5 110.0 111.5 113.1 114.9 116.1 117.9 119.3 121.0 122.5 124.0 125.9 127.1 128.9 130.3 131.9 133.3 134.9 136.5 138.0 139.9 141.3 142.9 144.3 145.9 147.2 148.9 150.1 113.0 1782153199.293053
186.0 187.0 189.0 190.0 192.0 193.0 194.3 196.0 197.3 198.3 199.0 199.0 199.8 200.8 201.8 203.3 204.9 206.0 206.6 206.9 206.9 207.0 207.9 208.0 208.0 208.8 208.0 209.0 209.0 210.0 210.0 209.0 209.0 209.2 209.3 210.0 209.8 209.7 209.7 209.0 209.4 209.9 210.2 210.4 211.0 211.0 210.9 210.3 210.0 210.1 210.1 210.1 210.1 210.1 210.2 210.3 210.3 210.4 210.4 210.9 210.9 210.9 210.9 210.9 210.9 210.9 210.8 210.7 210.7 210.7 210.7 210.7 210.7 210.7 210.6 210.7 210.7 210.7 210.5 210.3 210.3 210.3 210.3 210.1 210.1 210.2 210.3 210.2 210.3 210.4 210.4 210.3 210.3 210.1 210.1 210.7 210.8 210.9 211.0 211.3 16.0 17.0 16.3 16.3 16.7 16.7 17.4 17.0 17.0 17.3 19.2 20.3 22.0 23.0 23.7 23.4 24.2 24.5 26.0 27.3 29.0 30.3 31.7 33.3 34.3 36.1 37.4 39.1 40.3 42.0 43.3 45.0 46.3 48.1 49.6 51.3 53.0 54.3 56.0 57.3 59.0 60.4 62.0 63.3 65.0 66.3 68.0 69.6 71.1 72.6 74.1 76.0 77.3 79.0 80.3 82.0 83.6 85.1 86.6 88.1 90.0 91.1 93.0 94.6 96.0 97.6 99.1 100.9 102.1 104.0 105.4 107.0 108.6 110.0 111.6 113.1 114.9 116.1 117.9 119.4 121.0 122.6 124.0 125.9 127.1 128.9 130.4 131.9 133.4 134.9 136.6 138.0 139.9 141.4 142.9 144.3 145.9 147.2 148.9 150.1 114.0 1782153199.303346
186.0 187.0 189.0 190.0 192.0 193.0 194.3 196.0 197.3 198.3 199.0 199.0 199.8 200.7 201.8 203.3 204.8 206.0 206.5 206.9 206.9 207.0 207.9 208.0 208.0 208.8 208.0 209.0 209.0 210.0 210.0 209.0 209.0 209.2 209.3 210.0 209.8 209.7 209.7 209.0 209.3 209.9 210.2 210.3 211.0 211.0 210.9 210.3 210.0 210.1 210.1 210.1 210.1 210.1 210.2 210.3 210.4 210.4 210.4 211.0 210.9 210.9 210.9 210.9 210.9 210.9 210.8 210.7 210.7 210.7 210.7 210.7 210.7 210.7 210.6 210.6 210.7 210.7 210.5 210.3 210.3 210.3 210.3 210.2 210.2 210.2 210.3 210.2 210.3 210.3 210.3 210.3 210.3 210.2 210.2 210.7 210.8 210.9 211.0 211.3 16.0 17.0 16.3 16.3 16.7 16.7 17.4 17.0 17.0 17.3 19.2 20.3 22.0 23.0 23.7 23.5 24.2 24.5 26.0 27.3 29.0 30.3 31.7 33.3 34.3 36.1 37.4 39.1 40.3 42.0 43.3 45.0 46.3 48.1 49.6 51.3 53.0 54.3 56.0 57.3 59.0 60.4 62.0 63.3 65.0 66.3 68.0 69.6 71.1 72.6 74.1 76.0 77.3 79.0 80.3 82.0 83.6 85.1 86.6 88.1 90.0 91.1 93.0 94.6 96.0 97.6 99.1 101.0 102.1 104.0 105.4 107.0 108.6 110.0 111.6 113.1 115.0 116.1 118.0 119.4 121.0 122.6 124.0 126.0 127.1 129.0 130.4 132.0 133.4 135.0 136.6 138.0 140.0 141.4 143.0 144.4 146.0 147.3 149.0 150.0 115.0 1782153199.313883
186.0 187.0 189.0 190.0 192.0 193.0 194.3 196.0 197.3 198.3 199.0 199.0 199.8 200.8 201.9 203.3 204.9 206.0 206.6 206.9 206.9 207.0 207.9 208.0 208.0 208.8 208.0 209.0 209.0 210.0 210.0 209.0 209.0 209.2 209.3 210.0 209.8 209.7 209.7 209.0 209.3 209.9 210.2 210.3 211.0 211.0 210.8 210.3 210.0 210.1 210.1 210.1 210.1 210.1 210.3 210.4 210.4 210.4 210.4 211.0 210.9 210.9 210.9 210.9 210.9 210.8 210.7 210.7 210.6 210.6 210.6 210.6 210.6 210.7 210.6 210.7 210.7 210.7 210.5 210.3 210.4 210.4 210.3 210.2 210.2 210.2 210.3 210.2 210.3 210.4 210.4 210.4 210.3 210.1 210.2 210.7 210.7 210.9 211.0 211.4 16.0 17.0 16.3 16.3 16.7 16.7 17.4 17.0 17.0 17.3 19.3 20.3 22.0 23.0 23.7 23.4 24.1 24.6 26.0 27.3 29.0 30.3 31.7 33.3 34.3 36.1 37.4 39.1 40.3 42.0 43.3 45.0 46.3 48.1 49.6 51.3 53.0 54.3 56.0 57.3 59.1 60.4 62.0 63.3 65.0 66.3 68.0 69.6 71.1 72.6 74.1 76.0 77.3 79.0 80.3 82.0 83.6 85.1 86.6 88.1 90.0 91.1 93.0 94.6 96.0 97.6 99.1 101.0 102.1 104.0 105.4 107.0 108.6 110.0 111.6 113.1 115.0 116.1 118.0 119.4 121.0 122.6 124.0 126.0 127.1 129.0 130.4 132.0 133.4 135.0 136.6 138.0 140.0 141.4 143.0 144.4 146.0 147.3 149.0 150.0 116.0 1782153199.329111
186.0 187.0 189.0 190.0 192.0 193.0 194.4 196.0 197.4 198.3 199.0 199.0 199.8 200.8 201.9 203.3 204.9 206.0 206.5 206.9 206.9 207.0 207.9 208.0 208.0 208.8 208.0 209.0 209.0 210.0 210.0 209.0 209.0 209.2 209.3 210.0 209.8 209.7 209.7 209.0 209.4 209.9 210.2 210.4 211.0 211.0 210.8 210.3 210.0 210.1 210.1 210.1 210.1 210.1 210.2 210.3 210.4 210.4 210.4 210.9 210.9 210.9 210.9 210.9 210.9 210.8 210.8 210.7 210.7 210.7 210.7 210.7 210.6 210.7 210.7 210.6 210.7 210.7 210.5 210.3 210.3 210.3 210.3 210.1 210.1 210.2 210.3 210.3 210.3 210.4 210.4 210.4 210.4 210.1 210.2 210.6 210.7 210.9 211.0 211.4 16.0 17.0 16.4 16.4 16.6 16.6 17.3 17.0 17.0 17.4 19.3 20.4 22.0 23.0 23.7 23.5 24.2 24.6 26.0 27.4 29.1 30.4 31.7 33.3 34.4 36.2 37.4 39.2 40.4 42.0 43.4 45.0 46.4 48.2 49.6 51.3 53.0 54.3 56.0 57.4 59.1 60.5 62.0 63.3 65.0 66.3 68.0 69.6 71.2 72.6 74.2 76.0 77.3 79.0 80.3 82.0 83.6 85.2 86.6 88.2 90.0 91.2 93.0 94.6 96.0 97.6 99.2 101.0 102.2 104.0 105.5 107.0 108.6 110.0 111.6 113.2 115.0 116.2 118.0 119.5 121.0 122.6 124.0 126.0 127.2 129.0 130.5 132.0 133.5 135.0 136.6 138.0 140.0 141.5 143.0 144.4 146.0 147.3 149.0 150.0 117.0 1782153199.339365
186.0 187.0 189.0 190.0 192.0 193.0 194.3 196.0 197.3 198.3 199.0 199.0 199.8 200.8 201.9 203.4 204.9 206.0 206.6 206.9 206.9 207.0 207.9 208.0 208.0 208.8 208.0 209.0 209.0 210.0 210.0 209.0 209.0 209.2 209.4 210.0 209.8 209.6 209.6 209.0 209.4 209.9 210.3 210.4 211.0 211.0 210.8 210.3 210.0 210.1 210.1 210.1 210.1 210.1 210.3 210.4 210.4 210.4 210.4 210.9 210.9 210.9 210.9 210.9 210.9 210.8 210.7 210.7 210.6 210.6 210.6 210.6 210.6 210.7 210.6 210.6 210.7 210.7 210.5 210.3 210.4 210.4 210.3 210.1 210.1 210.2 210.3 210.3 210.4 210.4 210.4 210.4 210.4 210.1 210.2 210.6 210.7 210.9 211.0 211.4 16.0 17.0 16.3 16.3 16.7 16.7 17.3 17.0 17.0 17.3 19.3 20.3 22.0 23.0 23.7 23.4 24.2 24.6 26.0 27.3 29.1 30.3 31.7 33.3 34.3 36.2 37.4 39.2 40.3 42.0 43.3 45.0 46.3 48.2 49.7 51.3 53.0 54.3 56.0 57.3 59.1 60.4 62.0 63.3 65.0 66.3 68.0 69.6 71.2 72.7 74.2 76.0 77.3 79.0 80.3 82.0 83.6 85.2 86.6 88.2 90.0 91.2 93.0 94.6 96.0 97.6 99.2 101.0 102.2 104.0 105.5 107.0 108.6 110.0 111.6 113.2 115.0 116.2 118.0 119.5 121.0 122.6 124.0 126.0 127.2 129.0 130.5 132.0 133.5 135.0 136.6 138.0 140.0 141.5 143.0 144.5 146.0 147.4 149.0 150.0 118.0 1782153199.365179
186.0 187.0 189.0 190.0 192.0 193.0 194.4 196.0 197.4 198.4 199.0 199.0 199.8 200.8 201.9 203.3 204.9 206.0 206.5 206.9 206.9 207.0 207.8 208.0 208.0 208.7 208.0 209.0 209.0 210.0 210.0 209.0 209.0 209.2 209.4 210.0 209.9 209.6 209.6 209.0 209.4 209.9 210.2 210.4 211.0 211.0 210.8 210.3 210.0 210.1 210.1 210.1 210.1 210.1 210.3 210.4 210.4 210.5 210.5 210.9 210.9 210.9 210.9 210.9 210.9 210.8 210.7 210.7 210.7 210.7 210.7 210.6 210.6 210.7 210.6 210.6 210.7 210.7 210.5 210.3 210.3 210.3 210.3 210.1 210.1 210.2 210.3 210.3 210.4 210.5 210.5 210.5 210.4 210.1 210.1 210.6 210.8 210.9 211.0 211.5 16.0 17.0 16.4 16.4 16.6 16.6 17.2 17.0 17.0 17.4 19.3 20.4 22.0 23.0 23.7 23.5 24.2 24.6 26.0 27.4 29.1 30.4 31.7 33.4 34.4 36.2 37.5 39.2 40.4 42.0 43.4 45.0 46.4 48.2 49.7 51.4 53.0 54.4 56.0 57.4 59.1 60.5 62.0 63.4 65.0 66.4 68.0 69.7 71.2 72.7 74.2 76.0 77.4 79.0 80.4 82.0 83.7 85.2 86.7 88.2 90.0 91.2 93.0 94.7 96.0 97.7 99.2 101.0 102.2 104.0 105.5 107.0 108.7 110.0 111.7 113.2 115.0 116.2 118.0 119.5 121.0 122.7 124.0 126.0 127.2 129.0 130.5 132.0 133.5 135.0 136.7 138.0 140.0 141.5 143.0 144.5 146.0 147.4 149.0 150.0 119.0 1782153199.375616
186.0 187.0 189.0 190.0 192.0 193.0 194.4 196.0 197.4 198.3 199.0 199.0 199.8 200.8 201.9 203.3 204.9 206.0 206.5 206.9 206.9 207.0 207.9 208.0 208.0 208.8 208.0 209.0 209.0 210.0 210.0 209.0 209.1 209.3 209.3 209.9 209.9 209.7 209.7 209.0 209.4 209.9 210.2 210.4 211.0 211.0 210.8 210.3 210.0 210.1 210.1 210.1 210.1 210.1 210.3 210.3 210.4 210.4 210.5 210.9 210.9 210.9 210.9 210.9 210.9 210.8 210.7 210.7 210.7 210.7 210.7 210.7 210.6 210.7 210.6 210.6 210.6 210.6 210.4 210.3 210.3 210.3 210.3 210.1 210.1 210.2 210.4 210.3 210.4 210.5 210.5 210.5 210.5 210.1 210.1 210.5 210.8 210.9 211.0 211.5 16.0 17.0 16.4 16.4 16.6 16.6 17.3 17.0 17.0 17.4 19.3 20.4 22.0 23.0 23.8 23.5 24.2 24.6 26.0 27.4 29.1 30.4 31.7 33.3 34.4 36.2 37.5 39.2 40.4 42.0 43.4 45.0 46.4 48.2 49.7 51.3 53.0 54.3 56.0 57.4 59.1 60.5 62.0 63.3 65.0 66.3 68.0 69.7 71.2 72.7 74.2 76.0 77.3 79.0 80.3 82.0 83.7 85.2 86.7 88.2 90.0 91.2 93.0 94.7 96.0 97.7 99.2 101.0 102.2 104.0 105.5 107.0 108.7 110.0 111.7 113.2 115.0 116.2 118.0 119.5 121.0 122.7 124.0 126.0 127.2 129.0 130.5 132.0 133.5 135.0 136.7 138.0 140.0 141.5 143.0 144.5 146.0 147.4 149.0 150.0 120.0 1782153199.396228
186.0 187.0 189.0 190.0 192.0 193.0 194.4 196.0 197.4 198.4 199.0 199.0 199.8 200.8 201.9 203.3 204.9 206.0 206.5 206.9 206.9 207.0 207.9 208.0 208.0 208.7 208.0 209.0 209.0 210.0 209.9 209.1 209.1 209.2 209.3 209.9 209.9 209.7 209.7 209.0 209.3 209.9 210.2 210.4 211.0 211.0 210.8 210.3 210.0 210.1 210.1 210.1 210.1 210.1 210.2 210.3 210.4 210.5 210.5 210.9 210.9 210.9 210.9 210.9 210.9 210.8 210.8 210.7 210.7 210.7 210.7 210.6 210.6 210.7 210.5 210.5 210.6 210.6 210.4 210.3 210.3 210.3 210.3 210.1 210.1 210.2 210.4 210.4 210.5 210.5 210.5 210.5 210.4 210.1 210.1 210.5 210.8 210.9 211.1 211.5 16.0 16.9 16.4 16.4 16.7 16.6 17.2 16.9 17.0 17.4 19.4 20.4 22.0 23.0 23.8 23.5 24.2 24.6 26.0 27.4 29.1 30.4 31.8 33.4 34.4 36.2 37.5 39.2 40.4 42.0 43.4 45.0 46.4 48.2 49.7 51.4 53.0 54.4 56.0 57.4 59.1 60.5 62.0 63.4 65.0 66.4 68.0 69.7 71.2 72.7 74.2 76.0 77.4 79.0 80.4 82.0 83.7 85.2 86.7 88.2 90.0 91.2 93.0 94.7 96.0 97.7 99.2 101.0 102.2 104.0 105.5 107.0 108.7 110.0 111.7 113.2 115.0 116.2 118.0 119.5 121.0 122.7 124.0 126.0 127.2 129.0 130.5 132.0 133.5 135.0 136.7 138.0 140.0 141.5 143.0 144.5 146.0 147.5 149.0 150.1 121.0 1782153199.406514
186.0 187.0 189.0 190.0 192.0 193.0 194.4 196.0 197.4 198.4 199.0 199.0 199.8 200.8 201.9 203.3 204.9 206.0 206.5 206.9 206.9 207.0 207.8 208.0 208.0 208.7 208.0 209.0 209.0 210.0 209.9 209.1 209.1 209.3 209.4 209.9 209.8 209.6 209.6 209.0 209.4 209.9 210.2 210.4 211.0 211.0 210.8 210.3 210.0 210.1 210.1 210.1 210.1 210.1 210.2 210.3 210.4 210.5 210.5 210.9 210.9 210.9 210.9 210.9 210.9 210.8 210.8 210.7 210.7 210.7 210.7 210.6 210.6 210.6 210.5 210.5 210.6 210.6 210.4 210.3 210.3 210.3 210.3 210.1 210.1 210.3 210.4 210.4 210.5 210.5 210.5 210.5 210.4 210.1 210.1 210.5 210.8 211.0 211.1 211.5 16.0 16.9 16.4 16.4 16.7 16.6 17.2 16.9 17.0 17.4 19.3 20.4 22.0 23.0 23.7 23.5 24.2 24.6 26.0 27.4 29.0 30.4 31.8 33.4 34.4 36.2 37.5 39.2 40.4 42.0 43.4 45.0 46.4 48.2 49.7 51.4 53.0 54.4 56.0 57.4 59.1 60.5 62.0 63.4 65.0 66.4 68.0 69.7 71.2 72.7 74.2 76.0 77.4 79.0 80.4 82.0 83.7 85.2 86.7 88.2 90.0 91.2 93.0 94.7 96.0 97.7 99.2 101.0 102.2 104.0 105.6 107.0 108.7 110.0 111.7 113.2 115.0 116.2 118.0 119.6 121.0 122.7 124.0 126.0 127.2 129.0 130.6 132.0 133.6 135.0 136.7 138.0 140.0 141.6 143.0 144.6 146.0 147.4 149.0 150.1 122.0 1782153199.426972
186.0 187.0 189.0 190.0 192.0 193.0 194.4 196.0 197.4 198.3 199.0 199.0 199.8 200.8 201.9 203.3 204.9 206.0 206.5 206.9 206.9 207.0 207.8 208.0 208.0 208.6 208.0 209.0 209.0 209.9 209.9 209.1 209.1 209.3 209.4 209.9 209.8 209.6 209.6 209.0 209.4 209.9 210.2 210.4 211.0 211.0 210.8 210.3 210.0 210.1 210.1 210.1 210.1 210.1 210.2 210.3 210.5 210.5 210.6 210.9 210.9 210.9 210.9 210.9 210.9 210.8 210.8 210.7 210.7 210.7 210.7 210.7 210.5 210.6 210.5 210.5 210.5 210.5 210.4 210.3 210.3 210.3 210.2 210.1 210.1 210.3 210.5 210.4 210.5 210.6 210.6 210.6 210.4 210.1 210.1 210.6 210.8 211.0 211.1 211.5 16.0 17.0 16.4 16.4 16.7 16.6 17.3 16.9 17.0 17.4 19.3 20.4 21.9 23.0 23.7 23.5 24.1 24.6 26.0 27.4 29.0 30.4 31.7 33.3 34.4 36.2 37.5 39.2 40.4 41.9 43.4 45.0 46.4 48.2 49.7 51.3 52.9 54.3 55.9 57.3 59.1 60.4 61.9 63.3 64.9 66.3 67.9 69.7 71.2 72.7 74.2 75.9 77.3 78.9 80.3 81.9 83.7 85.2 86.7 88.2 89.9 91.2 92.9 94.7 95.9 97.7 99.2 100.9 102.2 103.9 105.5 106.9 108.7 109.9 111.7 113.2 114.9 116.2 117.9 119.5 120.9 122.7 123.9 125.9 127.2 128.9 130.5 131.9 133.5 134.9 136.7 137.9 139.9 141.5 142.9 144.5 145.9 147.4 148.9 150.0 123.0 1782153199.442369
186.0 187.0 189.0 190.0 192.0 193.0 194.3 196.0 197.3 198.3 199.0 199.0 199.8 200.8 201.9 203.3 204.9 206.0 206.6 206.9 206.9 207.0 207.7 208.0 208.0 208.6 208.0 209.0 209.0 209.9 209.9 209.1 209.1 209.4 209.4 209.9 209.7 209.6 209.6 209.0 209.4 210.0 210.2 210.5 211.0 211.0 210.9 210.2 210.0 210.1 210.1 210.1 210.1 210.1 210.2 210.3 210.5 210.5 210.6 210.9 210.9 210.9 210.9 210.9 210.9 210.9 210.8 210.8 210.7 210.7 210.7 210.7 210.5 210.6 210.5 210.5 210.5 210.5 210.4 210.2 210.3 210.3 210.2 210.1 210.1 210.3 210.5 210.5 210.5 210.6 210.6 210.6 210.4 210.1 210.1 210.6 210.8 211.1 211.1 211.5 16.0 17.0 16.3 16.3 16.7 16.7 17.3 16.9 17.0 17.3 19.3 20.3 21.9 23.0 23.7 23.4 24.0 24.5 26.0 27.3 29.0 30.3 31.7 33.3 34.3 36.2 37.4 39.2 40.3 41.9 43.3 45.0 46.3 48.2 49.6 51.3 52.9 54.3 55.9 57.3 59.1 60.4 61.9 63.3 64.9 66.3 67.9 69.6 71.2 72.6 74.2 75.9 77.3 78.9 80.3 81.9 83.6 85.2 86.6 88.2 89.9 91.2 92.9 94.6 95.9 97.6 99.2 100.9 102.2 103.9 105.5 106.9 108.6 109.9 111.6 113.2 114.9 116.2 117.9 119.5 120.9 122.6 123.9 125.9 127.2 128.9 130.5 131.9 133.5 134.9 136.6 137.9 139.9 141.5 142.9 144.5 145.9 147.3 148.9 150.0 124.0 1782153199.463082
186.0 187.0 189.0 190.0 192.0 193.0 194.3 196.0 197.3 198.3 199.0 199.0 199.8 200.8 201.8 203.2 204.8 206.0 206.5 206.9 206.9 207.0 207.7 208.0 208.0 208.6 208.0 209.0 209.0 209.9 209.9 209.1 209.2 209.4 209.4 209.8 209.8 209.6 209.6 209.0 209.4 210.0 210.2 210.5 210.9 210.9 210.9 210.3 210.1 210.1 210.1 210.1 210.1 210.1 210.2 210.3 210.5 210.5 210.6 210.9 210.9 210.9 210.9 210.9 210.9 210.9 210.8 210.8 210.7 210.7 210.7 210.7 210.5 210.6 210.5 210.5 210.5 210.5 210.3 210.2 210.3 210.3 210.2 210.1 210.1 210.3 210.5 210.5 210.6 210.6 210.6 210.6 210.3 210.1 210.1 210.6 210.8 211.1 211.1 211.5 16.0 17.0 16.3 16.3 16.7 16.7 17.4 17.0 17.0 17.3 19.3 20.3 21.9 23.0 23.7 23.5 24.0 24.5 26.0 27.3 29.0 30.3 31.6 33.3 34.3 36.2 37.4 39.2 40.3 41.8 43.3 45.0 46.3 48.2 49.6 51.3 52.8 54.3 55.8 57.3 59.1 60.4 61.8 63.3 64.8 66.3 67.8 69.6 71.2 72.6 74.2 75.8 77.3 78.8 80.3 81.8 83.6 85.2 86.6 88.2 89.8 91.2 92.8 94.6 95.8 97.6 99.2 100.8 102.2 103.8 105.5 106.8 108.6 109.8 111.6 113.2 114.8 116.2 117.8 119.5 120.8 122.6 123.8 125.8 127.2 128.8 130.5 131.8 133.5 134.8 136.6 137.8 139.8 141.5 142.8 144.5 145.8 147.2 148.8 150.0 125.0 1782153199.473479
186.0 187.0 189.0 190.0 192.0 193.0 194.3 196.0 197.3 198.3 199.0 199.0 199.8 200.8 201.8 203.2 204.8 206.0 206.5 206.9 206.9 207.0 207.7 208.0 208.0 208.6 208.0 209.0 209.0 209.8 209.9 209.1 209.2 209.4 209.4 209.8 209.7 209.6 209.6 209.0 209.4 210.0 210.2 210.5 210.9 210.9 210.9 210.3 210.1 210.1 210.1 210.1 210.1 210.1 210.2 210.2 210.5 210.5 210.6 210.9 210.9 210.9 210.9 210.9 210.9 210.9 210.8 210.8 210.8 210.8 210.8 210.7 210.5 210.5 210.5 210.5 210.4 210.4 210.3 210.2 210.2 210.2 210.2 210.1 210.1 210.4 210.6 210.5 210.6 210.6 210.6 210.6 210.3 210.1 210.1 210.6 210.8 211.1 211.1 211.5 16.0 17.0 16.3 16.3 16.7 16.7 17.4 17.0 17.0 17.3 19.3 20.3 21.8 23.0 23.6 23.5 24.0 24.5 26.0 27.3 29.0 30.3 31.6 33.3 34.3 36.2 37.4 39.2 40.3 41.8 43.3 45.0 46.3 48.2 49.6 51.3 52.8 54.3 55.8 57.3 59.1 60.4 61.8 63.3 64.8 66.3 67.8 69.6 71.2 72.6 74.2 75.8 77.3 78.8 80.3 81.8 83.6 85.2 86.6 88.2 89.8 91.2 92.8 94.6 95.8 97.6 99.2 100.8 102.2 103.8 105.4 106.8 108.6 109.8 111.6 113.2 114.8 116.2 117.8 119.4 120.8 122.6 123.8 125.8 127.2 128.8 130.4 131.8 133.4 134.8 136.6 137.8 139.8 141.4 142.8 144.4 145.8 147.1 148.8 149.9 126.0 1782153199.493880
186.0 187.0 189.0 190.0 192.0 193.0 194.3 196.0 197.3 198.3 199.0 199.0 199.8 200.8 201.9 203.2 204.9 206.0 206.6 206.9 206.9 207.0 207.7 208.0 208.0 208.6 208.0 209.0 209.0 209.8 210.0 209.1 209.1 209.5 209.5 209.9 209.7 209.5 209.5 209.0 209.5 210.0 210.2 210.6 210.9 210.9 210.9 210.3 210.1 210.1 210.1 210.1 210.1 210.1 210.2 210.2 210.5 210.6 210.6 210.9 210.9 210.9 210.9 210.9 210.9 210.9 210.8 210.8 210.8 210.8 210.8 210.7 210.5 210.5 210.4 210.4 210.4 210.4 210.3 210.2 210.2 210.2 210.2 210.1 210.1 210.4 210.6 210.5 210.6 210.7 210.7 210.6 210.3 210.1 210.1 210.6 210.8 211.2 211.1 211.6 16.0 17.0 16.3 16.3 16.8 16.7 17.4 17.0 17.0 17.3 19.3 20.3 21.8 23.0 23.6 23.4 23.9 24.5 26.0 27.3 29.0 30.3 31.6 33.3 34.3 36.2 37.4 39.2 40.3 41.7 43.3 45.0 46.3 48.2 49.5 51.3 52.7 54.3 55.7 57.3 59.1 60.3 61.7 63.3 64.7 66.3 67.7 69.5 71.2 72.5 74.2 75.7 77.3 78.7 80.3 81.7 83.5 85.2 86.5 88.2 89.7 91.2 92.7 94.5 95.7 97.5 99.2 100.7 102.2 103.7 105.4 106.7 108.5 109.7 111.5 113.2 114.7 116.2 117.7 119.4 120.7 122.5 123.7 125.7 127.2 128.7 130.4 131.7 133.4 134.7 136.5 137.7 139.7 141.4 142.7 144.4 145.7 147.1 148.7 149.9 127.0 1782153199.504302
186.0 187.0 189.0 190.0 192.0 193.0 194.3 196.0 197.3 198.3 199.0 199.0 199.8 200.7 201.8 203.1 204.8 206.0 206.5 206.9 206.9 207.0 207.6 208.0 208.0 208.5 208.0 209.0 209.0 209.8 210.0 209.1 209.1 209.5 209.5 209.9 209.7 209.6 209.5 209.0 209.4 210.0 210.2 210.6 210.9 210.9 210.9 210.2 210.1 210.1 210.1 210.1 210.1 210.1 210.2 210.2 210.5 210.5 210.6 210.8 210.9 210.9 210.9 210.9 210.9 210.9 210.8 210.8 210.8 210.8 210.8 210.7 210.5 210.5 210.5 210.4 210.4 210.4 210.3 210.2 210.2 210.2 210.2 210.1 210.1 210.4 210.6 210.6 210.6 210.7 210.7 210.7 210.3 210.1 210.1 210.7 210.9 211.2 211.1 211.6 16.0 17.0 16.3 16.3 16.8 16.7 17.5 17.0 17.0 17.3 19.2 20.3 21.8 23.0 23.6 23.5 23.9 24.5 26.0 27.3 29.0 30.3 31.5 33.3 34.3 36.2 37.3 39.2 40.3 41.7 43.3 45.0 46.3 48.2 49.5 51.3 52.7 54.3 55.7 57.3 59.1 60.3 61.7 63.3 64.7 66.3 67.7 69.5 71.2 72.5 74.2 75.7 77.3 78.7 80.3 81.7 83.5 85.2 86.5 88.2 89.7 91.2 92.7 94.5 95.7 97.5 99.2 100.7 102.2 103.7 105.4 106.7 108.5 109.7 111.5 113.2 114.7 116.2 117.7 119.4 120.7 122.5 123.7 125.7 127.2 128.7 130.4 131.7 133.4 134.7 136.5 137.7 139.7 141.4 142.7 144.4 145.7 147.0 148.7 149.8 128.0 1782153199.514535
186.0 187.0 189.0 190.0 192.0 193.0 194.3 196.0 197.3 198.2 199.0 199.0 199.7 200.7 201.8 203.1 204.8 206.0 206.5 206.9 206.9 207.0 207.6 208.0 208.0 208.5 208.0 209.0 209.0 209.8 210.0 209.1 209.1 209.5 209.5 209.9 209.7 209.6 209.5 209.0 209.4 210.0 210.2 210.6 210.9 210.9 210.9 210.2 210.1 210.1 210.1 210.1 210.1 210.1 210.2 210.2 210.5 210.5 210.5 210.8 210.9 210.9 210.9 210.9 210.9 210.9 210.8 210.8 210.8 210.8 210.8 210.8 210.5 210.6 210.5 210.4 210.4 210.4 210.3 210.2 210.2 210.2 210.2 210.1 210.1 210.4 210.6 210.6 210.6 210.7 210.7 210.7 210.3 210.1 210.1 210.7 210.9 211.3 211.1 211.6 16.0 17.0 16.3 16.3 16.8 16.7 17.5 17.0 17.0 17.3 19.2 20.3 21.8 23.0 23.6 23.5 23.9 24.5 26.0 27.3 29.0 30.3 31.5 33.2 34.3 36.1 37.3 39.1 40.3 41.7 43.3 45.0 46.3 48.1 49.5 51.2 52.7 54.2 55.7 57.3 59.1 60.3 61.7 63.2 64.7 66.2 67.7 69.5 71.1 72.5 74.1 75.7 77.2 78.7 80.2 81.7 83.5 85.1 86.5 88.1 89.7 91.1 92.7 94.5 95.7 97.5 99.1 100.7 102.1 103.7 105.4 106.7 108.5 109.7 111.5 113.1 114.7 116.1 117.7 119.4 120.7 122.5 123.7 125.7 127.1 128.7 130.4 131.7 133.4 134.7 136.5 137.7 139.7 141.4 142.7 144.4 145.7 147.0 148.7 149.8 129.0 1782153199.529998
186.0 187.0 189.0 190.0 192.0 193.0 194.2 196.0 197.2 198.2 199.0 199.0 199.7 200.7 201.8 203.1 204.8 206.0 206.5 206.9 206.9 207.0 207.6 207.9 208.0 208.5 208.0 208.9 209.0 209.8 210.0 209.0 209.1 209.5 209.5 209.9 209.7 209.6 209.5 209.1 209.5 210.0 210.2 210.6 210.9 210.9 210.9 210.2 210.1 210.1 210.1 210.1 210.1 210.1 210.1 210.2 210.4 210.5 210.6 210.8 210.9 210.9 210.9 210.9 210.9 210.9 210.9 210.8 210.8 210.8 210.8 210.8 210.6 210.6 210.5 210.4 210.4 210.4 210.3 210.2 210.2 210.2 210.2 210.1 210.1 210.4 210.6 210.6 210.7 210.7 210.7 210.7 210.3 210.1 210.1 210.7 210.9 211.3 211.1 211.6 16.0 17.0 16.2 16.2 16.8 16.8 17.5 17.0 17.0 17.2 19.2 20.2 21.8 23.0 23.7 23.5 23.9 24.5 26.0 27.2 29.0 30.2 31.5 33.2 34.2 36.1 37.3 39.1 40.2 41.6 43.2 45.0 46.2 48.1 49.5 51.2 52.6 54.2 55.6 57.2 59.0 60.3 61.6 63.2 64.6 66.2 67.6 69.5 71.1 72.5 74.1 75.6 77.2 78.6 80.2 81.6 83.5 85.1 86.5 88.1 89.6 91.1 92.6 94.5 95.6 97.5 99.1 100.6 102.1 103.6 105.4 106.6 108.5 109.6 111.5 113.1 114.6 116.1 117.6 119.4 120.6 122.5 123.6 125.6 127.1 128.6 130.4 131.6 133.4 134.6 136.5 137.6 139.6 141.4 142.6 144.4 145.6 146.9 148.6 149.7 130.0 1782153199.550621
186.0 187.0 189.0 190.0 192.0 193.0 194.2 196.0 197.2 198.2 199.0 199.0 199.8 200.7 201.8 203.1 204.8 206.0 206.6 206.8 206.8 207.0 207.6 207.9 208.0 208.6 208.0 208.9 209.0 209.8 210.0 209.0 209.1 209.6 209.6 209.9 209.6 209.5 209.4 209.1 209.5 210.0 210.2 210.6 210.9 210.9 210.8 210.3 210.1 210.1 210.1 210.1 210.1 210.0 210.1 210.2 210.4 210.5 210.5 210.8 210.8 210.8 210.9 211.0 211.0 210.9 210.9 210.8 210.8 210.8 210.8 210.8 210.6 210.6 210.5 210.4 210.3 210.3 210.2 210.2 210.2 210.2 210.2 210.1 210.1 210.4 210.7 210.6 210.7 210.7 210.7 210.7 210.2 210.1 210.1 210.7 210.9 211.3 211.1 211.6 16.0 17.0 16.2 16.2 16.8 16.8 17.5 17.0 17.0 17.2 19.2 20.2 21.7 23.0 23.7 23.4 23.8 24.5 26.0 27.2 29.0 30.2 31.5 33.2 34.2 36.1 37.3 39.1 40.2 41.6 43.2 45.0 46.2 48.1 49.4 51.2 52.6 54.2 55.6 57.2 59.0 60.3 61.6 63.2 64.6 66.2 67.6 69.4 71.1 72.4 74.1 75.6 77.2 78.6 80.2 81.6 83.4 85.1 86.4 88.1 89.6 91.1 92.6 94.4 95.6 97.4 99.1 100.6 102.1 103.6 105.3 106.6 108.4 109.6 111.4 113.1 114.6 116.1 117.6 119.3 120.6 122.4 123.6 125.6 127.1 128.6 130.3 131.6 133.3 134.6 136.4 137.6 139.6 141.3 142.6 144.3 145.6 146.9 148.6 149.7 131.0 1782153199.560978
186.0 187.0 189.0 190.0 192.0 193.0 194.2 196.0 197.2 198.2 199.0 199.0 199.8 200.7 201.8 203.1 204.8 206.0 206.6 206.8 206.8 207.0 207.6 207.9 208.0 208.5 208.0 208.9 209.0 209.8 210.0 209.0 209.1 209.6 209.6 209.9 209.6 209.5 209.4 209.1 209.5 210.0 210.2 210.7 210.9 210.9 210.9 210.2 210.1 210.1 210.1 210.1 210.1 210.0 210.1 210.2 210.4 210.5 210.6 210.8 210.9 210.9 210.9 211.0 211.0 210.9 210.9 210.8 210.8 210.8 210.8 210.8 210.6 210.6 210.5 210.4 210.3 210.3 210.2 210.2 210.2 210.2 210.1 210.1 210.1 210.4 210.7 210.6 210.7 210.7 210.7 210.7 210.2 210.1 210.1 210.7 210.9 211.4 211.1 211.7 16.0 17.0 16.2 16.2 16.8 16.8 17.6 17.0 17.0 17.2 19.2 20.2 21.7 23.0 23.6 23.4 23.8 24.5 26.0 27.2 29.0 30.2 31.4 33.2 34.2 36.1 37.3 39.1 40.2 41.6 43.2 45.0 46.2 48.1 49.4 51.2 52.6 54.2 55.6 57.2 59.0 60.3 61.6 63.2 64.6 66.2 67.6 69.4 71.1 72.4 74.1 75.6 77.2 78.6 80.2 81.6 83.4 85.1 86.4 88.1 89.6 91.1 92.6 94.4 95.6 97.4 99.1 100.6 102.1 103.6 105.3 106.6 108.4 109.6 111.4 113.1 114.6 116.1 117.6 119.3 120.6 122.4 123.6 125.6 127.1 128.6 130.3 131.6 133.3 134.6 136.4 137.6 139.6 141.3 142.6 144.3 145.6 146.8 148.6 149.7 132.0 1782153199.576453
186.0 187.0 189.0 190.0 192.0 193.0 194.2 196.0 197.2 198.2 199.0 199.0 199.8 200.8 201.8 203.1 204.8 206.0 206.6 206.8 206.8 207.0 207.6 207.9 208.0 208.6 208.0 208.9 209.0 209.8 210.0 209.0 209.1 209.6 209.6 209.9 209.6 209.5 209.4 209.2 209.5 210.0 210.2 210.7 210.9 210.9 210.9 210.2 210.1 210.1 210.1 210.1 210.1 210.0 210.1 210.2 210.4 210.5 210.6 210.8 210.9 210.9 210.9 211.0 211.0 210.9 210.9 210.8 210.8 210.8 210.8 210.8 210.6 210.6 210.5 210.4 210.3 210.3 210.2 210.1 210.2 210.2 210.1 210.1 210.1 210.5 210.7 210.7 210.7 210.7 210.7 210.7 210.2 210.1 210.1 210.7 210.9 211.4 211.1 211.7 16.0 17.0 16.2 16.2 16.8 16.8 17.6 17.0 17.0 17.2 19.2 20.2 21.7 23.0 23.7 23.4 23.8 24.4 26.0 27.2 29.0 30.2 31.4 33.2 34.2 36.1 37.3 39.1 40.2 41.5 43.2 45.0 46.2 48.1 49.4 51.2 52.5 54.2 55.5 57.2 58.9 60.3 61.5 63.2 64.5 66.2 67.5 69.4 71.1 72.4 74.1 75.5 77.2 78.5 80.2 81.5 83.4 85.1 86.4 88.1 89.5 91.1 92.5 94.4 95.5 97.4 99.1 100.5 102.1 103.5 105.3 106.5 108.4 109.5 111.4 113.1 114.5 116.1 117.5 119.3 120.5 122.4 123.5 125.5 127.1 128.5 130.3 131.5 133.3 134.5 136.4 137.5 139.5 141.3 142.5 144.3 145.5 146.8 148.5 149.6 133.0 1782153199.586618
186.0 187.0 189.0 190.0 192.0 193.0 194.2 196.0 197.2 198.2 199.0 199.0 199.8 200.8 201.8 203.1 204.8 206.0 206.6 206.8 206.8 207.0 207.6 207.9 208.0 208.5 208.0 208.9 209.0 209.8 210.0 209.0 209.1 209.6 209.6 209.9 209.6 209.5 209.4 209.1 209.6 210.0 210.2 210.7 210.9 210.9 210.9 210.2 210.1 210.1 210.1 210.1 210.1 210.0 210.1 210.2 210.4 210.5 210.6 210.8 210.9 210.9 210.9 211.0 211.0 210.9 210.9 210.9 210.8 210.8 210.8 210.8 210.6 210.6 210.4 210.4 210.3 210.3 210.2 210.1 210.2 210.2 210.1 210.1 210.1 210.5 210.7 210.7 210.7 210.8 210.8 210.7 210.2 210.1 210.1 210.8 210.9 211.4 211.1 211.7 16.0 17.0 16.2 16.2 16.8 16.8 17.6 17.0 17.0 17.2 19.2 20.2 21.6 23.0 23.6 23.4 23.7 24.4 26.0 27.2 29.0 30.2 31.4 33.2 34.2 36.1 37.3 39.1 40.2 41.5 43.2 45.0 46.2 48.1 49.4 51.2 52.5 54.2 55.5 57.2 58.9 60.2 61.5 63.2 64.5 66.2 67.5 69.4 71.1 72.4 74.1 75.5 77.2 78.5 80.2 81.5 83.4 85.1 86.4 88.1 89.5 91.1 92.5 94.4 95.5 97.4 99.1 100.5 102.1 103.5 105.3 106.5 108.4 109.5 111.4 113.1 114.5 116.1 117.5 119.3 120.5 122.4 123.5 125.5 127.1 128.5 130.3 131.5 133.3 134.5 136.4 137.5 139.5 141.3 142.5 144.2 145.5 146.8 148.5 149.6 134.0 1782153199.597014
186.0 187.0 189.0 190.0 192.0 193.0 194.2 196.0 197.2 198.2 199.0 199.0 199.8 200.8 201.8 203.1 204.8 206.0 206.6 206.8 206.8 207.0 207.6 207.9 208.0 208.6 208.0 208.8 209.0 209.8 210.0 209.0 209.1 209.6 209.6 209.9 209.5 209.4 209.4 209.2 209.6 210.0 210.2 210.7 210.9 210.9 210.9 210.2 210.1 210.1 210.1 210.1 210.1 210.0 210.1 210.2 210.4 210.5 210.6 210.8 210.9 210.9 210.9 211.0 211.0 210.9 210.9 210.9 210.8 210.8 210.8 210.8 210.6 210.6 210.4 210.3 210.3 210.3 210.2 210.1 210.2 210.2 210.1 210.1 210.1 210.5 210.7 210.7 210.7 210.8 210.8 210.7 210.2 210.1 210.1 210.8 210.9 211.4 211.1 211.7 16.0 17.0 16.2 16.2 16.8 16.8 17.6 17.0 17.0 17.2 19.2 20.2 21.6 23.0 23.6 23.4 23.7 24.4 26.0 27.2 29.0 30.2 31.4 33.2 34.2 36.1 37.2 39.1 40.2 41.5 43.2 45.0 46.2 48.1 49.4 51.2 52.5 54.2 55.5 57.2 58.9 60.2 61.5 63.2 64.5 66.2 67.5 69.4 71.1 72.4 74.1 75.5 77.2 78.5 80.2 81.5 83.4 85.1 86.4 88.1 89.5 91.1 92.5 94.4 95.5 97.4 99.1 100.5 102.1 103.5 105.3 106.5 108.4 109.5 111.4 113.1 114.5 116.1 117.5 119.3 120.5 122.4 123.5 125.5 127.1 128.5 130.3 131.5 133.3 134.5 136.4 137.5 139.5 141.3 142.5 144.2 145.5 146.7 148.5 149.6 135.0 1782153199.612393
186.0 187.0 189.0 190.0 192.0 193.0 194.2 196.0 197.2 198.2 199.0 199.0 199.8 200.7 201.8 203.0 204.8 206.0 206.6 206.8 206.8 207.0 207.6 207.9 208.0 208.5 208.0 208.8 209.0 209.8 210.0 209.0 209.1 209.6 209.7 209.9 209.5 209.5 209.3 209.2 209.5 210.0 210.2 210.7 210.9 210.9 210.9 210.2 210.1 210.1 210.1 210.1 210.1 210.0 210.1 210.1 210.4 210.4 210.6 210.8 210.9 210.9 210.9 211.0 211.0 210.9 210.9 210.9 210.9 210.9 210.9 210.8 210.6 210.6 210.4 210.3 210.3 210.3 210.2 210.1 210.1 210.1 210.1 210.1 210.1 210.5 210.7 210.7 210.7 210.8 210.8 210.7 210.2 210.1 210.1 210.8 210.9 211.5 211.1 211.7 16.0 17.0 16.2 16.2 16.8 16.8 17.6 17.0 17.0 17.2 19.2 20.2 21.6 23.0 23.7 23.4 23.7 24.4 26.0 27.2 29.0 30.2 31.4 33.2 34.2 36.1 37.2 39.1 40.2 41.5 43.2 45.0 46.2 48.1 49.4 51.2 52.5 54.2 55.5 57.2 58.9 60.2 61.5 63.2 64.5 66.2 67.5 69.3 71.1 72.4 74.1 75.5 77.2 78.5 80.2 81.5 83.3 85.1 86.3 88.1 89.5 91.1 92.5 94.3 95.5 97.3 99.1 100.5 102.1 103.5 105.3 106.5 108.3 109.5 111.3 113.1 114.5 116.1 117.5 119.3 120.5 122.3 123.5 125.5 127.1 128.5 130.3 131.5 133.3 134.5 136.3 137.5 139.5 141.3 142.5 144.2 145.5 146.7 148.5 149.6 136.0 1782153199.623087
186.0 187.0 189.0 190.0 192.0 193.0 194.2 196.0 197.2 198.2 199.0 199.0 199.8 200.8 201.8 203.0 204.8 206.0 206.6 206.8 206.8 207.0 207.6 207.9 208.0 208.5 208.0 208.8 209.0 209.8 210.0 209.0 209.1 209.7 209.7 209.9 209.5 209.4 209.3 209.2 209.6 210.0 210.2 210.7 210.9 210.9 210.9 210.2 210.1 210.1 210.1 210.1 210.1 210.0 210.1 210.1 210.4 210.5 210.6 210.8 210.9 210.9 210.9 211.0 211.0 210.9 210.9 210.9 210.9 210.9 210.9 210.8 210.6 210.6 210.4 210.3 210.3 210.3 210.2 210.1 210.1 210.1 210.1 210.1 210.1 210.5 210.7 210.7 210.8 210.8 210.8 210.7 210.2 210.1 210.1 210.8 210.9 211.5 211.1 211.7 16.0 17.0 16.2 16.2 16.8 16.8 17.7 17.0 17.0 17.2 19.2 20.2 21.6 23.0 23.6 23.4 23.7 24.4 26.0 27.2 29.0 30.2 31.4 33.2 34.2 36.1 37.2 39.1 40.2 41.5 43.2 45.0 46.2 48.1 49.3 51.2 52.5 54.2 55.5 57.2 58.9 60.2 61.5 63.2 64.5 66.2 67.5 69.3 71.1 72.3 74.1 75.5 77.2 78.5 80.2 81.5 83.3 85.1 86.3 88.1 89.5 91.1 92.5 94.3 95.5 97.3 99.1 100.4 102.1 103.5 105.3 106.5 108.3 109.5 111.3 113.1 114.4 116.1 117.4 119.3 120.5 122.3 123.5 125.4 127.1 128.4 130.3 131.4 133.3 134.4 136.3 137.5 139.4 141.3 142.4 144.2 145.4 146.7 148.4 149.5 137.0 1782153199.638308
186.0 187.0 189.0 190.0 192.0 193.0 194.2 196.0 197.2 198.2 199.0 199.0 199.8 200.8 201.8 203.0 204.8 206.0 206.6 206.8 206.8 207.0 207.6 207.9 208.0 208.5 208.0 208.8 209.0 209.8 210.0 209.0 209.1 209.7 209.7 209.9 209.5 209.4 209.3 209.2 209.6 210.0 210.2 210.7 210.9 210.9 210.9 210.2 210.1 210.1 210.1 210.1 210.1 210.0 210.1 210.1 210.4 210.5 210.6 210.8 210.9 210.9 210.9 211.0 211.0 210.9 210.9 210.9 210.9 210.9 210.9 210.8 210.6 210.6 210.4 210.3 210.2 210.2 210.2 210.1 210.1 210.1 210.1 210.1 210.1 210.5 210.8 210.7 210.8 210.8 210.8 210.8 210.2 210.0 210.1 210.8 210.9 211.5 211.1 211.7 16.0 17.0 16.2 16.2 16.8 16.8 17.6 17.0 17.0 17.2 19.2 20.2 21.6 23.0 23.7 23.4 23.7 24.4 26.0 27.2 29.0 30.2 31.4 33.2 34.2 36.2 37.3 39.2 40.2 41.5 43.2 45.0 46.2 48.2 49.4 51.2 52.5 54.2 55.5 57.2 58.9 60.3 61.5 63.2 64.5 66.2 67.5 69.4 71.2 72.4 74.2 75.5 77.2 78.5 80.2 81.5 83.4 85.2 86.4 88.2 89.5 91.2 92.5 94.4 95.5 97.4 99.2 100.5 102.2 103.5 105.3 106.5 108.4 109.5 111.4 113.2 114.5 116.2 117.5 119.3 120.5 122.4 123.5 125.5 127.2 128.5 130.3 131.5 133.3 134.5 136.4 137.5 139.5 141.3 142.5 144.3 145.5 146.7 148.5 149.6 138.0 1782153199.653730
186.0 187.0 189.0 190.0 192.0 193.0 194.2 196.0 197.2 198.2 199.0 199.0 199.8 200.7 201.8 203.0 204.8 206.0 206.6 206.8 206.8 207.0 207.6 207.9 208.0 208.5 208.0 208.9 209.0 209.8 210.0 209.0 209.1 209.7 209.7 209.9 209.5 209.4 209.3 209.2 209.6 210.0 210.3 210.8 210.9 210.9 210.9 210.2 210.1 210.2 210.2 210.1 210.1 210.0 210.1 210.1 210.4 210.5 210.6 210.8 210.8 210.8 210.9 211.0 211.0 210.9 210.9 210.9 210.9 210.9 210.9 210.9 210.6 210.6 210.4 210.3 210.2 210.2 210.2 210.1 210.1 210.1 210.1 210.0 210.0 210.5 210.8 210.7 210.8 210.8 210.8 210.8 210.2 210.0 210.1 210.8 210.9 211.5 211.1 211.7 16.0 17.0 16.2 16.2 16.8 16.8 17.6 17.0 17.0 17.2 19.2 20.2 21.6 23.0 23.7 23.4 23.7 24.5 26.0 27.2 29.0 30.2 31.4 33.2 34.2 36.1 37.3 39.1 40.2 41.5 43.2 45.0 46.2 48.1 49.4 51.2 52.5 54.2 55.5 57.2 58.9 60.2 61.5 63.2 64.5 66.2 67.5 69.4 71.1 72.4 74.1 75.5 77.2 78.5 80.2 81.5 83.4 85.1 86.4 88.1 89.5 91.1 92.5 94.4 95.5 97.4 99.1 100.5 102.1 103.5 105.3 106.5 108.4 109.5 111.4 113.1 114.5 116.1 117.5 119.3 120.5 122.4 123.5 125.5 127.1 128.5 130.3 131.5 133.3 134.5 136.4 137.5 139.5 141.3 142.5 144.3 145.5 146.7 148.5 149.6 139.0 1782153199.669200
186.0 187.0 189.0 190.0 192.0 193.0 194.2 196.0 197.2 198.2 199.0 199.0 199.8 200.7 201.8 203.0 204.8 206.0 206.6 206.8 206.8 207.0 207.6 207.9 208.0 208.5 208.0 208.9 209.0 209.8 210.0 209.0 209.1 209.7 209.7 209.9 209.5 209.4 209.3 209.2 209.6 210.0 210.3 210.8 210.8 210.8 210.9 210.3 210.2 210.2 210.2 210.1 210.1 210.0 210.1 210.1 210.4 210.4 210.6 210.7 210.8 210.8 210.9 211.0 211.0 210.9 210.9 210.9 210.9 210.9 210.9 210.9 210.6 210.6 210.5 210.4 210.2 210.2 210.2 210.1 210.1 210.1 210.1 210.0 210.0 210.5 210.8 210.8 210.8 210.8 210.8 210.8 210.2 210.0 210.1 210.8 210.9 211.5 211.2 211.7 16.0 17.0 16.2 16.2 16.8 16.8 17.6 17.0 17.0 17.2 19.2 20.2 21.6 23.0 23.7 23.4 23.7 24.5 26.0 27.2 29.0 30.2 31.4 33.2 34.2 36.1 37.2 39.1 40.2 41.5 43.2 45.0 46.2 48.1 49.4 51.2 52.5 54.2 55.5 57.2 58.9 60.2 61.5 63.2 64.5 66.2 67.5 69.4 71.1 72.4 74.1 75.5 77.2 78.5 80.2 81.5 83.4 85.1 86.4 88.1 89.5 91.1 92.5 94.4 95.5 97.4 99.1 100.5 102.1 103.5 105.3 106.5 108.4 109.5 111.4 113.1 114.5 116.1 117.5 119.3 120.5 122.4 123.5 125.5 127.1 128.5 130.3 131.5 133.3 134.5 136.4 137.5 139.5 141.3 142.5 144.3 145.5 146.7 148.5 149.7 140.0 1782153199.674223
186.0 187.0 189.0 190.0 192.0 193.0 194.2 196.0 197.2 198.2 199.0 199.0 199.8 200.8 201.8 203.0 204.8 206.0 206.5 206.8 206.8 207.0 207.6 207.9 208.0 208.5 208.0 208.9 209.0 209.8 210.0 209.0 209.1 209.7 209.6 209.9 209.5 209.5 209.4 209.2 209.6 210.0 210.3 210.7 210.8 210.8 210.9 210.3 210.2 210.2 210.2 210.1 210.1 210.0 210.1 210.1 210.3 210.5 210.6 210.7 210.8 210.8 210.9 211.0 211.0 210.9 210.9 210.9 210.9 210.9 210.9 210.9 210.7 210.7 210.4 210.3 210.2 210.2 210.1 210.1 210.1 210.1 210.1 210.0 210.0 210.5 210.8 210.8 210.8 210.8 210.8 210.8 210.2 210.0 210.1 210.8 210.9 211.4 211.1 211.7 16.0 17.0 16.2 16.2 16.8 16.8 17.5 17.0 17.0 17.2 19.2 20.2 21.6 23.0 23.7 23.5 23.7 24.5 26.0 27.2 29.0 30.2 31.4 33.2 34.2 36.2 37.3 39.2 40.2 41.5 43.2 45.0 46.2 48.2 49.4 51.2 52.5 54.2 55.5 57.2 58.9 60.3 61.5 63.2 64.5 66.2 67.5 69.4 71.2 72.4 74.2 75.5 77.2 78.5 80.2 81.5 83.4 85.2 86.4 88.2 89.5 91.2 92.5 94.4 95.5 97.4 99.2 100.5 102.2 103.5 105.4 106.5 108.4 109.5 111.4 113.2 114.5 116.2 117.5 119.4 120.5 122.4 123.5 125.5 127.2 128.5 130.4 131.5 133.4 134.5 136.4 137.5 139.5 141.4 142.5 144.3 145.5 146.7 148.5 149.7 141.0 1782153199.695061
186.0 187.0 189.0 190.0 192.0 193.0 194.2 196.0 197.2 198.2 199.0 199.0 199.8 200.8 201.8 203.1 204.8 206.0 206.6 206.8 206.8 207.0 207.6 207.9 208.0 208.5 208.0 208.9 209.0 209.8 210.0 209.0 209.1 209.7 209.6 209.9 209.5 209.4 209.4 209.2 209.6 210.0 210.3 210.7 210.9 210.9 210.9 210.2 210.1 210.2 210.2 210.1 210.1 210.0 210.1 210.1 210.3 210.5 210.6 210.7 210.8 210.8 210.9 211.0 211.0 210.9 210.9 210.9 210.9 210.9 210.9 210.9 210.7 210.7 210.5 210.3 210.2 210.2 210.1 210.1 210.1 210.1 210.1 210.0 210.0 210.4 210.8 210.8 210.8 210.8 210.8 210.8 210.2 210.0 210.1 210.8 210.9 211.4 211.2 211.7 16.0 17.0 16.2 16.2 16.8 16.8 17.5 17.0 17.0 17.2 19.2 20.2 21.6 23.0 23.7 23.4 23.7 24.5 26.0 27.2 29.0 30.2 31.5 33.2 34.2 36.2 37.3 39.2 40.2 41.5 43.2 45.0 46.2 48.2 49.5 51.2 52.5 54.2 55.5 57.2 58.9 60.3 61.5 63.2 64.5 66.2 67.5 69.4 71.2 72.5 74.2 75.5 77.2 78.5 80.2 81.5 83.4 85.2 86.4 88.2 89.5 91.2 92.5 94.4 95.5 97.4 99.2 100.5 102.2 103.5 105.4 106.5 108.4 109.5 111.4 113.2 114.5 116.2 117.5 119.4 120.5 122.4 123.5 125.5 127.2 128.5 130.4 131.5 133.4 134.5 136.4 137.5 139.5 141.4 142.5 144.4 145.5 146.8 148.5 149.7 142.0 1782153199.705168
186.0 187.0 189.0 190.0 192.0 193.0 194.3 196.0 197.3 198.3 199.0 199.0 199.8 200.8 201.8 203.1 204.8 206.0 206.5 206.9 206.8 207.0 207.6 207.9 208.0 208.5 208.0 208.9 209.0 209.8 210.0 209.0 209.1 209.7 209.7 209.9 209.5 209.4 209.3 209.2 209.6 210.0 210.3 210.7 210.9 210.9 210.9 210.2 210.1 210.2 210.2 210.1 210.1 210.0 210.1 210.1 210.4 210.5 210.6 210.8 210.8 210.8 210.9 211.0 211.0 210.9 210.9 210.9 210.9 210.9 210.9 210.8 210.6 210.6 210.4 210.3 210.2 210.2 210.1 210.1 210.1 210.1 210.1 210.0 210.0 210.5 210.8 210.8 210.8 210.8 210.8 210.8 210.2 210.0 210.1 210.7 210.9 211.4 211.2 211.7 16.0 17.0 16.3 16.3 16.7 16.7 17.4 17.0 17.0 17.3 19.3 20.3 21.7 23.0 23.7 23.5 23.7 24.5 26.0 27.3 29.0 30.3 31.5 33.3 34.3 36.2 37.3 39.2 40.3 41.6 43.3 45.0 46.3 48.2 49.5 51.3 52.6 54.3 55.6 57.3 58.9 60.3 61.6 63.3 64.6 66.3 67.6 69.5 71.2 72.5 74.2 75.6 77.3 78.6 80.3 81.6 83.5 85.2 86.5 88.2 89.6 91.2 92.6 94.5 95.6 97.5 99.2 100.6 102.2 103.6 105.4 106.6 108.5 109.6 111.5 113.2 114.6 116.2 117.6 119.4 120.6 122.5 123.6 125.6 127.2 128.6 130.4 131.6 133.4 134.6 136.5 137.6 139.6 141.4 142.6 144.4 145.6 146.8 148.6 149.7 143.0 1782153199.720869
186.0 187.0 189.0 190.0 192.0 193.0 194.3 196.0 197.3 198.3 199.0 199.0 199.8 200.7 201.8 203.1 204.8 206.0 206.5 206.9 206.8 207.0 207.6 207.9 208.0 208.5 208.0 208.9 209.0 209.8 210.0 209.0 209.1 209.7 209.6 209.9 209.5 209.4 209.4 209.2 209.6 210.0 210.2 210.7 210.9 210.9 210.9 210.2 210.1 210.2 210.2 210.1 210.1 210.0 210.1 210.1 210.4 210.5 210.6 210.8 210.8 210.8 210.9 211.0 211.0 210.9 210.9 210.9 210.9 210.9 210.9 210.8 210.7 210.6 210.4 210.3 210.2 210.2 210.1 210.1 210.1 210.1 210.1 210.0 210.0 210.5 210.8 210.8 210.8 210.9 210.9 210.8 210.2 210.0 210.1 210.7 210.9 211.4 211.2 211.6 16.0 17.0 16.3 16.3 16.7 16.7 17.5 17.0 17.0 17.3 19.3 20.3 21.7 23.0 23.8 23.5 23.8 24.5 26.0 27.3 29.0 30.3 31.5 33.3 34.3 36.2 37.3 39.2 40.3 41.6 43.3 45.0 46.3 48.2 49.5 51.3 52.6 54.3 55.6 57.3 58.9 60.3 61.6 63.3 64.6 66.3 67.6 69.5 71.2 72.5 74.2 75.6 77.3 78.6 80.3 81.6 83.5 85.2 86.5 88.2 89.6 91.2 92.6 94.5 95.6 97.5 99.2 100.6 102.2 103.6 105.5 106.6 108.5 109.6 111.5 113.2 114.6 116.2 117.6 119.5 120.6 122.5 123.6 125.6 127.2 128.6 130.5 131.6 133.5 134.6 136.5 137.6 139.6 141.5 142.6 144.4 145.6 146.9 148.6 149.8 144.0 1782153199.730974
186.0 187.0 189.0 190.0 192.0 193.0 194.3 196.0 197.3 198.3 199.0 199.0 199.8 200.8 201.8 203.0 204.8 206.0 206.5 206.9 206.8 207.0 207.6 207.9 208.0 208.5 208.0 208.9 209.0 209.8 210.0 209.0 209.1 209.7 209.7 209.9 209.5 209.4 209.3 209.1 209.6 210.0 210.3 210.7 210.9 210.9 210.9 210.3 210.1 210.1 210.1 210.1 210.1 210.0 210.1 210.1 210.3 210.5 210.6 210.7 210.8 210.9 210.9 211.0 211.0 210.9 210.9 210.9 210.9 210.9 210.9 210.8 210.7 210.6 210.4 210.3 210.2 210.2 210.1 210.1 210.1 210.1 210.1 210.0 210.0 210.4 210.8 210.8 210.8 210.9 210.9 210.8 210.3 210.0 210.1 210.7 210.9 211.4 211.2 211.7 16.0 17.0 16.3 16.3 16.7 16.7 17.4 17.0 17.0 17.3 19.3 20.3 21.7 23.0 23.8 23.5 23.9 24.5 26.0 27.3 29.1 30.3 31.5 33.3 34.3 36.3 37.3 39.3 40.3 41.6 43.3 45.0 46.3 48.3 49.5 51.3 52.6 54.3 55.6 57.3 59.0 60.4 61.6 63.3 64.6 66.3 67.6 69.5 71.3 72.5 74.3 75.6 77.3 78.6 80.3 81.6 83.5 85.3 86.5 88.3 89.6 91.3 92.6 94.5 95.6 97.5 99.3 100.6 102.3 103.6 105.5 106.6 108.5 109.6 111.5 113.3 114.6 116.3 117.6 119.5 120.6 122.5 123.6 125.6 127.3 128.6 130.5 131.6 133.5 134.6 136.5 137.6 139.6 141.5 142.6 144.5 145.6 146.9 148.6 149.8 145.0 1782153199.746444
186.0 187.0 189.0 190.0 192.0 193.0 194.3 196.0 197.3 198.3 199.0 199.0 199.8 200.8 201.8 203.0 204.8 206.0 206.5 206.9 206.8 207.0 207.6 207.9 208.0 208.5 208.0 208.9 209.0 209.9 210.0 209.0 209.1 209.7 209.7 209.9 209.5 209.4 209.3 209.1 209.6 210.0 210.3 210.7 210.9 210.9 210.9 210.2 210.1 210.1 210.1 210.1 210.0 210.0 210.1 210.1 210.4 210.5 210.6 210.7 210.9 210.9 210.9 211.0 211.0 211.0 210.9 210.9 210.9 210.9 210.9 210.8 210.6 210.6 210.4 210.3 210.2 210.2 210.1 210.1 210.1 210.1 210.1 210.1 210.1 210.5 210.8 210.8 210.8 210.8 210.8 210.8 210.3 210.1 210.1 210.7 210.9 211.3 211.1 211.7 16.0 17.0 16.3 16.3 16.7 16.7 17.3 17.0 17.0 17.3 19.3 20.3 21.7 23.0 23.8 23.5 23.9 24.6 26.0 27.3 29.1 30.3 31.6 33.3 34.3 36.3 37.4 39.3 40.3 41.6 43.3 45.0 46.3 48.3 49.6 51.3 52.6 54.3 55.6 57.3 59.0 60.4 61.6 63.3 64.6 66.3 67.6 69.6 71.3 72.6 74.3 75.6 77.3 78.6 80.3 81.6 83.6 85.3 86.6 88.3 89.6 91.3 92.6 94.6 95.6 97.6 99.3 100.6 102.3 103.6 105.5 106.6 108.6 109.6 111.6 113.3 114.6 116.3 117.6 119.5 120.6 122.6 123.6 125.6 127.3 128.6 130.5 131.6 133.5 134.6 136.6 137.6 139.6 141.5 142.6 144.5 145.6 147.0 148.6 149.8 146.0 1782153199.756794
186.0 187.0 189.0 190.0 192.0 193.0 194.3 196.0 197.3 198.3 199.0 199.0 199.8 200.8 201.8 203.1 204.8 206.0 206.5 206.9 206.8 207.0 207.6 207.9 208.0 208.5 208.0 208.9 209.0 209.9 210.0 209.0 209.1 209.7 209.6 209.9 209.5 209.4 209.4 209.1 209.6 209.9 210.3 210.7 210.9 210.9 210.9 210.2 210.1 210.1 210.1 210.1 210.0 210.1 210.1 210.2 210.4 210.5 210.6 210.8 210.9 210.9 210.9 211.0 210.9 210.9 210.9 210.9 210.8 210.8 210.8 210.8 210.6 210.6 210.4 210.3 210.2 210.2 210.2 210.1 210.2 210.2 210.2 210.1 210.1 210.4 210.8 210.8 210.8 210.8 210.8 210.8 210.3 210.1 210.1 210.6 210.9 211.3 211.1 211.7 16.0 17.0 16.3 16.3 16.7 16.7 17.3 17.0 17.0 17.3 19.3 20.3 21.7 23.0 23.8 23.5 23.9 24.5 26.0 27.3 29.1 30.3 31.6 33.3 34.3 36.3 37.4 39.3 40.3 41.7 43.3 45.0 46.3 48.3 49.6 51.3 52.7 54.3 55.7 57.3 59.0 60.4 61.7 63.3 64.7 66.3 67.7 69.6 71.3 72.6 74.3 75.7 77.3 78.7 80.3 81.7 83.6 85.3 86.6 88.3 89.7 91.3 92.7 94.6 95.7 97.6 99.3 100.6 102.3 103.7 105.5 106.7 108.6 109.7 111.6 113.3 114.6 116.3 117.6 119.5 120.7 122.6 123.7 125.6 127.3 128.6 130.5 131.6 133.5 134.6 136.6 137.7 139.6 141.5 142.6 144.5 145.6 147.1 148.6 149.8 147.0 1782153199.772156
186.0 187.0 189.0 190.0 192.0 193.0 194.3 196.0 197.3 198.3 199.0 199.0 199.8 200.7 201.8 203.1 204.8 206.0 206.5 206.9 206.8 207.0 207.6 207.8 208.0 208.6 208.0 208.9 209.0 209.9 210.0 209.0 209.1 209.6 209.7 209.9 209.5 209.4 209.3 209.1 209.6 209.9 210.2 210.7 210.9 210.9 210.9 210.2 210.1 210.1 210.1 210.1 210.0 210.1 210.1 210.2 210.4 210.6 210.6 210.8 210.9 210.9 210.9 211.0 210.9 210.9 210.9 210.9 210.8 210.8 210.8 210.7 210.6 210.5 210.4 210.3 210.2 210.2 210.2 210.1 210.2 210.2 210.2 210.1 210.1 210.5 210.8 210.8 210.8 210.8 210.8 210.8 210.3 210.1 210.1 210.6 210.8 211.3 211.1 211.7 16.0 17.0 16.3 16.3 16.7 16.7 17.4 17.0 17.0 17.3 19.3 20.3 21.7 23.0 23.8 23.5 23.9 24.6 26.0 27.3 29.1 30.3 31.6 33.3 34.3 36.3 37.3 39.3 40.3 41.7 43.3 45.0 46.3 48.3 49.6 51.3 52.7 54.3 55.7 57.3 59.0 60.4 61.7 63.3 64.7 66.3 67.7 69.6 71.3 72.6 74.3 75.7 77.3 78.7 80.3 81.7 83.6 85.3 86.6 88.3 89.7 91.3 92.7 94.6 95.7 97.6 99.3 100.7 102.3 103.7 105.6 106.7 108.6 109.7 111.6 113.3 114.7 116.3 117.7 119.6 120.7 122.6 123.7 125.7 127.3 128.7 130.6 131.7 133.6 134.7 136.6 137.7 139.7 141.6 142.7 144.5 145.7 147.1 148.7 149.8 148.0 1782153199.782511
186.0 187.0 189.0 190.0 192.0 193.0 194.3 196.0 197.3 198.3 199.0 199.0 199.8 200.8 201.8 203.1 204.8 206.0 206.4 206.9 206.8 207.0 207.6 207.9 208.0 208.5 208.0 208.9 209.0 209.9 210.0 209.0 209.1 209.6 209.6 209.9 209.6 209.4 209.4 209.1 209.6 209.9 210.2 210.7 210.9 210.9 210.9 210.2 210.1 210.1 210.1 210.1 210.0 210.1 210.1 210.2 210.5 210.6 210.7 210.8 210.9 210.9 210.9 211.0 210.9 210.9 210.9 210.9 210.8 210.8 210.8 210.7 210.5 210.5 210.4 210.3 210.2 210.2 210.1 210.1 210.2 210.2 210.2 210.1 210.1 210.5 210.8 210.8 210.8 210.8 210.8 210.8 210.4 210.1 210.1 210.6 210.8 211.2 211.1 211.7 16.0 17.0 16.3 16.3 16.7 16.7 17.3 17.0 17.0 17.3 19.3 20.3 21.8 23.0 23.8 23.6 23.9 24.6 26.0 27.3 29.1 30.3 31.6 33.3 34.3 36.3 37.4 39.3 40.3 41.7 43.3 45.0 46.3 48.3 49.6 51.3 52.7 54.3 55.7 57.3 59.0 60.5 61.7 63.3 64.7 66.3 67.7 69.6 71.3 72.6 74.3 75.7 77.3 78.7 80.3 81.7 83.6 85.3 86.6 88.3 89.7 91.3 92.7 94.6 95.7 97.6 99.3 100.7 102.3 103.7 105.6 106.7 108.6 109.7 111.6 113.3 114.7 116.3 117.7 119.6 120.7 122.6 123.7 125.7 127.3 128.7 130.6 131.7 133.6 134.7 136.6 137.7 139.7 141.6 142.7 144.6 145.7 147.2 148.7 149.9 149.0 1782153199.797885
186.0 187.0 189.0 190.0 192.0 193.0 194.4 196.0 197.4 198.4 199.0 199.0 199.8 200.8 201.8 203.1 204.8 206.0 206.4 206.9 206.8 207.0 207.6 207.9 208.0 208.6 208.0 208.9 209.0 209.9 210.0 209.0 209.1 209.6 209.6 209.9 209.5 209.4 209.4 209.1 209.6 209.9 210.2 210.7 210.9 210.9 210.9 210.2 210.1 210.1 210.1 210.1 210.0 210.1 210.1 210.2 210.4 210.6 210.7 210.8 210.9 210.9 210.9 211.0 210.9 210.9 210.9 210.9 210.8 210.8 210.8 210.7 210.6 210.5 210.4 210.3 210.2 210.2 210.1 210.1 210.2 210.2 210.2 210.1 210.1 210.5 210.8 210.8 210.8 210.8 210.8 210.8 210.3 210.1 210.1 210.6 210.8 211.2 211.1 211.7 16.0 17.0 16.4 16.4 16.6 16.6 17.2 17.0 17.0 17.4 19.4 20.4 21.8 23.0 23.8 23.6 24.0 24.6 26.0 27.4 29.1 30.4 31.7 33.4 34.4 36.3 37.4 39.3 40.4 41.7 43.4 45.0 46.4 48.3 49.6 51.4 52.7 54.4 55.7 57.4 59.0 60.5 61.7 63.4 64.7 66.4 67.7 69.6 71.3 72.6 74.3 75.7 77.4 78.7 80.4 81.7 83.6 85.3 86.6 88.3 89.7 91.3 92.7 94.6 95.7 97.6 99.3 100.7 102.3 103.7 105.6 106.7 108.6 109.7 111.6 113.3 114.7 116.3 117.7 119.6 120.7 122.6 123.7 125.7 127.3 128.7 130.6 131.7 133.6 134.7 136.6 137.7 139.7 141.6 142.7 144.5 145.7 147.1 148.7 149.9 150.0 1782153199.808284
186.0 187.0 189.0 190.0 192.0 193.0 194.4 196.0 197.4 198.4 199.0 199.0 199.8 200.8 201.8 203.1 204.8 206.0 206.4 206.9 206.8 207.0 207.6 207.9 208.0 208.6 208.0 208.9 209.0 209.9 210.0 209.0 209.1 209.6 209.7 209.9 209.6 209.4 209.3 209.1 209.6 209.9 210.3 210.7 210.9 210.9 210.9 210.2 210.1 210.1 210.1 210.1 210.0 210.1 210.1 210.2 210.5 210.6 210.7 210.8 210.9 210.9 210.9 211.0 210.9 210.9 210.9 210.8 210.8 210.8 210.8 210.7 210.5 210.5 210.4 210.3 210.2 210.2 210.1 210.2 210.2 210.2 210.2 210.1 210.2 210.5 210.8 210.7 210.7 210.8 210.8 210.7 210.4 210.1 210.1 210.6 210.8 211.2 211.1 211.7 16.0 17.0 16.4 16.4 16.6 16.6 17.3 17.0 17.0 17.4 19.4 20.4 21.8 23.0 23.8 23.6 24.0 24.6 26.0 27.4 29.1 30.4 31.7 33.4 34.4 36.3 37.4 39.3 40.4 41.7 43.4 45.0 46.4 48.3 49.7 51.4 52.7 54.4 55.7 57.4 59.0 60.5 61.7 63.4 64.7 66.4 67.7 69.7 71.3 72.7 74.3 75.7 77.4 78.7 80.4 81.7 83.7 85.3 86.7 88.3 89.7 91.3 92.7 94.7 95.7 97.7 99.3 100.7 102.3 103.7 105.6 106.7 108.7 109.7 111.7 113.3 114.7 116.3 117.7 119.6 120.7 122.7 123.7 125.7 127.3 128.7 130.6 131.7 133.6 134.7 136.7 137.7 139.7 141.6 142.7 144.6 145.7 147.2 148.7 149.9 151.0 1782153199.823890
186.0 187.0 189.0 190.0 192.0 193.0 194.3 196.0 197.3 198.3 199.0 199.0 199.8 200.7 201.8 203.1 204.8 206.0 206.4 206.9 206.8 207.0 207.7 207.9 208.0 208.6 208.0 208.9 209.0 209.9 210.0 209.0 209.1 209.6 209.6 209.9 209.6 209.4 209.4 209.1 209.6 209.9 210.2 210.7 210.9 210.9 210.9 210.2 210.1 210.1 210.1 210.1 210.0 210.1 210.1 210.2 210.4 210.6 210.7 210.8 210.9 210.9 210.9 211.0 210.9 210.9 210.9 210.9 210.8 210.8 210.8 210.7 210.6 210.5 210.4 210.3 210.3 210.3 210.2 210.1 210.2 210.2 210.2 210.1 210.2 210.5 210.7 210.7 210.7 210.7 210.7 210.7 210.4 210.1 210.1 210.6 210.8 211.2 211.1 211.7 16.0 17.0 16.3 16.3 16.7 16.7 17.3 17.0 17.0 17.3 19.3 20.3 21.8 23.0 23.8 23.6 24.0 24.6 26.0 27.3 29.0 30.3 31.6 33.3 34.3 36.3 37.4 39.3 40.3 41.7 43.3 45.0 46.3 48.3 49.6 51.3 52.7 54.3 55.7 57.3 59.0 60.4 61.7 63.3 64.7 66.3 67.7 69.6 71.3 72.6 74.3 75.7 77.3 78.7 80.3 81.7 83.6 85.3 86.6 88.3 89.7 91.3 92.7 94.6 95.7 97.6 99.3 100.7 102.3 103.7 105.6 106.7 108.6 109.7 111.6 113.3 114.7 116.3 117.7 119.6 120.7 122.6 123.7 125.7 127.3 128.7 130.6 131.7 133.6 134.7 136.6 137.7 139.7 141.6 142.7 144.5 145.7 147.2 148.7 149.9 152.0 1782153199.839376
186.0 187.0 189.0 190.0 192.0 193.0 194.4 196.0 197.4 198.4 199.0 199.0 199.8 200.8 201.8 203.1 204.8 206.0 206.4 206.9 206.8 207.0 207.7 207.9 208.0 208.6 208.0 208.9 209.0 209.9 210.0 209.0 209.1 209.5 209.6 209.9 209.6 209.5 209.4 209.1 209.6 210.0 210.2 210.6 210.9 210.9 210.9 210.2 210.1 210.1 210.1 210.1 210.0 210.1 210.1 210.2 210.4 210.5 210.6 210.8 210.9 210.9 210.9 211.0 210.9 210.9 210.9 210.9 210.8 210.8 210.8 210.7 210.6 210.6 210.4 210.4 210.3 210.3 210.2 210.1 210.2 210.2 210.2 210.1 210.1 210.4 210.7 210.7 210.7 210.7 210.7 210.7 210.3 210.1 210.1 210.6 210.8 211.2 211.1 211.6 16.0 17.0 16.4 16.4 16.6 16.6 17.2 17.0 17.0 17.4 19.4 20.4 21.8 23.0 23.8 23.6 24.0 24.6 26.0 27.4 29.0 30.4 31.7 33.4 34.4 36.3 37.4 39.3 40.4 41.7 43.4 45.0 46.4 48.3 49.6 51.4 52.7 54.4 55.7 57.4 59.0 60.5 61.7 63.4 64.7 66.4 67.7 69.6 71.3 72.6 74.3 75.7 77.4 78.7 80.4 81.7 83.6 85.3 86.6 88.3 89.7 91.3 92.7 94.6 95.7 97.6 99.3 100.7 102.3 103.7 105.5 106.7 108.6 109.7 111.6 113.3 114.7 116.3 117.7 119.5 120.7 122.6 123.7 125.7 127.3 128.7 130.5 131.7 133.5 134.7 136.6 137.7 139.7 141.5 142.7 144.5 145.7 147.2 148.7 149.9 153.0 1782153199.844460
186.0 187.0 189.0 190.0 192.0 193.0 194.4 196.0 197.4 198.4 199.0 199.0 199.8 200.8 201.8 203.1 204.8 206.0 206.4 206.9 206.8 207.0 207.6 207.9 208.0 208.6 208.0 208.9 209.0 209.9 210.0 209.0 209.1 209.6 209.6 209.9 209.6 209.4 209.4 209.1 209.6 210.0 210.2 210.7 210.9 210.9 210.9 210.2 210.1 210.1 210.1 210.1 210.0 210.1 210.1 210.2 210.4 210.5 210.6 210.8 210.9 210.9 210.9 211.0 210.9 210.9 210.9 210.9 210.8 210.8 210.8 210.7 210.6 210.6 210.5 210.4 210.3 210.3 210.2 210.1 210.2 210.2 210.2 210.1 210.1 210.4 210.7 210.6 210.6 210.7 210.7 210.6 210.3 210.1 210.1 210.6 210.8 211.1 211.1 211.6 16.0 17.0 16.4 16.4 16.6 16.6 17.3 17.0 17.0 17.4 19.4 20.4 21.8 23.0 23.8 23.6 24.0 24.6 26.0 27.4 29.0 30.4 31.7 33.4 34.4 36.2 37.4 39.2 40.4 41.8 43.4 45.0 46.4 48.2 49.6 51.4 52.8 54.4 55.8 57.4 59.0 60.4 61.8 63.4 64.8 66.4 67.8 69.6 71.2 72.6 74.2 75.8 77.4 78.8 80.4 81.8 83.6 85.2 86.6 88.2 89.8 91.2 92.8 94.6 95.8 97.6 99.2 100.8 102.2 103.8 105.5 106.8 108.6 109.8 111.6 113.2 114.8 116.2 117.8 119.5 120.8 122.6 123.8 125.8 127.2 128.8 130.5 131.8 133.5 134.8 136.6 137.8 139.8 141.5 142.8 144.5 145.8 147.2 148.8 149.9 154.0 1782153199.865250
186.0 187.0 189.0 190.0 192.0 193.0 194.4 196.0 197.4 198.4 199.0 199.0 199.8 200.8 201.8 203.1 204.8 206.0 206.4 206.9 206.8 207.0 207.7 207.9 208.0 208.6 208.0 208.9 209.0 209.9 210.0 209.0 209.1 209.5 209.6 209.9 209.6 209.5 209.4 209.1 209.6 210.0 210.2 210.6 210.9 210.9 210.9 210.2 210.1 210.1 210.1 210.1 210.0 210.0 210.1 210.2 210.4 210.5 210.6 210.8 210.9 210.9 210.9 211.0 211.0 210.9 210.9 210.9 210.8 210.8 210.8 210.8 210.6 210.6 210.5 210.4 210.4 210.4 210.1 210.1 210.2 210.2 210.2 210.1 210.1 210.4 210.6 210.6 210.6 210.6 210.6 210.6 210.3 210.1 210.1 210.6 210.8 211.1 211.1 211.6 16.0 17.0 16.4 16.4 16.6 16.6 17.2 17.0 17.0 17.4 19.4 20.4 21.8 23.0 23.8 23.6 24.1 24.6 26.0 27.4 29.0 30.4 31.7 33.4 34.4 36.2 37.4 39.2 40.4 41.8 43.4 45.0 46.4 48.2 49.6 51.4 52.8 54.4 55.8 57.4 59.0 60.5 61.8 63.4 64.8 66.4 67.8 69.6 71.2 72.6 74.2 75.8 77.4 78.8 80.4 81.8 83.6 85.2 86.6 88.2 89.8 91.2 92.8 94.6 95.8 97.6 99.2 100.8 102.2 103.8 105.5 106.8 108.6 109.8 111.6 113.2 114.8 116.2 117.8 119.5 120.8 122.6 123.8 125.8 127.2 128.8 130.5 131.8 133.5 134.8 136.6 137.8 139.8 141.5 142.8 144.5 145.8 147.2 148.8 149.9 155.0 1782153199.875226
186.0 187.0 189.0 190.0 192.0 193.0 194.4 196.0 197.4 198.4 199.0 199.0 199.8 200.8 201.8 203.1 204.8 206.0 206.4 206.9 206.8 207.0 207.7 207.9 208.0 208.6 208.0 208.9 209.0 209.9 210.0 209.0 209.1 209.5 209.6 209.9 209.6 209.5 209.4 209.1 209.5 210.0 210.2 210.6 210.9 210.9 210.9 210.2 210.1 210.1 210.1 210.1 210.0 210.0 210.1 210.2 210.4 210.5 210.5 210.8 210.9 210.9 210.9 211.0 211.0 210.9 210.9 210.9 210.8 210.8 210.8 210.8 210.6 210.6 210.5 210.4 210.4 210.4 210.2 210.1 210.2 210.2 210.2 210.1 210.1 210.4 210.6 210.6 210.6 210.6 210.6 210.6 210.3 210.1 210.1 210.7 210.8 211.1 211.1 211.6 16.0 17.0 16.4 16.4 16.6 16.6 17.3 17.0 17.0 17.4 19.4 20.4 21.8 23.0 23.7 23.6 24.1 24.6 26.0 27.4 29.0 30.4 31.7 33.4 34.4 36.2 37.4 39.2 40.4 41.8 43.4 45.0 46.4 48.2 49.6 51.4 52.8 54.4 55.8 57.4 59.0 60.4 61.8 63.4 64.8 66.4 67.8 69.6 71.2 72.6 74.2 75.8 77.4 78.8 80.4 81.8 83.6 85.2 86.6 88.2 89.8 91.2 92.8 94.6 95.8 97.6 99.2 100.8 102.2 103.8 105.5 106.8 108.6 109.8 111.6 113.2 114.8 116.2 117.8 119.5 120.8 122.6 123.8 125.8 127.2 128.8 130.5 131.8 133.5 134.8 136.6 137.8 139.8 141.5 142.8 144.4 145.8 147.1 148.8 149.9 156.0 1782153199.890576
186.0 187.0 189.0 190.0 192.0 193.0 194.4 196.0 197.4 198.4 199.0 199.0 199.8 200.8 201.8 203.1 204.8 206.0 206.5 206.9 206.8 207.0 207.7 207.9 208.0 208.6 208.0 208.9 209.0 209.9 210.0 209.0 209.1 209.5 209.5 209.9 209.6 209.5 209.5 209.1 209.5 210.0 210.2 210.6 210.9 210.9 210.9 210.3 210.1 210.1 210.1 210.0 210.0 210.0 210.1 210.2 210.4 210.4 210.5 210.9 210.9 210.9 211.0 211.0 211.0 210.9 210.9 210.9 210.8 210.8 210.8 210.8 210.7 210.6 210.5 210.5 210.4 210.4 210.2 210.1 210.2 210.2 210.1 210.1 210.1 210.4 210.6 210.5 210.6 210.6 210.6 210.6 210.3 210.1 210.1 210.7 210.8 211.1 211.1 211.5 16.0 17.0 16.4 16.4 16.7 16.6 17.3 17.0 17.0 17.4 19.4 20.4 21.8 23.0 23.7 23.5 24.1 24.6 26.0 27.4 29.0 30.4 31.6 33.4 34.4 36.2 37.4 39.2 40.4 41.8 43.4 45.0 46.4 48.2 49.6 51.4 52.8 54.4 55.8 57.4 59.0 60.4 61.8 63.4 64.8 66.4 67.8 69.6 71.2 72.6 74.2 75.8 77.4 78.8 80.4 81.8 83.6 85.2 86.6 88.2 89.8 91.2 92.8 94.6 95.8 97.6 99.2 100.8 102.2 103.8 105.4 106.8 108.6 109.8 111.6 113.2 114.8 116.2 117.8 119.4 120.8 122.6 123.8 125.8 127.2 128.8 130.4 131.8 133.4 134.8 136.6 137.8 139.8 141.4 142.8 144.4 145.8 147.1 148.8 149.9 157.0 1782153199.901012
186.0 187.0 189.0 190.0 192.0 193.0 194.3 196.0 197.3 198.3 199.0 199.0 199.8 200.8 201.8 203.1 204.8 206.0 206.5 206.9 206.8 207.0 207.7 207.9 208.0 208.6 208.0 208.9 209.0 209.9 210.0 209.0 209.0 209.5 209.6 210.0 209.6 209.5 209.4 209.1 209.5 210.0 210.2 210.6 210.9 210.9 210.9 210.3 210.1 210.1 210.1 210.0 210.0 210.0 210.1 210.1 210.3 210.4 210.5 210.9 210.9 210.9 211.0 211.0 211.0 210.9 210.9 210.9 210.9 210.9 210.8 210.8 210.7 210.6 210.5 210.5 210.4 210.4 210.2 210.1 210.1 210.1 210.1 210.1 210.1 210.4 210.6 210.5 210.5 210.5 210.5 210.5 210.3 210.1 210.1 210.7 210.8 211.1 211.1 211.5 16.0 17.0 16.3 16.3 16.7 16.7 17.3 17.0 17.0 17.3 19.3 20.3 21.8 23.0 23.7 23.5 24.1 24.5 26.0 27.3 29.0 30.3 31.6 33.3 34.3 36.2 37.4 39.2 40.3 41.8 43.3 45.0 46.3 48.2 49.6 51.3 52.8 54.3 55.8 57.3 59.0 60.4 61.8 63.3 64.8 66.3 67.8 69.6 71.2 72.6 74.2 75.8 77.3 78.8 80.3 81.8 83.6 85.2 86.6 88.2 89.8 91.2 92.8 94.6 95.8 97.6 99.2 100.8 102.2 103.8 105.4 106.8 108.6 109.8 111.6 113.2 114.8 116.2 117.8 119.4 120.8 122.6 123.8 125.8 127.2 128.8 130.4 131.8 133.4 134.8 136.6 137.8 139.8 141.4 142.8 144.4 145.8 147.1 148.8 149.9 158.0 1782153199.911286
186.0 187.0 189.0 190.0 192.0 193.0 194.3 196.0 197.3 198.3 199.0 199.0 199.8 200.8 201.8 203.1 204.8 206.0 206.5 206.9 206.7 207.0 207.7 207.9 208.0 208.6 208.0 208.9 209.0 209.9 210.0 209.0 209.0 209.5 209.5 210.0 209.6 209.5 209.5 209.1 209.5 210.0 210.2 210.6 210.9 210.9 210.9 210.3 210.1 210.1 210.1 210.0 210.0 210.0 210.1 210.1 210.3 210.4 210.5 210.9 210.9 210.9 211.0 211.0 211.0 210.9 210.9 210.9 210.9 210.9 210.8 210.8 210.7 210.7 210.6 210.5 210.5 210.5 210.2 210.1 210.1 210.1 210.1 210.1 210.1 210.3 210.5 210.5 210.5 210.5 210.5 210.5 210.3 210.1 210.1 210.7 210.8 211.1 211.1 211.5 16.0 17.0 16.3 16.3 16.7 16.7 17.3 17.0 17.0 17.3 19.3 20.3 21.8 23.0 23.6 23.5 24.1 24.5 26.0 27.3 29.0 30.3 31.6 33.3 34.3 36.2 37.3 39.2 40.3 41.8 43.3 45.0 46.3 48.2 49.5 51.3 52.8 54.3 55.8 57.3 59.0 60.4 61.8 63.3 64.8 66.3 67.8 69.5 71.2 72.5 74.2 75.8 77.3 78.8 80.3 81.8 83.5 85.2 86.5 88.2 89.8 91.2 92.8 94.5 95.8 97.5 99.2 100.8 102.2 103.8 105.4 106.8 108.5 109.8 111.5 113.2 114.8 116.2 117.8 119.4 120.8 122.5 123.8 125.8 127.2 128.8 130.4 131.8 133.4 134.8 136.5 137.8 139.8 141.4 142.8 144.4 145.8 147.1 148.8 149.9 159.0 1782153199.931908
186.0 187.0 189.0 190.0 192.0 193.0 194.4 196.0 197.4 198.4 199.0 199.0 199.9 200.8 201.9 203.1 204.9 206.0 206.5 206.9 206.8 207.0 207.7 207.9 208.0 208.6 208.0 209.0 209.0 209.9 210.0 209.1 209.0 209.5 209.5 210.0 209.6 209.5 209.5 209.1 209.5 210.0 210.2 210.5 210.9 210.9 210.9 210.3 210.1 210.1 210.1 210.1 210.1 210.1 210.1 210.2 210.4 210.4 210.5 210.9 210.9 210.9 210.9 210.9 210.9 210.9 210.9 210.8 210.8 210.8 210.8 210.8 210.6 210.6 210.5 210.5 210.4 210.4 210.2 210.2 210.2 210.2 210.2 210.1 210.2 210.4 210.6 210.5 210.5 210.6 210.6 210.5 210.3 210.1 210.2 210.7 210.8 211.0 211.0 211.4 16.0 17.0 16.4 16.4 16.6 16.6 17.3 17.0 17.0 17.4 19.3 20.4 21.9 23.0 23.6 23.5 24.1 24.5 26.0 27.4 29.0 30.4 31.6 33.4 34.4 36.2 37.4 39.2 40.4 41.8 43.4 45.0 46.4 48.2 49.6 51.4 52.8 54.4 55.8 57.4 59.0 60.4 61.8 63.4 64.8 66.4 67.8 69.6 71.2 72.6 74.2 75.8 77.4 78.8 80.4 81.8 83.6 85.2 86.6 88.2 89.8 91.2 92.8 94.6 95.8 97.6 99.2 100.8 102.2 103.8 105.4 106.8 108.6 109.8 111.6 113.2 114.8 116.2 117.8 119.4 120.8 122.6 123.8 125.8 127.2 128.8 130.4 131.8 133.4 134.8 136.6 137.8 139.8 141.4 142.8 144.4 145.8 147.1 148.8 150.0 160.0 1782153199.942146
186.0 187.0 189.0 190.0 192.0 193.0 194.4 196.0 197.4 198.3 199.0 199.0 199.8 200.8 201.9 203.1 204.9 206.0 206.5 206.9 206.8 207.0 207.7 207.9 208.0 208.6 208.0 209.0 209.0 209.9 210.0 209.1 209.0 209.4 209.5 210.0 209.7 209.6 209.5 209.1 209.5 210.0 210.2 210.5 210.9 210.9 210.9 210.3 210.1 210.1 210.1 210.1 210.1 210.1 210.1 210.2 210.3 210.4 210.5 210.9 210.9 210.9 210.9 210.9 210.9 210.9 210.9 210.8 210.8 210.8 210.8 210.8 210.7 210.6 210.6 210.5 210.5 210.5 210.3 210.2 210.2 210.2 210.2 210.1 210.2 210.4 210.5 210.5 210.5 210.5 210.5 210.5 210.3 210.1 210.1 210.7 210.8 211.0 211.0 211.4 16.0 17.0 16.4 16.4 16.7 16.6 17.3 17.0 17.0 17.4 19.3 20.4 21.9 23.0 23.6 23.5 24.1 24.6 26.0 27.4 29.0 30.4 31.6 33.3 34.4 36.2 37.4 39.2 40.4 41.8 43.4 45.0 46.4 48.2 49.5 51.3 52.8 54.3 55.8 57.4 59.0 60.4 61.8 63.3 64.8 66.3 67.8 69.5 71.2 72.5 74.2 75.8 77.3 78.8 80.3 81.8 83.5 85.2 86.5 88.2 89.8 91.2 92.8 94.5 95.8 97.5 99.2 100.8 102.2 103.8 105.4 106.8 108.5 109.8 111.5 113.2 114.8 116.2 117.8 119.4 120.8 122.5 123.8 125.8 127.2 128.8 130.4 131.8 133.4 134.8 136.5 137.8 139.8 141.4 142.8 144.3 145.8 147.1 148.8 150.0 161.0 1782153199.957579
186.0 187.0 189.0 190.0 192.0 193.0 194.3 196.0 197.3 198.3 199.0 199.0 199.8 200.8 201.9 203.1 204.9 206.0 206.5 206.9 206.7 207.0 207.7 207.9 208.0 208.6 208.0 209.0 209.0 209.9 210.0 209.1 209.0 209.4 209.5 210.0 209.7 209.6 209.5 209.1 209.4 210.0 210.2 210.5 210.9 210.9 210.9 210.3 210.1 210.1 210.1 210.1 210.1 210.1 210.1 210.2 210.3 210.4 210.5 210.9 210.9 210.9 210.9 210.9 210.9 210.9 210.9 210.9 210.8 210.8 210.8 210.8 210.7 210.7 210.6 210.5 210.5 210.5 210.3 210.1 210.2 210.2 210.2 210.1 210.2 210.3 210.5 210.5 210.5 210.5 210.5 210.5 210.3 210.1 210.1 210.7 210.8 211.0 211.0 211.4 16.0 17.0 16.3 16.3 16.7 16.7 17.3 17.0 17.0 17.3 19.3 20.3 21.9 23.0 23.6 23.5 24.1 24.5 26.0 27.3 29.0 30.3 31.6 33.3 34.3 36.2 37.4 39.2 40.3 41.8 43.3 45.0 46.3 48.2 49.5 51.3 52.8 54.3 55.8 57.3 59.0 60.4 61.8 63.3 64.8 66.3 67.8 69.5 71.2 72.5 74.2 75.8 77.3 78.8 80.3 81.8 83.5 85.2 86.5 88.2 89.8 91.2 92.8 94.5 95.8 97.5 99.2 100.8 102.2 103.8 105.3 106.8 108.5 109.8 111.5 113.2 114.8 116.2 117.8 119.3 120.8 122.5 123.8 125.8 127.2 128.8 130.3 131.8 133.3 134.8 136.5 137.8 139.8 141.3 142.8 144.3 145.8 147.1 148.8 150.0 162.0 1782153199.967991
186.0 187.0 189.0 190.0 192.0 193.0 194.3 196.0 197.3 198.3 199.0 199.0 199.8 200.8 201.8 203.1 204.8 206.0 206.5 206.9 206.7 207.0 207.7 207.9 208.0 208.6 208.0 209.0 209.0 209.9 210.0 209.1 209.0 209.4 209.4 210.0 209.7 209.6 209.6 209.1 209.4 210.0 210.1 210.5 210.9 210.9 210.9 210.4 210.1 210.1 210.1 210.1 210.1 210.1 210.1 210.2 210.3 210.4 210.4 210.9 210.9 210.9 210.9 210.9 210.9 210.9 210.9 210.9 210.8 210.8 210.8 210.8 210.7 210.7 210.6 210.5 210.5 210.5 210.3 210.1 210.2 210.2 210.2 210.1 210.1 210.3 210.5 210.5 210.5 210.5 210.5 210.5 210.3 210.1 210.1 210.7 210.8 211.0 211.0 211.3 16.0 17.0 16.3 16.3 16.7 16.7 17.4 17.0 17.0 17.3 19.3 20.3 21.9 23.0 23.6 23.5 24.1 24.6 26.0 27.3 29.0 30.3 31.6 33.3 34.3 36.2 37.3 39.2 40.3 41.8 43.3 45.0 46.3 48.2 49.5 51.3 52.8 54.3 55.8 57.3 59.0 60.4 61.8 63.3 64.8 66.3 67.8 69.5 71.2 72.5 74.2 75.8 77.3 78.8 80.3 81.8 83.5 85.2 86.5 88.2 89.8 91.2 92.8 94.5 95.8 97.5 99.2 100.8 102.2 103.8 105.3 106.8 108.5 109.8 111.5 113.2 114.8 116.2 117.8 119.3 120.8 122.5 123.8 125.8 127.2 128.8 130.3 131.8 133.3 134.8 136.5 137.8 139.8 141.3 142.8 144.3 145.8 147.1 148.8 150.0 163.0 1782153199.983431
186.0 187.0 189.0 190.0 192.0 193.0 194.3 196.0 197.3 198.3 199.0 199.0 199.8 200.8 201.8 203.1 204.8 206.0 206.5 206.9 206.7 207.0 207.7 207.9 208.0 208.7 208.0 209.0 209.0 209.9 210.0 209.1 209.0 209.4 209.4 210.0 209.7 209.6 209.6 209.1 209.4 210.0 210.1 210.4 210.9 210.9 210.9 210.4 210.1 210.1 210.1 210.1 210.1 210.1 210.1 210.2 210.3 210.4 210.4 210.9 210.9 210.9 210.9 210.9 210.9 210.9 210.9 210.9 210.8 210.8 210.8 210.8 210.7 210.7 210.6 210.6 210.5 210.5 210.4 210.1 210.2 210.2 210.2 210.1 210.1 210.3 210.5 210.4 210.5 210.5 210.5 210.5 210.3 210.1 210.1 210.7 210.8 211.0 211.0 211.3 16.0 17.0 16.3 16.3 16.7 16.7 17.4 17.0 17.0 17.3 19.3 20.3 21.9 23.0 23.6 23.5 24.0 24.5 26.0 27.3 29.0 30.3 31.5 33.3 34.3 36.2 37.3 39.2 40.3 41.8 43.3 45.0 46.3 48.2 49.5 51.3 52.8 54.3 55.8 57.3 59.0 60.4 61.8 63.3 64.8 66.3 67.8 69.5 71.2 72.5 74.2 75.8 77.3 78.8 80.3 81.8 83.5 85.2 86.5 88.2 89.8 91.2 92.8 94.5 95.8 97.5 99.2 100.8 102.2 103.8 105.3 106.8 108.5 109.8 111.5 113.2 114.8 116.2 117.8 119.3 120.8 122.5 123.8 125.8 127.2 128.8 130.3 131.8 133.3 134.8 136.5 137.8 139.8 141.3 142.8 144.3 145.8 147.1 148.8 150.0 164.0 1782153199.998789
186.0 187.0 189.0 190.0 192.0 193.0 194.3 196.0 197.3 198.3 199.0 199.0 199.8 200.7 201.8 203.1 204.8 206.0 206.5 206.9 206.7 207.0 207.7 207.9 208.0 208.7 208.0 209.0 209.0 209.9 210.0 209.1 209.0 209.4 209.4 210.0 209.7 209.6 209.6 209.1 209.4 210.0 210.1 210.4 211.0 211.0 210.9 210.4 210.0 210.1 210.1 210.1 210.1 210.1 210.1 210.2 210.3 210.4 210.4 210.9 210.9 210.9 210.9 210.9 210.9 210.9 210.9 210.9 210.8 210.8 210.8 210.8 210.7 210.7 210.6 210.6 210.5 210.5 210.4 210.1 210.2 210.2 210.2 210.1 210.1 210.3 210.5 210.4 210.4 210.4 210.4 210.4 210.2 210.1 210.1 210.7 210.8 211.0 211.0 211.3 16.0 17.0 16.3 16.3 16.7 16.7 17.4 17.0 17.0 17.3 19.2 20.3 21.9 23.0 23.6 23.5 24.0 24.6 26.0 27.3 29.0 30.3 31.5 33.3 34.3 36.1 37.3 39.1 40.3 41.9 43.3 45.0 46.3 48.1 49.5 51.3 52.9 54.3 55.9 57.3 59.0 60.3 61.9 63.3 64.9 66.3 67.9 69.5 71.1 72.5 74.1 75.9 77.3 78.9 80.3 81.9 83.5 85.1 86.5 88.1 89.9 91.1 92.9 94.5 95.9 97.5 99.1 100.8 102.1 103.9 105.3 106.9 108.5 109.9 111.5 113.1 114.8 116.1 117.8 119.3 120.9 122.5 123.9 125.8 127.1 128.8 130.3 131.8 133.3 134.8 136.5 137.9 139.8 141.3 142.8 144.3 145.8 147.1 148.8 150.0 165.0 1782153200.009193
186.0 187.0 189.0 190.0 192.0 193.0 194.3 196.0 197.3 198.3 199.0 199.0 199.8 200.8 201.8 203.1 204.8 206.0 206.5 206.9 206.7 207.0 207.8 207.9 208.0 208.7 208.0 209.0 209.0 209.9 210.0 209.1 209.0 209.4 209.4 210.0 209.7 209.6 209.6 209.1 209.4 210.0 210.1 210.4 211.0 211.0 210.9 210.4 210.0 210.1 210.1 210.1 210.1 210.1 210.1 210.2 210.3 210.3 210.4 210.9 210.9 210.9 210.9 210.9 210.9 210.9 210.9 210.9 210.9 210.9 210.8 210.8 210.7 210.7 210.6 210.6 210.6 210.6 210.4 210.1 210.1 210.1 210.1 210.1 210.1 210.3 210.4 210.4 210.4 210.4 210.4 210.4 210.2 210.1 210.1 210.7 210.8 211.0 211.0 211.3 16.0 17.0 16.3 16.3 16.7 16.7 17.4 17.0 17.0 17.3 19.2 20.3 21.9 23.0 23.6 23.5 24.0 24.5 26.0 27.3 29.0 30.3 31.5 33.3 34.3 36.1 37.3 39.1 40.3 41.9 43.3 45.0 46.3 48.1 49.4 51.3 52.9 54.3 55.9 57.3 59.0 60.3 61.9 63.3 64.9 66.3 67.9 69.4 71.1 72.4 74.1 75.9 77.3 78.9 80.3 81.9 83.4 85.1 86.4 88.1 89.9 91.1 92.9 94.4 95.9 97.4 99.1 100.9 102.1 103.9 105.3 106.9 108.4 109.9 111.4 113.1 114.9 116.1 117.9 119.3 120.9 122.4 123.9 125.9 127.1 128.9 130.3 131.9 133.3 134.9 136.4 137.9 139.9 141.3 142.9 144.3 145.9 147.1 148.9 150.0 166.0 1782153200.019595
186.0 187.0 189.0 190.0 192.0 193.0 194.3 196.0 197.3 198.3 199.0 199.0 199.8 200.8 201.8 203.1 204.8 206.0 206.5 206.9 206.7 207.0 207.8 207.9 208.0 208.7 208.0 209.0 209.0 209.9 210.0 209.1 209.0 209.3 209.4 210.0 209.7 209.7 209.6 209.1 209.4 210.0 210.1 210.4 211.0 211.0 210.9 210.5 210.0 210.1 210.1 210.1 210.1 210.1 210.1 210.1 210.3 210.3 210.4 210.9 210.9 210.9 210.9 210.9 210.9 210.9 210.9 210.9 210.9 210.9 210.8 210.8 210.7 210.7 210.6 210.6 210.6 210.6 210.4 210.1 210.1 210.1 210.1 210.1 210.1 210.3 210.4 210.4 210.4 210.4 210.4 210.4 210.2 210.1 210.1 210.7 210.8 211.0 211.0 211.3 16.0 17.0 16.3 16.3 16.7 16.7 17.5 17.0 17.0 17.3 19.2 20.3 21.9 23.0 23.6 23.5 24.0 24.5 26.0 27.3 29.0 30.3 31.5 33.3 34.3 36.1 37.3 39.1 40.3 41.9 43.3 45.0 46.3 48.1 49.4 51.3 52.9 54.3 55.9 57.3 59.0 60.3 61.9 63.3 64.9 66.3 67.9 69.4 71.1 72.4 74.1 75.9 77.3 78.9 80.3 81.9 83.4 85.1 86.4 88.1 89.9 91.1 92.9 94.4 95.9 97.4 99.1 100.9 102.1 103.9 105.3 106.9 108.4 109.9 111.4 113.1 114.9 116.1 117.9 119.3 120.9 122.4 123.9 125.9 127.1 128.9 130.3 131.9 133.3 134.9 136.4 137.9 139.9 141.3 142.9 144.3 145.9 147.1 148.9 150.0 167.0 1782153200.035002
186.0 187.0 189.0 190.0 192.0 193.0 194.3 196.0 197.3 198.3 199.0 199.0 199.8 200.8 201.8 203.1 204.8 206.0 206.6 206.9 206.7 207.0 207.7 207.9 208.0 208.7 208.0 209.0 209.0 209.9 210.0 209.1 209.0 209.4 209.4 210.0 209.7 209.6 209.6 209.0 209.4 210.0 210.1 210.4 211.0 211.0 210.9 210.4 210.0 210.1 210.1 210.1 210.1 210.1 210.1 210.1 210.3 210.3 210.4 210.9 210.9 210.9 210.9 210.9 210.9 210.9 210.9 210.9 210.9 210.9 210.8 210.8 210.7 210.7 210.7 210.6 210.6 210.6 210.4 210.1 210.1 210.1 210.1 210.1 210.1 210.3 210.4 210.4 210.4 210.4 210.4 210.4 210.2 210.1 210.1 210.8 210.9 211.0 211.0 211.3 16.0 17.0 16.3 16.3 16.7 16.7 17.5 17.0 17.0 17.3 19.2 20.3 21.9 23.0 23.5 23.4 24.0 24.5 26.0 27.3 29.0 30.3 31.5 33.3 34.3 36.1 37.3 39.1 40.3 41.9 43.3 45.0 46.3 48.1 49.4 51.3 52.9 54.3 55.9 57.3 59.0 60.3 61.9 63.3 64.9 66.3 67.9 69.4 71.1 72.4 74.1 75.9 77.3 78.9 80.3 81.9 83.4 85.1 86.4 88.1 89.9 91.1 92.9 94.4 95.9 97.4 99.1 100.9 102.1 103.9 105.3 106.9 108.4 109.9 111.4 113.1 114.9 116.1 117.9 119.3 120.9 122.4 123.9 125.9 127.1 128.9 130.3 131.9 133.3 134.9 136.4 137.9 139.9 141.3 142.9 144.3 145.9 147.1 148.9 150.0 168.0 1782153200.045417
186.0 187.0 189.0 190.0 192.0 193.0 194.3 196.0 197.3 198.3 199.0 199.0 199.8 200.7 201.8 203.1 204.8 206.0 206.5 206.9 206.7 207.0 207.7 207.9 208.0 208.7 208.0 209.0 209.0 209.9 210.0 209.0 209.0 209.4 209.4 210.0 209.7 209.6 209.6 209.0 209.4 210.0 210.1 210.4 211.0 211.0 210.9 210.5 210.0 210.1 210.1 210.1 210.1 210.1 210.1 210.1 210.3 210.3 210.4 210.9 210.9 210.9 210.9 211.0 210.9 210.9 210.9 210.9 210.9 210.9 210.8 210.8 210.8 210.7 210.7 210.6 210.6 210.6 210.4 210.1 210.1 210.1 210.1 210.1 210.1 210.3 210.4 210.4 210.4 210.4 210.4 210.4 210.2 210.1 210.1 210.8 210.9 211.0 211.0 211.3 16.0 17.0 16.3 16.3 16.8 16.7 17.5 17.0 17.0 17.3 19.2 20.3 21.9 23.0 23.6 23.5 24.0 24.5 26.0 27.3 29.0 30.3 31.5 33.3 34.3 36.1 37.3 39.1 40.3 41.9 43.3 45.0 46.3 48.1 49.4 51.3 52.9 54.3 55.9 57.3 59.0 60.3 61.9 63.3 64.9 66.3 67.9 69.4 71.1 72.4 74.1 75.9 77.3 78.9 80.3 81.9 83.4 85.1 86.4 88.1 89.9 91.1 92.9 94.4 95.9 97.4 99.1 100.9 102.1 103.9 105.3 106.9 108.4 109.9 111.4 113.1 114.9 116.1 117.9 119.3 120.9 122.4 123.9 125.9 127.1 128.9 130.3 131.9 133.3 134.9 136.4 137.9 139.9 141.3 142.9 144.2 145.9 147.1 148.9 150.0 169.0 1782153200.060628
