617.0 662.0 666.0 671.0 675.0 680.0 685.0 689.0 694.0 699.0 704.0 709.0 714.0 719.0 723.0 728.0 733.0 738.0 743.0 748.0 753.0 758.0 763.0 768.0 773.0 778.0 783.0 788.0 793.0 798.0 803.0 809.0 814.0 819.0 824.0 829.0 834.0 840.0 845.0 850.0 855.0 860.0 865.0 871.0 876.0 881.0 887.0 892.0 897.0 902.0 907.0 913.0 918.0 923.0 928.0 933.0 939.0 944.0 949.0 954.0 959.0 965.0 970.0 975.0 981.0 986.0 991.0 996.0 1001.0 1007.0 1012.0 1017.0 1022.0 1027.0 1032.0 1037.0 1043.0 1048.0 1053.0 1058.0 1063.0 1068.0 1074.0 1079.0 1084.0 1089.0 1094.0 1099.0 1105.0 1110.0 1115.0 1120.0 1125.0 1131.0 1136.0 1141.0 1146.0 1151.0 1156.0 1161.0 5.0 30.0 34.0 38.0 42.0 46.0 51.0 55.0 59.0 63.0 67.0 70.0 74.0 78.0 82.0 86.0 89.0 93.0 97.0 101.0 104.0 108.0 111.0 115.0 118.0 121.0 125.0 129.0 132.0 136.0 138.0 142.0 145.0 149.0 152.0 155.0 158.0 161.0 165.0 168.0 171.0 174.0 177.0 180.0 184.0 187.0 189.0 192.0 196.0 199.0 202.0 205.0 208.0 211.0 214.0 217.0 220.0 223.0 226.0 229.0 232.0 235.0 238.0 241.0 245.0 247.0 251.0 254.0 257.0 260.0 263.0 266.0 270.0 273.0 276.0 279.0 282.0 286.0 289.0 292.0 295.0 298.0 302.0 305.0 308.0 311.0 315.0 318.0 321.0 324.0 327.0 331.0 334.0 337.0 340.0 343.0 346.0 349.0 352.0 355.0 0.0
617.0 660.0 664.0 668.0 672.0 677.0 682.0 686.0 691.0 695.0 700.0 705.0 709.0 714.0 719.0 723.0 728.0 733.0 738.0 743.0 747.0 752.0 757.0 762.0 767.0 772.0 777.0 782.0 787.0 792.0 797.0 802.0 807.0 812.0 817.0 822.0 827.0 832.0 837.0 843.0 847.0 852.0 858.0 863.0 868.0 873.0 878.0 883.0 888.0 893.0 898.0 903.0 908.0 913.0 919.0 923.0 928.0 933.0 939.0 944.0 948.0 953.0 958.0 964.0 968.0 973.0 978.0 983.0 988.0 994.0 998.0 1003.0 1009.0 1014.0 1019.0 1024.0 1029.0 1034.0 1039.0 1045.0 1050.0 1055.0 1061.0 1066.0 1072.0 1077.0 1083.0 1088.0 1093.0 1099.0 1104.0 1109.0 1115.0 1121.0 1126.0 1131.0 1137.0 1142.0 1148.0 1153.0 5.0 37.0 41.0 46.0 51.0 56.0 60.0 66.0 70.0 75.0 79.0 84.0 89.0 93.0 98.0 103.0 107.0 111.0 116.0 121.0 125.0 129.0 134.0 138.0 142.0 146.0 151.0 155.0 159.0 164.0 168.0 172.0 176.0 181.0 185.0 188.0 193.0 197.0 201.0 205.0 209.0 213.0 217.0 221.0 225.0 229.0 233.0 237.0 242.0 245.0 249.0 253.0 257.0 261.0 265.0 269.0 274.0 277.0 282.0 286.0 289.0 294.0 298.0 301.0 306.0 310.0 314.0 318.0 322.0 326.0 330.0 334.0 338.0 343.0 346.0 350.0 354.0 359.0 363.0 367.0 371.0 374.0 379.0 383.0 387.0 390.0 394.0 398.0 402.0 406.0 409.0 413.0 417.0 421.0 424.0 428.0 432.0 435.0 439.0 443.0 1.0
617.0 656.0 659.0 663.0 667.0 671.0 675.0 679.0 683.0 687.0 691.0 695.0 700.0 704.0 708.0 712.0 716.0 720.0 724.0 729.0 733.0 738.0 742.0 746.0 751.0 755.0 759.0 764.0 768.0 773.0 777.0 782.0 786.0 790.0 795.0 799.0 804.0 808.0 813.0 818.0 822.0 826.0 831.0 836.0 840.0 844.0 849.0 854.0 858.0 863.0 867.0 871.0 876.0 880.0 885.0 889.0 894.0 898.0 903.0 907.0 911.0 915.0 920.0 924.0 928.0 933.0 937.0 941.0 946.0 950.0 954.0 959.0 963.0 967.0 972.0 976.0 981.0 985.0 990.0 994.0 999.0 1003.0 1008.0 1013.0 1018.0 1022.0 1027.0 1032.0 1037.0 1042.0 1046.0 1051.0 1056.0 1061.0 1066.0 1071.0 1076.0 1081.0 1086.0 1091.0 5.0 40.0 45.0 50.0 55.0 61.0 66.0 71.0 76.0 81.0 86.0 92.0 97.0 102.0 107.0 112.0 117.0 122.0 127.0 132.0 137.0 142.0 146.0 151.0 156.0 161.0 166.0 171.0 175.0 180.0 185.0 190.0 194.0 199.0 204.0 208.0 213.0 218.0 223.0 227.0 232.0 236.0 241.0 246.0 250.0 255.0 259.0 264.0 269.0 273.0 278.0 283.0 287.0 292.0 297.0 301.0 306.0 311.0 315.0 320.0 324.0 329.0 334.0 339.0 343.0 348.0 353.0 358.0 362.0 367.0 372.0 377.0 381.0 386.0 390.0 395.0 400.0 405.0 409.0 414.0 418.0 423.0 428.0 432.0 437.0 441.0 446.0 450.0 455.0 459.0 464.0 468.0 472.0 477.0 481.0 485.0 489.0 494.0 498.0 502.0 2.0
617.0 651.0 654.0 657.0 661.0 664.0 668.0 671.0 674.0 678.0 681.0 685.0 688.0 692.0 695.0 699.0 702.0 706.0 709.0 713.0 717.0 720.0 724.0 728.0 731.0 735.0 739.0 742.0 746.0 750.0 753.0 757.0 761.0 764.0 768.0 772.0 776.0 780.0 783.0 787.0 791.0 795.0 798.0 802.0 805.0 809.0 813.0 817.0 820.0 824.0 828.0 831.0 835.0 838.0 842.0 846.0 849.0 853.0 856.0 860.0 863.0 867.0 870.0 874.0 877.0 881.0 884.0 887.0 891.0 894.0 897.0 901.0 904.0 907.0 911.0 914.0 917.0 921.0 924.0 928.0 931.0 935.0 938.0 942.0 945.0 949.0 953.0 956.0 960.0 964.0 967.0 971.0 975.0 979.0 983.0 987.0 990.0 995.0 998.0 1002.0 5.0 42.0 47.0 53.0 58.0 63.0 69.0 74.0 80.0 85.0 90.0 96.0 101.0 106.0 111.0 117.0 122.0 127.0 132.0 138.0 143.0 148.0 153.0 158.0 163.0 169.0 174.0 179.0 184.0 189.0 194.0 199.0 204.0 209.0 214.0 219.0 224.0 229.0 234.0 239.0 244.0 249.0 254.0 259.0 264.0 269.0 274.0 279.0 284.0 289.0 294.0 299.0 304.0 310.0 314.0 320.0 325.0 330.0 335.0 340.0 345.0 350.0 355.0 360.0 365.0 370.0 375.0 381.0 386.0 391.0 396.0 401.0 406.0 412.0 417.0 422.0 427.0 432.0 437.0 443.0 448.0 453.0 458.0 463.0 468.0 473.0 478.0 483.0 488.0 493.0 498.0 503.0 508.0 513.0 518.0 522.0 527.0 532.0 536.0 541.0 3.0
617.0 645.0 647.0 650.0 652.0 655.0 658.0 661.0 663.0 666.0 669.0 671.0 674.0 677.0 679.0 682.0 684.0 687.0 690.0 693.0 696.0 698.0 701.0 704.0 707.0 710.0 712.0 715.0 718.0 721.0 724.0 726.0 729.0 732.0 735.0 738.0 741.0 743.0 746.0 749.0 752.0 755.0 757.0 760.0 763.0 766.0 768.0 771.0 774.0 777.0 779.0 782.0 784.0 787.0 790.0 792.0 795.0 797.0 800.0 802.0 805.0 807.0 810.0 812.0 814.0 817.0 819.0 821.0 823.0 826.0 828.0 830.0 832.0 834.0 836.0 838.0 841.0 843.0 845.0 847.0 849.0 851.0 854.0 856.0 858.0 860.0 863.0 865.0 868.0 870.0 872.0 875.0 877.0 880.0 883.0 885.0 888.0 891.0 893.0 896.0 5.0 43.0 48.0 54.0 59.0 65.0 70.0 76.0 81.0 87.0 92.0 98.0 103.0 109.0 114.0 120.0 125.0 130.0 136.0 141.0 147.0 152.0 157.0 162.0 168.0 173.0 179.0 184.0 189.0 195.0 200.0 205.0 211.0 216.0 221.0 227.0 232.0 237.0 242.0 247.0 253.0 258.0 263.0 269.0 274.0 279.0 285.0 290.0 295.0 301.0 306.0 311.0 317.0 322.0 327.0 333.0 338.0 344.0 349.0 354.0 359.0 365.0 370.0 376.0 381.0 386.0 392.0 397.0 403.0 408.0 413.0 419.0 424.0 430.0 435.0 441.0 446.0 451.0 457.0 462.0 467.0 473.0 478.0 483.0 489.0 494.0 499.0 504.0 510.0 515.0 520.0 525.0 531.0 536.0 541.0 546.0 551.0 556.0 562.0 567.0 4.0
617.0 635.0 636.0 637.0 639.0 641.0 642.0 644.0 645.0 647.0 648.0 649.0 651.0 652.0 654.0 656.0 657.0 658.0 660.0 661.0 663.0 664.0 666.0 668.0 669.0 671.0 672.0 674.0 675.0 677.0 678.0 680.0 681.0 683.0 684.0 686.0 687.0 689.0 690.0 692.0 693.0 695.0 696.0 698.0 699.0 701.0 702.0 703.0 704.0 706.0 707.0 709.0 710.0 711.0 712.0 713.0 715.0 716.0 717.0 718.0 719.0 720.0 721.0 722.0 723.0 724.0 725.0 725.0 726.0 727.0 728.0 729.0 729.0 730.0 731.0 731.0 732.0 733.0 733.0 734.0 735.0 736.0 737.0 738.0 738.0 739.0 741.0 742.0 743.0 744.0 745.0 746.0 747.0 749.0 750.0 751.0 752.0 753.0 755.0 756.0 5.0 48.0 54.0 60.0 65.0 71.0 77.0 83.0 89.0 94.0 100.0 105.0 111.0 117.0 122.0 128.0 133.0 139.0 145.0 150.0 156.0 162.0 167.0 173.0 178.0 184.0 189.0 195.0 200.0 206.0 211.0 217.0 222.0 228.0 233.0 239.0 245.0 250.0 256.0 261.0 266.0 272.0 277.0 283.0 289.0 294.0 299.0 305.0 311.0 316.0 321.0 327.0 333.0 338.0 343.0 349.0 354.0 360.0 365.0 371.0 376.0 382.0 387.0 393.0 398.0 404.0 409.0 415.0 420.0 426.0 431.0 437.0 442.0 448.0 453.0 458.0 464.0 469.0 475.0 480.0 486.0 491.0 496.0 502.0 507.0 512.0 518.0 523.0 529.0 534.0 540.0 545.0 551.0 556.0 561.0 567.0 572.0 577.0 583.0 588.0 5.0
617.0 622.0 622.0 622.0 622.0 622.0 622.0 622.0 622.0 622.0 622.0 621.0 622.0 621.0 621.0 621.0 621.0 621.0 621.0 621.0 620.0 620.0 620.0 620.0 620.0 620.0 620.0 620.0 620.0 620.0 619.0 619.0 619.0 619.0 619.0 619.0 619.0 618.0 618.0 618.0 618.0 617.0 617.0 617.0 617.0 617.0 616.0 616.0 616.0 615.0 615.0 615.0 614.0 614.0 613.0 612.0 612.0 611.0 611.0 610.0 609.0 609.0 608.0 607.0 606.0 605.0 604.0 603.0 603.0 602.0 601.0 600.0 599.0 598.0 598.0 597.0 596.0 596.0 595.0 595.0 594.0 594.0 594.0 593.0 593.0 592.0 592.0 591.0 591.0 591.0 590.0 590.0 590.0 590.0 590.0 589.0 589.0 589.0 588.0 588.0 5.0 50.0 56.0 62.0 67.0 73.0 79.0 85.0 91.0 96.0 102.0 108.0 114.0 120.0 126.0 131.0 137.0 143.0 149.0 154.0 160.0 166.0 171.0 177.0 183.0 188.0 194.0 200.0 205.0 211.0 217.0 222.0 228.0 234.0 239.0 245.0 251.0 256.0 262.0 267.0 273.0 279.0 284.0 290.0 296.0 301.0 307.0 312.0 318.0 323.0 329.0 335.0 340.0 346.0 351.0 357.0 363.0 368.0 374.0 379.0 385.0 390.0 396.0 401.0 407.0 412.0 418.0 423.0 429.0 435.0 440.0 446.0 451.0 457.0 462.0 468.0 474.0 479.0 485.0 490.0 496.0 502.0 507.0 513.0 519.0 524.0 530.0 536.0 541.0 547.0 553.0 558.0 564.0 570.0 575.0 581.0 587.0 592.0 597.0 603.0 6.0
617.0 610.0 609.0 607.0 606.0 604.0 603.0 601.0 600.0 598.0 596.0 595.0 593.0 591.0 589.0 588.0 586.0 584.0 582.0 580.0 579.0 577.0 575.0 573.0 571.0 570.0 568.0 566.0 564.0 563.0 561.0 559.0 557.0 555.0 553.0 552.0 550.0 548.0 546.0 544.0 542.0 540.0 538.0 537.0 535.0 533.0 531.0 529.0 527.0 524.0 523.0 520.0 518.0 516.0 514.0 511.0 509.0 507.0 505.0 503.0 500.0 498.0 495.0 493.0 491.0 488.0 486.0 483.0 481.0 479.0 476.0 474.0 472.0 470.0 467.0 465.0 463.0 461.0 459.0 457.0 455.0 453.0 451.0 449.0 448.0 446.0 444.0 442.0 440.0 438.0 436.0 435.0 433.0 431.0 430.0 428.0 426.0 424.0 422.0 421.0 5.0 51.0 57.0 63.0 69.0 75.0 80.0 86.0 92.0 98.0 104.0 110.0 115.0 121.0 127.0 133.0 138.0 144.0 150.0 155.0 161.0 167.0 172.0 178.0 184.0 189.0 195.0 200.0 206.0 212.0 217.0 223.0 228.0 234.0 240.0 245.0 250.0 256.0 262.0 267.0 272.0 278.0 283.0 289.0 294.0 300.0 305.0 310.0 316.0 321.0 326.0 332.0 337.0 342.0 348.0 353.0 358.0 363.0 369.0 374.0 379.0 384.0 389.0 395.0 400.0 405.0 410.0 415.0 421.0 426.0 432.0 437.0 443.0 448.0 454.0 459.0 465.0 471.0 476.0 482.0 488.0 493.0 499.0 505.0 511.0 516.0 522.0 527.0 533.0 539.0 544.0 550.0 556.0 561.0 567.0 573.0 578.0 584.0 589.0 594.0 7.0
617.0 603.0 601.0 599.0 596.0 594.0 591.0 589.0 586.0 583.0 581.0 578.0 575.0 573.0 569.0 567.0 564.0 561.0 558.0 555.0 552.0 549.0 547.0 544.0 541.0 538.0 535.0 532.0 529.0 527.0 524.0 521.0 518.0 515.0 512.0 509.0 506.0 503.0 500.0 497.0 494.0 491.0 488.0 485.0 482.0 479.0 476.0 473.0 470.0 466.0 463.0 460.0 457.0 454.0 450.0 447.0 444.0 440.0 437.0 434.0 430.0 427.0 423.0 420.0 416.0 413.0 409.0 406.0 402.0 399.0 396.0 392.0 389.0 385.0 382.0 379.0 375.0 372.0 369.0 366.0 363.0 360.0 357.0 354.0 351.0 348.0 345.0 342.0 339.0 336.0 333.0 330.0 327.0 324.0 321.0 318.0 315.0 312.0 309.0 306.0 5.0 50.0 57.0 62.0 68.0 74.0 79.0 85.0 91.0 96.0 102.0 107.0 113.0 118.0 124.0 129.0 135.0 140.0 146.0 151.0 157.0 162.0 167.0 173.0 178.0 183.0 189.0 194.0 199.0 205.0 210.0 215.0 221.0 226.0 231.0 236.0 242.0 247.0 252.0 257.0 262.0 267.0 272.0 277.0 282.0 288.0 293.0 298.0 303.0 308.0 312.0 318.0 323.0 327.0 332.0 337.0 342.0 346.0 351.0 356.0 360.0 365.0 370.0 374.0 379.0 384.0 388.0 393.0 398.0 402.0 407.0 412.0 417.0 422.0 426.0 431.0 437.0 442.0 446.0 452.0 457.0 462.0 467.0 472.0 477.0 482.0 487.0 493.0 498.0 503.0 509.0 514.0 519.0 524.0 529.0 535.0 540.0 545.0 550.0 555.0 8.0
617.0 599.0 596.0 593.0 590.0 588.0 585.0 581.0 578.0 575.0 571.0 568.0 565.0 561.0 558.0 554.0 551.0 547.0 543.0 540.0 536.0 533.0 529.0 526.0 522.0 519.0 515.0 511.0 508.0 504.0 500.0 497.0 493.0 490.0 486.0 482.0 478.0 475.0 471.0 467.0 463.0 459.0 456.0 452.0 448.0 445.0 440.0 436.0 433.0 429.0 425.0 421.0 417.0 413.0 409.0 405.0 401.0 397.0 392.0 388.0 384.0 380.0 375.0 371.0 367.0 363.0 359.0 354.0 350.0 346.0 341.0 337.0 333.0 329.0 325.0 320.0 316.0 312.0 308.0 304.0 300.0 296.0 292.0 288.0 285.0 281.0 277.0 273.0 269.0 265.0 261.0 258.0 254.0 250.0 246.0 243.0 239.0 235.0 231.0 227.0 5.0 50.0 56.0 62.0 68.0 73.0 78.0 84.0 90.0 95.0 101.0 106.0 112.0 117.0 122.0 128.0 133.0 138.0 144.0 149.0 155.0 160.0 165.0 170.0 175.0 180.0 186.0 191.0 196.0 201.0 206.0 211.0 216.0 221.0 226.0 231.0 236.0 241.0 246.0 251.0 255.0 260.0 265.0 270.0 275.0 279.0 284.0 289.0 293.0 298.0 302.0 307.0 312.0 316.0 320.0 324.0 329.0 333.0 337.0 342.0 345.0 350.0 354.0 358.0 362.0 366.0 370.0 374.0 379.0 383.0 387.0 391.0 395.0 399.0 403.0 407.0 412.0 416.0 421.0 425.0 429.0 434.0 438.0 443.0 448.0 452.0 457.0 462.0 466.0 471.0 476.0 481.0 485.0 490.0 494.0 499.0 504.0 508.0 513.0 517.0 9.0
617.0 596.0 593.0 590.0 587.0 584.0 580.0 577.0 573.0 570.0 566.0 562.0 558.0 555.0 551.0 547.0 543.0 539.0 535.0 531.0 527.0 523.0 519.0 515.0 511.0 507.0 503.0 499.0 495.0 491.0 487.0 483.0 478.0 474.0 470.0 466.0 462.0 458.0 453.0 449.0 445.0 440.0 436.0 432.0 427.0 423.0 419.0 414.0 410.0 405.0 401.0 397.0 392.0 388.0 383.0 378.0 374.0 369.0 364.0 360.0 355.0 350.0 345.0 341.0 336.0 331.0 326.0 321.0 316.0 312.0 307.0 302.0 297.0 292.0 288.0 283.0 278.0 273.0 268.0 264.0 259.0 255.0 250.0 246.0 241.0 237.0 232.0 228.0 223.0 219.0 214.0 210.0 206.0 201.0 196.0 192.0 187.0 183.0 178.0 174.0 5.0 51.0 57.0 62.0 68.0 73.0 79.0 85.0 91.0 96.0 101.0 107.0 112.0 117.0 123.0 128.0 133.0 139.0 144.0 149.0 154.0 160.0 165.0 170.0 175.0 180.0 185.0 191.0 195.0 200.0 205.0 210.0 215.0 220.0 225.0 230.0 235.0 239.0 244.0 249.0 254.0 258.0 263.0 267.0 272.0 277.0 281.0 285.0 290.0 294.0 298.0 303.0 307.0 311.0 315.0 319.0 323.0 327.0 331.0 335.0 338.0 342.0 346.0 350.0 353.0 357.0 361.0 364.0 368.0 371.0 375.0 379.0 382.0 386.0 389.0 393.0 397.0 401.0 404.0 409.0 412.0 416.0 420.0 425.0 429.0 433.0 437.0 441.0 445.0 450.0 454.0 458.0 462.0 466.0 470.0 474.0 478.0 482.0 486.0 490.0 10.0
617.0 595.0 592.0 589.0 586.0 582.0 579.0 575.0 572.0 568.0 564.0 560.0 556.0 552.0 548.0 544.0 540.0 536.0 532.0 528.0 524.0 519.0 515.0 511.0 506.0 502.0 498.0 493.0 489.0 485.0 481.0 476.0 472.0 467.0 463.0 458.0 454.0 449.0 445.0 440.0 435.0 431.0 426.0 421.0 416.0 412.0 407.0 402.0 397.0 392.0 388.0 383.0 378.0 373.0 368.0 363.0 358.0 353.0 347.0 342.0 337.0 332.0 327.0 321.0 316.0 311.0 306.0 300.0 295.0 290.0 284.0 279.0 274.0 269.0 263.0 258.0 253.0 248.0 242.0 237.0 232.0 227.0 222.0 217.0 212.0 207.0 202.0 197.0 192.0 187.0 182.0 177.0 172.0 167.0 162.0 157.0 152.0 147.0 141.0 136.0 5.0 52.0 58.0 64.0 70.0 75.0 81.0 87.0 92.0 98.0 103.0 109.0 114.0 120.0 125.0 131.0 136.0 141.0 147.0 152.0 157.0 163.0 168.0 173.0 178.0 183.0 189.0 194.0 199.0 204.0 209.0 214.0 219.0 224.0 229.0 234.0 239.0 244.0 248.0 253.0 258.0 263.0 267.0 272.0 276.0 280.0 285.0 289.0 293.0 297.0 301.0 306.0 310.0 314.0 317.0 321.0 325.0 329.0 332.0 336.0 340.0 343.0 346.0 350.0 353.0 356.0 360.0 363.0 366.0 369.0 372.0 376.0 379.0 383.0 386.0 389.0 393.0 396.0 400.0 403.0 406.0 410.0 414.0 418.0 422.0 425.0 429.0 433.0 437.0 441.0 444.0 448.0 452.0 455.0 459.0 463.0 466.0 469.0 473.0 476.0 11.0
617.0 595.0 592.0 589.0 586.0 583.0 579.0 575.0 572.0 568.0 564.0 560.0 556.0 553.0 548.0 544.0 540.0 536.0 532.0 528.0 523.0 519.0 515.0 511.0 506.0 502.0 497.0 493.0 489.0 484.0 479.0 475.0 470.0 466.0 461.0 456.0 452.0 447.0 442.0 437.0 432.0 427.0 422.0 417.0 412.0 407.0 402.0 397.0 392.0 387.0 382.0 376.0 371.0 366.0 361.0 355.0 350.0 344.0 339.0 333.0 328.0 322.0 316.0 311.0 305.0 299.0 294.0 288.0 282.0 277.0 271.0 265.0 260.0 254.0 249.0 243.0 237.0 232.0 226.0 221.0 215.0 210.0 204.0 199.0 194.0 188.0 183.0 177.0 172.0 167.0 161.0 155.0 150.0 145.0 139.0 134.0 128.0 122.0 116.0 111.0 5.0 54.0 60.0 66.0 72.0 77.0 84.0 89.0 95.0 101.0 106.0 112.0 118.0 123.0 129.0 135.0 140.0 146.0 151.0 157.0 162.0 168.0 173.0 179.0 184.0 189.0 195.0 200.0 205.0 211.0 216.0 221.0 226.0 232.0 237.0 242.0 247.0 252.0 257.0 261.0 266.0 271.0 276.0 280.0 285.0 290.0 294.0 298.0 302.0 307.0 311.0 315.0 319.0 323.0 326.0 330.0 334.0 338.0 341.0 344.0 348.0 351.0 354.0 358.0 361.0 364.0 367.0 370.0 373.0 376.0 380.0 383.0 386.0 389.0 392.0 396.0 399.0 403.0 406.0 409.0 413.0 416.0 420.0 424.0 427.0 431.0 435.0 438.0 442.0 445.0 449.0 452.0 455.0 459.0 462.0 465.0 469.0 471.0 475.0 478.0 12.0
617.0 595.0 592.0 589.0 586.0 582.0 579.0 575.0 571.0 567.0 564.0 560.0 556.0 552.0 548.0 544.0 539.0 535.0 531.0 527.0 522.0 518.0 514.0 510.0 505.0 501.0 496.0 492.0 487.0 483.0 478.0 473.0 469.0 464.0 459.0 454.0 450.0 445.0 440.0 435.0 429.0 424.0 419.0 414.0 409.0 403.0 398.0 393.0 387.0 382.0 376.0 371.0 365.0 360.0 354.0 348.0 342.0 336.0 331.0 325.0 319.0 313.0 307.0 301.0 296.0 290.0 284.0 278.0 272.0 266.0 260.0 254.0 249.0 243.0 237.0 231.0 225.0 220.0 214.0 208.0 203.0 197.0 191.0 185.0 180.0 174.0 168.0 162.0 156.0 151.0 145.0 139.0 133.0 127.0 121.0 115.0 109.0 103.0 97.0 92.0 5.0 56.0 62.0 68.0 75.0 80.0 87.0 93.0 99.0 105.0 111.0 117.0 123.0 128.0 134.0 140.0 146.0 152.0 158.0 163.0 169.0 175.0 181.0 187.0 192.0 198.0 204.0 209.0 215.0 220.0 226.0 231.0 237.0 242.0 247.0 253.0 258.0 264.0 269.0 274.0 279.0 284.0 289.0 294.0 299.0 304.0 308.0 313.0 318.0 322.0 326.0 331.0 335.0 339.0 343.0 347.0 351.0 354.0 358.0 362.0 365.0 369.0 372.0 376.0 379.0 383.0 386.0 390.0 393.0 397.0 400.0 404.0 408.0 411.0 415.0 419.0 422.0 426.0 430.0 434.0 438.0 441.0 445.0 449.0 453.0 456.0 460.0 464.0 468.0 471.0 475.0 478.0 481.0 485.0 488.0 491.0 494.0 497.0 501.0 504.0 13.0
617.0 594.0 591.0 588.0 584.0 581.0 577.0 574.0 570.0 566.0 562.0 558.0 554.0 550.0 546.0 542.0 537.0 533.0 529.0 525.0 520.0 516.0 512.0 508.0 503.0 499.0 494.0 490.0 485.0 481.0 476.0 472.0 467.0 463.0 458.0 453.0 448.0 443.0 439.0 434.0 429.0 424.0 419.0 414.0 408.0 403.0 398.0 393.0 387.0 382.0 377.0 371.0 366.0 360.0 355.0 349.0 343.0 337.0 332.0 325.0 320.0 314.0 308.0 302.0 297.0 291.0 285.0 279.0 274.0 268.0 262.0 257.0 251.0 246.0 240.0 235.0 229.0 224.0 218.0 213.0 208.0 202.0 197.0 191.0 186.0 180.0 175.0 169.0 163.0 158.0 152.0 146.0 141.0 135.0 129.0 123.0 117.0 111.0 105.0 100.0 5.0 56.0 63.0 69.0 75.0 81.0 88.0 94.0 100.0 106.0 112.0 118.0 124.0 130.0 136.0 142.0 148.0 154.0 160.0 166.0 171.0 177.0 184.0 189.0 195.0 201.0 207.0 213.0 218.0 224.0 230.0 236.0 241.0 247.0 252.0 258.0 264.0 269.0 275.0 280.0 285.0 291.0 296.0 301.0 307.0 312.0 317.0 322.0 327.0 331.0 336.0 341.0 346.0 350.0 355.0 359.0 363.0 367.0 372.0 376.0 380.0 384.0 388.0 392.0 396.0 401.0 405.0 409.0 413.0 417.0 421.0 426.0 430.0 434.0 439.0 443.0 448.0 452.0 457.0 461.0 466.0 470.0 474.0 479.0 483.0 488.0 492.0 497.0 501.0 505.0 509.0 513.0 517.0 521.0 525.0 529.0 533.0 537.0 541.0 545.0 14.0
617.0 594.0 591.0 588.0 584.0 580.0 577.0 573.0 570.0 566.0 562.0 558.0 554.0 550.0 546.0 543.0 538.0 534.0 530.0 526.0 522.0 518.0 514.0 510.0 506.0 501.0 497.0 493.0 489.0 485.0 480.0 476.0 472.0 467.0 463.0 458.0 454.0 450.0 445.0 441.0 436.0 431.0 427.0 422.0 417.0 412.0 408.0 403.0 398.0 393.0 388.0 383.0 378.0 373.0 368.0 363.0 357.0 352.0 347.0 341.0 336.0 331.0 325.0 320.0 315.0 309.0 304.0 299.0 293.0 288.0 283.0 277.0 272.0 268.0 263.0 258.0 253.0 248.0 243.0 238.0 234.0 229.0 224.0 220.0 215.0 210.0 205.0 201.0 196.0 191.0 186.0 181.0 177.0 172.0 167.0 162.0 157.0 152.0 147.0 142.0 5.0 56.0 63.0 69.0 75.0 81.0 88.0 94.0 100.0 106.0 112.0 118.0 123.0 129.0 135.0 141.0 147.0 153.0 159.0 165.0 171.0 177.0 183.0 189.0 195.0 200.0 206.0 212.0 218.0 224.0 230.0 235.0 241.0 247.0 252.0 258.0 264.0 269.0 275.0 281.0 286.0 292.0 297.0 302.0 308.0 313.0 318.0 324.0 329.0 334.0 339.0 344.0 349.0 354.0 359.0 364.0 368.0 373.0 378.0 382.0 387.0 391.0 396.0 401.0 405.0 410.0 414.0 419.0 424.0 428.0 433.0 438.0 442.0 447.0 452.0 457.0 462.0 466.0 471.0 477.0 482.0 486.0 491.0 496.0 501.0 506.0 511.0 516.0 521.0 526.0 531.0 535.0 540.0 545.0 549.0 554.0 559.0 563.0 567.0 572.0 15.0
617.0 597.0 594.0 591.0 588.0 585.0 582.0 579.0 576.0 573.0 569.0 566.0 562.0 559.0 556.0 552.0 549.0 545.0 542.0 538.0 535.0 531.0 528.0 524.0 521.0 517.0 513.0 510.0 506.0 503.0 499.0 496.0 492.0 488.0 484.0 481.0 477.0 473.0 469.0 466.0 462.0 458.0 454.0 450.0 446.0 442.0 438.0 434.0 430.0 426.0 422.0 417.0 413.0 409.0 405.0 400.0 395.0 391.0 387.0 382.0 378.0 373.0 368.0 364.0 359.0 355.0 350.0 346.0 341.0 336.0 332.0 327.0 323.0 319.0 315.0 310.0 306.0 302.0 298.0 294.0 290.0 286.0 282.0 278.0 274.0 270.0 266.0 263.0 259.0 255.0 251.0 247.0 244.0 240.0 236.0 232.0 228.0 224.0 220.0 216.0 5.0 56.0 62.0 69.0 75.0 81.0 87.0 93.0 99.0 105.0 111.0 117.0 123.0 129.0 135.0 141.0 147.0 153.0 159.0 165.0 170.0 176.0 182.0 188.0 194.0 200.0 206.0 212.0 217.0 223.0 229.0 235.0 240.0 246.0 252.0 258.0 263.0 269.0 275.0 281.0 286.0 292.0 297.0 303.0 309.0 314.0 320.0 325.0 330.0 335.0 341.0 346.0 351.0 357.0 362.0 367.0 372.0 377.0 382.0 387.0 392.0 397.0 401.0 406.0 411.0 416.0 421.0 426.0 431.0 436.0 441.0 446.0 451.0 456.0 461.0 466.0 471.0 476.0 481.0 487.0 492.0 497.0 502.0 508.0 513.0 518.0 524.0 529.0 534.0 539.0 544.0 550.0 555.0 560.0 565.0 570.0 575.0 580.0 585.0 590.0 16.0
617.0 603.0 602.0 600.0 598.0 595.0 593.0 591.0 588.0 586.0 584.0 581.0 579.0 576.0 574.0 571.0 569.0 566.0 564.0 561.0 559.0 556.0 554.0 551.0 549.0 547.0 544.0 541.0 539.0 536.0 534.0 531.0 529.0 526.0 523.0 520.0 518.0 515.0 512.0 510.0 507.0 504.0 501.0 499.0 496.0 493.0 490.0 487.0 484.0 481.0 478.0 475.0 472.0 469.0 466.0 463.0 460.0 457.0 453.0 450.0 447.0 443.0 440.0 437.0 433.0 430.0 426.0 423.0 420.0 416.0 413.0 409.0 406.0 403.0 399.0 396.0 393.0 390.0 387.0 384.0 381.0 378.0 375.0 372.0 369.0 366.0 363.0 360.0 358.0 355.0 352.0 349.0 347.0 344.0 341.0 339.0 336.0 333.0 331.0 328.0 5.0 54.0 60.0 66.0 72.0 78.0 84.0 90.0 96.0 102.0 108.0 114.0 120.0 126.0 132.0 138.0 144.0 150.0 156.0 162.0 168.0 173.0 179.0 185.0 191.0 197.0 203.0 209.0 215.0 221.0 227.0 232.0 238.0 244.0 250.0 256.0 262.0 267.0 273.0 279.0 284.0 290.0 296.0 301.0 307.0 313.0 318.0 324.0 330.0 335.0 341.0 346.0 352.0 357.0 363.0 368.0 373.0 378.0 384.0 389.0 394.0 399.0 404.0 409.0 415.0 420.0 425.0 430.0 435.0 440.0 445.0 451.0 456.0 461.0 466.0 472.0 477.0 482.0 487.0 493.0 498.0 504.0 509.0 514.0 520.0 525.0 531.0 536.0 541.0 547.0 552.0 558.0 563.0 569.0 574.0 579.0 585.0 590.0 595.0 600.0 17.0
617.0 613.0 612.0 611.0 611.0 609.0 609.0 608.0 607.0 606.0 604.0 603.0 602.0 601.0 600.0 599.0 597.0 596.0 595.0 594.0 593.0 592.0 591.0 589.0 588.0 587.0 586.0 585.0 583.0 582.0 581.0 580.0 579.0 578.0 576.0 575.0 574.0 573.0 571.0 570.0 569.0 567.0 566.0 565.0 563.0 562.0 561.0 559.0 558.0 556.0 555.0 553.0 552.0 550.0 548.0 547.0 545.0 543.0 541.0 540.0 538.0 536.0 534.0 532.0 530.0 528.0 526.0 524.0 522.0 520.0 518.0 516.0 514.0 512.0 510.0 508.0 507.0 505.0 503.0 501.0 499.0 497.0 496.0 494.0 492.0 490.0 489.0 487.0 486.0 484.0 483.0 481.0 480.0 479.0 477.0 476.0 474.0 473.0 472.0 471.0 5.0 52.0 58.0 64.0 70.0 76.0 82.0 88.0 94.0 100.0 106.0 112.0 118.0 124.0 129.0 135.0 141.0 147.0 153.0 159.0 165.0 171.0 177.0 182.0 188.0 194.0 200.0 206.0 212.0 218.0 224.0 230.0 235.0 241.0 247.0 253.0 259.0 265.0 270.0 276.0 282.0 288.0 293.0 299.0 305.0 310.0 316.0 322.0 328.0 333.0 339.0 345.0 350.0 356.0 361.0 367.0 372.0 377.0 383.0 388.0 394.0 399.0 405.0 410.0 416.0 421.0 427.0 432.0 438.0 443.0 448.0 454.0 460.0 465.0 471.0 476.0 482.0 488.0 493.0 499.0 504.0 510.0 516.0 521.0 527.0 532.0 538.0 544.0 549.0 555.0 561.0 566.0 572.0 577.0 583.0 589.0 594.0 600.0 605.0 610.0 18.0
617.0 624.0 624.0 625.0 626.0 626.0 626.0 627.0 627.0 628.0 628.0 628.0 628.0 629.0 629.0 630.0 630.0 630.0 631.0 631.0 631.0 632.0 632.0 633.0 633.0 634.0 634.0 634.0 635.0 635.0 636.0 636.0 637.0 637.0 637.0 637.0 638.0 638.0 638.0 639.0 639.0 639.0 640.0 640.0 640.0 640.0 641.0 641.0 641.0 641.0 641.0 641.0 641.0 641.0 641.0 641.0 641.0 641.0 640.0 640.0 640.0 640.0 639.0 639.0 638.0 638.0 638.0 637.0 637.0 636.0 636.0 635.0 635.0 634.0 633.0 633.0 633.0 632.0 632.0 631.0 631.0 631.0 631.0 630.0 630.0 630.0 630.0 630.0 630.0 630.0 630.0 630.0 630.0 630.0 630.0 630.0 630.0 630.0 631.0 631.0 5.0 50.0 56.0 62.0 68.0 74.0 80.0 86.0 92.0 98.0 104.0 110.0 116.0 122.0 128.0 134.0 140.0 146.0 152.0 158.0 164.0 169.0 175.0 181.0 187.0 193.0 199.0 205.0 211.0 216.0 222.0 228.0 234.0 240.0 246.0 251.0 257.0 263.0 269.0 275.0 280.0 286.0 292.0 297.0 303.0 309.0 315.0 321.0 327.0 332.0 338.0 344.0 350.0 355.0 361.0 366.0 372.0 378.0 383.0 389.0 395.0 400.0 406.0 412.0 417.0 423.0 429.0 434.0 440.0 446.0 452.0 457.0 463.0 469.0 475.0 480.0 486.0 492.0 498.0 503.0 510.0 515.0 521.0 527.0 533.0 539.0 545.0 550.0 556.0 562.0 567.0 573.0 579.0 584.0 590.0 596.0 602.0 607.0 613.0 618.0 19.0
617.0 633.0 635.0 636.0 638.0 640.0 641.0 643.0 645.0 646.0 648.0 649.0 651.0 653.0 654.0 656.0 658.0 659.0 661.0 663.0 664.0 666.0 668.0 670.0 672.0 673.0 675.0 677.0 679.0 681.0 683.0 684.0 686.0 688.0 690.0 692.0 693.0 695.0 697.0 699.0 700.0 702.0 704.0 706.0 707.0 709.0 711.0 712.0 714.0 715.0 717.0 718.0 720.0 721.0 723.0 724.0 726.0 727.0 728.0 729.0 730.0 732.0 733.0 734.0 735.0 735.0 737.0 738.0 739.0 740.0 741.0 742.0 743.0 744.0 745.0 746.0 747.0 749.0 750.0 751.0 752.0 754.0 755.0 757.0 758.0 759.0 761.0 763.0 764.0 766.0 768.0 770.0 772.0 773.0 775.0 777.0 779.0 780.0 782.0 784.0 5.0 50.0 56.0 62.0 68.0 74.0 81.0 87.0 93.0 99.0 105.0 111.0 117.0 123.0 128.0 135.0 141.0 147.0 153.0 159.0 165.0 170.0 176.0 182.0 188.0 194.0 200.0 206.0 212.0 218.0 224.0 229.0 235.0 241.0 247.0 253.0 259.0 265.0 271.0 277.0 282.0 288.0 294.0 300.0 306.0 312.0 317.0 323.0 329.0 335.0 341.0 347.0 352.0 358.0 364.0 370.0 376.0 381.0 387.0 393.0 399.0 405.0 411.0 417.0 422.0 428.0 434.0 440.0 446.0 451.0 457.0 464.0 469.0 475.0 481.0 487.0 493.0 499.0 504.0 510.0 516.0 522.0 528.0 534.0 540.0 545.0 551.0 557.0 563.0 569.0 574.0 580.0 586.0 592.0 597.0 603.0 609.0 614.0 620.0 625.0 20.0
617.0 639.0 641.0 644.0 646.0 648.0 651.0 654.0 656.0 658.0 661.0 663.0 666.0 668.0 671.0 673.0 676.0 678.0 681.0 683.0 686.0 689.0 692.0 694.0 697.0 700.0 703.0 706.0 709.0 711.0 714.0 717.0 720.0 723.0 726.0 729.0 731.0 734.0 737.0 740.0 742.0 745.0 748.0 751.0 754.0 757.0 760.0 762.0 765.0 768.0 770.0 773.0 776.0 778.0 781.0 784.0 786.0 788.0 791.0 793.0 796.0 798.0 800.0 802.0 805.0 807.0 809.0 811.0 814.0 816.0 818.0 820.0 823.0 825.0 827.0 830.0 832.0 834.0 837.0 839.0 842.0 844.0 847.0 850.0 852.0 855.0 858.0 861.0 863.0 866.0 869.0 872.0 875.0 878.0 881.0 884.0 887.0 890.0 893.0 896.0 5.0 48.0 54.0 60.0 66.0 72.0 78.0 84.0 90.0 96.0 102.0 108.0 114.0 120.0 126.0 131.0 137.0 143.0 149.0 155.0 161.0 166.0 172.0 178.0 184.0 189.0 195.0 201.0 207.0 212.0 218.0 224.0 230.0 235.0 241.0 246.0 252.0 258.0 264.0 269.0 275.0 280.0 286.0 291.0 297.0 303.0 308.0 314.0 320.0 325.0 331.0 337.0 342.0 348.0 353.0 359.0 365.0 370.0 376.0 381.0 387.0 393.0 398.0 404.0 410.0 415.0 421.0 427.0 433.0 438.0 444.0 450.0 456.0 461.0 467.0 473.0 478.0 484.0 490.0 495.0 501.0 507.0 512.0 518.0 523.0 528.0 534.0 539.0 545.0 550.0 555.0 561.0 566.0 571.0 576.0 582.0 587.0 592.0 597.0 602.0 21.0
617.0 643.0 646.0 649.0 652.0 655.0 658.0 661.0 663.0 666.0 669.0 672.0 676.0 678.0 682.0 685.0 688.0 692.0 695.0 698.0 701.0 705.0 708.0 711.0 715.0 718.0 722.0 726.0 729.0 733.0 736.0 740.0 743.0 747.0 750.0 754.0 757.0 761.0 765.0 768.0 772.0 775.0 779.0 782.0 786.0 789.0 793.0 797.0 800.0 804.0 807.0 810.0 814.0 817.0 821.0 824.0 828.0 831.0 834.0 838.0 841.0 844.0 847.0 850.0 854.0 857.0 860.0 863.0 866.0 869.0 872.0 876.0 878.0 882.0 885.0 888.0 891.0 895.0 898.0 901.0 904.0 908.0 911.0 915.0 919.0 922.0 925.0 929.0 933.0 937.0 940.0 944.0 948.0 951.0 955.0 959.0 963.0 966.0 971.0 974.0 5.0 46.0 52.0 58.0 64.0 70.0 76.0 82.0 88.0 93.0 99.0 105.0 110.0 116.0 122.0 127.0 133.0 139.0 144.0 150.0 156.0 161.0 167.0 172.0 178.0 183.0 189.0 194.0 199.0 205.0 210.0 216.0 222.0 227.0 232.0 238.0 243.0 248.0 253.0 259.0 264.0 269.0 274.0 280.0 285.0 290.0 296.0 301.0 306.0 311.0 317.0 322.0 327.0 332.0 338.0 343.0 348.0 353.0 358.0 364.0 369.0 374.0 380.0 385.0 390.0 396.0 401.0 407.0 412.0 417.0 423.0 428.0 434.0 439.0 444.0 450.0 455.0 461.0 466.0 471.0 477.0 482.0 487.0 492.0 497.0 503.0 508.0 513.0 518.0 523.0 527.0 532.0 537.0 542.0 547.0 551.0 556.0 561.0 565.0 570.0 22.0
617.0 646.0 649.0 652.0 656.0 659.0 662.0 665.0 669.0 672.0 675.0 678.0 682.0 686.0 689.0 693.0 696.0 700.0 704.0 707.0 711.0 715.0 719.0 723.0 727.0 731.0 735.0 739.0 743.0 747.0 751.0 755.0 759.0 763.0 767.0 771.0 775.0 780.0 784.0 788.0 792.0 796.0 800.0 804.0 808.0 812.0 817.0 820.0 824.0 829.0 833.0 836.0 841.0 845.0 848.0 853.0 857.0 861.0 865.0 868.0 872.0 876.0 880.0 884.0 888.0 891.0 895.0 899.0 903.0 907.0 910.0 914.0 918.0 922.0 926.0 929.0 933.0 937.0 941.0 945.0 949.0 953.0 957.0 961.0 965.0 969.0 973.0 977.0 981.0 986.0 990.0 994.0 999.0 1003.0 1007.0 1012.0 1016.0 1020.0 1025.0 1029.0 5.0 45.0 51.0 56.0 62.0 68.0 73.0 79.0 85.0 90.0 96.0 102.0 107.0 113.0 118.0 124.0 129.0 135.0 140.0 146.0 151.0 156.0 162.0 167.0 172.0 177.0 183.0 188.0 193.0 198.0 204.0 209.0 214.0 219.0 224.0 229.0 234.0 239.0 244.0 249.0 254.0 259.0 264.0 269.0 274.0 279.0 284.0 289.0 293.0 298.0 303.0 308.0 313.0 318.0 323.0 327.0 332.0 337.0 342.0 347.0 352.0 357.0 362.0 367.0 372.0 377.0 382.0 387.0 392.0 397.0 402.0 407.0 412.0 417.0 422.0 427.0 433.0 438.0 442.0 448.0 453.0 458.0 463.0 467.0 472.0 477.0 482.0 487.0 491.0 496.0 500.0 505.0 509.0 514.0 518.0 522.0 527.0 531.0 535.0 539.0 23.0
617.0 648.0 651.0 655.0 658.0 662.0 665.0 669.0 672.0 676.0 680.0 683.0 687.0 691.0 695.0 698.0 703.0 707.0 711.0 714.0 719.0 723.0 727.0 731.0 736.0 740.0 744.0 749.0 753.0 758.0 762.0 766.0 770.0 775.0 780.0 784.0 788.0 793.0 797.0 801.0 806.0 811.0 815.0 819.0 824.0 828.0 833.0 837.0 842.0 847.0 851.0 855.0 860.0 864.0 868.0 873.0 877.0 881.0 886.0 890.0 895.0 899.0 903.0 908.0 912.0 916.0 920.0 924.0 929.0 933.0 937.0 941.0 946.0 950.0 954.0 958.0 963.0 967.0 971.0 975.0 980.0 984.0 989.0 993.0 997.0 1002.0 1006.0 1011.0 1015.0 1020.0 1025.0 1029.0 1034.0 1039.0 1043.0 1048.0 1053.0 1058.0 1063.0 1067.0 5.0 44.0 50.0 55.0 61.0 67.0 72.0 78.0 83.0 89.0 94.0 100.0 105.0 111.0 116.0 121.0 127.0 132.0 138.0 143.0 148.0 154.0 159.0 164.0 169.0 174.0 179.0 184.0 189.0 194.0 199.0 204.0 209.0 214.0 219.0 224.0 229.0 233.0 238.0 243.0 248.0 252.0 257.0 262.0 267.0 271.0 276.0 281.0 285.0 290.0 294.0 299.0 304.0 309.0 313.0 318.0 322.0 327.0 332.0 336.0 341.0 345.0 350.0 355.0 360.0 365.0 369.0 374.0 379.0 384.0 389.0 394.0 398.0 403.0 408.0 413.0 418.0 423.0 427.0 432.0 437.0 442.0 446.0 451.0 456.0 461.0 465.0 470.0 474.0 478.0 483.0 487.0 491.0 495.0 499.0 503.0 507.0 511.0 515.0 519.0 24.0
617.0 649.0 653.0 656.0 660.0 664.0 667.0 671.0 675.0 678.0 682.0 686.0 690.0 694.0 698.0 702.0 706.0 711.0 715.0 719.0 723.0 728.0 732.0 737.0 741.0 746.0 750.0 755.0 760.0 764.0 769.0 773.0 778.0 783.0 787.0 792.0 796.0 802.0 806.0 811.0 815.0 820.0 825.0 830.0 835.0 839.0 844.0 849.0 853.0 858.0 863.0 867.0 872.0 877.0 881.0 886.0 891.0 895.0 900.0 905.0 910.0 914.0 919.0 923.0 928.0 932.0 937.0 941.0 946.0 950.0 955.0 960.0 964.0 968.0 973.0 977.0 982.0 987.0 991.0 996.0 1000.0 1005.0 1010.0 1015.0 1019.0 1024.0 1029.0 1034.0 1038.0 1044.0 1048.0 1053.0 1058.0 1063.0 1068.0 1073.0 1078.0 1083.0 1089.0 1094.0 5.0 44.0 50.0 55.0 61.0 66.0 72.0 78.0 83.0 89.0 94.0 100.0 105.0 110.0 116.0 121.0 127.0 132.0 137.0 143.0 148.0 153.0 158.0 164.0 169.0 174.0 179.0 184.0 189.0 194.0 199.0 204.0 209.0 214.0 219.0 224.0 228.0 233.0 238.0 243.0 247.0 252.0 256.0 261.0 266.0 271.0 275.0 280.0 285.0 289.0 294.0 298.0 303.0 308.0 313.0 317.0 322.0 326.0 331.0 336.0 340.0 345.0 350.0 355.0 359.0 364.0 369.0 374.0 379.0 384.0 388.0 393.0 398.0 403.0 408.0 413.0 418.0 423.0 427.0 432.0 437.0 442.0 446.0 451.0 456.0 460.0 465.0 469.0 473.0 477.0 481.0 486.0 490.0 494.0 498.0 502.0 505.0 509.0 513.0 517.0 25.0
617.0 650.0 654.0 658.0 662.0 665.0 669.0 673.0 677.0 681.0 685.0 689.0 693.0 697.0 701.0 705.0 710.0 714.0 719.0 723.0 727.0 732.0 736.0 741.0 746.0 750.0 755.0 760.0 765.0 770.0 774.0 779.0 784.0 789.0 794.0 799.0 803.0 808.0 813.0 818.0 823.0 828.0 833.0 838.0 843.0 847.0 853.0 857.0 862.0 867.0 872.0 877.0 882.0 886.0 891.0 897.0 901.0 906.0 911.0 915.0 920.0 925.0 930.0 934.0 939.0 943.0 948.0 953.0 957.0 962.0 966.0 971.0 976.0 980.0 985.0 990.0 995.0 999.0 1004.0 1009.0 1014.0 1019.0 1024.0 1029.0 1034.0 1039.0 1044.0 1049.0 1054.0 1060.0 1065.0 1070.0 1075.0 1080.0 1086.0 1091.0 1097.0 1102.0 1107.0 1113.0 5.0 45.0 51.0 56.0 62.0 68.0 73.0 79.0 85.0 91.0 97.0 102.0 107.0 113.0 119.0 124.0 130.0 135.0 141.0 146.0 152.0 157.0 162.0 168.0 173.0 178.0 183.0 189.0 194.0 199.0 204.0 210.0 215.0 220.0 225.0 230.0 235.0 240.0 245.0 250.0 255.0 260.0 265.0 269.0 275.0 279.0 285.0 290.0 294.0 299.0 304.0 309.0 314.0 319.0 324.0 329.0 334.0 339.0 344.0 349.0 354.0 359.0 364.0 369.0 374.0 379.0 384.0 389.0 394.0 400.0 405.0 410.0 415.0 420.0 425.0 430.0 435.0 441.0 445.0 451.0 455.0 460.0 465.0 470.0 474.0 479.0 484.0 488.0 492.0 497.0 501.0 505.0 509.0 513.0 518.0 521.0 525.0 529.0 533.0 537.0 26.0
617.0 651.0 655.0 659.0 663.0 666.0 670.0 674.0 678.0 682.0 686.0 690.0 694.0 699.0 703.0 707.0 711.0 716.0 720.0 725.0 729.0 734.0 738.0 743.0 748.0 752.0 757.0 762.0 767.0 772.0 776.0 781.0 786.0 791.0 796.0 800.0 805.0 810.0 815.0 819.0 824.0 830.0 834.0 839.0 844.0 849.0 854.0 859.0 863.0 868.0 873.0 878.0 883.0 887.0 892.0 897.0 901.0 906.0 911.0 915.0 920.0 924.0 929.0 933.0 938.0 942.0 947.0 951.0 955.0 960.0 964.0 969.0 973.0 978.0 982.0 987.0 992.0 996.0 1001.0 1006.0 1011.0 1015.0 1020.0 1025.0 1030.0 1035.0 1040.0 1045.0 1051.0 1056.0 1061.0 1066.0 1072.0 1077.0 1083.0 1088.0 1093.0 1099.0 1104.0 1109.0 5.0 46.0 52.0 58.0 64.0 70.0 75.0 82.0 87.0 93.0 99.0 105.0 111.0 116.0 122.0 128.0 133.0 139.0 145.0 150.0 156.0 162.0 167.0 173.0 178.0 184.0 189.0 195.0 200.0 205.0 211.0 216.0 222.0 227.0 232.0 238.0 243.0 248.0 254.0 259.0 264.0 269.0 275.0 280.0 285.0 290.0 296.0 301.0 306.0 312.0 317.0 322.0 327.0 332.0 338.0 343.0 349.0 354.0 359.0 364.0 370.0 375.0 381.0 386.0 391.0 397.0 402.0 408.0 413.0 419.0 424.0 430.0 435.0 441.0 446.0 452.0 457.0 462.0 467.0 473.0 478.0 483.0 488.0 493.0 499.0 504.0 509.0 513.0 518.0 523.0 528.0 532.0 537.0 542.0 546.0 550.0 555.0 560.0 564.0 568.0 27.0
617.0 650.0 654.0 658.0 661.0 665.0 668.0 672.0 676.0 680.0 684.0 687.0 691.0 695.0 699.0 703.0 707.0 711.0 716.0 720.0 724.0 728.0 733.0 737.0 741.0 746.0 750.0 754.0 759.0 764.0 768.0 772.0 777.0 781.0 786.0 790.0 794.0 799.0 804.0 808.0 813.0 817.0 822.0 826.0 831.0 835.0 840.0 844.0 848.0 853.0 857.0 861.0 866.0 870.0 874.0 878.0 883.0 887.0 891.0 895.0 899.0 903.0 907.0 911.0 915.0 919.0 923.0 927.0 931.0 935.0 939.0 942.0 946.0 950.0 954.0 958.0 962.0 966.0 970.0 975.0 979.0 983.0 987.0 992.0 996.0 1000.0 1004.0 1009.0 1014.0 1018.0 1023.0 1028.0 1032.0 1037.0 1042.0 1046.0 1051.0 1056.0 1061.0 1065.0 5.0 47.0 53.0 59.0 64.0 70.0 76.0 82.0 88.0 94.0 100.0 106.0 112.0 117.0 123.0 129.0 135.0 141.0 146.0 152.0 158.0 163.0 169.0 175.0 180.0 186.0 191.0 197.0 202.0 208.0 214.0 219.0 224.0 230.0 236.0 241.0 247.0 252.0 257.0 263.0 268.0 274.0 279.0 285.0 290.0 295.0 301.0 307.0 312.0 317.0 323.0 328.0 334.0 339.0 345.0 350.0 356.0 361.0 367.0 372.0 378.0 384.0 389.0 395.0 401.0 406.0 412.0 417.0 424.0 429.0 435.0 441.0 446.0 452.0 457.0 463.0 469.0 475.0 480.0 486.0 491.0 497.0 502.0 508.0 513.0 518.0 524.0 529.0 534.0 539.0 544.0 549.0 555.0 560.0 565.0 570.0 574.0 579.0 584.0 589.0 28.0
617.0 646.0 649.0 652.0 655.0 659.0 662.0 665.0 668.0 671.0 674.0 678.0 681.0 684.0 688.0 691.0 694.0 698.0 701.0 705.0 708.0 712.0 716.0 719.0 723.0 726.0 730.0 734.0 737.0 741.0 745.0 748.0 752.0 756.0 759.0 763.0 767.0 771.0 774.0 778.0 782.0 785.0 789.0 793.0 796.0 800.0 804.0 807.0 811.0 814.0 818.0 821.0 825.0 829.0 832.0 835.0 839.0 842.0 846.0 849.0 852.0 855.0 858.0 862.0 865.0 868.0 871.0 874.0 877.0 880.0 883.0 886.0 889.0 892.0 894.0 897.0 901.0 903.0 907.0 910.0 913.0 916.0 919.0 922.0 926.0 929.0 932.0 936.0 939.0 943.0 946.0 950.0 953.0 957.0 960.0 964.0 968.0 972.0 975.0 979.0 5.0 47.0 53.0 58.0 64.0 70.0 76.0 82.0 88.0 94.0 100.0 106.0 111.0 117.0 123.0 129.0 135.0 140.0 146.0 151.0 157.0 163.0 169.0 175.0 180.0 186.0 192.0 197.0 203.0 208.0 214.0 220.0 225.0 231.0 236.0 242.0 248.0 253.0 259.0 264.0 270.0 275.0 281.0 287.0 292.0 298.0 303.0 309.0 314.0 320.0 325.0 331.0 337.0 342.0 348.0 354.0 360.0 365.0 371.0 376.0 382.0 388.0 394.0 399.0 405.0 411.0 417.0 422.0 429.0 435.0 440.0 446.0 452.0 458.0 464.0 470.0 476.0 481.0 487.0 493.0 499.0 504.0 510.0 516.0 521.0 527.0 533.0 538.0 544.0 549.0 555.0 560.0 566.0 571.0 576.0 581.0 587.0 592.0 597.0 602.0 29.0
617.0 638.0 641.0 643.0 645.0 647.0 649.0 651.0 654.0 655.0 658.0 660.0 662.0 665.0 667.0 669.0 671.0 674.0 676.0 678.0 681.0 683.0 686.0 688.0 690.0 693.0 695.0 698.0 700.0 703.0 705.0 708.0 710.0 713.0 715.0 718.0 720.0 723.0 725.0 728.0 730.0 733.0 735.0 738.0 740.0 742.0 745.0 747.0 750.0 752.0 754.0 756.0 759.0 761.0 763.0 766.0 768.0 770.0 772.0 774.0 777.0 778.0 780.0 782.0 784.0 786.0 788.0 790.0 791.0 793.0 795.0 797.0 798.0 800.0 802.0 803.0 805.0 807.0 809.0 810.0 812.0 814.0 816.0 818.0 820.0 822.0 824.0 826.0 829.0 831.0 833.0 835.0 838.0 840.0 843.0 845.0 848.0 850.0 853.0 855.0 5.0 48.0 54.0 60.0 65.0 71.0 77.0 83.0 89.0 95.0 101.0 107.0 113.0 119.0 125.0 131.0 137.0 142.0 148.0 154.0 160.0 166.0 171.0 177.0 183.0 189.0 195.0 200.0 206.0 212.0 218.0 223.0 229.0 235.0 240.0 246.0 252.0 258.0 263.0 269.0 275.0 280.0 286.0 292.0 297.0 303.0 309.0 315.0 320.0 326.0 332.0 337.0 343.0 349.0 355.0 360.0 366.0 372.0 378.0 383.0 389.0 395.0 401.0 407.0 412.0 418.0 424.0 429.0 435.0 441.0 447.0 453.0 459.0 465.0 470.0 476.0 482.0 487.0 493.0 499.0 505.0 510.0 516.0 522.0 528.0 534.0 539.0 545.0 550.0 556.0 562.0 567.0 573.0 578.0 584.0 589.0 595.0 600.0 606.0 611.0 30.0
617.0 629.0 630.0 630.0 632.0 633.0 634.0 635.0 636.0 636.0 637.0 638.0 639.0 640.0 641.0 642.0 643.0 644.0 645.0 646.0 647.0 648.0 649.0 650.0 651.0 652.0 654.0 655.0 656.0 657.0 658.0 659.0 661.0 661.0 662.0 664.0 665.0 666.0 667.0 668.0 669.0 670.0 672.0 672.0 674.0 674.0 676.0 677.0 678.0 678.0 680.0 680.0 681.0 682.0 683.0 684.0 685.0 685.0 686.0 686.0 688.0 688.0 688.0 689.0 689.0 690.0 690.0 691.0 691.0 691.0 692.0 692.0 692.0 693.0 693.0 693.0 694.0 694.0 694.0 695.0 696.0 696.0 697.0 698.0 698.0 699.0 700.0 701.0 702.0 703.0 704.0 705.0 706.0 707.0 709.0 710.0 711.0 713.0 714.0 715.0 5.0 50.0 56.0 62.0 68.0 74.0 80.0 86.0 92.0 98.0 104.0 110.0 115.0 121.0 127.0 133.0 139.0 145.0 151.0 157.0 162.0 168.0 174.0 180.0 186.0 192.0 198.0 204.0 209.0 215.0 221.0 227.0 233.0 239.0 244.0 250.0 256.0 262.0 267.0 273.0 279.0 285.0 291.0 296.0 302.0 308.0 314.0 319.0 325.0 331.0 337.0 342.0 348.0 354.0 360.0 366.0 371.0 377.0 383.0 389.0 394.0 400.0 406.0 412.0 417.0 423.0 429.0 434.0 440.0 446.0 452.0 457.0 463.0 469.0 475.0 480.0 486.0 492.0 498.0 504.0 509.0 515.0 521.0 527.0 533.0 538.0 544.0 550.0 556.0 561.0 567.0 573.0 579.0 585.0 590.0 596.0 601.0 607.0 613.0 619.0 31.0
617.0 619.0 619.0 618.0 618.0 618.0 618.0 618.0 617.0 617.0 616.0 616.0 616.0 615.0 615.0 615.0 614.0 614.0 614.0 613.0 613.0 613.0 612.0 612.0 612.0 611.0 611.0 611.0 611.0 610.0 610.0 610.0 609.0 609.0 609.0 608.0 608.0 608.0 607.0 607.0 607.0 606.0 606.0 605.0 605.0 604.0 604.0 604.0 603.0 602.0 602.0 601.0 600.0 600.0 599.0 598.0 597.0 597.0 596.0 594.0 594.0 593.0 592.0 591.0 589.0 588.0 587.0 586.0 585.0 584.0 583.0 582.0 580.0 579.0 578.0 577.0 576.0 575.0 575.0 574.0 573.0 573.0 572.0 571.0 571.0 570.0 570.0 569.0 569.0 569.0 569.0 568.0 568.0 568.0 567.0 567.0 567.0 567.0 566.0 566.0 5.0 52.0 58.0 65.0 70.0 76.0 83.0 89.0 95.0 101.0 107.0 113.0 119.0 125.0 131.0 137.0 143.0 149.0 154.0 160.0 166.0 172.0 178.0 184.0 190.0 196.0 202.0 208.0 214.0 220.0 226.0 231.0 237.0 243.0 249.0 255.0 261.0 267.0 272.0 278.0 284.0 290.0 296.0 301.0 307.0 313.0 319.0 325.0 331.0 336.0 342.0 348.0 354.0 359.0 365.0 371.0 377.0 382.0 388.0 393.0 399.0 405.0 411.0 417.0 422.0 428.0 433.0 439.0 445.0 450.0 456.0 462.0 468.0 474.0 479.0 485.0 491.0 497.0 502.0 508.0 514.0 520.0 526.0 532.0 537.0 544.0 550.0 555.0 561.0 567.0 573.0 579.0 584.0 590.0 596.0 602.0 608.0 613.0 619.0 625.0 32.0
617.0 611.0 610.0 609.0 607.0 606.0 605.0 604.0 602.0 600.0 599.0 598.0 596.0 595.0 593.0 592.0 590.0 589.0 587.0 586.0 584.0 583.0 581.0 580.0 578.0 577.0 575.0 574.0 572.0 571.0 569.0 567.0 566.0 564.0 562.0 561.0 559.0 558.0 556.0 554.0 553.0 551.0 549.0 547.0 546.0 543.0 542.0 540.0 538.0 536.0 534.0 531.0 529.0 527.0 525.0 523.0 520.0 518.0 516.0 513.0 511.0 508.0 506.0 503.0 501.0 498.0 496.0 493.0 491.0 489.0 486.0 484.0 481.0 479.0 477.0 475.0 473.0 470.0 468.0 466.0 464.0 462.0 460.0 458.0 456.0 454.0 452.0 450.0 449.0 447.0 445.0 443.0 440.0 439.0 437.0 435.0 433.0 431.0 429.0 427.0 5.0 54.0 60.0 66.0 73.0 79.0 85.0 92.0 98.0 104.0 110.0 116.0 122.0 128.0 134.0 140.0 146.0 153.0 159.0 164.0 171.0 177.0 183.0 189.0 195.0 201.0 207.0 213.0 219.0 225.0 231.0 237.0 243.0 249.0 255.0 261.0 266.0 273.0 279.0 284.0 290.0 296.0 302.0 308.0 314.0 320.0 325.0 331.0 337.0 343.0 348.0 354.0 360.0 366.0 371.0 377.0 383.0 388.0 394.0 399.0 405.0 411.0 416.0 422.0 427.0 433.0 439.0 444.0 450.0 456.0 462.0 467.0 473.0 479.0 485.0 491.0 497.0 502.0 508.0 514.0 520.0 526.0 532.0 538.0 543.0 550.0 555.0 561.0 567.0 572.0 578.0 584.0 590.0 595.0 601.0 607.0 612.0 618.0 623.0 629.0 33.0
617.0 605.0 603.0 601.0 599.0 597.0 595.0 593.0 591.0 588.0 586.0 584.0 582.0 579.0 577.0 574.0 572.0 570.0 567.0 565.0 562.0 560.0 557.0 555.0 552.0 550.0 547.0 545.0 542.0 540.0 537.0 535.0 532.0 529.0 526.0 524.0 521.0 518.0 515.0 513.0 510.0 507.0 504.0 501.0 498.0 495.0 492.0 489.0 485.0 482.0 479.0 475.0 472.0 469.0 465.0 462.0 458.0 455.0 451.0 447.0 444.0 440.0 436.0 433.0 429.0 426.0 422.0 418.0 415.0 411.0 408.0 404.0 400.0 397.0 394.0 390.0 387.0 384.0 381.0 377.0 374.0 371.0 368.0 364.0 361.0 357.0 354.0 351.0 348.0 345.0 341.0 338.0 334.0 331.0 328.0 324.0 321.0 318.0 315.0 311.0 5.0 56.0 63.0 69.0 75.0 82.0 88.0 94.0 101.0 107.0 113.0 119.0 125.0 132.0 138.0 144.0 150.0 157.0 163.0 168.0 175.0 181.0 187.0 193.0 199.0 205.0 211.0 218.0 224.0 230.0 236.0 242.0 248.0 254.0 260.0 266.0 272.0 278.0 284.0 290.0 295.0 301.0 307.0 313.0 319.0 325.0 330.0 336.0 341.0 347.0 353.0 358.0 363.0 369.0 374.0 380.0 385.0 390.0 395.0 401.0 406.0 411.0 416.0 422.0 427.0 433.0 438.0 443.0 449.0 454.0 460.0 466.0 471.0 477.0 483.0 488.0 494.0 500.0 505.0 511.0 517.0 522.0 528.0 534.0 539.0 545.0 550.0 555.0 561.0 566.0 571.0 576.0 582.0 587.0 592.0 597.0 602.0 607.0 613.0 618.0 34.0
617.0 602.0 600.0 598.0 595.0 593.0 590.0 587.0 585.0 582.0 579.0 576.0 573.0 571.0 567.0 564.0 561.0 558.0 555.0 552.0 549.0 546.0 543.0 540.0 537.0 534.0 531.0 527.0 524.0 521.0 517.0 514.0 510.0 507.0 503.0 500.0 497.0 493.0 489.0 485.0 482.0 478.0 474.0 470.0 467.0 462.0 459.0 455.0 451.0 447.0 442.0 438.0 434.0 430.0 425.0 421.0 417.0 412.0 408.0 403.0 399.0 394.0 390.0 385.0 381.0 376.0 372.0 367.0 363.0 359.0 354.0 350.0 345.0 341.0 337.0 333.0 329.0 324.0 320.0 316.0 312.0 308.0 304.0 300.0 296.0 291.0 287.0 283.0 279.0 275.0 270.0 266.0 262.0 257.0 253.0 249.0 245.0 240.0 236.0 232.0 5.0 56.0 63.0 69.0 75.0 82.0 88.0 95.0 101.0 107.0 113.0 119.0 126.0 132.0 138.0 144.0 150.0 157.0 163.0 169.0 175.0 181.0 187.0 193.0 199.0 205.0 211.0 217.0 223.0 229.0 235.0 241.0 247.0 253.0 259.0 265.0 270.0 276.0 282.0 288.0 293.0 299.0 305.0 310.0 316.0 321.0 326.0 332.0 337.0 343.0 348.0 353.0 358.0 363.0 368.0 372.0 377.0 382.0 387.0 392.0 396.0 401.0 405.0 411.0 415.0 420.0 425.0 429.0 435.0 440.0 445.0 450.0 455.0 460.0 465.0 470.0 475.0 481.0 486.0 491.0 496.0 501.0 506.0 512.0 516.0 522.0 527.0 531.0 536.0 541.0 545.0 550.0 555.0 560.0 565.0 569.0 573.0 578.0 582.0 587.0 35.0
617.0 600.0 597.0 594.0 592.0 589.0 586.0 583.0 580.0 577.0 573.0 570.0 567.0 564.0 560.0 557.0 553.0 550.0 547.0 543.0 540.0 536.0 532.0 528.0 525.0 522.0 518.0 514.0 510.0 506.0 503.0 498.0 494.0 491.0 487.0 482.0 478.0 474.0 470.0 466.0 461.0 457.0 453.0 448.0 444.0 439.0 435.0 430.0 426.0 421.0 416.0 411.0 407.0 402.0 397.0 392.0 387.0 382.0 377.0 372.0 367.0 362.0 357.0 352.0 347.0 342.0 337.0 332.0 327.0 322.0 317.0 312.0 307.0 302.0 297.0 292.0 288.0 283.0 278.0 274.0 269.0 264.0 259.0 255.0 250.0 245.0 240.0 236.0 231.0 226.0 221.0 216.0 211.0 206.0 202.0 197.0 192.0 187.0 182.0 177.0 5.0 57.0 63.0 70.0 76.0 82.0 88.0 95.0 101.0 107.0 113.0 119.0 125.0 132.0 138.0 144.0 150.0 156.0 162.0 168.0 174.0 180.0 186.0 192.0 198.0 203.0 209.0 215.0 221.0 227.0 233.0 239.0 245.0 250.0 256.0 261.0 267.0 273.0 278.0 284.0 289.0 295.0 300.0 305.0 310.0 316.0 321.0 326.0 331.0 336.0 340.0 345.0 350.0 354.0 359.0 363.0 368.0 372.0 376.0 381.0 385.0 389.0 393.0 398.0 402.0 406.0 410.0 415.0 419.0 423.0 428.0 432.0 437.0 442.0 446.0 451.0 456.0 460.0 465.0 470.0 475.0 479.0 484.0 489.0 493.0 498.0 503.0 507.0 512.0 516.0 520.0 525.0 529.0 533.0 538.0 542.0 546.0 550.0 553.0 558.0 36.0
617.0 598.0 595.0 592.0 589.0 586.0 583.0 579.0 576.0 573.0 569.0 565.0 562.0 558.0 554.0 551.0 547.0 543.0 539.0 535.0 532.0 527.0 524.0 519.0 515.0 512.0 507.0 503.0 499.0 495.0 490.0 486.0 482.0 477.0 473.0 468.0 464.0 459.0 455.0 450.0 445.0 441.0 436.0 431.0 426.0 421.0 416.0 411.0 406.0 401.0 396.0 391.0 386.0 381.0 375.0 370.0 365.0 360.0 354.0 349.0 343.0 338.0 332.0 327.0 321.0 316.0 311.0 305.0 300.0 295.0 289.0 284.0 278.0 273.0 268.0 263.0 257.0 252.0 247.0 242.0 237.0 232.0 227.0 222.0 217.0 211.0 206.0 201.0 196.0 191.0 186.0 180.0 175.0 170.0 165.0 159.0 154.0 148.0 143.0 138.0 5.0 56.0 63.0 69.0 75.0 81.0 88.0 94.0 100.0 106.0 112.0 118.0 124.0 130.0 136.0 142.0 148.0 154.0 160.0 166.0 172.0 178.0 184.0 190.0 195.0 201.0 207.0 213.0 219.0 224.0 230.0 236.0 241.0 247.0 253.0 258.0 264.0 269.0 275.0 280.0 285.0 290.0 296.0 301.0 306.0 311.0 316.0 320.0 325.0 330.0 335.0 339.0 343.0 348.0 352.0 356.0 360.0 365.0 369.0 373.0 376.0 380.0 384.0 388.0 392.0 396.0 400.0 404.0 408.0 413.0 417.0 421.0 425.0 429.0 434.0 438.0 443.0 447.0 452.0 456.0 461.0 465.0 470.0 475.0 479.0 484.0 488.0 492.0 496.0 500.0 505.0 509.0 513.0 517.0 521.0 525.0 528.0 532.0 536.0 540.0 37.0
617.0 596.0 594.0 590.0 587.0 583.0 580.0 577.0 573.0 569.0 566.0 562.0 558.0 554.0 550.0 546.0 542.0 538.0 534.0 529.0 525.0 521.0 517.0 513.0 508.0 504.0 500.0 495.0 491.0 486.0 482.0 477.0 472.0 468.0 463.0 458.0 453.0 448.0 443.0 438.0 434.0 428.0 423.0 418.0 413.0 408.0 403.0 397.0 392.0 387.0 381.0 376.0 370.0 365.0 359.0 354.0 348.0 343.0 337.0 331.0 326.0 320.0 314.0 308.0 302.0 297.0 291.0 285.0 280.0 274.0 269.0 263.0 257.0 252.0 246.0 241.0 235.0 230.0 225.0 219.0 214.0 209.0 203.0 198.0 192.0 187.0 182.0 176.0 171.0 165.0 160.0 154.0 149.0 143.0 137.0 132.0 126.0 120.0 115.0 109.0 5.0 56.0 62.0 69.0 75.0 82.0 88.0 94.0 100.0 106.0 112.0 118.0 124.0 130.0 137.0 143.0 149.0 155.0 161.0 167.0 173.0 178.0 184.0 190.0 196.0 202.0 208.0 214.0 219.0 225.0 231.0 237.0 242.0 248.0 254.0 259.0 265.0 270.0 276.0 281.0 286.0 292.0 297.0 302.0 307.0 312.0 317.0 322.0 326.0 331.0 336.0 340.0 345.0 349.0 353.0 357.0 361.0 366.0 370.0 374.0 378.0 381.0 385.0 389.0 393.0 397.0 401.0 405.0 409.0 414.0 418.0 422.0 427.0 431.0 435.0 440.0 444.0 449.0 454.0 458.0 463.0 467.0 472.0 477.0 481.0 486.0 490.0 495.0 499.0 503.0 507.0 511.0 516.0 519.0 524.0 527.0 531.0 535.0 539.0 543.0 38.0
617.0 595.0 592.0 589.0 585.0 582.0 578.0 575.0 571.0 567.0 563.0 559.0 555.0 551.0 547.0 543.0 539.0 535.0 530.0 526.0 522.0 517.0 513.0 509.0 504.0 500.0 495.0 491.0 486.0 481.0 477.0 472.0 467.0 462.0 458.0 453.0 448.0 443.0 438.0 432.0 427.0 422.0 417.0 412.0 406.0 401.0 395.0 390.0 385.0 379.0 373.0 367.0 362.0 356.0 351.0 345.0 339.0 333.0 327.0 321.0 315.0 310.0 303.0 298.0 292.0 286.0 280.0 274.0 269.0 263.0 258.0 252.0 246.0 241.0 235.0 230.0 224.0 219.0 213.0 208.0 202.0 197.0 191.0 186.0 180.0 175.0 169.0 164.0 158.0 152.0 146.0 140.0 135.0 129.0 123.0 118.0 112.0 106.0 100.0 95.0 5.0 57.0 64.0 70.0 76.0 83.0 89.0 96.0 102.0 108.0 114.0 121.0 127.0 133.0 140.0 146.0 152.0 158.0 164.0 170.0 176.0 182.0 188.0 194.0 200.0 207.0 212.0 218.0 224.0 230.0 236.0 242.0 248.0 254.0 259.0 265.0 271.0 277.0 282.0 288.0 294.0 299.0 304.0 310.0 315.0 320.0 325.0 331.0 335.0 340.0 345.0 350.0 354.0 359.0 363.0 368.0 372.0 377.0 381.0 385.0 389.0 394.0 398.0 402.0 407.0 411.0 415.0 420.0 425.0 429.0 434.0 439.0 443.0 448.0 453.0 458.0 463.0 468.0 473.0 478.0 483.0 488.0 493.0 498.0 503.0 508.0 512.0 517.0 522.0 526.0 531.0 535.0 540.0 544.0 549.0 553.0 557.0 562.0 566.0 570.0 39.0
617.0 595.0 592.0 589.0 586.0 582.0 579.0 575.0 572.0 568.0 564.0 560.0 556.0 553.0 548.0 545.0 541.0 537.0 533.0 529.0 524.0 520.0 516.0 512.0 508.0 504.0 499.0 495.0 491.0 486.0 482.0 478.0 473.0 468.0 464.0 459.0 455.0 450.0 445.0 441.0 436.0 431.0 426.0 421.0 416.0 411.0 406.0 401.0 396.0 391.0 385.0 380.0 374.0 369.0 364.0 358.0 353.0 347.0 341.0 336.0 330.0 324.0 319.0 313.0 307.0 302.0 296.0 291.0 286.0 280.0 275.0 269.0 264.0 259.0 253.0 248.0 243.0 238.0 233.0 228.0 223.0 218.0 213.0 208.0 203.0 198.0 193.0 188.0 182.0 177.0 172.0 166.0 161.0 156.0 150.0 145.0 140.0 134.0 129.0 124.0 5.0 57.0 64.0 70.0 76.0 83.0 90.0 96.0 102.0 108.0 115.0 121.0 127.0 133.0 140.0 146.0 152.0 158.0 164.0 170.0 177.0 182.0 188.0 195.0 201.0 207.0 213.0 219.0 225.0 231.0 237.0 243.0 249.0 254.0 260.0 267.0 272.0 278.0 284.0 290.0 295.0 301.0 306.0 312.0 317.0 323.0 328.0 333.0 339.0 344.0 349.0 354.0 359.0 364.0 368.0 373.0 378.0 383.0 387.0 392.0 397.0 401.0 406.0 411.0 415.0 420.0 425.0 430.0 435.0 439.0 445.0 449.0 455.0 460.0 465.0 470.0 476.0 481.0 486.0 491.0 497.0 502.0 507.0 512.0 518.0 523.0 528.0 533.0 538.0 543.0 548.0 553.0 558.0 563.0 568.0 572.0 577.0 582.0 587.0 591.0 40.0
617.0 598.0 595.0 593.0 590.0 586.0 583.0 580.0 577.0 574.0 570.0 567.0 564.0 560.0 557.0 554.0 550.0 546.0 543.0 540.0 536.0 532.0 529.0 525.0 522.0 518.0 514.0 511.0 507.0 503.0 499.0 496.0 492.0 488.0 484.0 480.0 476.0 472.0 468.0 464.0 460.0 456.0 452.0 448.0 443.0 439.0 435.0 431.0 426.0 422.0 417.0 413.0 408.0 404.0 399.0 394.0 389.0 385.0 380.0 375.0 370.0 365.0 360.0 355.0 350.0 345.0 340.0 336.0 331.0 326.0 321.0 316.0 312.0 307.0 302.0 298.0 293.0 289.0 284.0 280.0 275.0 271.0 267.0 262.0 259.0 254.0 250.0 246.0 241.0 237.0 232.0 228.0 223.0 219.0 215.0 210.0 206.0 201.0 197.0 193.0 5.0 57.0 64.0 70.0 76.0 83.0 89.0 95.0 101.0 108.0 114.0 120.0 126.0 132.0 139.0 145.0 151.0 157.0 163.0 169.0 175.0 181.0 187.0 194.0 199.0 206.0 212.0 218.0 224.0 230.0 235.0 242.0 248.0 253.0 259.0 265.0 271.0 278.0 283.0 289.0 295.0 300.0 306.0 312.0 317.0 323.0 328.0 334.0 339.0 345.0 350.0 355.0 361.0 366.0 371.0 376.0 381.0 386.0 391.0 396.0 401.0 406.0 411.0 416.0 421.0 426.0 431.0 436.0 441.0 446.0 451.0 456.0 462.0 467.0 472.0 477.0 483.0 488.0 494.0 499.0 504.0 510.0 516.0 521.0 527.0 532.0 537.0 543.0 548.0 553.0 558.0 564.0 569.0 574.0 579.0 584.0 590.0 595.0 600.0 605.0 41.0
617.0 603.0 602.0 599.0 597.0 595.0 593.0 590.0 588.0 585.0 583.0 580.0 578.0 575.0 572.0 570.0 567.0 565.0 562.0 560.0 557.0 554.0 552.0 549.0 546.0 543.0 541.0 538.0 535.0 532.0 529.0 527.0 524.0 521.0 518.0 515.0 513.0 509.0 507.0 503.0 501.0 498.0 494.0 491.0 488.0 485.0 482.0 479.0 475.0 472.0 468.0 465.0 462.0 458.0 455.0 451.0 447.0 444.0 440.0 436.0 432.0 429.0 425.0 421.0 417.0 413.0 410.0 406.0 402.0 398.0 394.0 390.0 387.0 383.0 379.0 376.0 372.0 368.0 365.0 361.0 358.0 354.0 351.0 347.0 344.0 341.0 337.0 334.0 331.0 327.0 324.0 321.0 317.0 314.0 311.0 308.0 304.0 301.0 298.0 295.0 5.0 58.0 64.0 70.0 77.0 83.0 89.0 95.0 101.0 107.0 113.0 120.0 126.0 132.0 138.0 144.0 150.0 156.0 162.0 168.0 174.0 180.0 186.0 192.0 198.0 204.0 210.0 216.0 222.0 228.0 234.0 240.0 246.0 252.0 258.0 264.0 270.0 276.0 281.0 287.0 293.0 299.0 305.0 310.0 316.0 322.0 327.0 333.0 339.0 344.0 350.0 355.0 360.0 366.0 371.0 376.0 382.0 387.0 392.0 397.0 403.0 408.0 413.0 418.0 423.0 428.0 433.0 439.0 444.0 449.0 454.0 459.0 465.0 470.0 476.0 481.0 487.0 492.0 497.0 503.0 508.0 514.0 519.0 525.0 530.0 536.0 541.0 547.0 552.0 558.0 563.0 569.0 574.0 579.0 585.0 590.0 595.0 601.0 606.0 612.0 42.0
617.0 610.0 609.0 608.0 606.0 605.0 603.0 602.0 600.0 599.0 597.0 596.0 594.0 592.0 591.0 589.0 587.0 586.0 584.0 582.0 581.0 579.0 578.0 576.0 574.0 572.0 571.0 569.0 568.0 566.0 564.0 562.0 560.0 559.0 557.0 555.0 553.0 551.0 550.0 548.0 546.0 544.0 542.0 540.0 538.0 536.0 534.0 532.0 530.0 527.0 525.0 523.0 521.0 519.0 516.0 514.0 511.0 509.0 506.0 504.0 501.0 499.0 496.0 494.0 491.0 488.0 486.0 483.0 480.0 477.0 475.0 472.0 470.0 467.0 464.0 461.0 459.0 456.0 454.0 451.0 449.0 446.0 444.0 441.0 439.0 437.0 435.0 432.0 430.0 428.0 425.0 423.0 421.0 419.0 417.0 415.0 412.0 411.0 408.0 406.0 5.0 55.0 61.0 68.0 74.0 80.0 86.0 92.0 98.0 104.0 110.0 116.0 122.0 128.0 134.0 140.0 146.0 152.0 159.0 165.0 170.0 176.0 182.0 188.0 194.0 200.0 206.0 212.0 218.0 224.0 230.0 236.0 242.0 248.0 254.0 260.0 266.0 272.0 277.0 283.0 289.0 295.0 301.0 306.0 312.0 318.0 323.0 329.0 335.0 341.0 346.0 352.0 357.0 363.0 368.0 374.0 379.0 385.0 390.0 396.0 401.0 406.0 412.0 417.0 423.0 428.0 434.0 439.0 445.0 450.0 456.0 461.0 467.0 472.0 478.0 483.0 489.0 495.0 501.0 506.0 512.0 518.0 523.0 529.0 534.0 540.0 546.0 552.0 557.0 562.0 568.0 574.0 579.0 585.0 591.0 596.0 601.0 607.0 613.0 618.0 43.0
617.0 618.0 618.0 617.0 617.0 616.0 616.0 616.0 615.0 615.0 614.0 614.0 613.0 613.0 612.0 612.0 611.0 610.0 610.0 609.0 609.0 609.0 608.0 607.0 607.0 607.0 606.0 606.0 605.0 604.0 604.0 603.0 603.0 602.0 602.0 601.0 601.0 600.0 600.0 599.0 598.0 597.0 597.0 596.0 595.0 595.0 594.0 593.0 592.0 591.0 591.0 590.0 589.0 588.0 587.0 586.0 584.0 583.0 582.0 581.0 580.0 579.0 578.0 576.0 575.0 573.0 572.0 570.0 569.0 568.0 566.0 565.0 564.0 562.0 561.0 559.0 558.0 557.0 555.0 554.0 552.0 551.0 550.0 549.0 548.0 547.0 545.0 544.0 543.0 542.0 541.0 541.0 540.0 539.0 538.0 537.0 536.0 536.0 535.0 534.0 5.0 53.0 59.0 65.0 71.0 77.0 83.0 89.0 95.0 102.0 108.0 114.0 120.0 126.0 132.0 138.0 144.0 150.0 156.0 162.0 168.0 174.0 180.0 185.0 191.0 197.0 204.0 209.0 216.0 221.0 227.0 233.0 239.0 245.0 251.0 257.0 263.0 269.0 274.0 280.0 286.0 292.0 298.0 304.0 309.0 315.0 321.0 327.0 332.0 338.0 344.0 349.0 355.0 361.0 366.0 372.0 378.0 383.0 389.0 395.0 400.0 406.0 412.0 417.0 423.0 428.0 434.0 440.0 446.0 451.0 457.0 463.0 469.0 474.0 480.0 486.0 492.0 497.0 503.0 509.0 515.0 521.0 527.0 532.0 538.0 544.0 550.0 556.0 561.0 567.0 573.0 579.0 584.0 590.0 595.0 601.0 607.0 612.0 618.0 624.0 44.0
617.0 626.0 627.0 628.0 628.0 629.0 630.0 630.0 631.0 631.0 632.0 632.0 633.0 634.0 634.0 635.0 636.0 636.0 637.0 637.0 638.0 639.0 640.0 640.0 641.0 642.0 643.0 643.0 644.0 645.0 645.0 646.0 647.0 647.0 648.0 649.0 650.0 650.0 651.0 652.0 652.0 653.0 654.0 654.0 655.0 656.0 656.0 657.0 657.0 658.0 658.0 658.0 659.0 659.0 660.0 660.0 660.0 660.0 660.0 661.0 661.0 661.0 661.0 661.0 661.0 661.0 661.0 661.0 660.0 660.0 660.0 660.0 660.0 660.0 660.0 660.0 659.0 660.0 659.0 659.0 660.0 660.0 660.0 660.0 660.0 661.0 661.0 661.0 662.0 662.0 662.0 663.0 664.0 664.0 665.0 666.0 666.0 667.0 667.0 668.0 5.0 52.0 58.0 64.0 70.0 77.0 83.0 89.0 95.0 101.0 107.0 113.0 119.0 125.0 131.0 137.0 143.0 149.0 155.0 161.0 167.0 173.0 179.0 185.0 191.0 197.0 203.0 209.0 215.0 221.0 227.0 233.0 239.0 245.0 250.0 257.0 262.0 268.0 274.0 280.0 286.0 292.0 298.0 303.0 309.0 315.0 321.0 327.0 333.0 338.0 344.0 350.0 355.0 361.0 367.0 373.0 379.0 384.0 390.0 396.0 402.0 408.0 413.0 419.0 425.0 431.0 436.0 442.0 449.0 454.0 460.0 466.0 472.0 478.0 484.0 489.0 495.0 501.0 508.0 513.0 519.0 525.0 531.0 537.0 543.0 549.0 554.0 560.0 566.0 572.0 578.0 583.0 589.0 595.0 600.0 606.0 612.0 617.0 623.0 629.0 45.0
617.0 634.0 636.0 638.0 639.0 641.0 643.0 644.0 646.0 647.0 649.0 651.0 653.0 655.0 656.0 658.0 660.0 662.0 664.0 665.0 667.0 669.0 671.0 673.0 675.0 677.0 679.0 681.0 683.0 685.0 687.0 689.0 691.0 693.0 695.0 697.0 699.0 701.0 703.0 705.0 707.0 709.0 711.0 713.0 715.0 717.0 719.0 721.0 723.0 724.0 726.0 728.0 729.0 731.0 733.0 734.0 736.0 737.0 739.0 740.0 742.0 743.0 744.0 746.0 747.0 748.0 750.0 751.0 752.0 753.0 754.0 756.0 757.0 758.0 760.0 761.0 762.0 764.0 765.0 767.0 768.0 770.0 772.0 773.0 775.0 777.0 779.0 781.0 783.0 785.0 787.0 789.0 791.0 793.0 796.0 798.0 800.0 802.0 804.0 806.0 5.0 51.0 57.0 64.0 70.0 76.0 82.0 88.0 95.0 101.0 107.0 113.0 120.0 125.0 132.0 138.0 144.0 150.0 156.0 162.0 168.0 174.0 180.0 186.0 192.0 198.0 204.0 210.0 216.0 222.0 227.0 233.0 239.0 245.0 251.0 257.0 263.0 269.0 275.0 281.0 287.0 293.0 299.0 304.0 310.0 316.0 322.0 328.0 334.0 340.0 346.0 351.0 357.0 363.0 369.0 375.0 381.0 387.0 393.0 398.0 404.0 410.0 416.0 422.0 428.0 434.0 440.0 446.0 452.0 458.0 464.0 470.0 476.0 482.0 488.0 494.0 500.0 506.0 512.0 518.0 524.0 529.0 535.0 541.0 547.0 553.0 558.0 564.0 570.0 576.0 582.0 587.0 593.0 599.0 604.0 610.0 616.0 621.0 627.0 632.0 46.0
617.0 640.0 643.0 645.0 647.0 650.0 652.0 655.0 657.0 660.0 662.0 665.0 667.0 670.0 673.0 675.0 678.0 681.0 684.0 686.0 689.0 692.0 695.0 698.0 701.0 704.0 707.0 710.0 713.0 716.0 719.0 722.0 725.0 728.0 731.0 734.0 737.0 740.0 743.0 746.0 749.0 752.0 755.0 758.0 761.0 764.0 767.0 770.0 773.0 776.0 779.0 781.0 784.0 787.0 790.0 792.0 795.0 798.0 800.0 803.0 806.0 808.0 810.0 813.0 815.0 818.0 820.0 823.0 825.0 827.0 830.0 832.0 834.0 836.0 839.0 841.0 844.0 847.0 849.0 852.0 854.0 857.0 860.0 863.0 865.0 869.0 871.0 875.0 877.0 881.0 883.0 887.0 890.0 893.0 896.0 899.0 903.0 906.0 909.0 912.0 5.0 49.0 55.0 61.0 67.0 73.0 79.0 85.0 91.0 97.0 103.0 109.0 115.0 121.0 127.0 133.0 139.0 144.0 150.0 156.0 162.0 168.0 173.0 179.0 185.0 191.0 197.0 202.0 208.0 214.0 219.0 225.0 231.0 236.0 242.0 248.0 253.0 259.0 264.0 270.0 276.0 281.0 287.0 292.0 298.0 304.0 309.0 315.0 320.0 326.0 332.0 337.0 343.0 348.0 354.0 360.0 365.0 371.0 376.0 382.0 388.0 393.0 399.0 405.0 411.0 416.0 422.0 428.0 434.0 440.0 445.0 451.0 457.0 463.0 468.0 474.0 480.0 486.0 492.0 497.0 503.0 509.0 514.0 520.0 525.0 531.0 536.0 542.0 547.0 553.0 558.0 564.0 569.0 574.0 579.0 585.0 590.0 595.0 600.0 605.0 47.0
617.0 644.0 647.0 650.0 653.0 656.0 659.0 662.0 665.0 668.0 671.0 674.0 678.0 681.0 684.0 688.0 691.0 694.0 698.0 701.0 704.0 708.0 712.0 715.0 719.0 722.0 726.0 730.0 734.0 737.0 741.0 744.0 748.0 752.0 756.0 760.0 763.0 767.0 771.0 774.0 778.0 782.0 785.0 789.0 793.0 796.0 800.0 804.0 807.0 811.0 815.0 818.0 822.0 825.0 829.0 832.0 836.0 839.0 843.0 846.0 849.0 853.0 856.0 859.0 863.0 866.0 869.0 872.0 876.0 879.0 882.0 885.0 888.0 892.0 895.0 898.0 901.0 905.0 908.0 911.0 915.0 918.0 922.0 925.0 929.0 933.0 936.0 940.0 944.0 948.0 951.0 955.0 959.0 963.0 967.0 971.0 975.0 979.0 982.0 986.0 5.0 47.0 53.0 59.0 65.0 70.0 77.0 82.0 88.0 94.0 100.0 105.0 111.0 117.0 122.0 128.0 134.0 139.0 145.0 151.0 156.0 162.0 167.0 172.0 178.0 183.0 189.0 194.0 200.0 205.0 210.0 216.0 221.0 227.0 232.0 237.0 243.0 248.0 253.0 258.0 263.0 269.0 274.0 279.0 284.0 290.0 295.0 300.0 305.0 311.0 316.0 321.0 326.0 331.0 337.0 342.0 347.0 353.0 358.0 363.0 368.0 374.0 379.0 385.0 390.0 395.0 401.0 406.0 412.0 417.0 423.0 428.0 434.0 439.0 444.0 450.0 456.0 461.0 467.0 472.0 478.0 483.0 488.0 494.0 499.0 504.0 509.0 515.0 520.0 525.0 530.0 535.0 540.0 545.0 549.0 554.0 559.0 564.0 569.0 573.0 48.0
617.0 647.0 650.0 653.0 657.0 660.0 663.0 667.0 670.0 674.0 677.0 681.0 684.0 688.0 692.0 695.0 699.0 703.0 707.0 710.0 714.0 718.0 723.0 727.0 731.0 735.0 739.0 743.0 747.0 751.0 755.0 759.0 763.0 768.0 772.0 776.0 781.0 784.0 789.0 793.0 797.0 801.0 805.0 810.0 814.0 818.0 822.0 826.0 831.0 835.0 839.0 843.0 847.0 851.0 855.0 859.0 863.0 867.0 871.0 875.0 879.0 883.0 887.0 891.0 895.0 899.0 903.0 906.0 910.0 914.0 918.0 922.0 925.0 929.0 933.0 937.0 941.0 945.0 948.0 952.0 956.0 960.0 964.0 968.0 972.0 977.0 981.0 985.0 989.0 993.0 998.0 1002.0 1006.0 1011.0 1015.0 1020.0 1024.0 1029.0 1033.0 1037.0 5.0 45.0 51.0 57.0 63.0 69.0 75.0 80.0 86.0 91.0 97.0 102.0 108.0 114.0 119.0 125.0 130.0 136.0 141.0 147.0 152.0 157.0 163.0 168.0 173.0 179.0 184.0 189.0 195.0 200.0 205.0 210.0 215.0 220.0 225.0 230.0 236.0 240.0 246.0 250.0 256.0 261.0 265.0 270.0 275.0 280.0 285.0 290.0 295.0 300.0 305.0 310.0 315.0 320.0 325.0 330.0 335.0 340.0 345.0 350.0 355.0 360.0 365.0 371.0 376.0 381.0 386.0 392.0 397.0 402.0 407.0 412.0 418.0 423.0 428.0 434.0 439.0 444.0 450.0 455.0 461.0 465.0 470.0 476.0 481.0 486.0 491.0 496.0 500.0 505.0 510.0 514.0 519.0 524.0 528.0 533.0 537.0 542.0 546.0 550.0 49.0
617.0 648.0 652.0 655.0 659.0 662.0 666.0 670.0 673.0 677.0 681.0 685.0 688.0 692.0 696.0 700.0 704.0 708.0 712.0 717.0 721.0 725.0 730.0 734.0 738.0 742.0 747.0 751.0 756.0 760.0 765.0 769.0 773.0 778.0 783.0 787.0 792.0 796.0 801.0 805.0 810.0 814.0 819.0 824.0 828.0 833.0 837.0 841.0 846.0 851.0 855.0 860.0 864.0 868.0 873.0 877.0 882.0 886.0 891.0 895.0 899.0 904.0 908.0 912.0 917.0 921.0 925.0 929.0 933.0 938.0 942.0 946.0 950.0 954.0 959.0 963.0 967.0 971.0 976.0 980.0 984.0 989.0 993.0 998.0 1002.0 1007.0 1011.0 1016.0 1021.0 1025.0 1030.0 1034.0 1039.0 1044.0 1049.0 1054.0 1058.0 1063.0 1068.0 1073.0 5.0 45.0 51.0 56.0 62.0 68.0 74.0 79.0 85.0 91.0 96.0 102.0 108.0 113.0 119.0 124.0 129.0 135.0 140.0 146.0 151.0 156.0 162.0 167.0 172.0 177.0 183.0 188.0 193.0 199.0 204.0 209.0 214.0 219.0 224.0 229.0 234.0 239.0 244.0 249.0 254.0 259.0 264.0 269.0 273.0 279.0 283.0 288.0 293.0 298.0 303.0 308.0 313.0 318.0 323.0 328.0 333.0 338.0 343.0 348.0 353.0 358.0 363.0 368.0 373.0 379.0 384.0 389.0 394.0 400.0 405.0 410.0 415.0 421.0 426.0 431.0 436.0 442.0 447.0 452.0 457.0 462.0 467.0 472.0 477.0 482.0 487.0 491.0 496.0 501.0 505.0 510.0 514.0 519.0 523.0 527.0 531.0 536.0 540.0 544.0 50.0
617.0 649.0 653.0 657.0 660.0 664.0 668.0 672.0 675.0 679.0 683.0 687.0 691.0 695.0 699.0 704.0 708.0 712.0 716.0 721.0 725.0 729.0 734.0 738.0 743.0 747.0 752.0 757.0 761.0 766.0 771.0 775.0 780.0 785.0 790.0 794.0 799.0 804.0 809.0 813.0 818.0 823.0 827.0 833.0 837.0 842.0 847.0 852.0 856.0 861.0 866.0 871.0 875.0 880.0 885.0 889.0 894.0 899.0 903.0 908.0 912.0 917.0 921.0 926.0 930.0 935.0 939.0 943.0 948.0 952.0 956.0 961.0 965.0 969.0 974.0 979.0 983.0 988.0 992.0 997.0 1002.0 1007.0 1012.0 1016.0 1021.0 1026.0 1031.0 1036.0 1041.0 1046.0 1051.0 1056.0 1061.0 1067.0 1072.0 1077.0 1082.0 1087.0 1093.0 1098.0 5.0 46.0 52.0 58.0 63.0 69.0 75.0 81.0 87.0 93.0 98.0 104.0 110.0 115.0 121.0 127.0 132.0 138.0 143.0 149.0 154.0 160.0 165.0 171.0 176.0 181.0 187.0 192.0 198.0 203.0 208.0 213.0 219.0 224.0 229.0 234.0 240.0 245.0 250.0 255.0 260.0 265.0 270.0 275.0 280.0 286.0 291.0 296.0 301.0 306.0 311.0 316.0 321.0 327.0 332.0 337.0 342.0 347.0 352.0 358.0 363.0 368.0 373.0 379.0 384.0 390.0 395.0 400.0 406.0 412.0 417.0 422.0 428.0 433.0 438.0 444.0 449.0 454.0 460.0 465.0 470.0 475.0 480.0 485.0 490.0 494.0 499.0 504.0 509.0 513.0 518.0 522.0 526.0 531.0 535.0 539.0 543.0 548.0 552.0 556.0 51.0
617.0 650.0 654.0 658.0 661.0 665.0 669.0 673.0 677.0 681.0 685.0 689.0 692.0 697.0 701.0 705.0 710.0 714.0 718.0 723.0 727.0 731.0 736.0 741.0 745.0 750.0 754.0 759.0 764.0 769.0 773.0 778.0 783.0 788.0 792.0 797.0 802.0 807.0 812.0 816.0 822.0 826.0 831.0 836.0 840.0 845.0 850.0 855.0 860.0 865.0 869.0 874.0 878.0 883.0 888.0 893.0 897.0 902.0 906.0 910.0 915.0 920.0 924.0 928.0 933.0 937.0 942.0 946.0 950.0 955.0 959.0 964.0 968.0 973.0 978.0 982.0 987.0 992.0 997.0 1001.0 1006.0 1012.0 1017.0 1022.0 1027.0 1032.0 1037.0 1043.0 1048.0 1053.0 1059.0 1064.0 1069.0 1075.0 1080.0 1086.0 1091.0 1097.0 1102.0 1108.0 5.0 48.0 54.0 60.0 66.0 72.0 79.0 84.0 91.0 96.0 102.0 108.0 114.0 120.0 126.0 132.0 137.0 143.0 149.0 155.0 161.0 166.0 172.0 178.0 183.0 189.0 194.0 200.0 205.0 211.0 217.0 222.0 228.0 233.0 239.0 244.0 250.0 255.0 261.0 266.0 271.0 277.0 282.0 288.0 293.0 299.0 304.0 309.0 315.0 320.0 326.0 331.0 337.0 342.0 348.0 353.0 359.0 364.0 370.0 375.0 381.0 387.0 392.0 398.0 403.0 409.0 415.0 420.0 426.0 432.0 438.0 443.0 449.0 454.0 460.0 465.0 471.0 476.0 482.0 487.0 493.0 498.0 503.0 508.0 513.0 518.0 523.0 528.0 533.0 538.0 542.0 547.0 552.0 556.0 561.0 565.0 569.0 574.0 579.0 583.0 52.0
617.0 650.0 653.0 657.0 660.0 664.0 668.0 671.0 675.0 679.0 683.0 687.0 691.0 695.0 699.0 703.0 707.0 711.0 715.0 719.0 724.0 728.0 732.0 737.0 741.0 746.0 750.0 755.0 759.0 764.0 768.0 773.0 777.0 782.0 786.0 791.0 795.0 800.0 805.0 809.0 814.0 818.0 823.0 827.0 832.0 837.0 841.0 846.0 850.0 855.0 859.0 864.0 868.0 872.0 877.0 881.0 885.0 890.0 894.0 898.0 902.0 907.0 910.0 914.0 919.0 923.0 927.0 931.0 935.0 939.0 943.0 947.0 951.0 955.0 960.0 964.0 968.0 973.0 977.0 982.0 986.0 991.0 996.0 1001.0 1006.0 1010.0 1015.0 1020.0 1026.0 1030.0 1036.0 1041.0 1046.0 1051.0 1056.0 1061.0 1067.0 1072.0 1077.0 1083.0 5.0 48.0 54.0 60.0 67.0 73.0 79.0 85.0 91.0 97.0 103.0 109.0 115.0 121.0 127.0 133.0 139.0 145.0 150.0 157.0 162.0 168.0 174.0 180.0 185.0 191.0 197.0 202.0 208.0 214.0 220.0 225.0 231.0 236.0 242.0 248.0 253.0 259.0 265.0 270.0 275.0 281.0 287.0 292.0 298.0 304.0 309.0 315.0 320.0 326.0 332.0 337.0 343.0 349.0 355.0 360.0 366.0 371.0 377.0 383.0 389.0 394.0 400.0 406.0 412.0 418.0 424.0 430.0 435.0 441.0 447.0 453.0 459.0 465.0 470.0 476.0 482.0 487.0 493.0 499.0 504.0 510.0 515.0 521.0 526.0 531.0 536.0 541.0 547.0 552.0 557.0 562.0 567.0 572.0 577.0 581.0 586.0 591.0 596.0 600.0 53.0
617.0 648.0 651.0 655.0 658.0 662.0 665.0 668.0 672.0 675.0 679.0 683.0 686.0 690.0 694.0 697.0 701.0 705.0 709.0 712.0 717.0 720.0 725.0 729.0 733.0 736.0 740.0 744.0 749.0 753.0 757.0 761.0 765.0 769.0 773.0 778.0 782.0 786.0 790.0 794.0 798.0 802.0 806.0 811.0 815.0 819.0 823.0 827.0 831.0 835.0 839.0 843.0 847.0 851.0 855.0 858.0 862.0 866.0 870.0 874.0 877.0 881.0 884.0 888.0 892.0 895.0 899.0 902.0 906.0 909.0 913.0 916.0 920.0 923.0 927.0 931.0 934.0 938.0 941.0 945.0 949.0 953.0 957.0 961.0 965.0 970.0 973.0 978.0 982.0 986.0 991.0 995.0 1000.0 1004.0 1008.0 1013.0 1018.0 1022.0 1027.0 1031.0 5.0 48.0 54.0 60.0 66.0 73.0 79.0 85.0 91.0 97.0 103.0 109.0 114.0 120.0 126.0 132.0 138.0 144.0 150.0 156.0 162.0 168.0 173.0 179.0 185.0 191.0 196.0 202.0 208.0 214.0 219.0 225.0 231.0 237.0 242.0 248.0 254.0 259.0 265.0 271.0 276.0 282.0 288.0 293.0 299.0 305.0 310.0 316.0 322.0 327.0 333.0 339.0 345.0 351.0 356.0 362.0 368.0 374.0 379.0 385.0 391.0 397.0 403.0 409.0 415.0 421.0 427.0 433.0 439.0 445.0 451.0 457.0 463.0 469.0 474.0 481.0 486.0 492.0 498.0 504.0 510.0 515.0 521.0 527.0 532.0 538.0 543.0 549.0 554.0 560.0 565.0 570.0 575.0 581.0 586.0 591.0 596.0 602.0 607.0 611.0 54.0
617.0 645.0 648.0 650.0 653.0 656.0 659.0 662.0 665.0 668.0 671.0 674.0 677.0 681.0 683.0 687.0 690.0 693.0 696.0 700.0 703.0 707.0 710.0 713.0 716.0 720.0 723.0 727.0 730.0 734.0 737.0 741.0 744.0 748.0 751.0 754.0 758.0 761.0 765.0 768.0 772.0 775.0 778.0 782.0 785.0 789.0 792.0 795.0 799.0 802.0 805.0 809.0 812.0 815.0 818.0 821.0 825.0 828.0 831.0 834.0 837.0 840.0 843.0 846.0 848.0 851.0 854.0 857.0 859.0 862.0 864.0 867.0 870.0 872.0 875.0 878.0 881.0 884.0 886.0 889.0 892.0 895.0 898.0 901.0 904.0 907.0 910.0 914.0 917.0 920.0 924.0 927.0 930.0 934.0 937.0 941.0 944.0 948.0 951.0 955.0 5.0 48.0 54.0 60.0 66.0 72.0 78.0 84.0 90.0 96.0 102.0 108.0 113.0 119.0 125.0 131.0 137.0 143.0 149.0 155.0 161.0 167.0 172.0 178.0 184.0 190.0 195.0 201.0 207.0 213.0 218.0 224.0 230.0 235.0 241.0 247.0 252.0 258.0 264.0 270.0 275.0 281.0 287.0 292.0 298.0 304.0 310.0 315.0 321.0 327.0 333.0 339.0 345.0 350.0 356.0 362.0 368.0 374.0 379.0 386.0 391.0 397.0 403.0 409.0 415.0 421.0 427.0 433.0 439.0 445.0 451.0 457.0 464.0 470.0 476.0 482.0 488.0 494.0 500.0 506.0 512.0 518.0 523.0 529.0 535.0 541.0 546.0 552.0 558.0 564.0 569.0 575.0 580.0 586.0 591.0 596.0 602.0 608.0 613.0 618.0 55.0
617.0 639.0 641.0 643.0 646.0 648.0 650.0 653.0 655.0 657.0 659.0 662.0 664.0 666.0 668.0 671.0 673.0 675.0 678.0 680.0 683.0 685.0 688.0 690.0 693.0 695.0 698.0 700.0 703.0 706.0 708.0 711.0 713.0 716.0 718.0 721.0 723.0 726.0 729.0 731.0 733.0 736.0 738.0 741.0 744.0 746.0 748.0 751.0 753.0 756.0 758.0 760.0 762.0 765.0 767.0 769.0 771.0 774.0 776.0 778.0 780.0 782.0 784.0 786.0 788.0 789.0 791.0 793.0 795.0 796.0 798.0 800.0 801.0 803.0 804.0 806.0 808.0 810.0 811.0 813.0 815.0 816.0 818.0 820.0 822.0 824.0 826.0 828.0 830.0 833.0 835.0 837.0 840.0 842.0 844.0 847.0 849.0 852.0 854.0 857.0 5.0 48.0 53.0 59.0 65.0 71.0 77.0 83.0 89.0 95.0 101.0 107.0 113.0 119.0 125.0 131.0 137.0 142.0 148.0 154.0 160.0 166.0 171.0 177.0 183.0 189.0 194.0 200.0 206.0 212.0 218.0 224.0 230.0 235.0 241.0 246.0 252.0 258.0 264.0 270.0 275.0 281.0 287.0 293.0 299.0 305.0 310.0 316.0 322.0 328.0 334.0 340.0 346.0 351.0 357.0 363.0 369.0 375.0 381.0 387.0 393.0 399.0 405.0 411.0 417.0 423.0 429.0 435.0 441.0 447.0 453.0 458.0 465.0 470.0 476.0 483.0 488.0 494.0 500.0 506.0 512.0 518.0 524.0 530.0 535.0 541.0 547.0 552.0 558.0 564.0 570.0 575.0 581.0 587.0 592.0 598.0 604.0 609.0 615.0 620.0 56.0
617.0 631.0 632.0 633.0 634.0 636.0 637.0 638.0 639.0 640.0 642.0 643.0 644.0 646.0 646.0 648.0 649.0 650.0 652.0 653.0 655.0 656.0 657.0 658.0 659.0 661.0 662.0 664.0 665.0 667.0 668.0 669.0 671.0 672.0 674.0 675.0 676.0 678.0 679.0 680.0 682.0 683.0 684.0 685.0 687.0 688.0 689.0 691.0 692.0 693.0 694.0 695.0 696.0 698.0 699.0 699.0 700.0 702.0 702.0 703.0 704.0 705.0 706.0 707.0 707.0 708.0 708.0 709.0 710.0 710.0 710.0 711.0 711.0 712.0 712.0 713.0 713.0 714.0 714.0 715.0 715.0 716.0 717.0 718.0 718.0 720.0 720.0 721.0 722.0 724.0 725.0 726.0 727.0 729.0 730.0 731.0 733.0 734.0 735.0 737.0 5.0 50.0 56.0 62.0 68.0 74.0 80.0 85.0 91.0 97.0 103.0 109.0 115.0 121.0 127.0 133.0 139.0 145.0 151.0 157.0 163.0 169.0 175.0 181.0 186.0 192.0 198.0 204.0 210.0 216.0 222.0 227.0 233.0 239.0 245.0 251.0 256.0 262.0 268.0 274.0 280.0 286.0 292.0 297.0 303.0 309.0 315.0 321.0 327.0 332.0 338.0 344.0 350.0 356.0 362.0 368.0 374.0 379.0 385.0 391.0 397.0 403.0 409.0 415.0 421.0 427.0 433.0 439.0 444.0 450.0 456.0 462.0 468.0 474.0 479.0 485.0 491.0 497.0 503.0 509.0 515.0 520.0 526.0 532.0 538.0 544.0 549.0 555.0 561.0 567.0 573.0 579.0 584.0 590.0 596.0 601.0 607.0 613.0 619.0 625.0 57.0
617.0 621.0 622.0 622.0 622.0 622.0 622.0 623.0 622.0 623.0 623.0 622.0 622.0 623.0 623.0 622.0 623.0 622.0 623.0 623.0 623.0 623.0 623.0 623.0 623.0 623.0 624.0 624.0 624.0 624.0 624.0 624.0 624.0 624.0 624.0 624.0 624.0 624.0 624.0 624.0 625.0 625.0 624.0 624.0 625.0 624.0 624.0 624.0 624.0 624.0 624.0 624.0 623.0 623.0 623.0 622.0 622.0 622.0 621.0 621.0 620.0 620.0 619.0 618.0 618.0 617.0 616.0 615.0 614.0 614.0 612.0 612.0 611.0 610.0 609.0 608.0 608.0 607.0 606.0 606.0 605.0 605.0 605.0 604.0 604.0 604.0 604.0 604.0 604.0 604.0 604.0 604.0 604.0 604.0 604.0 605.0 605.0 605.0 605.0 605.0 5.0 52.0 58.0 64.0 70.0 76.0 82.0 88.0 94.0 100.0 106.0 112.0 118.0 124.0 130.0 136.0 142.0 148.0 154.0 160.0 166.0 172.0 178.0 184.0 190.0 196.0 201.0 207.0 213.0 219.0 225.0 231.0 237.0 243.0 249.0 254.0 260.0 266.0 272.0 278.0 284.0 290.0 296.0 302.0 307.0 313.0 319.0 325.0 331.0 336.0 342.0 348.0 354.0 360.0 366.0 372.0 377.0 383.0 389.0 395.0 401.0 407.0 412.0 418.0 424.0 430.0 435.0 441.0 447.0 453.0 459.0 464.0 470.0 476.0 482.0 488.0 494.0 499.0 505.0 511.0 517.0 523.0 528.0 534.0 540.0 546.0 552.0 558.0 564.0 570.0 576.0 582.0 588.0 593.0 599.0 605.0 611.0 617.0 623.0 629.0 58.0
617.0 614.0 614.0 613.0 612.0 611.0 610.0 610.0 608.0 608.0 607.0 606.0 605.0 604.0 603.0 601.0 601.0 599.0 598.0 597.0 597.0 595.0 594.0 593.0 592.0 591.0 590.0 589.0 588.0 587.0 586.0 585.0 584.0 583.0 582.0 581.0 580.0 579.0 577.0 576.0 575.0 574.0 573.0 571.0 570.0 569.0 568.0 566.0 565.0 564.0 562.0 561.0 559.0 558.0 556.0 554.0 552.0 551.0 549.0 547.0 545.0 543.0 541.0 539.0 537.0 535.0 533.0 531.0 529.0 527.0 525.0 523.0 521.0 519.0 517.0 515.0 514.0 512.0 511.0 509.0 508.0 506.0 505.0 503.0 502.0 501.0 500.0 499.0 497.0 496.0 495.0 494.0 493.0 492.0 490.0 489.0 488.0 487.0 486.0 485.0 5.0 53.0 59.0 65.0 72.0 78.0 84.0 90.0 96.0 102.0 108.0 114.0 120.0 126.0 132.0 138.0 144.0 150.0 156.0 162.0 168.0 174.0 180.0 186.0 192.0 198.0 204.0 210.0 216.0 222.0 228.0 234.0 240.0 246.0 252.0 258.0 264.0 270.0 276.0 282.0 287.0 293.0 299.0 305.0 311.0 317.0 322.0 328.0 334.0 340.0 346.0 352.0 358.0 364.0 369.0 375.0 381.0 386.0 392.0 398.0 404.0 409.0 415.0 421.0 427.0 432.0 438.0 444.0 449.0 455.0 461.0 467.0 473.0 478.0 484.0 490.0 496.0 502.0 507.0 513.0 520.0 525.0 531.0 537.0 543.0 549.0 555.0 561.0 567.0 573.0 579.0 585.0 591.0 597.0 603.0 608.0 614.0 620.0 626.0 632.0 59.0
617.0 608.0 607.0 605.0 604.0 602.0 600.0 599.0 597.0 595.0 593.0 591.0 589.0 587.0 585.0 583.0 581.0 579.0 577.0 575.0 573.0 571.0 569.0 567.0 565.0 563.0 561.0 559.0 557.0 555.0 552.0 550.0 548.0 546.0 543.0 541.0 539.0 537.0 534.0 532.0 530.0 527.0 525.0 522.0 520.0 517.0 515.0 512.0 509.0 506.0 504.0 501.0 498.0 495.0 492.0 489.0 486.0 483.0 480.0 477.0 473.0 470.0 467.0 464.0 460.0 457.0 454.0 451.0 447.0 444.0 441.0 438.0 435.0 432.0 429.0 426.0 423.0 421.0 417.0 415.0 412.0 409.0 406.0 403.0 401.0 398.0 395.0 393.0 390.0 387.0 385.0 382.0 379.0 377.0 374.0 371.0 369.0 366.0 363.0 361.0 5.0 55.0 61.0 68.0 74.0 80.0 87.0 93.0 99.0 105.0 112.0 118.0 124.0 130.0 137.0 143.0 149.0 155.0 161.0 168.0 174.0 180.0 186.0 192.0 199.0 205.0 211.0 217.0 223.0 229.0 235.0 241.0 247.0 253.0 259.0 265.0 271.0 278.0 284.0 290.0 295.0 302.0 308.0 313.0 319.0 325.0 331.0 337.0 343.0 349.0 354.0 360.0 366.0 371.0 377.0 383.0 388.0 394.0 399.0 405.0 411.0 416.0 421.0 427.0 433.0 438.0 444.0 450.0 456.0 462.0 467.0 473.0 479.0 485.0 490.0 496.0 502.0 508.0 514.0 520.0 526.0 532.0 538.0 543.0 549.0 555.0 560.0 566.0 572.0 578.0 583.0 589.0 594.0 600.0 606.0 611.0 617.0 623.0 628.0 634.0 60.0
617.0 604.0 602.0 600.0 598.0 596.0 594.0 591.0 589.0 586.0 584.0 581.0 579.0 576.0 573.0 571.0 568.0 565.0 563.0 560.0 557.0 554.0 552.0 549.0 546.0 543.0 541.0 537.0 535.0 532.0 529.0 526.0 523.0 519.0 516.0 513.0 510.0 507.0 503.0 500.0 497.0 493.0 490.0 487.0 483.0 480.0 476.0 472.0 468.0 464.0 460.0 456.0 453.0 449.0 445.0 441.0 437.0 433.0 428.0 424.0 420.0 416.0 411.0 407.0 403.0 399.0 394.0 390.0 386.0 382.0 378.0 374.0 370.0 366.0 362.0 358.0 354.0 350.0 346.0 343.0 339.0 335.0 331.0 327.0 324.0 320.0 316.0 312.0 308.0 304.0 300.0 296.0 293.0 289.0 285.0 281.0 277.0 273.0 269.0 265.0 5.0 57.0 63.0 70.0 76.0 83.0 89.0 96.0 102.0 109.0 115.0 121.0 128.0 134.0 140.0 147.0 153.0 159.0 165.0 172.0 178.0 184.0 191.0 197.0 203.0 209.0 216.0 222.0 228.0 234.0 240.0 246.0 252.0 259.0 265.0 271.0 277.0 283.0 289.0 295.0 301.0 307.0 313.0 318.0 324.0 330.0 335.0 341.0 347.0 353.0 358.0 363.0 369.0 374.0 379.0 385.0 390.0 395.0 400.0 405.0 411.0 416.0 421.0 426.0 432.0 437.0 442.0 448.0 453.0 459.0 464.0 470.0 475.0 481.0 486.0 492.0 498.0 503.0 509.0 514.0 520.0 526.0 531.0 537.0 542.0 547.0 552.0 558.0 563.0 568.0 573.0 578.0 583.0 589.0 594.0 599.0 604.0 609.0 614.0 619.0 61.0
617.0 601.0 599.0 597.0 595.0 592.0 589.0 586.0 583.0 581.0 578.0 575.0 572.0 569.0 565.0 562.0 559.0 556.0 553.0 550.0 547.0 544.0 540.0 537.0 533.0 530.0 527.0 523.0 520.0 516.0 513.0 509.0 505.0 502.0 498.0 494.0 490.0 486.0 482.0 478.0 474.0 470.0 466.0 462.0 458.0 453.0 449.0 444.0 440.0 435.0 431.0 426.0 421.0 417.0 412.0 407.0 402.0 398.0 393.0 388.0 383.0 378.0 373.0 368.0 363.0 358.0 354.0 349.0 344.0 339.0 334.0 330.0 325.0 321.0 316.0 311.0 307.0 302.0 297.0 293.0 288.0 284.0 279.0 274.0 270.0 265.0 261.0 256.0 251.0 247.0 242.0 237.0 233.0 228.0 223.0 218.0 214.0 209.0 204.0 200.0 5.0 58.0 64.0 71.0 78.0 84.0 91.0 97.0 104.0 110.0 116.0 123.0 129.0 136.0 142.0 148.0 155.0 161.0 167.0 174.0 180.0 186.0 193.0 199.0 205.0 211.0 218.0 224.0 230.0 236.0 242.0 248.0 254.0 260.0 266.0 272.0 278.0 284.0 290.0 296.0 302.0 308.0 314.0 319.0 325.0 330.0 335.0 341.0 347.0 352.0 357.0 362.0 367.0 372.0 377.0 382.0 387.0 392.0 397.0 401.0 406.0 411.0 416.0 420.0 425.0 430.0 435.0 440.0 445.0 451.0 456.0 461.0 466.0 472.0 477.0 482.0 487.0 493.0 498.0 503.0 509.0 514.0 519.0 524.0 529.0 534.0 539.0 544.0 549.0 553.0 558.0 563.0 567.0 572.0 577.0 581.0 586.0 590.0 595.0 600.0 62.0
617.0 599.0 596.0 593.0 591.0 588.0 585.0 582.0 579.0 576.0 572.0 569.0 566.0 562.0 559.0 555.0 552.0 548.0 545.0 541.0 538.0 534.0 530.0 527.0 522.0 519.0 515.0 511.0 507.0 503.0 499.0 495.0 491.0 487.0 483.0 478.0 474.0 470.0 465.0 461.0 456.0 452.0 447.0 442.0 438.0 433.0 428.0 423.0 418.0 413.0 408.0 403.0 397.0 392.0 387.0 382.0 377.0 372.0 366.0 361.0 355.0 350.0 344.0 339.0 334.0 328.0 323.0 318.0 312.0 307.0 302.0 297.0 292.0 287.0 282.0 277.0 272.0 267.0 262.0 256.0 251.0 247.0 241.0 236.0 231.0 226.0 221.0 216.0 210.0 205.0 200.0 195.0 190.0 184.0 179.0 174.0 168.0 163.0 158.0 153.0 5.0 59.0 65.0 72.0 79.0 85.0 92.0 99.0 105.0 111.0 118.0 124.0 131.0 137.0 143.0 150.0 156.0 162.0 169.0 175.0 181.0 187.0 194.0 200.0 206.0 212.0 219.0 225.0 231.0 237.0 243.0 249.0 255.0 261.0 267.0 273.0 279.0 285.0 291.0 297.0 303.0 308.0 314.0 320.0 325.0 330.0 336.0 341.0 346.0 352.0 356.0 362.0 366.0 371.0 376.0 380.0 385.0 390.0 394.0 399.0 403.0 408.0 413.0 417.0 422.0 427.0 431.0 436.0 441.0 446.0 451.0 456.0 461.0 467.0 472.0 477.0 482.0 487.0 493.0 497.0 503.0 508.0 513.0 518.0 523.0 527.0 532.0 537.0 541.0 546.0 551.0 555.0 559.0 564.0 568.0 573.0 577.0 581.0 586.0 590.0 63.0
617.0 597.0 594.0 591.0 588.0 585.0 581.0 578.0 575.0 571.0 567.0 564.0 560.0 556.0 553.0 549.0 545.0 541.0 538.0 534.0 530.0 526.0 522.0 518.0 513.0 509.0 506.0 501.0 497.0 493.0 488.0 484.0 479.0 475.0 470.0 466.0 461.0 456.0 452.0 447.0 442.0 437.0 431.0 427.0 422.0 416.0 411.0 406.0 400.0 395.0 389.0 384.0 379.0 373.0 368.0 362.0 356.0 351.0 345.0 339.0 333.0 328.0 322.0 316.0 311.0 305.0 300.0 294.0 289.0 283.0 278.0 272.0 267.0 262.0 256.0 251.0 246.0 240.0 235.0 230.0 224.0 219.0 213.0 208.0 203.0 197.0 191.0 186.0 180.0 175.0 170.0 164.0 158.0 153.0 147.0 142.0 136.0 130.0 125.0 120.0 5.0 60.0 67.0 73.0 80.0 87.0 93.0 100.0 106.0 113.0 120.0 126.0 133.0 139.0 145.0 152.0 158.0 165.0 171.0 177.0 183.0 190.0 196.0 203.0 209.0 215.0 221.0 228.0 234.0 240.0 246.0 252.0 258.0 265.0 271.0 277.0 283.0 289.0 295.0 301.0 306.0 312.0 318.0 324.0 329.0 335.0 340.0 345.0 351.0 356.0 361.0 366.0 370.0 375.0 380.0 385.0 389.0 394.0 399.0 403.0 408.0 412.0 418.0 422.0 427.0 432.0 437.0 442.0 447.0 452.0 457.0 463.0 468.0 473.0 479.0 484.0 490.0 495.0 500.0 505.0 511.0 516.0 521.0 526.0 531.0 536.0 541.0 546.0 550.0 555.0 560.0 564.0 569.0 574.0 578.0 583.0 587.0 592.0 597.0 602.0 64.0
617.0 596.0 593.0 590.0 587.0 584.0 581.0 577.0 574.0 570.0 566.0 563.0 559.0 555.0 552.0 548.0 544.0 540.0 536.0 532.0 528.0 525.0 521.0 517.0 512.0 508.0 504.0 500.0 496.0 492.0 487.0 483.0 478.0 474.0 469.0 465.0 460.0 456.0 451.0 446.0 441.0 436.0 431.0 427.0 422.0 416.0 411.0 406.0 401.0 395.0 390.0 384.0 379.0 373.0 368.0 362.0 357.0 351.0 345.0 339.0 334.0 328.0 322.0 317.0 311.0 305.0 300.0 295.0 289.0 284.0 278.0 273.0 267.0 262.0 257.0 252.0 247.0 242.0 237.0 232.0 227.0 221.0 216.0 211.0 206.0 200.0 195.0 190.0 184.0 179.0 174.0 168.0 163.0 157.0 151.0 146.0 140.0 135.0 130.0 125.0 5.0 60.0 67.0 73.0 80.0 87.0 93.0 100.0 106.0 113.0 119.0 125.0 132.0 138.0 145.0 151.0 157.0 164.0 170.0 177.0 183.0 189.0 195.0 202.0 208.0 214.0 220.0 227.0 233.0 239.0 245.0 251.0 257.0 263.0 270.0 276.0 282.0 288.0 294.0 300.0 306.0 312.0 317.0 323.0 328.0 334.0 339.0 345.0 351.0 356.0 361.0 366.0 371.0 376.0 381.0 386.0 391.0 396.0 401.0 405.0 411.0 415.0 420.0 425.0 430.0 435.0 440.0 445.0 450.0 456.0 461.0 466.0 472.0 477.0 483.0 489.0 494.0 500.0 505.0 510.0 516.0 521.0 527.0 532.0 537.0 543.0 548.0 553.0 558.0 563.0 568.0 573.0 578.0 583.0 588.0 593.0 598.0 602.0 608.0 613.0 65.0
617.0 597.0 594.0 591.0 589.0 585.0 582.0 579.0 575.0 572.0 569.0 565.0 562.0 558.0 555.0 551.0 548.0 544.0 540.0 536.0 533.0 529.0 526.0 522.0 518.0 514.0 510.0 506.0 502.0 499.0 494.0 490.0 486.0 482.0 478.0 474.0 470.0 465.0 461.0 457.0 452.0 448.0 443.0 439.0 434.0 429.0 425.0 420.0 415.0 410.0 405.0 400.0 395.0 390.0 385.0 380.0 375.0 369.0 364.0 359.0 353.0 348.0 343.0 337.0 332.0 327.0 321.0 316.0 311.0 306.0 301.0 296.0 291.0 286.0 281.0 276.0 271.0 267.0 262.0 257.0 253.0 248.0 243.0 239.0 234.0 229.0 224.0 220.0 215.0 210.0 206.0 200.0 196.0 191.0 186.0 181.0 176.0 171.0 166.0 161.0 5.0 59.0 65.0 72.0 78.0 85.0 92.0 98.0 104.0 111.0 117.0 123.0 130.0 136.0 142.0 149.0 155.0 161.0 168.0 174.0 180.0 186.0 193.0 199.0 205.0 211.0 218.0 224.0 230.0 236.0 242.0 248.0 254.0 260.0 267.0 273.0 279.0 285.0 291.0 297.0 303.0 309.0 315.0 320.0 326.0 331.0 337.0 343.0 348.0 354.0 359.0 365.0 370.0 375.0 380.0 385.0 390.0 396.0 401.0 406.0 411.0 416.0 421.0 426.0 431.0 436.0 441.0 447.0 452.0 458.0 463.0 468.0 474.0 479.0 485.0 491.0 496.0 502.0 507.0 513.0 519.0 524.0 530.0 535.0 541.0 546.0 552.0 557.0 563.0 568.0 573.0 579.0 584.0 589.0 594.0 599.0 605.0 610.0 615.0 621.0 66.0
617.0 599.0 597.0 595.0 592.0 589.0 586.0 584.0 581.0 578.0 575.0 572.0 569.0 566.0 563.0 559.0 556.0 553.0 550.0 547.0 544.0 541.0 537.0 534.0 531.0 528.0 524.0 521.0 518.0 515.0 511.0 508.0 504.0 501.0 497.0 494.0 490.0 487.0 483.0 479.0 475.0 472.0 468.0 464.0 460.0 456.0 452.0 448.0 444.0 440.0 436.0 432.0 427.0 423.0 419.0 414.0 410.0 406.0 401.0 396.0 392.0 387.0 383.0 378.0 374.0 369.0 364.0 359.0 355.0 350.0 346.0 341.0 337.0 333.0 328.0 324.0 320.0 316.0 312.0 307.0 304.0 299.0 296.0 291.0 287.0 283.0 279.0 275.0 271.0 267.0 264.0 259.0 256.0 251.0 247.0 243.0 239.0 235.0 231.0 227.0 5.0 59.0 65.0 72.0 78.0 85.0 91.0 97.0 104.0 110.0 116.0 122.0 129.0 135.0 141.0 147.0 154.0 160.0 166.0 172.0 178.0 185.0 191.0 197.0 203.0 209.0 216.0 222.0 228.0 234.0 240.0 246.0 252.0 258.0 264.0 271.0 277.0 283.0 288.0 294.0 300.0 306.0 312.0 318.0 324.0 329.0 335.0 341.0 347.0 352.0 358.0 363.0 369.0 374.0 380.0 385.0 390.0 395.0 401.0 406.0 411.0 416.0 422.0 427.0 432.0 437.0 443.0 448.0 454.0 459.0 464.0 470.0 476.0 481.0 487.0 492.0 498.0 503.0 509.0 515.0 520.0 526.0 532.0 537.0 543.0 549.0 554.0 560.0 565.0 571.0 577.0 582.0 588.0 593.0 598.0 604.0 609.0 615.0 620.0 626.0 67.0
617.0 605.0 603.0 601.0 599.0 597.0 595.0 593.0 591.0 589.0 586.0 584.0 582.0 580.0 577.0 575.0 572.0 570.0 568.0 565.0 563.0 561.0 558.0 556.0 554.0 551.0 549.0 546.0 544.0 541.0 539.0 536.0 534.0 531.0 529.0 526.0 524.0 521.0 518.0 515.0 512.0 509.0 507.0 504.0 501.0 498.0 495.0 492.0 489.0 486.0 483.0 479.0 476.0 473.0 470.0 466.0 463.0 460.0 456.0 453.0 449.0 446.0 442.0 438.0 435.0 431.0 427.0 424.0 420.0 417.0 413.0 409.0 406.0 402.0 399.0 395.0 392.0 388.0 385.0 382.0 378.0 375.0 372.0 369.0 366.0 362.0 359.0 356.0 353.0 350.0 347.0 344.0 341.0 338.0 335.0 332.0 329.0 326.0 323.0 320.0 5.0 58.0 64.0 71.0 77.0 84.0 90.0 96.0 102.0 108.0 115.0 121.0 127.0 133.0 139.0 145.0 152.0 158.0 164.0 170.0 176.0 182.0 189.0 195.0 201.0 207.0 213.0 219.0 225.0 231.0 237.0 243.0 249.0 255.0 262.0 268.0 274.0 280.0 286.0 292.0 298.0 304.0 309.0 315.0 321.0 327.0 333.0 339.0 344.0 350.0 356.0 361.0 367.0 372.0 378.0 383.0 389.0 394.0 400.0 405.0 411.0 416.0 421.0 427.0 432.0 437.0 443.0 448.0 454.0 459.0 465.0 470.0 476.0 481.0 487.0 493.0 498.0 504.0 509.0 515.0 520.0 526.0 532.0 538.0 543.0 549.0 554.0 560.0 566.0 571.0 577.0 583.0 588.0 594.0 599.0 605.0 610.0 616.0 622.0 627.0 68.0
617.0 612.0 611.0 610.0 609.0 607.0 606.0 605.0 604.0 603.0 601.0 600.0 598.0 597.0 596.0 594.0 593.0 592.0 590.0 589.0 588.0 586.0 585.0 584.0 582.0 581.0 579.0 578.0 577.0 575.0 574.0 572.0 571.0 570.0 568.0 566.0 565.0 563.0 562.0 560.0 559.0 557.0 555.0 553.0 552.0 550.0 548.0 546.0 545.0 543.0 541.0 539.0 537.0 535.0 533.0 531.0 529.0 526.0 524.0 522.0 520.0 517.0 515.0 513.0 511.0 508.0 505.0 503.0 500.0 498.0 495.0 493.0 490.0 488.0 486.0 483.0 480.0 478.0 476.0 473.0 471.0 469.0 467.0 465.0 463.0 460.0 458.0 456.0 454.0 452.0 451.0 448.0 447.0 445.0 443.0 441.0 439.0 437.0 436.0 434.0 5.0 55.0 61.0 67.0 74.0 80.0 86.0 92.0 98.0 104.0 111.0 117.0 123.0 129.0 135.0 141.0 147.0 153.0 159.0 165.0 171.0 177.0 184.0 190.0 196.0 202.0 208.0 214.0 220.0 226.0 232.0 238.0 244.0 250.0 256.0 262.0 268.0 274.0 280.0 285.0 291.0 297.0 303.0 309.0 315.0 321.0 326.0 332.0 338.0 344.0 350.0 356.0 361.0 367.0 373.0 378.0 384.0 389.0 395.0 401.0 406.0 412.0 417.0 423.0 429.0 434.0 440.0 445.0 451.0 457.0 462.0 468.0 474.0 480.0 485.0 491.0 497.0 503.0 509.0 514.0 520.0 526.0 532.0 538.0 543.0 549.0 555.0 561.0 567.0 572.0 578.0 584.0 590.0 595.0 601.0 607.0 612.0 618.0 624.0 629.0 69.0
617.0 619.0 619.0 619.0 618.0 618.0 618.0 618.0 617.0 617.0 617.0 616.0 616.0 616.0 615.0 615.0 615.0 614.0 614.0 614.0 613.0 613.0 613.0 612.0 612.0 612.0 611.0 611.0 611.0 611.0 610.0 610.0 609.0 609.0 609.0 608.0 608.0 608.0 607.0 606.0 606.0 606.0 605.0 605.0 604.0 604.0 603.0 602.0 602.0 601.0 600.0 600.0 599.0 598.0 597.0 597.0 596.0 595.0 594.0 593.0 592.0 591.0 590.0 589.0 587.0 586.0 585.0 584.0 582.0 581.0 580.0 578.0 577.0 576.0 574.0 573.0 572.0 571.0 569.0 568.0 567.0 566.0 565.0 564.0 563.0 562.0 561.0 560.0 559.0 559.0 558.0 557.0 556.0 556.0 555.0 555.0 554.0 554.0 553.0 553.0 5.0 53.0 59.0 65.0 71.0 77.0 84.0 90.0 96.0 102.0 108.0 114.0 120.0 127.0 133.0 139.0 145.0 151.0 157.0 163.0 169.0 175.0 181.0 187.0 193.0 199.0 205.0 211.0 217.0 223.0 229.0 235.0 241.0 247.0 253.0 259.0 265.0 271.0 277.0 282.0 288.0 294.0 300.0 306.0 312.0 318.0 324.0 330.0 335.0 341.0 347.0 353.0 358.0 364.0 370.0 376.0 381.0 387.0 393.0 399.0 404.0 410.0 416.0 422.0 428.0 433.0 439.0 444.0 451.0 457.0 462.0 468.0 474.0 480.0 486.0 492.0 498.0 504.0 510.0 515.0 522.0 527.0 533.0 539.0 545.0 551.0 557.0 563.0 569.0 575.0 581.0 586.0 592.0 598.0 603.0 609.0 615.0 621.0 626.0 632.0 70.0
617.0 626.0 627.0 628.0 628.0 629.0 630.0 631.0 631.0 632.0 633.0 633.0 634.0 635.0 635.0 636.0 637.0 637.0 638.0 639.0 640.0 641.0 641.0 642.0 643.0 644.0 645.0 645.0 646.0 647.0 648.0 648.0 649.0 650.0 651.0 652.0 653.0 653.0 654.0 655.0 656.0 656.0 657.0 658.0 659.0 659.0 660.0 660.0 661.0 662.0 662.0 662.0 663.0 664.0 664.0 664.0 665.0 665.0 665.0 665.0 666.0 666.0 666.0 666.0 666.0 666.0 666.0 666.0 666.0 666.0 666.0 666.0 665.0 666.0 666.0 666.0 665.0 666.0 666.0 666.0 666.0 666.0 666.0 667.0 667.0 667.0 668.0 668.0 669.0 669.0 670.0 670.0 671.0 672.0 673.0 674.0 674.0 675.0 676.0 677.0 5.0 52.0 58.0 65.0 71.0 77.0 83.0 89.0 95.0 101.0 108.0 114.0 120.0 126.0 132.0 138.0 144.0 150.0 156.0 162.0 168.0 174.0 180.0 187.0 193.0 198.0 204.0 210.0 216.0 222.0 228.0 234.0 240.0 246.0 252.0 258.0 264.0 270.0 276.0 282.0 288.0 294.0 300.0 306.0 311.0 317.0 323.0 329.0 335.0 340.0 346.0 352.0 358.0 364.0 370.0 375.0 381.0 387.0 393.0 399.0 405.0 411.0 417.0 422.0 428.0 434.0 440.0 446.0 452.0 458.0 464.0 470.0 476.0 482.0 488.0 494.0 500.0 506.0 512.0 518.0 524.0 530.0 536.0 542.0 547.0 553.0 560.0 565.0 571.0 577.0 583.0 589.0 595.0 600.0 606.0 611.0 617.0 623.0 629.0 635.0 71.0
617.0 634.0 635.0 637.0 638.0 640.0 641.0 643.0 645.0 646.0 648.0 650.0 651.0 653.0 655.0 656.0 658.0 660.0 662.0 664.0 665.0 667.0 669.0 671.0 673.0 675.0 677.0 679.0 681.0 683.0 685.0 686.0 688.0 691.0 693.0 694.0 697.0 699.0 700.0 702.0 704.0 706.0 708.0 710.0 712.0 714.0 716.0 717.0 719.0 721.0 723.0 724.0 726.0 728.0 729.0 731.0 733.0 734.0 735.0 737.0 738.0 739.0 741.0 742.0 743.0 744.0 746.0 747.0 748.0 749.0 750.0 752.0 753.0 754.0 755.0 757.0 758.0 759.0 761.0 762.0 764.0 765.0 767.0 769.0 770.0 772.0 774.0 776.0 778.0 780.0 782.0 784.0 786.0 788.0 791.0 793.0 795.0 797.0 800.0 802.0 5.0 51.0 58.0 64.0 70.0 76.0 83.0 89.0 95.0 101.0 107.0 113.0 120.0 126.0 132.0 138.0 144.0 150.0 156.0 162.0 168.0 175.0 181.0 187.0 193.0 199.0 205.0 211.0 217.0 223.0 229.0 235.0 241.0 247.0 253.0 259.0 264.0 270.0 276.0 282.0 288.0 294.0 300.0 306.0 312.0 318.0 323.0 330.0 336.0 341.0 347.0 353.0 359.0 365.0 371.0 377.0 383.0 389.0 395.0 401.0 407.0 413.0 419.0 425.0 431.0 437.0 443.0 449.0 455.0 461.0 467.0 473.0 479.0 485.0 491.0 497.0 503.0 509.0 515.0 521.0 527.0 533.0 539.0 545.0 551.0 557.0 563.0 568.0 574.0 580.0 586.0 591.0 597.0 603.0 609.0 614.0 620.0 626.0 631.0 637.0 72.0
617.0 639.0 642.0 644.0 646.0 649.0 651.0 654.0 656.0 659.0 661.0 663.0 666.0 668.0 671.0 674.0 676.0 679.0 682.0 685.0 687.0 690.0 693.0 696.0 699.0 702.0 705.0 708.0 710.0 714.0 717.0 720.0 723.0 726.0 729.0 731.0 735.0 738.0 741.0 744.0 747.0 749.0 753.0 756.0 759.0 761.0 764.0 767.0 770.0 773.0 776.0 779.0 781.0 784.0 787.0 789.0 792.0 795.0 797.0 800.0 802.0 805.0 807.0 809.0 812.0 814.0 816.0 818.0 821.0 823.0 825.0 828.0 830.0 832.0 834.0 837.0 839.0 842.0 844.0 847.0 850.0 852.0 856.0 858.0 861.0 864.0 867.0 870.0 873.0 876.0 880.0 883.0 886.0 889.0 893.0 896.0 899.0 903.0 906.0 909.0 5.0 50.0 56.0 63.0 69.0 75.0 81.0 87.0 93.0 99.0 106.0 112.0 118.0 124.0 130.0 136.0 142.0 148.0 154.0 160.0 166.0 172.0 177.0 183.0 190.0 195.0 201.0 207.0 213.0 219.0 225.0 230.0 236.0 242.0 248.0 254.0 260.0 265.0 271.0 277.0 283.0 289.0 295.0 300.0 306.0 311.0 317.0 323.0 329.0 335.0 341.0 346.0 352.0 358.0 364.0 370.0 375.0 381.0 387.0 393.0 399.0 405.0 411.0 417.0 423.0 429.0 434.0 440.0 446.0 453.0 459.0 464.0 470.0 476.0 482.0 488.0 494.0 500.0 506.0 511.0 517.0 523.0 529.0 534.0 540.0 546.0 551.0 557.0 562.0 568.0 573.0 579.0 584.0 589.0 595.0 600.0 606.0 611.0 616.0 621.0 73.0
617.0 643.0 646.0 649.0 652.0 655.0 658.0 661.0 664.0 667.0 670.0 673.0 676.0 679.0 683.0 686.0 689.0 692.0 696.0 699.0 703.0 706.0 710.0 713.0 717.0 721.0 724.0 728.0 731.0 735.0 739.0 743.0 746.0 750.0 754.0 757.0 761.0 765.0 768.0 772.0 776.0 779.0 783.0 787.0 791.0 794.0 798.0 802.0 805.0 809.0 813.0 816.0 820.0 823.0 827.0 830.0 834.0 837.0 840.0 844.0 847.0 850.0 853.0 857.0 860.0 863.0 866.0 869.0 872.0 875.0 878.0 881.0 884.0 887.0 891.0 894.0 897.0 900.0 904.0 907.0 911.0 914.0 918.0 921.0 925.0 929.0 932.0 937.0 941.0 944.0 948.0 952.0 956.0 960.0 964.0 968.0 972.0 976.0 980.0 984.0 5.0 49.0 55.0 61.0 67.0 73.0 79.0 85.0 91.0 97.0 103.0 109.0 115.0 121.0 127.0 132.0 138.0 144.0 150.0 156.0 161.0 167.0 173.0 179.0 184.0 190.0 196.0 201.0 207.0 212.0 218.0 224.0 230.0 235.0 241.0 246.0 252.0 257.0 263.0 268.0 274.0 279.0 285.0 290.0 296.0 301.0 307.0 313.0 318.0 324.0 329.0 335.0 340.0 346.0 352.0 357.0 363.0 368.0 374.0 380.0 385.0 391.0 397.0 402.0 408.0 414.0 420.0 425.0 431.0 437.0 443.0 449.0 454.0 460.0 466.0 472.0 477.0 483.0 489.0 494.0 500.0 505.0 511.0 516.0 522.0 527.0 532.0 537.0 543.0 548.0 553.0 558.0 563.0 568.0 573.0 578.0 583.0 588.0 593.0 598.0 74.0
617.0 646.0 649.0 652.0 656.0 659.0 662.0 666.0 669.0 673.0 676.0 679.0 683.0 686.0 690.0 694.0 697.0 701.0 705.0 709.0 713.0 717.0 720.0 725.0 729.0 733.0 737.0 741.0 745.0 749.0 753.0 758.0 762.0 766.0 770.0 774.0 779.0 783.0 787.0 791.0 796.0 800.0 804.0 808.0 812.0 816.0 821.0 825.0 829.0 833.0 837.0 841.0 846.0 850.0 854.0 858.0 862.0 866.0 870.0 873.0 877.0 881.0 885.0 888.0 892.0 896.0 900.0 903.0 907.0 910.0 914.0 918.0 921.0 925.0 929.0 933.0 936.0 941.0 944.0 948.0 952.0 956.0 961.0 965.0 969.0 973.0 977.0 982.0 987.0 990.0 995.0 1000.0 1004.0 1009.0 1013.0 1018.0 1022.0 1027.0 1032.0 1036.0 5.0 48.0 54.0 60.0 66.0 72.0 78.0 84.0 89.0 95.0 101.0 107.0 113.0 119.0 125.0 130.0 136.0 142.0 148.0 153.0 159.0 165.0 170.0 176.0 182.0 187.0 193.0 198.0 204.0 209.0 215.0 221.0 226.0 231.0 237.0 243.0 248.0 253.0 259.0 264.0 270.0 275.0 280.0 286.0 291.0 296.0 302.0 307.0 313.0 318.0 324.0 329.0 335.0 340.0 345.0 351.0 356.0 362.0 367.0 373.0 379.0 384.0 390.0 395.0 401.0 407.0 413.0 418.0 424.0 430.0 435.0 441.0 446.0 452.0 458.0 464.0 469.0 475.0 480.0 485.0 491.0 496.0 502.0 507.0 512.0 517.0 522.0 527.0 532.0 537.0 542.0 547.0 552.0 557.0 562.0 566.0 571.0 575.0 580.0 585.0 75.0
617.0 648.0 651.0 655.0 658.0 662.0 665.0 669.0 673.0 676.0 680.0 684.0 687.0 691.0 695.0 699.0 703.0 707.0 711.0 715.0 720.0 724.0 728.0 733.0 737.0 741.0 746.0 750.0 754.0 759.0 763.0 768.0 772.0 777.0 782.0 786.0 791.0 795.0 800.0 804.0 809.0 814.0 818.0 823.0 827.0 832.0 836.0 840.0 845.0 850.0 854.0 858.0 863.0 867.0 872.0 876.0 880.0 885.0 889.0 893.0 897.0 901.0 905.0 909.0 913.0 917.0 921.0 925.0 929.0 933.0 937.0 941.0 945.0 949.0 953.0 958.0 962.0 966.0 971.0 975.0 980.0 984.0 989.0 994.0 998.0 1003.0 1008.0 1013.0 1018.0 1022.0 1028.0 1032.0 1037.0 1042.0 1047.0 1052.0 1057.0 1063.0 1068.0 1073.0 5.0 48.0 55.0 60.0 66.0 72.0 79.0 85.0 90.0 96.0 102.0 109.0 114.0 120.0 126.0 132.0 138.0 144.0 150.0 155.0 161.0 167.0 173.0 178.0 184.0 190.0 195.0 201.0 207.0 212.0 218.0 223.0 229.0 235.0 240.0 246.0 251.0 257.0 262.0 268.0 273.0 279.0 284.0 290.0 295.0 301.0 306.0 312.0 317.0 323.0 328.0 334.0 340.0 345.0 351.0 356.0 362.0 367.0 373.0 379.0 384.0 390.0 396.0 402.0 407.0 413.0 419.0 425.0 431.0 436.0 442.0 448.0 453.0 459.0 465.0 471.0 476.0 482.0 487.0 493.0 498.0 503.0 509.0 514.0 519.0 524.0 529.0 534.0 539.0 544.0 549.0 553.0 558.0 563.0 568.0 572.0 577.0 581.0 586.0 591.0 76.0
617.0 649.0 652.0 655.0 659.0 663.0 666.0 670.0 674.0 677.0 681.0 685.0 689.0 693.0 697.0 701.0 705.0 709.0 713.0 717.0 722.0 726.0 730.0 734.0 739.0 743.0 748.0 752.0 757.0 761.0 766.0 770.0 775.0 780.0 784.0 789.0 794.0 798.0 803.0 807.0 812.0 816.0 821.0 826.0 830.0 835.0 839.0 844.0 849.0 853.0 857.0 862.0 866.0 870.0 875.0 879.0 884.0 888.0 892.0 896.0 900.0 904.0 908.0 912.0 917.0 920.0 925.0 928.0 933.0 937.0 941.0 945.0 949.0 953.0 958.0 962.0 966.0 971.0 975.0 980.0 985.0 990.0 994.0 999.0 1004.0 1009.0 1014.0 1020.0 1025.0 1029.0 1035.0 1040.0 1045.0 1051.0 1056.0 1061.0 1066.0 1072.0 1077.0 1082.0 5.0 49.0 55.0 61.0 67.0 73.0 80.0 86.0 92.0 98.0 104.0 111.0 116.0 123.0 129.0 134.0 141.0 147.0 152.0 158.0 164.0 170.0 176.0 182.0 187.0 193.0 199.0 205.0 211.0 216.0 222.0 228.0 234.0 240.0 245.0 251.0 257.0 262.0 268.0 274.0 280.0 285.0 291.0 296.0 302.0 308.0 313.0 319.0 325.0 331.0 336.0 342.0 348.0 353.0 359.0 365.0 371.0 377.0 383.0 388.0 394.0 400.0 406.0 412.0 418.0 424.0 430.0 436.0 442.0 448.0 454.0 460.0 465.0 471.0 477.0 483.0 488.0 494.0 500.0 505.0 511.0 516.0 522.0 527.0 533.0 538.0 543.0 548.0 553.0 558.0 563.0 568.0 573.0 578.0 583.0 588.0 593.0 597.0 602.0 607.0 77.0
617.0 648.0 651.0 654.0 658.0 661.0 665.0 668.0 672.0 675.0 679.0 683.0 686.0 690.0 694.0 698.0 702.0 706.0 710.0 713.0 718.0 722.0 726.0 730.0 734.0 738.0 743.0 747.0 751.0 756.0 760.0 764.0 768.0 773.0 777.0 782.0 786.0 790.0 795.0 799.0 804.0 808.0 812.0 816.0 821.0 825.0 829.0 834.0 838.0 842.0 846.0 851.0 855.0 859.0 863.0 867.0 871.0 875.0 879.0 883.0 887.0 891.0 894.0 898.0 902.0 906.0 909.0 913.0 917.0 920.0 924.0 928.0 932.0 935.0 939.0 944.0 948.0 952.0 956.0 960.0 965.0 969.0 973.0 978.0 983.0 987.0 992.0 997.0 1002.0 1006.0 1011.0 1016.0 1021.0 1026.0 1031.0 1036.0 1041.0 1046.0 1051.0 1056.0 5.0 49.0 55.0 61.0 67.0 73.0 80.0 86.0 92.0 98.0 104.0 110.0 116.0 123.0 129.0 135.0 141.0 147.0 153.0 158.0 165.0 170.0 176.0 182.0 188.0 194.0 200.0 206.0 212.0 217.0 223.0 229.0 235.0 241.0 246.0 252.0 258.0 264.0 270.0 275.0 281.0 287.0 293.0 298.0 304.0 310.0 316.0 321.0 327.0 333.0 339.0 345.0 351.0 356.0 362.0 368.0 374.0 380.0 386.0 392.0 398.0 404.0 410.0 416.0 422.0 428.0 434.0 440.0 446.0 452.0 458.0 464.0 470.0 476.0 482.0 488.0 494.0 500.0 505.0 511.0 517.0 523.0 528.0 534.0 539.0 545.0 550.0 556.0 561.0 566.0 571.0 576.0 582.0 587.0 592.0 597.0 602.0 607.0 612.0 617.0 78.0
617.0 646.0 649.0 652.0 656.0 659.0 662.0 665.0 669.0 672.0 675.0 679.0 682.0 685.0 689.0 692.0 696.0 699.0 703.0 707.0 711.0 714.0 718.0 722.0 725.0 729.0 733.0 737.0 741.0 745.0 749.0 753.0 757.0 761.0 765.0 768.0 773.0 776.0 780.0 784.0 788.0 792.0 796.0 800.0 804.0 808.0 812.0 816.0 819.0 823.0 827.0 831.0 834.0 838.0 842.0 845.0 849.0 853.0 856.0 860.0 863.0 866.0 870.0 873.0 876.0 880.0 883.0 886.0 889.0 893.0 896.0 899.0 902.0 906.0 909.0 912.0 916.0 919.0 923.0 927.0 930.0 934.0 937.0 941.0 945.0 950.0 954.0 958.0 962.0 966.0 970.0 974.0 979.0 983.0 987.0 992.0 996.0 1001.0 1005.0 1009.0 5.0 48.0 54.0 60.0 67.0 73.0 79.0 85.0 91.0 97.0 103.0 109.0 115.0 121.0 128.0 134.0 140.0 146.0 152.0 157.0 164.0 169.0 175.0 181.0 187.0 193.0 199.0 205.0 211.0 216.0 222.0 228.0 234.0 240.0 246.0 251.0 257.0 263.0 269.0 275.0 281.0 286.0 292.0 298.0 304.0 310.0 315.0 321.0 327.0 333.0 339.0 345.0 350.0 356.0 362.0 368.0 374.0 380.0 386.0 392.0 398.0 404.0 410.0 416.0 423.0 428.0 435.0 441.0 447.0 453.0 459.0 465.0 471.0 477.0 483.0 489.0 495.0 501.0 507.0 513.0 519.0 525.0 531.0 536.0 542.0 548.0 553.0 559.0 564.0 570.0 575.0 581.0 586.0 592.0 597.0 602.0 608.0 613.0 618.0 624.0 79.0
617.0 643.0 646.0 649.0 651.0 654.0 657.0 660.0 663.0 666.0 669.0 672.0 674.0 677.0 680.0 683.0 686.0 689.0 693.0 696.0 699.0 702.0 705.0 708.0 712.0 715.0 718.0 721.0 725.0 728.0 731.0 735.0 738.0 742.0 745.0 748.0 752.0 755.0 758.0 762.0 765.0 768.0 772.0 775.0 778.0 781.0 785.0 788.0 791.0 794.0 798.0 801.0 804.0 807.0 810.0 813.0 816.0 819.0 822.0 825.0 827.0 830.0 833.0 835.0 839.0 841.0 844.0 846.0 849.0 851.0 854.0 856.0 859.0 861.0 864.0 866.0 869.0 872.0 874.0 877.0 880.0 883.0 885.0 888.0 892.0 895.0 898.0 901.0 904.0 907.0 911.0 914.0 918.0 921.0 924.0 928.0 931.0 935.0 938.0 942.0 5.0 48.0 54.0 60.0 66.0 72.0 78.0 84.0 91.0 97.0 103.0 108.0 114.0 120.0 127.0 132.0 139.0 144.0 150.0 156.0 162.0 168.0 174.0 180.0 186.0 191.0 197.0 203.0 209.0 215.0 221.0 227.0 232.0 238.0 244.0 250.0 256.0 261.0 267.0 273.0 279.0 285.0 291.0 296.0 302.0 308.0 314.0 320.0 326.0 331.0 337.0 343.0 349.0 355.0 361.0 367.0 373.0 379.0 385.0 391.0 397.0 403.0 409.0 415.0 421.0 427.0 434.0 440.0 446.0 452.0 458.0 464.0 471.0 477.0 483.0 489.0 495.0 501.0 507.0 513.0 519.0 525.0 531.0 537.0 543.0 549.0 554.0 560.0 566.0 571.0 577.0 583.0 589.0 594.0 600.0 605.0 611.0 616.0 622.0 627.0 80.0
617.0 638.0 640.0 642.0 644.0 646.0 648.0 650.0 653.0 655.0 657.0 659.0 661.0 663.0 665.0 667.0 670.0 672.0 674.0 677.0 679.0 681.0 683.0 686.0 688.0 691.0 693.0 695.0 698.0 700.0 703.0 705.0 707.0 710.0 713.0 715.0 717.0 720.0 722.0 725.0 727.0 729.0 732.0 734.0 736.0 739.0 741.0 743.0 745.0 748.0 750.0 752.0 754.0 756.0 759.0 761.0 763.0 765.0 767.0 769.0 771.0 772.0 774.0 776.0 778.0 779.0 781.0 782.0 784.0 786.0 787.0 789.0 790.0 792.0 793.0 795.0 796.0 798.0 799.0 801.0 803.0 804.0 806.0 808.0 810.0 812.0 814.0 816.0 818.0 820.0 822.0 824.0 827.0 829.0 831.0 834.0 836.0 839.0 841.0 844.0 5.0 48.0 54.0 60.0 66.0 72.0 78.0 84.0 90.0 96.0 102.0 108.0 114.0 120.0 126.0 132.0 138.0 144.0 150.0 156.0 162.0 168.0 173.0 179.0 185.0 191.0 197.0 203.0 209.0 215.0 220.0 226.0 232.0 238.0 244.0 249.0 255.0 261.0 267.0 273.0 279.0 285.0 291.0 297.0 303.0 308.0 314.0 320.0 326.0 332.0 338.0 344.0 350.0 356.0 362.0 368.0 373.0 379.0 386.0 392.0 398.0 403.0 409.0 415.0 422.0 428.0 434.0 439.0 446.0 452.0 458.0 463.0 470.0 476.0 481.0 488.0 493.0 499.0 506.0 511.0 517.0 523.0 529.0 535.0 541.0 547.0 552.0 558.0 564.0 570.0 575.0 581.0 587.0 592.0 598.0 604.0 609.0 615.0 621.0 626.0 81.0
617.0 631.0 632.0 633.0 634.0 636.0 637.0 638.0 639.0 640.0 641.0 643.0 644.0 645.0 646.0 647.0 649.0 650.0 651.0 653.0 654.0 655.0 657.0 658.0 659.0 661.0 662.0 663.0 665.0 666.0 668.0 669.0 670.0 672.0 673.0 674.0 676.0 677.0 679.0 680.0 681.0 682.0 684.0 685.0 687.0 688.0 689.0 690.0 691.0 692.0 694.0 694.0 696.0 697.0 698.0 699.0 700.0 701.0 702.0 703.0 703.0 704.0 705.0 705.0 706.0 707.0 707.0 708.0 708.0 709.0 709.0 709.0 710.0 710.0 711.0 711.0 711.0 712.0 712.0 713.0 714.0 714.0 715.0 716.0 717.0 717.0 719.0 719.0 720.0 721.0 722.0 724.0 725.0 726.0 728.0 729.0 731.0 732.0 733.0 735.0 5.0 52.0 58.0 64.0 70.0 76.0 82.0 88.0 94.0 100.0 106.0 112.0 118.0 124.0 130.0 136.0 142.0 148.0 154.0 159.0 165.0 171.0 177.0 183.0 189.0 195.0 201.0 207.0 213.0 219.0 225.0 230.0 236.0 242.0 248.0 254.0 260.0 266.0 272.0 278.0 284.0 289.0 295.0 301.0 307.0 313.0 319.0 325.0 331.0 336.0 342.0 348.0 354.0 360.0 366.0 372.0 378.0 384.0 390.0 395.0 401.0 407.0 413.0 419.0 425.0 431.0 437.0 442.0 448.0 454.0 460.0 466.0 472.0 478.0 483.0 490.0 495.0 501.0 507.0 513.0 519.0 524.0 530.0 536.0 542.0 548.0 553.0 559.0 565.0 571.0 577.0 582.0 588.0 594.0 599.0 605.0 611.0 617.0 623.0 628.0 82.0
617.0 622.0 623.0 623.0 624.0 624.0 624.0 624.0 624.0 624.0 624.0 624.0 625.0 625.0 625.0 625.0 625.0 625.0 625.0 626.0 626.0 626.0 626.0 626.0 627.0 627.0 627.0 628.0 628.0 628.0 628.0 628.0 628.0 629.0 629.0 629.0 629.0 630.0 630.0 630.0 630.0 630.0 631.0 631.0 631.0 631.0 631.0 631.0 630.0 630.0 631.0 630.0 630.0 630.0 630.0 629.0 629.0 629.0 629.0 629.0 628.0 627.0 627.0 626.0 626.0 625.0 624.0 623.0 623.0 622.0 621.0 620.0 619.0 619.0 618.0 617.0 617.0 616.0 615.0 615.0 614.0 614.0 614.0 613.0 614.0 613.0 613.0 613.0 613.0 613.0 613.0 613.0 614.0 614.0 614.0 614.0 615.0 615.0 615.0 615.0 5.0 54.0 60.0 66.0 72.0 78.0 84.0 90.0 96.0 102.0 108.0 114.0 120.0 126.0 132.0 138.0 144.0 150.0 156.0 162.0 168.0 174.0 180.0 186.0 192.0 198.0 204.0 210.0 216.0 222.0 228.0 234.0 239.0 245.0 251.0 257.0 263.0 269.0 275.0 281.0 287.0 292.0 298.0 304.0 310.0 316.0 322.0 328.0 334.0 340.0 345.0 351.0 357.0 363.0 369.0 375.0 381.0 386.0 392.0 398.0 404.0 410.0 415.0 421.0 427.0 433.0 439.0 444.0 450.0 456.0 462.0 468.0 473.0 479.0 485.0 491.0 496.0 502.0 508.0 514.0 520.0 525.0 531.0 537.0 543.0 549.0 555.0 561.0 567.0 572.0 578.0 584.0 590.0 596.0 601.0 607.0 613.0 619.0 625.0 631.0 83.0
617.0 615.0 615.0 614.0 614.0 613.0 612.0 612.0 611.0 610.0 609.0 608.0 608.0 607.0 606.0 605.0 604.0 603.0 602.0 602.0 601.0 600.0 599.0 598.0 597.0 597.0 596.0 595.0 594.0 594.0 592.0 592.0 590.0 590.0 589.0 588.0 587.0 586.0 585.0 585.0 583.0 582.0 581.0 580.0 579.0 578.0 577.0 576.0 574.0 573.0 572.0 571.0 569.0 568.0 566.0 565.0 563.0 562.0 560.0 558.0 556.0 555.0 553.0 551.0 549.0 547.0 545.0 543.0 541.0 540.0 538.0 536.0 534.0 532.0 530.0 528.0 527.0 525.0 523.0 522.0 521.0 519.0 518.0 517.0 516.0 514.0 513.0 512.0 511.0 510.0 509.0 508.0 507.0 506.0 505.0 504.0 503.0 502.0 501.0 500.0 5.0 55.0 61.0 67.0 73.0 79.0 86.0 92.0 98.0 104.0 110.0 116.0 122.0 128.0 134.0 140.0 146.0 152.0 158.0 164.0 170.0 176.0 183.0 188.0 194.0 200.0 207.0 213.0 219.0 225.0 230.0 236.0 242.0 248.0 254.0 260.0 266.0 272.0 278.0 284.0 290.0 296.0 302.0 308.0 313.0 319.0 325.0 331.0 337.0 343.0 349.0 355.0 360.0 366.0 372.0 378.0 384.0 389.0 395.0 401.0 407.0 413.0 418.0 424.0 430.0 435.0 441.0 447.0 452.0 458.0 464.0 469.0 475.0 481.0 487.0 493.0 498.0 504.0 510.0 516.0 522.0 528.0 534.0 540.0 545.0 551.0 557.0 563.0 569.0 575.0 581.0 587.0 593.0 598.0 604.0 610.0 616.0 622.0 628.0 633.0 84.0
617.0 610.0 609.0 607.0 606.0 605.0 603.0 602.0 600.0 598.0 597.0 595.0 594.0 592.0 590.0 589.0 587.0 585.0 583.0 582.0 580.0 578.0 577.0 575.0 573.0 572.0 570.0 568.0 566.0 565.0 563.0 561.0 559.0 557.0 555.0 554.0 551.0 550.0 548.0 546.0 544.0 541.0 539.0 537.0 535.0 533.0 531.0 528.0 526.0 524.0 521.0 519.0 516.0 513.0 511.0 508.0 506.0 503.0 500.0 497.0 494.0 491.0 488.0 485.0 482.0 479.0 476.0 473.0 470.0 467.0 464.0 461.0 459.0 456.0 453.0 451.0 448.0 445.0 443.0 441.0 438.0 436.0 434.0 431.0 429.0 426.0 424.0 422.0 420.0 417.0 415.0 413.0 410.0 408.0 406.0 403.0 401.0 398.0 396.0 394.0 5.0 56.0 63.0 69.0 75.0 81.0 88.0 94.0 100.0 106.0 113.0 119.0 125.0 131.0 137.0 143.0 149.0 156.0 162.0 168.0 174.0 180.0 186.0 193.0 198.0 204.0 211.0 217.0 223.0 229.0 235.0 241.0 247.0 253.0 259.0 265.0 271.0 277.0 283.0 289.0 295.0 301.0 307.0 313.0 319.0 325.0 331.0 337.0 342.0 348.0 354.0 360.0 365.0 371.0 377.0 383.0 389.0 394.0 400.0 406.0 411.0 417.0 422.0 428.0 434.0 439.0 445.0 450.0 456.0 462.0 468.0 473.0 479.0 485.0 490.0 496.0 502.0 508.0 514.0 520.0 525.0 531.0 537.0 543.0 549.0 555.0 561.0 567.0 573.0 578.0 584.0 590.0 596.0 602.0 607.0 613.0 619.0 624.0 630.0 635.0 85.0
617.0 606.0 604.0 602.0 600.0 598.0 596.0 594.0 592.0 589.0 587.0 585.0 583.0 580.0 578.0 576.0 573.0 570.0 568.0 566.0 563.0 561.0 558.0 556.0 553.0 551.0 548.0 545.0 543.0 540.0 537.0 535.0 532.0 530.0 527.0 524.0 521.0 518.0 515.0 512.0 509.0 506.0 503.0 500.0 496.0 493.0 490.0 487.0 483.0 480.0 476.0 472.0 469.0 465.0 461.0 457.0 454.0 450.0 446.0 442.0 438.0 434.0 430.0 426.0 422.0 418.0 414.0 410.0 406.0 402.0 399.0 395.0 391.0 387.0 383.0 380.0 376.0 373.0 369.0 366.0 362.0 359.0 355.0 351.0 348.0 344.0 341.0 337.0 334.0 330.0 327.0 323.0 320.0 316.0 312.0 309.0 305.0 302.0 298.0 295.0 5.0 58.0 65.0 71.0 78.0 84.0 91.0 97.0 103.0 110.0 116.0 123.0 129.0 135.0 142.0 148.0 154.0 161.0 167.0 173.0 180.0 186.0 192.0 199.0 205.0 211.0 217.0 224.0 230.0 236.0 242.0 248.0 255.0 261.0 266.0 273.0 279.0 285.0 291.0 297.0 303.0 309.0 315.0 321.0 327.0 333.0 339.0 345.0 350.0 356.0 362.0 367.0 373.0 379.0 384.0 390.0 395.0 401.0 406.0 412.0 417.0 422.0 428.0 433.0 439.0 444.0 450.0 456.0 461.0 467.0 473.0 478.0 484.0 490.0 496.0 502.0 507.0 513.0 519.0 525.0 531.0 536.0 542.0 548.0 554.0 559.0 565.0 570.0 576.0 581.0 587.0 592.0 598.0 604.0 609.0 615.0 620.0 626.0 631.0 637.0 86.0
617.0 602.0 600.0 598.0 596.0 593.0 590.0 588.0 585.0 582.0 579.0 577.0 574.0 571.0 568.0 566.0 562.0 559.0 556.0 553.0 550.0 547.0 544.0 541.0 538.0 535.0 532.0 528.0 525.0 522.0 518.0 515.0 511.0 508.0 505.0 501.0 497.0 494.0 490.0 486.0 482.0 478.0 475.0 470.0 466.0 462.0 458.0 454.0 449.0 445.0 441.0 436.0 432.0 427.0 423.0 418.0 413.0 408.0 404.0 399.0 394.0 389.0 385.0 380.0 375.0 370.0 366.0 361.0 357.0 352.0 347.0 343.0 338.0 334.0 329.0 325.0 321.0 316.0 312.0 307.0 303.0 299.0 294.0 290.0 285.0 281.0 276.0 272.0 267.0 263.0 258.0 254.0 249.0 245.0 240.0 236.0 231.0 227.0 223.0 218.0 5.0 60.0 67.0 74.0 80.0 87.0 94.0 100.0 107.0 113.0 120.0 126.0 133.0 139.0 146.0 153.0 159.0 165.0 172.0 178.0 185.0 191.0 198.0 204.0 210.0 217.0 223.0 229.0 236.0 242.0 248.0 254.0 261.0 267.0 273.0 280.0 286.0 292.0 298.0 304.0 310.0 316.0 322.0 328.0 334.0 339.0 345.0 351.0 356.0 362.0 367.0 373.0 378.0 384.0 389.0 394.0 399.0 404.0 410.0 415.0 420.0 425.0 431.0 436.0 442.0 447.0 453.0 458.0 463.0 469.0 475.0 480.0 486.0 492.0 497.0 503.0 509.0 515.0 521.0 526.0 531.0 537.0 543.0 548.0 553.0 559.0 564.0 569.0 574.0 579.0 584.0 590.0 595.0 600.0 605.0 611.0 616.0 621.0 626.0 632.0 87.0
617.0 600.0 598.0 595.0 592.0 589.0 586.0 583.0 580.0 577.0 574.0 571.0 568.0 564.0 561.0 558.0 555.0 551.0 548.0 544.0 541.0 537.0 534.0 530.0 526.0 523.0 519.0 515.0 512.0 508.0 504.0 500.0 496.0 492.0 488.0 484.0 479.0 475.0 471.0 467.0 462.0 457.0 453.0 448.0 444.0 439.0 434.0 429.0 424.0 419.0 414.0 409.0 404.0 399.0 394.0 388.0 383.0 378.0 373.0 367.0 362.0 357.0 351.0 346.0 341.0 336.0 330.0 325.0 320.0 315.0 310.0 305.0 300.0 295.0 290.0 285.0 280.0 275.0 270.0 265.0 260.0 255.0 250.0 245.0 240.0 234.0 229.0 224.0 219.0 214.0 209.0 203.0 198.0 193.0 188.0 183.0 178.0 173.0 168.0 163.0 5.0 61.0 68.0 75.0 82.0 88.0 95.0 102.0 109.0 115.0 122.0 129.0 135.0 142.0 149.0 155.0 162.0 168.0 175.0 182.0 188.0 194.0 201.0 207.0 214.0 220.0 227.0 233.0 240.0 246.0 253.0 259.0 265.0 271.0 277.0 284.0 290.0 296.0 302.0 308.0 314.0 320.0 326.0 332.0 338.0 344.0 349.0 355.0 360.0 366.0 371.0 376.0 382.0 387.0 392.0 397.0 402.0 407.0 412.0 417.0 423.0 428.0 433.0 438.0 444.0 449.0 454.0 460.0 465.0 471.0 477.0 482.0 488.0 494.0 500.0 505.0 511.0 517.0 522.0 528.0 533.0 538.0 544.0 549.0 554.0 560.0 564.0 570.0 575.0 580.0 585.0 590.0 595.0 600.0 605.0 610.0 615.0 621.0 626.0 632.0 88.0
617.0 599.0 596.0 593.0 590.0 587.0 584.0 581.0 577.0 574.0 571.0 567.0 564.0 560.0 557.0 553.0 550.0 546.0 542.0 539.0 535.0 531.0 528.0 524.0 520.0 516.0 512.0 508.0 504.0 500.0 496.0 492.0 487.0 483.0 479.0 475.0 470.0 465.0 461.0 456.0 452.0 447.0 442.0 437.0 432.0 427.0 422.0 417.0 411.0 406.0 401.0 395.0 390.0 384.0 379.0 374.0 368.0 362.0 357.0 351.0 345.0 340.0 334.0 329.0 323.0 318.0 313.0 307.0 302.0 296.0 291.0 286.0 281.0 275.0 270.0 265.0 260.0 255.0 250.0 244.0 239.0 234.0 228.0 223.0 218.0 212.0 207.0 201.0 196.0 190.0 185.0 180.0 174.0 169.0 163.0 158.0 152.0 147.0 142.0 137.0 5.0 61.0 68.0 75.0 82.0 89.0 96.0 103.0 109.0 116.0 123.0 129.0 136.0 143.0 149.0 156.0 162.0 169.0 175.0 182.0 189.0 195.0 202.0 208.0 214.0 221.0 227.0 234.0 240.0 246.0 253.0 259.0 266.0 272.0 278.0 285.0 291.0 297.0 303.0 309.0 315.0 321.0 327.0 333.0 339.0 344.0 350.0 356.0 361.0 366.0 372.0 377.0 382.0 388.0 392.0 398.0 403.0 408.0 413.0 418.0 423.0 428.0 433.0 439.0 444.0 449.0 455.0 460.0 466.0 472.0 477.0 483.0 489.0 495.0 500.0 506.0 512.0 517.0 523.0 529.0 534.0 539.0 545.0 551.0 556.0 561.0 566.0 571.0 576.0 581.0 586.0 591.0 597.0 602.0 607.0 612.0 617.0 623.0 628.0 634.0 89.0
617.0 598.0 596.0 593.0 590.0 587.0 584.0 580.0 577.0 574.0 570.0 567.0 564.0 560.0 557.0 553.0 549.0 546.0 542.0 539.0 535.0 531.0 528.0 524.0 520.0 516.0 513.0 509.0 505.0 500.0 496.0 493.0 488.0 484.0 480.0 476.0 472.0 467.0 463.0 458.0 454.0 449.0 444.0 440.0 435.0 430.0 425.0 420.0 415.0 410.0 404.0 399.0 394.0 388.0 383.0 378.0 372.0 367.0 361.0 356.0 350.0 344.0 339.0 334.0 328.0 323.0 317.0 312.0 307.0 301.0 296.0 291.0 286.0 281.0 276.0 271.0 266.0 261.0 256.0 251.0 246.0 241.0 236.0 231.0 226.0 221.0 216.0 211.0 205.0 200.0 195.0 190.0 185.0 179.0 174.0 169.0 163.0 158.0 153.0 148.0 5.0 61.0 68.0 74.0 81.0 88.0 95.0 101.0 108.0 114.0 121.0 128.0 134.0 141.0 147.0 154.0 160.0 167.0 173.0 180.0 186.0 192.0 199.0 205.0 212.0 218.0 225.0 231.0 237.0 243.0 250.0 256.0 263.0 269.0 275.0 281.0 287.0 293.0 299.0 305.0 311.0 317.0 323.0 329.0 335.0 341.0 347.0 352.0 358.0 363.0 369.0 374.0 380.0 385.0 390.0 395.0 401.0 406.0 411.0 416.0 421.0 427.0 432.0 437.0 443.0 448.0 453.0 459.0 464.0 470.0 476.0 481.0 487.0 493.0 499.0 505.0 510.0 516.0 522.0 528.0 533.0 539.0 544.0 550.0 555.0 561.0 566.0 571.0 577.0 582.0 587.0 593.0 598.0 603.0 609.0 614.0 619.0 625.0 630.0 636.0 90.0
617.0 599.0 596.0 593.0 590.0 588.0 585.0 581.0 578.0 575.0 572.0 569.0 566.0 562.0 559.0 556.0 552.0 549.0 545.0 542.0 539.0 535.0 532.0 528.0 525.0 521.0 517.0 514.0 510.0 506.0 503.0 499.0 495.0 491.0 487.0 483.0 479.0 475.0 471.0 467.0 463.0 459.0 454.0 450.0 446.0 441.0 437.0 432.0 427.0 423.0 418.0 413.0 408.0 403.0 398.0 394.0 388.0 383.0 378.0 373.0 368.0 362.0 357.0 352.0 347.0 342.0 337.0 331.0 327.0 322.0 316.0 312.0 307.0 302.0 297.0 293.0 288.0 283.0 279.0 274.0 270.0 265.0 261.0 256.0 252.0 247.0 243.0 238.0 234.0 229.0 224.0 220.0 215.0 210.0 205.0 201.0 196.0 191.0 187.0 182.0 5.0 61.0 67.0 74.0 81.0 87.0 94.0 101.0 107.0 113.0 120.0 126.0 133.0 139.0 146.0 152.0 158.0 165.0 171.0 178.0 184.0 190.0 197.0 203.0 209.0 215.0 222.0 228.0 235.0 241.0 247.0 253.0 259.0 265.0 271.0 278.0 284.0 290.0 296.0 302.0 308.0 314.0 320.0 326.0 332.0 338.0 344.0 349.0 355.0 360.0 366.0 372.0 377.0 382.0 388.0 393.0 398.0 404.0 409.0 414.0 419.0 425.0 430.0 435.0 441.0 446.0 452.0 457.0 463.0 469.0 474.0 480.0 485.0 491.0 497.0 503.0 508.0 514.0 520.0 526.0 532.0 537.0 543.0 549.0 554.0 560.0 565.0 571.0 576.0 582.0 587.0 593.0 598.0 604.0 609.0 615.0 620.0 626.0 631.0 637.0 91.0
617.0 601.0 599.0 597.0 594.0 592.0 589.0 586.0 584.0 581.0 578.0 576.0 573.0 570.0 567.0 564.0 561.0 558.0 555.0 552.0 549.0 546.0 543.0 540.0 537.0 534.0 531.0 528.0 525.0 522.0 519.0 516.0 512.0 509.0 506.0 502.0 499.0 496.0 492.0 489.0 485.0 481.0 478.0 474.0 470.0 467.0 463.0 459.0 455.0 451.0 447.0 443.0 439.0 435.0 431.0 426.0 422.0 418.0 413.0 409.0 404.0 400.0 396.0 391.0 387.0 382.0 378.0 373.0 369.0 364.0 360.0 355.0 351.0 347.0 343.0 338.0 334.0 330.0 326.0 322.0 318.0 314.0 311.0 306.0 303.0 299.0 295.0 291.0 287.0 283.0 279.0 276.0 272.0 268.0 264.0 260.0 256.0 252.0 248.0 245.0 5.0 59.0 65.0 72.0 78.0 85.0 91.0 98.0 104.0 110.0 117.0 123.0 129.0 136.0 142.0 148.0 155.0 161.0 167.0 174.0 180.0 186.0 192.0 198.0 204.0 211.0 218.0 224.0 230.0 236.0 242.0 248.0 254.0 260.0 267.0 273.0 279.0 285.0 291.0 297.0 303.0 309.0 315.0 321.0 327.0 333.0 339.0 344.0 350.0 356.0 361.0 367.0 373.0 378.0 384.0 389.0 395.0 400.0 406.0 411.0 416.0 422.0 427.0 433.0 438.0 444.0 449.0 455.0 460.0 466.0 472.0 477.0 483.0 488.0 494.0 500.0 506.0 511.0 517.0 523.0 529.0 535.0 540.0 546.0 552.0 557.0 563.0 568.0 574.0 580.0 585.0 591.0 597.0 602.0 608.0 614.0 620.0 626.0 631.0 637.0 92.0
617.0 606.0 604.0 602.0 600.0 599.0 596.0 594.0 592.0 590.0 588.0 586.0 584.0 581.0 579.0 577.0 575.0 573.0 570.0 568.0 566.0 563.0 561.0 559.0 556.0 554.0 552.0 549.0 547.0 545.0 542.0 540.0 537.0 535.0 532.0 530.0 527.0 525.0 522.0 519.0 517.0 514.0 511.0 508.0 505.0 503.0 499.0 497.0 494.0 490.0 487.0 484.0 481.0 478.0 475.0 471.0 468.0 465.0 461.0 458.0 454.0 450.0 447.0 443.0 440.0 436.0 432.0 429.0 425.0 421.0 418.0 414.0 411.0 407.0 404.0 400.0 397.0 393.0 390.0 387.0 383.0 380.0 377.0 374.0 371.0 368.0 365.0 361.0 358.0 355.0 352.0 349.0 346.0 343.0 340.0 337.0 334.0 331.0 328.0 325.0 5.0 57.0 64.0 70.0 76.0 83.0 89.0 95.0 102.0 108.0 114.0 120.0 127.0 133.0 139.0 146.0 152.0 158.0 164.0 170.0 177.0 183.0 189.0 195.0 201.0 207.0 214.0 220.0 226.0 232.0 239.0 245.0 251.0 257.0 263.0 269.0 275.0 281.0 287.0 293.0 299.0 305.0 311.0 317.0 323.0 329.0 335.0 341.0 346.0 352.0 358.0 364.0 369.0 375.0 381.0 386.0 392.0 397.0 403.0 409.0 414.0 420.0 425.0 431.0 436.0 442.0 447.0 453.0 458.0 464.0 470.0 475.0 481.0 486.0 492.0 498.0 503.0 509.0 515.0 521.0 526.0 532.0 538.0 544.0 549.0 555.0 560.0 566.0 572.0 578.0 583.0 589.0 595.0 601.0 607.0 612.0 618.0 624.0 630.0 636.0 93.0
617.0 611.0 610.0 609.0 608.0 607.0 606.0 604.0 603.0 601.0 600.0 599.0 597.0 596.0 594.0 593.0 591.0 590.0 588.0 587.0 586.0 584.0 583.0 581.0 580.0 578.0 577.0 575.0 574.0 572.0 571.0 569.0 568.0 566.0 564.0 563.0 561.0 559.0 558.0 556.0 554.0 552.0 550.0 549.0 547.0 545.0 543.0 541.0 539.0 537.0 535.0 533.0 531.0 528.0 526.0 524.0 522.0 520.0 517.0 515.0 512.0 510.0 507.0 505.0 502.0 499.0 497.0 494.0 491.0 489.0 486.0 483.0 481.0 478.0 475.0 473.0 470.0 467.0 465.0 463.0 460.0 458.0 456.0 453.0 451.0 449.0 446.0 444.0 442.0 440.0 438.0 436.0 433.0 431.0 429.0 428.0 426.0 423.0 422.0 419.0 5.0 55.0 61.0 67.0 74.0 80.0 86.0 92.0 98.0 105.0 111.0 117.0 123.0 129.0 135.0 141.0 148.0 154.0 160.0 166.0 172.0 178.0 184.0 190.0 196.0 203.0 209.0 215.0 221.0 227.0 233.0 239.0 245.0 251.0 257.0 263.0 269.0 275.0 281.0 287.0 293.0 299.0 305.0 311.0 317.0 323.0 329.0 335.0 341.0 346.0 352.0 358.0 364.0 370.0 375.0 381.0 387.0 393.0 398.0 404.0 409.0 415.0 421.0 427.0 432.0 438.0 444.0 449.0 455.0 461.0 466.0 472.0 478.0 483.0 489.0 495.0 501.0 506.0 512.0 518.0 524.0 529.0 535.0 541.0 547.0 553.0 558.0 564.0 570.0 576.0 582.0 587.0 593.0 599.0 605.0 611.0 616.0 622.0 628.0 634.0 94.0
617.0 617.0 617.0 617.0 616.0 616.0 616.0 615.0 614.0 614.0 614.0 613.0 612.0 612.0 611.0 611.0 610.0 610.0 609.0 609.0 608.0 608.0 607.0 606.0 606.0 605.0 605.0 604.0 604.0 603.0 603.0 602.0 602.0 601.0 600.0 600.0 599.0 598.0 598.0 597.0 597.0 595.0 595.0 594.0 593.0 592.0 592.0 591.0 590.0 589.0 588.0 587.0 586.0 585.0 584.0 582.0 582.0 580.0 579.0 578.0 576.0 575.0 574.0 572.0 571.0 569.0 568.0 566.0 565.0 563.0 561.0 560.0 558.0 557.0 555.0 553.0 552.0 550.0 549.0 547.0 546.0 545.0 543.0 542.0 541.0 539.0 538.0 537.0 536.0 535.0 533.0 533.0 531.0 531.0 529.0 529.0 528.0 527.0 526.0 525.0 5.0 52.0 59.0 65.0 71.0 77.0 83.0 89.0 96.0 102.0 108.0 114.0 120.0 126.0 132.0 138.0 144.0 151.0 157.0 163.0 169.0 175.0 181.0 187.0 193.0 199.0 205.0 211.0 217.0 223.0 229.0 235.0 241.0 247.0 253.0 259.0 265.0 271.0 277.0 283.0 289.0 295.0 301.0 307.0 313.0 319.0 324.0 330.0 336.0 342.0 348.0 354.0 360.0 366.0 371.0 377.0 383.0 389.0 395.0 400.0 406.0 412.0 418.0 423.0 429.0 435.0 441.0 447.0 453.0 458.0 464.0 470.0 476.0 482.0 488.0 494.0 499.0 505.0 511.0 517.0 523.0 529.0 535.0 541.0 547.0 553.0 558.0 564.0 570.0 576.0 582.0 588.0 594.0 600.0 606.0 611.0 617.0 623.0 629.0 635.0 95.0
617.0 624.0 625.0 625.0 625.0 626.0 626.0 627.0 627.0 627.0 628.0 628.0 628.0 628.0 629.0 629.0 629.0 630.0 630.0 631.0 631.0 631.0 632.0 632.0 633.0 633.0 634.0 634.0 634.0 635.0 635.0 636.0 636.0 636.0 637.0 637.0 638.0 638.0 639.0 639.0 640.0 640.0 640.0 640.0 641.0 641.0 641.0 641.0 641.0 642.0 642.0 642.0 642.0 642.0 642.0 642.0 642.0 642.0 642.0 641.0 641.0 641.0 641.0 641.0 640.0 640.0 639.0 639.0 638.0 638.0 637.0 637.0 636.0 636.0 635.0 635.0 634.0 633.0 633.0 633.0 633.0 632.0 632.0 632.0 632.0 632.0 631.0 631.0 632.0 631.0 631.0 632.0 632.0 632.0 632.0 633.0 633.0 633.0 633.0 634.0 5.0 52.0 58.0 64.0 70.0 77.0 83.0 89.0 95.0 101.0 107.0 113.0 119.0 125.0 131.0 137.0 143.0 150.0 156.0 162.0 168.0 174.0 180.0 186.0 192.0 198.0 204.0 210.0 216.0 222.0 228.0 234.0 240.0 246.0 252.0 257.0 263.0 269.0 275.0 282.0 288.0 294.0 299.0 305.0 311.0 317.0 323.0 329.0 335.0 341.0 347.0 352.0 358.0 364.0 370.0 376.0 382.0 388.0 393.0 399.0 405.0 411.0 417.0 423.0 429.0 435.0 441.0 447.0 453.0 459.0 464.0 470.0 476.0 482.0 488.0 494.0 500.0 506.0 512.0 518.0 524.0 530.0 536.0 542.0 548.0 554.0 560.0 566.0 572.0 578.0 583.0 589.0 595.0 601.0 607.0 613.0 619.0 625.0 630.0 636.0 96.0
617.0 631.0 632.0 633.0 634.0 636.0 637.0 638.0 639.0 641.0 642.0 643.0 645.0 646.0 647.0 648.0 650.0 651.0 652.0 654.0 655.0 656.0 658.0 659.0 661.0 662.0 664.0 666.0 667.0 668.0 670.0 671.0 673.0 674.0 676.0 678.0 679.0 680.0 682.0 683.0 685.0 686.0 688.0 689.0 690.0 692.0 693.0 694.0 696.0 697.0 698.0 699.0 701.0 702.0 703.0 704.0 705.0 706.0 707.0 708.0 709.0 710.0 711.0 712.0 712.0 713.0 714.0 715.0 715.0 716.0 716.0 717.0 718.0 718.0 719.0 720.0 720.0 721.0 722.0 723.0 724.0 725.0 726.0 727.0 728.0 729.0 730.0 731.0 733.0 734.0 736.0 737.0 739.0 740.0 742.0 743.0 745.0 747.0 748.0 750.0 5.0 52.0 58.0 64.0 70.0 76.0 82.0 89.0 95.0 101.0 107.0 113.0 119.0 125.0 132.0 138.0 144.0 150.0 156.0 162.0 168.0 174.0 180.0 186.0 192.0 198.0 204.0 210.0 216.0 222.0 228.0 234.0 240.0 246.0 252.0 258.0 264.0 270.0 276.0 282.0 288.0 294.0 300.0 306.0 311.0 317.0 323.0 329.0 335.0 341.0 347.0 353.0 359.0 365.0 371.0 377.0 382.0 388.0 394.0 400.0 406.0 412.0 418.0 424.0 430.0 436.0 442.0 448.0 454.0 460.0 466.0 472.0 478.0 485.0 491.0 497.0 503.0 509.0 515.0 521.0 527.0 533.0 538.0 544.0 550.0 557.0 562.0 568.0 574.0 580.0 586.0 592.0 597.0 603.0 609.0 615.0 621.0 627.0 632.0 638.0 97.0
617.0 637.0 639.0 641.0 643.0 645.0 647.0 650.0 652.0 654.0 656.0 658.0 660.0 662.0 664.0 667.0 669.0 671.0 673.0 676.0 679.0 681.0 683.0 686.0 688.0 691.0 693.0 696.0 698.0 701.0 703.0 706.0 708.0 711.0 713.0 716.0 719.0 721.0 724.0 726.0 729.0 731.0 734.0 736.0 739.0 741.0 744.0 746.0 748.0 751.0 753.0 755.0 758.0 760.0 762.0 764.0 766.0 768.0 770.0 772.0 774.0 776.0 778.0 780.0 782.0 784.0 785.0 787.0 789.0 790.0 792.0 794.0 796.0 798.0 800.0 802.0 803.0 806.0 808.0 810.0 812.0 814.0 817.0 819.0 822.0 824.0 827.0 829.0 832.0 835.0 837.0 840.0 843.0 846.0 849.0 852.0 855.0 857.0 860.0 863.0 5.0 52.0 58.0 64.0 71.0 77.0 83.0 89.0 96.0 102.0 108.0 114.0 120.0 126.0 133.0 139.0 145.0 151.0 157.0 163.0 169.0 175.0 181.0 188.0 194.0 200.0 206.0 212.0 218.0 223.0 230.0 236.0 242.0 247.0 253.0 259.0 265.0 271.0 277.0 283.0 289.0 295.0 301.0 307.0 313.0 319.0 325.0 331.0 337.0 343.0 349.0 355.0 361.0 367.0 373.0 379.0 385.0 391.0 397.0 403.0 409.0 415.0 421.0 427.0 433.0 439.0 445.0 451.0 457.0 464.0 470.0 476.0 482.0 488.0 494.0 500.0 506.0 512.0 518.0 524.0 530.0 536.0 542.0 548.0 554.0 560.0 565.0 571.0 577.0 583.0 588.0 594.0 600.0 606.0 611.0 617.0 622.0 628.0 634.0 639.0 98.0
617.0 642.0 645.0 647.0 650.0 652.0 655.0 658.0 661.0 663.0 666.0 669.0 672.0 675.0 678.0 681.0 684.0 687.0 690.0 693.0 696.0 699.0 703.0 706.0 709.0 713.0 716.0 719.0 722.0 726.0 729.0 732.0 736.0 739.0 743.0 746.0 750.0 753.0 756.0 760.0 763.0 767.0 770.0 773.0 777.0 780.0 783.0 786.0 790.0 793.0 796.0 799.0 802.0 805.0 808.0 811.0 814.0 817.0 820.0 823.0 826.0 829.0 832.0 834.0 837.0 839.0 842.0 845.0 847.0 850.0 853.0 855.0 858.0 861.0 864.0 867.0 870.0 873.0 876.0 879.0 882.0 886.0 889.0 892.0 896.0 900.0 903.0 906.0 910.0 914.0 917.0 921.0 925.0 929.0 932.0 936.0 940.0 944.0 948.0 952.0 5.0 51.0 58.0 64.0 70.0 77.0 83.0 89.0 95.0 102.0 108.0 114.0 120.0 126.0 132.0 138.0 144.0 150.0 156.0 162.0 168.0 174.0 181.0 187.0 193.0 199.0 205.0 211.0 217.0 222.0 228.0 234.0 240.0 246.0 252.0 258.0 264.0 270.0 276.0 282.0 287.0 293.0 299.0 305.0 311.0 317.0 323.0 329.0 335.0 341.0 346.0 352.0 358.0 365.0 370.0 376.0 382.0 388.0 395.0 400.0 407.0 412.0 419.0 425.0 431.0 437.0 443.0 449.0 455.0 461.0 467.0 473.0 479.0 485.0 491.0 497.0 503.0 509.0 515.0 521.0 526.0 532.0 538.0 544.0 550.0 555.0 561.0 566.0 572.0 577.0 583.0 588.0 594.0 599.0 605.0 610.0 615.0 621.0 626.0 631.0 99.0
617.0 645.0 648.0 651.0 654.0 657.0 661.0 664.0 667.0 670.0 673.0 677.0 680.0 684.0 687.0 691.0 694.0 697.0 701.0 705.0 709.0 712.0 716.0 720.0 724.0 728.0 731.0 735.0 739.0 743.0 747.0 751.0 755.0 759.0 763.0 767.0 771.0 775.0 779.0 783.0 787.0 791.0 795.0 799.0 803.0 807.0 811.0 815.0 818.0 823.0 826.0 830.0 833.0 837.0 841.0 845.0 848.0 852.0 855.0 859.0 862.0 865.0 869.0 872.0 875.0 879.0 882.0 885.0 889.0 892.0 895.0 899.0 902.0 905.0 909.0 913.0 916.0 920.0 924.0 928.0 932.0 936.0 940.0 944.0 948.0 952.0 956.0 961.0 965.0 969.0 973.0 978.0 982.0 987.0 991.0 996.0 1000.0 1005.0 1009.0 1013.0 5.0 51.0 57.0 63.0 70.0 76.0 82.0 88.0 95.0 101.0 107.0 113.0 119.0 125.0 131.0 137.0 144.0 149.0 155.0 161.0 167.0 173.0 180.0 186.0 191.0 197.0 203.0 209.0 215.0 221.0 227.0 233.0 238.0 244.0 250.0 256.0 262.0 267.0 273.0 279.0 285.0 291.0 297.0 303.0 308.0 314.0 320.0 326.0 332.0 338.0 343.0 349.0 355.0 361.0 367.0 373.0 379.0 385.0 391.0 397.0 403.0 409.0 415.0 421.0 427.0 433.0 439.0 445.0 451.0 457.0 463.0 469.0 475.0 481.0 487.0 493.0 498.0 504.0 510.0 516.0 521.0 527.0 532.0 538.0 544.0 549.0 555.0 560.0 565.0 570.0 576.0 581.0 586.0 591.0 597.0 602.0 607.0 612.0 617.0 622.0 100.0
617.0 647.0 651.0 654.0 657.0 661.0 664.0 667.0 671.0 675.0 678.0 682.0 685.0 689.0 693.0 697.0 701.0 704.0 708.0 713.0 717.0 721.0 725.0 729.0 733.0 738.0 742.0 746.0 750.0 755.0 759.0 764.0 768.0 772.0 777.0 781.0 785.0 790.0 794.0 799.0 803.0 807.0 812.0 816.0 821.0 825.0 829.0 834.0 838.0 842.0 847.0 851.0 855.0 859.0 863.0 867.0 871.0 875.0 879.0 883.0 886.0 890.0 894.0 898.0 901.0 905.0 909.0 912.0 916.0 920.0 924.0 927.0 932.0 936.0 940.0 944.0 948.0 952.0 957.0 961.0 966.0 970.0 975.0 979.0 984.0 989.0 994.0 999.0 1003.0 1008.0 1013.0 1018.0 1023.0 1028.0 1033.0 1038.0 1043.0 1048.0 1053.0 1057.0 5.0 51.0 57.0 63.0 70.0 76.0 83.0 89.0 95.0 101.0 107.0 114.0 120.0 126.0 132.0 138.0 144.0 150.0 156.0 162.0 168.0 174.0 181.0 187.0 192.0 198.0 204.0 210.0 216.0 222.0 228.0 234.0 240.0 246.0 251.0 257.0 263.0 269.0 275.0 281.0 286.0 292.0 298.0 304.0 310.0 316.0 322.0 328.0 334.0 339.0 345.0 351.0 357.0 363.0 369.0 375.0 381.0 387.0 393.0 399.0 405.0 412.0 418.0 424.0 430.0 436.0 442.0 448.0 454.0 460.0 466.0 472.0 478.0 484.0 490.0 495.0 501.0 507.0 513.0 518.0 524.0 530.0 535.0 541.0 546.0 552.0 557.0 562.0 567.0 572.0 578.0 583.0 588.0 593.0 598.0 603.0 608.0 613.0 618.0 623.0 101.0
617.0 648.0 652.0 655.0 658.0 662.0 665.0 669.0 673.0 676.0 680.0 684.0 687.0 691.0 695.0 699.0 703.0 707.0 711.0 715.0 720.0 724.0 728.0 732.0 736.0 741.0 746.0 750.0 754.0 759.0 763.0 768.0 772.0 776.0 781.0 786.0 790.0 795.0 799.0 804.0 808.0 813.0 817.0 822.0 826.0 830.0 835.0 839.0 844.0 848.0 853.0 857.0 861.0 865.0 870.0 874.0 878.0 882.0 886.0 890.0 894.0 897.0 901.0 905.0 909.0 913.0 917.0 920.0 924.0 928.0 932.0 936.0 941.0 945.0 949.0 953.0 958.0 962.0 967.0 971.0 976.0 981.0 986.0 991.0 996.0 1001.0 1006.0 1011.0 1016.0 1021.0 1026.0 1031.0 1036.0 1042.0 1047.0 1052.0 1058.0 1062.0 1068.0 1073.0 5.0 51.0 57.0 64.0 70.0 76.0 83.0 89.0 96.0 102.0 108.0 114.0 120.0 127.0 133.0 139.0 145.0 151.0 157.0 164.0 170.0 176.0 182.0 188.0 194.0 200.0 206.0 212.0 218.0 224.0 230.0 236.0 242.0 248.0 253.0 259.0 265.0 271.0 277.0 283.0 289.0 295.0 301.0 307.0 313.0 319.0 325.0 330.0 336.0 343.0 349.0 355.0 360.0 366.0 372.0 379.0 385.0 391.0 397.0 403.0 409.0 416.0 422.0 428.0 434.0 440.0 446.0 452.0 458.0 464.0 471.0 477.0 483.0 489.0 495.0 500.0 506.0 512.0 518.0 524.0 529.0 535.0 541.0 546.0 552.0 557.0 563.0 568.0 573.0 578.0 584.0 589.0 594.0 599.0 604.0 609.0 614.0 620.0 625.0 630.0 102.0
617.0 648.0 651.0 654.0 658.0 661.0 665.0 668.0 672.0 675.0 679.0 683.0 686.0 690.0 694.0 698.0 702.0 706.0 709.0 714.0 718.0 722.0 726.0 730.0 734.0 738.0 743.0 747.0 751.0 755.0 760.0 764.0 768.0 773.0 777.0 781.0 786.0 790.0 795.0 799.0 803.0 808.0 812.0 817.0 821.0 825.0 830.0 834.0 838.0 842.0 846.0 850.0 854.0 859.0 863.0 867.0 871.0 874.0 878.0 882.0 886.0 889.0 893.0 897.0 900.0 904.0 908.0 912.0 915.0 919.0 923.0 927.0 931.0 935.0 939.0 943.0 947.0 951.0 955.0 960.0 964.0 969.0 974.0 978.0 983.0 988.0 993.0 998.0 1003.0 1007.0 1012.0 1017.0 1023.0 1028.0 1033.0 1038.0 1043.0 1048.0 1053.0 1059.0 5.0 51.0 57.0 63.0 70.0 76.0 83.0 89.0 95.0 102.0 108.0 114.0 120.0 127.0 133.0 139.0 145.0 151.0 157.0 163.0 170.0 176.0 182.0 188.0 194.0 200.0 206.0 212.0 218.0 224.0 230.0 235.0 241.0 247.0 253.0 259.0 265.0 271.0 277.0 283.0 289.0 295.0 301.0 307.0 313.0 319.0 325.0 331.0 337.0 343.0 349.0 355.0 361.0 367.0 373.0 379.0 385.0 391.0 397.0 404.0 410.0 416.0 422.0 428.0 435.0 441.0 447.0 453.0 459.0 465.0 472.0 478.0 484.0 490.0 496.0 502.0 508.0 514.0 519.0 525.0 531.0 537.0 543.0 548.0 554.0 559.0 565.0 570.0 576.0 581.0 587.0 592.0 597.0 603.0 608.0 613.0 618.0 624.0 629.0 634.0 103.0
617.0 646.0 649.0 652.0 656.0 659.0 662.0 665.0 669.0 672.0 675.0 679.0 682.0 686.0 689.0 693.0 697.0 700.0 704.0 708.0 711.0 715.0 719.0 723.0 726.0 730.0 735.0 739.0 742.0 746.0 750.0 754.0 758.0 762.0 766.0 770.0 775.0 778.0 782.0 786.0 790.0 795.0 798.0 803.0 806.0 810.0 814.0 818.0 822.0 826.0 830.0 834.0 837.0 841.0 845.0 848.0 852.0 856.0 859.0 863.0 866.0 870.0 873.0 876.0 879.0 883.0 886.0 890.0 893.0 896.0 899.0 903.0 906.0 910.0 913.0 917.0 920.0 924.0 928.0 932.0 935.0 940.0 944.0 948.0 952.0 956.0 960.0 965.0 969.0 973.0 978.0 983.0 987.0 992.0 997.0 1001.0 1006.0 1010.0 1015.0 1020.0 5.0 50.0 56.0 62.0 69.0 75.0 81.0 87.0 94.0 100.0 106.0 112.0 119.0 125.0 131.0 137.0 143.0 149.0 155.0 161.0 168.0 174.0 180.0 186.0 192.0 198.0 204.0 210.0 216.0 222.0 227.0 233.0 239.0 245.0 251.0 257.0 263.0 269.0 275.0 281.0 287.0 293.0 299.0 305.0 311.0 316.0 322.0 328.0 334.0 340.0 346.0 352.0 358.0 365.0 371.0 377.0 383.0 389.0 395.0 401.0 407.0 414.0 420.0 426.0 432.0 438.0 444.0 451.0 457.0 463.0 470.0 476.0 482.0 488.0 494.0 500.0 506.0 512.0 518.0 524.0 530.0 536.0 542.0 548.0 553.0 559.0 565.0 570.0 576.0 581.0 587.0 593.0 598.0 603.0 609.0 614.0 620.0 625.0 630.0 636.0 104.0
617.0 643.0 646.0 649.0 652.0 655.0 657.0 660.0 663.0 666.0 669.0 672.0 675.0 678.0 681.0 684.0 687.0 690.0 693.0 697.0 700.0 703.0 706.0 710.0 713.0 716.0 720.0 723.0 727.0 730.0 733.0 737.0 740.0 744.0 747.0 750.0 754.0 757.0 761.0 764.0 767.0 771.0 774.0 778.0 781.0 784.0 788.0 791.0 794.0 798.0 801.0 804.0 808.0 811.0 814.0 817.0 820.0 823.0 826.0 829.0 832.0 835.0 837.0 840.0 843.0 845.0 848.0 851.0 854.0 856.0 859.0 861.0 864.0 867.0 869.0 872.0 875.0 878.0 881.0 884.0 887.0 890.0 893.0 896.0 899.0 903.0 906.0 910.0 913.0 917.0 920.0 924.0 928.0 931.0 935.0 938.0 942.0 946.0 950.0 954.0 5.0 49.0 55.0 61.0 67.0 73.0 80.0 86.0 92.0 98.0 104.0 110.0 116.0 123.0 129.0 135.0 141.0 147.0 153.0 159.0 165.0 171.0 177.0 183.0 189.0 195.0 201.0 207.0 212.0 218.0 224.0 230.0 236.0 242.0 248.0 254.0 260.0 266.0 272.0 278.0 284.0 290.0 296.0 301.0 307.0 313.0 319.0 325.0 331.0 337.0 343.0 349.0 355.0 361.0 367.0 373.0 379.0 385.0 391.0 398.0 404.0 410.0 416.0 422.0 428.0 435.0 441.0 447.0 453.0 459.0 466.0 472.0 478.0 484.0 490.0 497.0 503.0 509.0 515.0 521.0 527.0 533.0 539.0 545.0 551.0 557.0 563.0 568.0 574.0 580.0 586.0 591.0 597.0 602.0 608.0 614.0 619.0 625.0 630.0 636.0 105.0
617.0 639.0 641.0 643.0 646.0 648.0 650.0 652.0 655.0 657.0 659.0 661.0 664.0 666.0 668.0 671.0 673.0 676.0 678.0 681.0 683.0 686.0 688.0 691.0 693.0 696.0 699.0 701.0 704.0 707.0 709.0 712.0 714.0 717.0 720.0 722.0 725.0 728.0 730.0 733.0 735.0 738.0 741.0 743.0 746.0 748.0 751.0 753.0 756.0 758.0 761.0 763.0 766.0 768.0 770.0 772.0 775.0 777.0 779.0 781.0 783.0 785.0 787.0 789.0 791.0 793.0 795.0 797.0 798.0 800.0 802.0 804.0 806.0 807.0 809.0 811.0 813.0 814.0 816.0 818.0 820.0 822.0 824.0 826.0 829.0 831.0 833.0 836.0 838.0 841.0 843.0 846.0 848.0 851.0 854.0 856.0 859.0 862.0 865.0 868.0 5.0 48.0 54.0 60.0 66.0 72.0 79.0 84.0 91.0 96.0 103.0 109.0 115.0 121.0 127.0 133.0 139.0 145.0 151.0 157.0 163.0 169.0 175.0 181.0 187.0 193.0 199.0 204.0 210.0 216.0 222.0 228.0 234.0 240.0 246.0 252.0 258.0 264.0 269.0 275.0 281.0 287.0 293.0 299.0 305.0 311.0 317.0 323.0 329.0 335.0 341.0 347.0 353.0 359.0 365.0 371.0 377.0 383.0 389.0 396.0 402.0 408.0 414.0 420.0 426.0 432.0 439.0 445.0 451.0 457.0 464.0 470.0 476.0 482.0 488.0 494.0 500.0 506.0 512.0 518.0 524.0 530.0 536.0 542.0 549.0 554.0 560.0 566.0 572.0 578.0 584.0 589.0 595.0 601.0 606.0 612.0 618.0 624.0 629.0 635.0 106.0
617.0 632.0 634.0 636.0 637.0 639.0 640.0 641.0 643.0 644.0 646.0 647.0 649.0 650.0 651.0 653.0 655.0 656.0 658.0 659.0 661.0 662.0 664.0 665.0 667.0 669.0 670.0 672.0 674.0 676.0 677.0 678.0 680.0 682.0 684.0 685.0 687.0 688.0 690.0 692.0 693.0 695.0 697.0 698.0 700.0 701.0 702.0 704.0 706.0 707.0 709.0 710.0 712.0 713.0 714.0 715.0 716.0 718.0 719.0 720.0 721.0 722.0 723.0 724.0 725.0 726.0 726.0 727.0 728.0 728.0 729.0 730.0 731.0 731.0 732.0 733.0 733.0 734.0 735.0 736.0 737.0 738.0 738.0 740.0 741.0 742.0 743.0 745.0 746.0 747.0 749.0 750.0 752.0 753.0 755.0 756.0 758.0 760.0 762.0 764.0 5.0 49.0 56.0 62.0 68.0 74.0 80.0 86.0 92.0 98.0 104.0 110.0 116.0 122.0 128.0 134.0 141.0 146.0 152.0 158.0 164.0 170.0 177.0 183.0 189.0 195.0 201.0 206.0 212.0 218.0 224.0 230.0 236.0 242.0 248.0 254.0 260.0 266.0 272.0 278.0 284.0 290.0 296.0 301.0 307.0 313.0 319.0 325.0 331.0 337.0 343.0 349.0 355.0 361.0 367.0 373.0 379.0 385.0 391.0 397.0 403.0 409.0 415.0 421.0 427.0 433.0 439.0 445.0 451.0 457.0 463.0 469.0 475.0 481.0 487.0 493.0 499.0 505.0 511.0 517.0 522.0 528.0 535.0 540.0 546.0 552.0 558.0 564.0 570.0 575.0 581.0 587.0 593.0 599.0 605.0 610.0 616.0 622.0 628.0 633.0 107.0
617.0 625.0 626.0 626.0 627.0 628.0 628.0 629.0 629.0 630.0 630.0 631.0 631.0 632.0 632.0 632.0 633.0 634.0 634.0 635.0 635.0 636.0 637.0 637.0 638.0 638.0 639.0 640.0 640.0 641.0 642.0 642.0 643.0 643.0 644.0 644.0 645.0 645.0 646.0 647.0 647.0 648.0 648.0 649.0 649.0 649.0 650.0 650.0 651.0 651.0 652.0 652.0 652.0 652.0 653.0 653.0 653.0 653.0 653.0 653.0 653.0 653.0 653.0 652.0 652.0 652.0 651.0 651.0 651.0 650.0 650.0 650.0 649.0 649.0 648.0 648.0 648.0 647.0 647.0 647.0 647.0 647.0 647.0 647.0 647.0 647.0 647.0 647.0 648.0 648.0 649.0 649.0 650.0 650.0 651.0 652.0 652.0 653.0 654.0 654.0 5.0 52.0 59.0 65.0 71.0 77.0 83.0 89.0 95.0 101.0 107.0 113.0 120.0 126.0 132.0 138.0 144.0 150.0 156.0 162.0 168.0 174.0 180.0 186.0 192.0 198.0 204.0 210.0 215.0 221.0 227.0 233.0 239.0 245.0 251.0 257.0 263.0 269.0 275.0 281.0 287.0 293.0 299.0 305.0 311.0 317.0 323.0 329.0 334.0 340.0 346.0 352.0 358.0 364.0 370.0 376.0 382.0 388.0 394.0 400.0 406.0 411.0 417.0 424.0 429.0 435.0 441.0 447.0 453.0 459.0 464.0 470.0 476.0 482.0 488.0 494.0 499.0 505.0 511.0 517.0 523.0 529.0 535.0 540.0 546.0 552.0 558.0 564.0 570.0 576.0 582.0 587.0 593.0 599.0 605.0 611.0 617.0 623.0 628.0 634.0 108.0
617.0 618.0 618.0 618.0 618.0 618.0 617.0 617.0 617.0 616.0 616.0 615.0 615.0 614.0 614.0 613.0 613.0 613.0 612.0 612.0 611.0 612.0 611.0 610.0 610.0 610.0 609.0 609.0 609.0 608.0 608.0 607.0 607.0 607.0 606.0 606.0 605.0 604.0 604.0 604.0 603.0 603.0 602.0 602.0 601.0 600.0 599.0 599.0 598.0 598.0 597.0 596.0 595.0 594.0 593.0 592.0 591.0 590.0 589.0 588.0 587.0 585.0 584.0 583.0 581.0 580.0 578.0 577.0 576.0 574.0 573.0 571.0 570.0 568.0 567.0 565.0 564.0 563.0 562.0 560.0 559.0 558.0 557.0 557.0 556.0 555.0 554.0 553.0 553.0 552.0 552.0 552.0 551.0 550.0 550.0 549.0 549.0 549.0 548.0 547.0 5.0 54.0 61.0 67.0 73.0 79.0 86.0 91.0 97.0 103.0 110.0 116.0 122.0 128.0 134.0 140.0 146.0 152.0 158.0 164.0 170.0 176.0 183.0 189.0 195.0 201.0 207.0 213.0 219.0 225.0 231.0 237.0 243.0 249.0 255.0 260.0 266.0 272.0 278.0 284.0 290.0 296.0 302.0 308.0 314.0 320.0 326.0 332.0 338.0 344.0 350.0 356.0 362.0 368.0 373.0 379.0 385.0 391.0 396.0 403.0 408.0 414.0 420.0 426.0 431.0 437.0 443.0 449.0 454.0 460.0 466.0 472.0 477.0 483.0 489.0 495.0 501.0 506.0 512.0 518.0 524.0 530.0 536.0 541.0 548.0 553.0 559.0 565.0 571.0 577.0 583.0 589.0 595.0 601.0 606.0 612.0 618.0 624.0 630.0 636.0 109.0
617.0 613.0 612.0 611.0 610.0 609.0 608.0 607.0 606.0 605.0 603.0 602.0 601.0 600.0 598.0 597.0 596.0 595.0 593.0 592.0 591.0 590.0 588.0 587.0 586.0 585.0 583.0 582.0 581.0 579.0 578.0 577.0 575.0 574.0 572.0 571.0 570.0 568.0 567.0 565.0 564.0 562.0 561.0 559.0 557.0 555.0 554.0 552.0 551.0 549.0 547.0 545.0 543.0 541.0 539.0 537.0 534.0 532.0 530.0 527.0 525.0 523.0 520.0 517.0 515.0 512.0 510.0 507.0 505.0 502.0 500.0 497.0 495.0 492.0 490.0 487.0 485.0 483.0 481.0 479.0 477.0 475.0 473.0 471.0 469.0 468.0 466.0 464.0 462.0 461.0 459.0 457.0 456.0 454.0 452.0 450.0 448.0 447.0 445.0 443.0 5.0 56.0 62.0 69.0 75.0 81.0 87.0 94.0 100.0 106.0 112.0 118.0 125.0 131.0 137.0 143.0 149.0 155.0 161.0 168.0 174.0 180.0 186.0 192.0 198.0 204.0 210.0 216.0 222.0 228.0 234.0 240.0 246.0 252.0 259.0 265.0 271.0 277.0 282.0 288.0 294.0 300.0 306.0 312.0 318.0 324.0 330.0 336.0 342.0 348.0 354.0 360.0 365.0 371.0 377.0 383.0 389.0 394.0 400.0 406.0 411.0 417.0 423.0 429.0 434.0 440.0 445.0 451.0 457.0 463.0 468.0 474.0 480.0 485.0 491.0 497.0 503.0 509.0 514.0 520.0 526.0 532.0 538.0 544.0 550.0 556.0 562.0 567.0 573.0 579.0 585.0 591.0 597.0 602.0 608.0 614.0 620.0 626.0 632.0 637.0 110.0
617.0 608.0 607.0 606.0 604.0 602.0 601.0 599.0 597.0 595.0 593.0 592.0 590.0 588.0 586.0 584.0 582.0 580.0 578.0 576.0 574.0 572.0 570.0 568.0 566.0 564.0 562.0 560.0 558.0 556.0 554.0 551.0 549.0 547.0 545.0 542.0 540.0 538.0 536.0 533.0 531.0 528.0 526.0 523.0 520.0 518.0 515.0 512.0 510.0 507.0 504.0 501.0 498.0 495.0 491.0 488.0 485.0 482.0 478.0 475.0 471.0 468.0 464.0 461.0 457.0 454.0 451.0 447.0 443.0 440.0 437.0 433.0 430.0 427.0 423.0 420.0 417.0 414.0 411.0 408.0 405.0 402.0 399.0 396.0 393.0 391.0 388.0 385.0 382.0 379.0 376.0 373.0 370.0 367.0 364.0 361.0 358.0 355.0 352.0 349.0 5.0 58.0 64.0 71.0 78.0 84.0 90.0 96.0 103.0 109.0 115.0 122.0 128.0 134.0 140.0 147.0 153.0 159.0 165.0 172.0 178.0 184.0 190.0 197.0 203.0 209.0 215.0 221.0 228.0 234.0 240.0 246.0 252.0 258.0 264.0 270.0 276.0 282.0 288.0 295.0 301.0 307.0 313.0 319.0 325.0 331.0 337.0 342.0 348.0 354.0 360.0 365.0 371.0 377.0 383.0 388.0 394.0 399.0 405.0 411.0 416.0 421.0 427.0 433.0 438.0 444.0 449.0 455.0 460.0 466.0 472.0 478.0 483.0 489.0 495.0 501.0 506.0 512.0 518.0 524.0 530.0 536.0 542.0 547.0 553.0 559.0 565.0 570.0 576.0 582.0 588.0 594.0 599.0 605.0 610.0 616.0 622.0 627.0 633.0 638.0 111.0
617.0 605.0 603.0 601.0 599.0 597.0 595.0 592.0 590.0 588.0 585.0 583.0 581.0 578.0 576.0 573.0 571.0 568.0 566.0 563.0 561.0 558.0 556.0 553.0 550.0 548.0 545.0 542.0 540.0 537.0 534.0 531.0 528.0 525.0 522.0 519.0 516.0 513.0 510.0 507.0 504.0 501.0 497.0 494.0 490.0 487.0 483.0 479.0 476.0 472.0 468.0 465.0 461.0 457.0 453.0 448.0 444.0 440.0 436.0 432.0 427.0 423.0 419.0 414.0 410.0 406.0 402.0 397.0 393.0 389.0 385.0 381.0 377.0 373.0 369.0 365.0 361.0 357.0 354.0 350.0 346.0 342.0 339.0 335.0 331.0 327.0 323.0 319.0 315.0 311.0 308.0 304.0 300.0 296.0 292.0 288.0 284.0 280.0 276.0 272.0 5.0 60.0 67.0 74.0 80.0 87.0 93.0 100.0 106.0 113.0 119.0 126.0 132.0 139.0 145.0 151.0 157.0 164.0 170.0 176.0 183.0 189.0 195.0 202.0 208.0 214.0 221.0 227.0 233.0 239.0 245.0 252.0 258.0 264.0 270.0 277.0 283.0 289.0 295.0 301.0 307.0 313.0 319.0 325.0 331.0 337.0 343.0 348.0 354.0 360.0 366.0 371.0 377.0 382.0 388.0 394.0 399.0 404.0 410.0 415.0 420.0 426.0 431.0 437.0 442.0 447.0 453.0 459.0 464.0 470.0 476.0 481.0 487.0 493.0 499.0 504.0 510.0 516.0 522.0 528.0 533.0 539.0 545.0 551.0 557.0 562.0 568.0 573.0 579.0 584.0 590.0 595.0 601.0 606.0 611.0 617.0 623.0 628.0 633.0 639.0 112.0
617.0 602.0 600.0 598.0 596.0 593.0 591.0 588.0 585.0 583.0 580.0 577.0 574.0 572.0 569.0 566.0 563.0 560.0 557.0 554.0 551.0 548.0 545.0 542.0 539.0 536.0 533.0 530.0 527.0 523.0 520.0 517.0 513.0 510.0 506.0 503.0 499.0 496.0 492.0 488.0 485.0 481.0 477.0 473.0 469.0 465.0 461.0 457.0 452.0 448.0 444.0 439.0 435.0 430.0 425.0 420.0 416.0 411.0 406.0 401.0 397.0 392.0 387.0 382.0 377.0 373.0 368.0 363.0 359.0 354.0 349.0 345.0 341.0 336.0 331.0 327.0 323.0 318.0 315.0 310.0 306.0 301.0 297.0 293.0 288.0 284.0 279.0 275.0 270.0 266.0 261.0 257.0 252.0 248.0 243.0 238.0 234.0 229.0 225.0 221.0 5.0 61.0 68.0 75.0 82.0 88.0 95.0 102.0 108.0 115.0 121.0 128.0 134.0 141.0 147.0 154.0 160.0 166.0 173.0 179.0 186.0 192.0 198.0 205.0 211.0 217.0 224.0 230.0 236.0 243.0 249.0 255.0 261.0 267.0 273.0 280.0 286.0 292.0 298.0 304.0 310.0 316.0 322.0 328.0 334.0 340.0 346.0 352.0 357.0 363.0 369.0 374.0 380.0 385.0 391.0 396.0 401.0 407.0 412.0 417.0 422.0 427.0 433.0 439.0 444.0 449.0 455.0 460.0 466.0 471.0 477.0 483.0 489.0 494.0 500.0 506.0 512.0 518.0 524.0 530.0 535.0 541.0 547.0 552.0 558.0 564.0 569.0 574.0 580.0 585.0 591.0 596.0 601.0 607.0 612.0 617.0 623.0 628.0 633.0 639.0 113.0
617.0 601.0 599.0 597.0 594.0 592.0 589.0 586.0 583.0 580.0 577.0 574.0 571.0 568.0 566.0 562.0 559.0 556.0 553.0 550.0 547.0 543.0 540.0 537.0 534.0 530.0 527.0 523.0 520.0 517.0 513.0 510.0 506.0 503.0 499.0 495.0 491.0 488.0 484.0 480.0 476.0 472.0 468.0 464.0 459.0 455.0 450.0 446.0 442.0 437.0 432.0 428.0 423.0 418.0 413.0 408.0 403.0 398.0 393.0 388.0 383.0 378.0 373.0 367.0 362.0 357.0 352.0 348.0 342.0 338.0 333.0 328.0 324.0 319.0 314.0 310.0 306.0 301.0 297.0 292.0 288.0 283.0 279.0 274.0 270.0 265.0 260.0 256.0 251.0 246.0 241.0 236.0 232.0 227.0 222.0 217.0 212.0 207.0 203.0 198.0 5.0 60.0 67.0 74.0 81.0 87.0 94.0 101.0 107.0 114.0 120.0 127.0 133.0 140.0 146.0 153.0 159.0 166.0 172.0 178.0 185.0 191.0 198.0 204.0 210.0 217.0 223.0 229.0 235.0 242.0 248.0 254.0 261.0 267.0 273.0 279.0 285.0 291.0 297.0 304.0 310.0 316.0 322.0 328.0 334.0 339.0 345.0 351.0 357.0 363.0 368.0 374.0 379.0 385.0 390.0 396.0 401.0 406.0 412.0 417.0 422.0 427.0 433.0 438.0 443.0 448.0 454.0 460.0 465.0 471.0 477.0 482.0 488.0 494.0 500.0 505.0 511.0 517.0 523.0 529.0 535.0 541.0 546.0 552.0 558.0 563.0 569.0 574.0 580.0 585.0 591.0 596.0 602.0 607.0 612.0 618.0 623.0 629.0 634.0 640.0 114.0
617.0 601.0 599.0 597.0 594.0 592.0 589.0 586.0 583.0 580.0 577.0 575.0 572.0 569.0 566.0 562.0 559.0 556.0 553.0 550.0 547.0 544.0 540.0 537.0 534.0 531.0 527.0 524.0 521.0 517.0 514.0 511.0 507.0 503.0 500.0 496.0 493.0 489.0 485.0 481.0 477.0 473.0 469.0 465.0 461.0 457.0 453.0 449.0 444.0 440.0 435.0 431.0 426.0 421.0 417.0 412.0 407.0 402.0 397.0 392.0 387.0 382.0 377.0 372.0 367.0 362.0 357.0 352.0 347.0 342.0 338.0 333.0 328.0 324.0 319.0 314.0 310.0 306.0 302.0 297.0 293.0 289.0 285.0 280.0 276.0 272.0 267.0 263.0 258.0 254.0 249.0 245.0 240.0 235.0 231.0 226.0 221.0 217.0 212.0 208.0 5.0 59.0 66.0 73.0 79.0 86.0 92.0 99.0 105.0 112.0 118.0 125.0 131.0 138.0 144.0 151.0 157.0 163.0 170.0 176.0 182.0 189.0 195.0 202.0 208.0 214.0 220.0 227.0 233.0 239.0 245.0 252.0 258.0 264.0 270.0 277.0 283.0 289.0 295.0 301.0 307.0 313.0 319.0 325.0 331.0 337.0 343.0 348.0 354.0 360.0 366.0 371.0 377.0 383.0 388.0 393.0 399.0 404.0 410.0 415.0 420.0 425.0 431.0 436.0 442.0 447.0 453.0 458.0 464.0 469.0 475.0 480.0 486.0 492.0 498.0 503.0 509.0 515.0 521.0 527.0 533.0 539.0 545.0 550.0 556.0 562.0 568.0 573.0 579.0 585.0 590.0 596.0 601.0 607.0 612.0 618.0 623.0 629.0 634.0 640.0 115.0
617.0 602.0 600.0 598.0 596.0 594.0 591.0 588.0 586.0 583.0 581.0 578.0 575.0 573.0 570.0 567.0 564.0 562.0 559.0 556.0 553.0 550.0 547.0 544.0 542.0 539.0 536.0 533.0 530.0 527.0 523.0 521.0 517.0 514.0 511.0 508.0 505.0 501.0 498.0 495.0 491.0 488.0 484.0 481.0 477.0 474.0 470.0 466.0 462.0 458.0 454.0 451.0 447.0 442.0 438.0 434.0 430.0 425.0 421.0 416.0 412.0 407.0 403.0 398.0 394.0 389.0 385.0 380.0 376.0 371.0 367.0 363.0 358.0 354.0 350.0 346.0 342.0 338.0 334.0 330.0 326.0 323.0 319.0 315.0 311.0 307.0 304.0 300.0 296.0 292.0 288.0 284.0 281.0 277.0 273.0 269.0 265.0 261.0 257.0 253.0 5.0 59.0 66.0 72.0 79.0 85.0 92.0 98.0 105.0 111.0 117.0 124.0 130.0 136.0 143.0 149.0 155.0 162.0 168.0 174.0 181.0 187.0 193.0 199.0 205.0 212.0 218.0 224.0 230.0 236.0 242.0 249.0 255.0 261.0 267.0 274.0 280.0 286.0 292.0 298.0 304.0 310.0 316.0 322.0 328.0 333.0 339.0 345.0 351.0 357.0 363.0 368.0 374.0 380.0 385.0 391.0 396.0 402.0 407.0 412.0 418.0 423.0 429.0 434.0 440.0 445.0 451.0 456.0 462.0 467.0 473.0 479.0 484.0 490.0 496.0 501.0 507.0 513.0 519.0 524.0 530.0 536.0 542.0 548.0 553.0 559.0 565.0 571.0 577.0 582.0 588.0 594.0 599.0 605.0 611.0 616.0 622.0 628.0 633.0 639.0 116.0
617.0 605.0 603.0 602.0 600.0 598.0 596.0 594.0 592.0 589.0 587.0 585.0 583.0 581.0 578.0 576.0 574.0 572.0 569.0 567.0 565.0 562.0 560.0 558.0 555.0 553.0 550.0 548.0 546.0 543.0 541.0 538.0 536.0 533.0 531.0 528.0 525.0 523.0 520.0 517.0 515.0 512.0 509.0 506.0 503.0 500.0 497.0 494.0 491.0 488.0 485.0 482.0 478.0 475.0 471.0 468.0 464.0 461.0 457.0 454.0 450.0 446.0 442.0 438.0 435.0 431.0 427.0 423.0 419.0 416.0 412.0 408.0 404.0 401.0 397.0 394.0 390.0 387.0 383.0 380.0 377.0 373.0 370.0 367.0 364.0 361.0 357.0 354.0 351.0 348.0 345.0 342.0 339.0 336.0 332.0 329.0 326.0 323.0 320.0 317.0 5.0 60.0 66.0 73.0 79.0 85.0 92.0 98.0 104.0 110.0 117.0 123.0 129.0 135.0 142.0 148.0 154.0 160.0 166.0 173.0 179.0 185.0 191.0 197.0 203.0 210.0 216.0 222.0 228.0 234.0 240.0 246.0 253.0 259.0 265.0 271.0 277.0 283.0 289.0 295.0 301.0 307.0 313.0 319.0 325.0 331.0 337.0 343.0 348.0 354.0 360.0 366.0 372.0 377.0 383.0 389.0 394.0 400.0 405.0 410.0 416.0 421.0 427.0 433.0 438.0 444.0 449.0 455.0 460.0 466.0 471.0 477.0 482.0 488.0 494.0 499.0 505.0 511.0 517.0 522.0 528.0 534.0 540.0 546.0 551.0 557.0 563.0 568.0 574.0 580.0 586.0 592.0 597.0 603.0 609.0 614.0 620.0 626.0 632.0 637.0 117.0
617.0 610.0 609.0 608.0 606.0 605.0 604.0 602.0 601.0 599.0 598.0 597.0 595.0 593.0 592.0 590.0 589.0 587.0 585.0 584.0 582.0 581.0 579.0 578.0 576.0 574.0 572.0 571.0 570.0 568.0 566.0 564.0 562.0 561.0 559.0 557.0 556.0 554.0 552.0 550.0 548.0 546.0 544.0 542.0 540.0 538.0 536.0 534.0 532.0 529.0 527.0 525.0 523.0 520.0 518.0 515.0 513.0 510.0 508.0 505.0 502.0 499.0 496.0 493.0 491.0 488.0 485.0 482.0 479.0 476.0 474.0 470.0 468.0 465.0 462.0 459.0 457.0 454.0 451.0 448.0 446.0 443.0 441.0 438.0 436.0 434.0 431.0 429.0 426.0 424.0 422.0 420.0 418.0 415.0 413.0 411.0 409.0 407.0 404.0 402.0 5.0 57.0 64.0 70.0 76.0 83.0 89.0 95.0 101.0 107.0 113.0 120.0 126.0 132.0 138.0 145.0 151.0 157.0 163.0 169.0 175.0 181.0 187.0 193.0 199.0 206.0 212.0 218.0 224.0 230.0 236.0 242.0 248.0 254.0 260.0 267.0 273.0 279.0 285.0 291.0 297.0 303.0 308.0 314.0 320.0 326.0 332.0 338.0 344.0 350.0 356.0 362.0 367.0 373.0 379.0 384.0 390.0 396.0 402.0 407.0 413.0 418.0 424.0 430.0 435.0 441.0 446.0 452.0 457.0 463.0 468.0 474.0 480.0 485.0 491.0 497.0 502.0 508.0 514.0 519.0 525.0 531.0 537.0 543.0 548.0 554.0 560.0 566.0 572.0 577.0 583.0 589.0 594.0 600.0 606.0 612.0 618.0 624.0 629.0 635.0 118.0
617.0 616.0 615.0 615.0 614.0 614.0 613.0 612.0 612.0 610.0 610.0 609.0 608.0 607.0 607.0 606.0 605.0 604.0 603.0 602.0 602.0 601.0 600.0 600.0 599.0 598.0 597.0 596.0 596.0 595.0 594.0 593.0 592.0 591.0 590.0 590.0 589.0 588.0 587.0 586.0 585.0 584.0 583.0 582.0 581.0 580.0 578.0 577.0 576.0 575.0 573.0 572.0 571.0 569.0 568.0 567.0 565.0 564.0 562.0 560.0 559.0 557.0 555.0 553.0 552.0 550.0 548.0 546.0 544.0 542.0 540.0 538.0 536.0 534.0 532.0 530.0 529.0 527.0 525.0 523.0 521.0 520.0 518.0 516.0 515.0 513.0 512.0 510.0 509.0 508.0 506.0 505.0 504.0 502.0 501.0 500.0 499.0 498.0 496.0 495.0 5.0 55.0 62.0 68.0 74.0 80.0 86.0 93.0 99.0 105.0 111.0 117.0 123.0 129.0 135.0 142.0 148.0 154.0 160.0 166.0 172.0 177.0 184.0 190.0 196.0 202.0 208.0 214.0 220.0 226.0 232.0 238.0 244.0 250.0 256.0 262.0 268.0 274.0 280.0 286.0 292.0 298.0 304.0 310.0 316.0 322.0 327.0 333.0 339.0 345.0 351.0 357.0 362.0 368.0 374.0 380.0 386.0 391.0 397.0 403.0 409.0 414.0 420.0 426.0 431.0 437.0 443.0 449.0 454.0 460.0 466.0 472.0 477.0 483.0 489.0 495.0 501.0 507.0 513.0 518.0 525.0 530.0 536.0 542.0 548.0 554.0 560.0 566.0 572.0 578.0 583.0 589.0 595.0 600.0 606.0 612.0 618.0 624.0 630.0 635.0 119.0
617.0 622.0 622.0 622.0 622.0 622.0 622.0 622.0 622.0 622.0 622.0 622.0 622.0 622.0 622.0 622.0 622.0 622.0 622.0 622.0 622.0 622.0 622.0 623.0 622.0 622.0 622.0 623.0 623.0 623.0 623.0 623.0 623.0 623.0 623.0 623.0 623.0 623.0 623.0 623.0 623.0 623.0 623.0 623.0 623.0 623.0 623.0 623.0 622.0 622.0 622.0 621.0 621.0 621.0 620.0 620.0 619.0 619.0 618.0 618.0 617.0 616.0 616.0 615.0 614.0 613.0 612.0 612.0 611.0 610.0 609.0 608.0 607.0 606.0 605.0 604.0 603.0 602.0 601.0 600.0 599.0 599.0 598.0 597.0 597.0 596.0 596.0 595.0 595.0 595.0 594.0 594.0 594.0 594.0 593.0 593.0 593.0 593.0 593.0 593.0 5.0 53.0 59.0 66.0 72.0 78.0 84.0 90.0 96.0 102.0 109.0 114.0 121.0 127.0 133.0 139.0 145.0 151.0 157.0 163.0 169.0 175.0 181.0 187.0 193.0 199.0 205.0 211.0 217.0 223.0 229.0 235.0 241.0 247.0 253.0 259.0 265.0 271.0 277.0 283.0 289.0 294.0 300.0 306.0 312.0 318.0 324.0 330.0 336.0 342.0 348.0 354.0 360.0 365.0 371.0 377.0 383.0 389.0 395.0 400.0 406.0 412.0 418.0 424.0 430.0 436.0 441.0 447.0 453.0 459.0 465.0 471.0 477.0 483.0 489.0 495.0 501.0 507.0 513.0 519.0 525.0 531.0 537.0 543.0 549.0 554.0 560.0 566.0 572.0 578.0 584.0 590.0 596.0 602.0 607.0 613.0 619.0 625.0 631.0 637.0 120.0
617.0 627.0 628.0 629.0 630.0 631.0 631.0 632.0 633.0 634.0 635.0 635.0 636.0 637.0 638.0 638.0 639.0 640.0 641.0 642.0 643.0 644.0 645.0 646.0 647.0 648.0 648.0 649.0 651.0 652.0 652.0 653.0 654.0 655.0 657.0 657.0 658.0 659.0 660.0 661.0 662.0 663.0 664.0 665.0 666.0 666.0 667.0 668.0 669.0 669.0 670.0 671.0 671.0 672.0 673.0 673.0 674.0 675.0 675.0 675.0 675.0 676.0 676.0 677.0 677.0 677.0 677.0 677.0 677.0 677.0 677.0 677.0 677.0 677.0 677.0 677.0 677.0 677.0 677.0 678.0 678.0 678.0 679.0 679.0 680.0 680.0 681.0 681.0 682.0 682.0 683.0 684.0 685.0 686.0 686.0 688.0 688.0 689.0 690.0 692.0 5.0 52.0 58.0 64.0 71.0 77.0 83.0 89.0 95.0 101.0 108.0 114.0 120.0 126.0 132.0 138.0 144.0 150.0 156.0 162.0 168.0 174.0 180.0 186.0 192.0 198.0 204.0 210.0 216.0 222.0 228.0 234.0 240.0 246.0 252.0 258.0 264.0 270.0 276.0 282.0 288.0 293.0 299.0 305.0 311.0 317.0 323.0 329.0 335.0 341.0 347.0 353.0 359.0 365.0 371.0 377.0 382.0 388.0 394.0 400.0 406.0 412.0 418.0 424.0 430.0 436.0 441.0 447.0 454.0 460.0 466.0 472.0 478.0 484.0 490.0 496.0 502.0 508.0 514.0 520.0 526.0 532.0 538.0 544.0 550.0 556.0 562.0 568.0 574.0 580.0 586.0 592.0 597.0 603.0 609.0 615.0 621.0 627.0 632.0 638.0 121.0
617.0 633.0 635.0 636.0 638.0 639.0 641.0 642.0 644.0 645.0 647.0 648.0 650.0 652.0 653.0 655.0 657.0 658.0 660.0 662.0 664.0 665.0 667.0 669.0 671.0 673.0 674.0 676.0 678.0 680.0 682.0 684.0 686.0 688.0 690.0 691.0 693.0 695.0 697.0 699.0 701.0 703.0 705.0 706.0 708.0 710.0 712.0 714.0 715.0 717.0 719.0 720.0 722.0 723.0 725.0 727.0 728.0 730.0 731.0 732.0 734.0 735.0 736.0 737.0 738.0 739.0 740.0 741.0 742.0 744.0 745.0 745.0 747.0 747.0 749.0 750.0 751.0 752.0 753.0 755.0 756.0 757.0 759.0 760.0 762.0 763.0 765.0 767.0 769.0 771.0 773.0 774.0 776.0 779.0 780.0 783.0 785.0 787.0 789.0 791.0 5.0 52.0 58.0 64.0 71.0 77.0 83.0 89.0 95.0 102.0 108.0 114.0 120.0 126.0 132.0 138.0 144.0 150.0 156.0 162.0 168.0 174.0 180.0 186.0 192.0 198.0 204.0 210.0 216.0 222.0 228.0 234.0 240.0 246.0 252.0 258.0 264.0 270.0 276.0 282.0 288.0 294.0 300.0 306.0 312.0 318.0 323.0 329.0 335.0 341.0 347.0 353.0 359.0 365.0 371.0 377.0 383.0 389.0 395.0 401.0 407.0 413.0 419.0 425.0 431.0 437.0 443.0 449.0 455.0 461.0 467.0 473.0 480.0 486.0 492.0 498.0 504.0 510.0 516.0 522.0 528.0 534.0 540.0 546.0 552.0 558.0 564.0 570.0 576.0 582.0 587.0 593.0 599.0 605.0 610.0 616.0 622.0 628.0 634.0 639.0 122.0
617.0 638.0 640.0 642.0 645.0 647.0 649.0 651.0 653.0 656.0 658.0 660.0 663.0 665.0 667.0 670.0 672.0 675.0 677.0 680.0 682.0 685.0 688.0 690.0 693.0 696.0 698.0 701.0 704.0 707.0 709.0 712.0 715.0 717.0 720.0 723.0 726.0 728.0 731.0 734.0 737.0 740.0 742.0 745.0 748.0 750.0 753.0 755.0 758.0 761.0 763.0 766.0 768.0 771.0 773.0 776.0 778.0 780.0 782.0 785.0 787.0 789.0 791.0 793.0 795.0 797.0 799.0 801.0 803.0 805.0 807.0 809.0 811.0 813.0 815.0 817.0 819.0 821.0 824.0 826.0 829.0 831.0 834.0 836.0 839.0 842.0 844.0 847.0 850.0 853.0 856.0 859.0 862.0 865.0 868.0 872.0 875.0 878.0 881.0 884.0 5.0 52.0 58.0 64.0 70.0 77.0 83.0 89.0 95.0 102.0 108.0 114.0 120.0 126.0 133.0 139.0 145.0 151.0 157.0 163.0 169.0 175.0 181.0 187.0 193.0 199.0 205.0 211.0 217.0 223.0 229.0 235.0 241.0 247.0 253.0 259.0 265.0 271.0 277.0 283.0 289.0 295.0 301.0 307.0 313.0 319.0 325.0 331.0 336.0 342.0 348.0 355.0 361.0 367.0 372.0 378.0 384.0 391.0 397.0 403.0 409.0 415.0 421.0 427.0 433.0 439.0 445.0 451.0 458.0 464.0 470.0 476.0 482.0 489.0 494.0 501.0 507.0 513.0 519.0 525.0 531.0 537.0 543.0 549.0 555.0 560.0 566.0 572.0 578.0 584.0 589.0 595.0 601.0 606.0 612.0 618.0 624.0 629.0 635.0 640.0 123.0
617.0 642.0 645.0 647.0 650.0 653.0 655.0 659.0 661.0 664.0 667.0 670.0 673.0 676.0 679.0 682.0 685.0 688.0 691.0 695.0 698.0 701.0 705.0 708.0 711.0 715.0 718.0 721.0 725.0 729.0 732.0 735.0 739.0 742.0 746.0 749.0 753.0 756.0 760.0 763.0 767.0 770.0 774.0 777.0 781.0 784.0 787.0 791.0 794.0 797.0 801.0 804.0 807.0 810.0 813.0 817.0 820.0 822.0 825.0 828.0 831.0 834.0 837.0 839.0 842.0 845.0 848.0 851.0 853.0 856.0 859.0 862.0 865.0 868.0 871.0 874.0 877.0 880.0 883.0 887.0 890.0 894.0 897.0 901.0 905.0 908.0 912.0 916.0 920.0 923.0 927.0 931.0 935.0 939.0 943.0 947.0 951.0 955.0 959.0 963.0 5.0 52.0 58.0 64.0 71.0 77.0 84.0 90.0 96.0 103.0 109.0 115.0 121.0 127.0 134.0 140.0 146.0 152.0 158.0 165.0 171.0 177.0 183.0 189.0 195.0 201.0 207.0 213.0 219.0 226.0 231.0 237.0 244.0 250.0 256.0 261.0 268.0 274.0 280.0 286.0 292.0 297.0 303.0 309.0 316.0 322.0 328.0 334.0 340.0 346.0 352.0 358.0 364.0 370.0 376.0 382.0 388.0 395.0 401.0 407.0 413.0 419.0 425.0 432.0 438.0 444.0 450.0 456.0 463.0 469.0 475.0 481.0 487.0 493.0 499.0 506.0 512.0 518.0 524.0 530.0 536.0 541.0 547.0 553.0 559.0 565.0 570.0 576.0 582.0 587.0 593.0 599.0 604.0 610.0 615.0 621.0 627.0 632.0 638.0 643.0 124.0
617.0 645.0 648.0 651.0 654.0 657.0 660.0 663.0 666.0 670.0 673.0 676.0 680.0 683.0 686.0 690.0 693.0 697.0 701.0 704.0 708.0 712.0 715.0 719.0 723.0 727.0 731.0 735.0 739.0 743.0 747.0 750.0 754.0 758.0 762.0 766.0 770.0 774.0 778.0 782.0 786.0 790.0 794.0 798.0 802.0 806.0 810.0 814.0 817.0 821.0 825.0 829.0 833.0 836.0 840.0 843.0 847.0 850.0 853.0 857.0 860.0 864.0 867.0 870.0 873.0 876.0 880.0 883.0 886.0 890.0 893.0 897.0 900.0 904.0 907.0 911.0 915.0 919.0 923.0 927.0 931.0 935.0 939.0 943.0 948.0 952.0 956.0 961.0 965.0 970.0 974.0 979.0 983.0 988.0 993.0 997.0 1002.0 1006.0 1011.0 1015.0 5.0 52.0 58.0 65.0 71.0 77.0 84.0 90.0 97.0 103.0 109.0 116.0 122.0 128.0 135.0 141.0 147.0 153.0 159.0 166.0 172.0 178.0 184.0 190.0 196.0 202.0 208.0 214.0 220.0 227.0 233.0 239.0 245.0 251.0 257.0 263.0 269.0 275.0 281.0 287.0 293.0 299.0 305.0 311.0 317.0 323.0 329.0 335.0 341.0 348.0 354.0 360.0 366.0 372.0 378.0 384.0 390.0 397.0 403.0 409.0 415.0 422.0 428.0 434.0 440.0 446.0 453.0 459.0 465.0 472.0 478.0 484.0 490.0 496.0 502.0 508.0 514.0 520.0 526.0 532.0 538.0 544.0 550.0 555.0 561.0 567.0 572.0 578.0 584.0 589.0 595.0 600.0 606.0 611.0 616.0 622.0 627.0 633.0 638.0 644.0 125.0
617.0 646.0 649.0 652.0 656.0 659.0 662.0 666.0 669.0 672.0 676.0 679.0 683.0 686.0 690.0 693.0 697.0 701.0 705.0 709.0 713.0 716.0 720.0 724.0 728.0 732.0 736.0 740.0 744.0 749.0 753.0 757.0 761.0 765.0 769.0 774.0 778.0 782.0 786.0 790.0 795.0 799.0 803.0 807.0 811.0 815.0 819.0 823.0 827.0 831.0 835.0 839.0 843.0 847.0 851.0 855.0 858.0 862.0 865.0 869.0 872.0 876.0 879.0 883.0 886.0 890.0 893.0 897.0 900.0 904.0 908.0 911.0 915.0 919.0 923.0 927.0 930.0 935.0 939.0 943.0 947.0 952.0 957.0 961.0 965.0 970.0 975.0 979.0 984.0 989.0 994.0 999.0 1004.0 1009.0 1014.0 1019.0 1024.0 1029.0 1033.0 1038.0 5.0 52.0 58.0 65.0 71.0 78.0 84.0 90.0 97.0 103.0 110.0 116.0 122.0 128.0 135.0 141.0 147.0 153.0 160.0 166.0 172.0 178.0 184.0 191.0 197.0 203.0 209.0 215.0 221.0 227.0 233.0 239.0 245.0 251.0 257.0 263.0 269.0 275.0 281.0 287.0 293.0 299.0 305.0 311.0 318.0 324.0 329.0 335.0 341.0 348.0 354.0 360.0 366.0 372.0 378.0 384.0 391.0 397.0 403.0 409.0 416.0 422.0 428.0 435.0 441.0 447.0 453.0 460.0 466.0 472.0 478.0 484.0 490.0 497.0 503.0 509.0 515.0 521.0 527.0 533.0 539.0 544.0 550.0 556.0 562.0 568.0 573.0 579.0 584.0 590.0 595.0 601.0 606.0 612.0 617.0 622.0 628.0 634.0 639.0 644.0 126.0
617.0 646.0 649.0 653.0 656.0 659.0 662.0 666.0 669.0 672.0 676.0 679.0 683.0 686.0 690.0 693.0 697.0 701.0 704.0 708.0 712.0 716.0 720.0 724.0 728.0 732.0 736.0 740.0 744.0 748.0 752.0 756.0 760.0 764.0 768.0 773.0 777.0 781.0 785.0 789.0 793.0 797.0 801.0 805.0 810.0 814.0 818.0 822.0 826.0 830.0 834.0 838.0 842.0 845.0 849.0 853.0 856.0 860.0 864.0 867.0 871.0 874.0 878.0 881.0 885.0 888.0 892.0 895.0 898.0 901.0 905.0 909.0 912.0 916.0 920.0 924.0 928.0 932.0 936.0 940.0 944.0 948.0 953.0 957.0 962.0 966.0 971.0 975.0 980.0 985.0 990.0 995.0 1000.0 1005.0 1010.0 1015.0 1019.0 1024.0 1029.0 1034.0 5.0 51.0 58.0 64.0 71.0 77.0 83.0 90.0 96.0 103.0 109.0 115.0 121.0 128.0 134.0 140.0 146.0 152.0 159.0 165.0 171.0 177.0 183.0 189.0 195.0 201.0 207.0 214.0 219.0 226.0 232.0 238.0 244.0 250.0 256.0 262.0 268.0 274.0 280.0 286.0 292.0 298.0 304.0 310.0 316.0 322.0 328.0 334.0 340.0 346.0 352.0 359.0 365.0 371.0 377.0 383.0 389.0 395.0 402.0 408.0 414.0 420.0 427.0 433.0 439.0 445.0 452.0 458.0 464.0 470.0 477.0 483.0 489.0 495.0 501.0 507.0 513.0 520.0 526.0 532.0 538.0 543.0 549.0 555.0 561.0 566.0 572.0 578.0 583.0 589.0 595.0 600.0 606.0 611.0 616.0 622.0 628.0 633.0 638.0 644.0 127.0
617.0 645.0 648.0 651.0 654.0 657.0 660.0 664.0 667.0 670.0 673.0 676.0 680.0 683.0 686.0 690.0 693.0 697.0 700.0 704.0 707.0 711.0 715.0 719.0 722.0 726.0 729.0 733.0 737.0 741.0 745.0 749.0 752.0 756.0 760.0 764.0 768.0 772.0 776.0 779.0 783.0 787.0 791.0 795.0 799.0 802.0 806.0 810.0 814.0 818.0 821.0 825.0 829.0 832.0 836.0 839.0 842.0 846.0 849.0 853.0 856.0 859.0 862.0 865.0 869.0 872.0 875.0 878.0 881.0 884.0 888.0 891.0 894.0 897.0 901.0 904.0 907.0 911.0 915.0 918.0 922.0 926.0 930.0 934.0 938.0 942.0 946.0 950.0 955.0 959.0 964.0 968.0 972.0 977.0 982.0 986.0 991.0 995.0 999.0 1004.0 5.0 50.0 57.0 63.0 69.0 76.0 82.0 88.0 94.0 101.0 107.0 113.0 120.0 126.0 132.0 138.0 144.0 150.0 157.0 163.0 169.0 175.0 181.0 187.0 193.0 199.0 205.0 211.0 217.0 224.0 230.0 236.0 242.0 248.0 253.0 259.0 265.0 271.0 277.0 283.0 289.0 295.0 301.0 307.0 313.0 319.0 325.0 331.0 337.0 343.0 350.0 356.0 362.0 368.0 374.0 380.0 386.0 392.0 398.0 405.0 411.0 417.0 423.0 430.0 436.0 442.0 448.0 455.0 461.0 467.0 474.0 480.0 486.0 492.0 498.0 504.0 510.0 517.0 523.0 529.0 535.0 541.0 547.0 553.0 558.0 564.0 570.0 576.0 581.0 587.0 593.0 598.0 604.0 610.0 615.0 621.0 627.0 632.0 637.0 643.0 128.0
617.0 643.0 646.0 649.0 652.0 654.0 657.0 660.0 663.0 666.0 669.0 672.0 675.0 678.0 681.0 684.0 687.0 690.0 694.0 697.0 700.0 703.0 707.0 710.0 714.0 717.0 720.0 724.0 727.0 731.0 734.0 738.0 741.0 745.0 748.0 751.0 755.0 758.0 762.0 765.0 769.0 772.0 776.0 779.0 783.0 786.0 789.0 793.0 796.0 800.0 803.0 806.0 809.0 812.0 816.0 819.0 822.0 825.0 828.0 831.0 834.0 837.0 840.0 842.0 845.0 848.0 851.0 853.0 856.0 859.0 862.0 864.0 867.0 870.0 873.0 875.0 878.0 881.0 884.0 887.0 891.0 894.0 897.0 900.0 904.0 907.0 911.0 914.0 918.0 922.0 926.0 929.0 933.0 937.0 941.0 945.0 949.0 953.0 957.0 961.0 5.0 49.0 56.0 62.0 68.0 74.0 81.0 87.0 93.0 99.0 105.0 111.0 118.0 124.0 130.0 136.0 142.0 148.0 154.0 161.0 167.0 173.0 179.0 184.0 190.0 196.0 202.0 208.0 214.0 221.0 227.0 233.0 238.0 244.0 250.0 256.0 262.0 268.0 274.0 280.0 286.0 292.0 298.0 304.0 310.0 316.0 322.0 328.0 334.0 340.0 346.0 352.0 358.0 364.0 370.0 376.0 382.0 388.0 394.0 400.0 407.0 413.0 419.0 426.0 432.0 438.0 444.0 451.0 457.0 463.0 469.0 476.0 482.0 488.0 494.0 500.0 506.0 513.0 519.0 525.0 531.0 537.0 543.0 549.0 555.0 561.0 567.0 573.0 578.0 584.0 590.0 596.0 601.0 607.0 613.0 618.0 624.0 630.0 635.0 641.0 129.0
617.0 640.0 643.0 645.0 648.0 650.0 652.0 655.0 657.0 660.0 662.0 665.0 667.0 670.0 673.0 675.0 678.0 680.0 683.0 686.0 689.0 692.0 694.0 697.0 700.0 703.0 706.0 708.0 712.0 715.0 717.0 720.0 723.0 726.0 729.0 732.0 735.0 738.0 741.0 744.0 746.0 750.0 752.0 755.0 758.0 761.0 764.0 767.0 769.0 772.0 775.0 778.0 780.0 783.0 785.0 788.0 790.0 793.0 796.0 798.0 800.0 803.0 805.0 807.0 809.0 812.0 814.0 816.0 818.0 820.0 822.0 824.0 826.0 828.0 830.0 833.0 835.0 837.0 839.0 842.0 844.0 846.0 849.0 851.0 854.0 857.0 859.0 862.0 865.0 867.0 870.0 873.0 876.0 879.0 882.0 886.0 889.0 892.0 895.0 898.0 5.0 48.0 55.0 61.0 67.0 73.0 79.0 85.0 91.0 97.0 103.0 109.0 116.0 122.0 128.0 134.0 140.0 146.0 152.0 158.0 164.0 170.0 176.0 182.0 188.0 194.0 199.0 205.0 211.0 217.0 223.0 229.0 235.0 241.0 247.0 253.0 259.0 265.0 271.0 276.0 282.0 288.0 294.0 300.0 306.0 312.0 318.0 324.0 330.0 336.0 342.0 348.0 354.0 360.0 366.0 372.0 378.0 384.0 390.0 396.0 403.0 409.0 415.0 421.0 427.0 434.0 440.0 446.0 452.0 458.0 465.0 471.0 477.0 483.0 490.0 496.0 502.0 508.0 514.0 521.0 527.0 533.0 539.0 545.0 551.0 557.0 563.0 569.0 575.0 581.0 587.0 592.0 598.0 604.0 610.0 616.0 621.0 627.0 633.0 638.0 130.0
617.0 636.0 638.0 640.0 642.0 644.0 646.0 648.0 650.0 652.0 654.0 656.0 658.0 660.0 662.0 664.0 666.0 668.0 670.0 672.0 674.0 676.0 679.0 681.0 683.0 685.0 687.0 689.0 692.0 694.0 696.0 699.0 701.0 703.0 705.0 707.0 710.0 712.0 714.0 716.0 718.0 721.0 723.0 725.0 727.0 729.0 731.0 734.0 735.0 738.0 740.0 742.0 744.0 746.0 748.0 750.0 751.0 753.0 755.0 757.0 758.0 760.0 762.0 763.0 765.0 766.0 768.0 769.0 770.0 772.0 773.0 774.0 776.0 777.0 778.0 780.0 781.0 782.0 784.0 785.0 787.0 788.0 789.0 791.0 793.0 795.0 797.0 798.0 800.0 802.0 804.0 806.0 808.0 810.0 812.0 815.0 817.0 819.0 821.0 824.0 5.0 48.0 54.0 60.0 66.0 72.0 78.0 84.0 90.0 96.0 102.0 108.0 114.0 120.0 126.0 132.0 138.0 144.0 150.0 156.0 162.0 168.0 174.0 180.0 186.0 192.0 197.0 203.0 209.0 216.0 221.0 227.0 233.0 239.0 245.0 251.0 257.0 263.0 268.0 274.0 280.0 286.0 292.0 298.0 304.0 310.0 316.0 322.0 328.0 334.0 340.0 346.0 352.0 358.0 364.0 370.0 376.0 382.0 388.0 394.0 400.0 406.0 412.0 419.0 425.0 431.0 437.0 443.0 449.0 455.0 462.0 468.0 474.0 480.0 486.0 492.0 498.0 505.0 511.0 517.0 523.0 529.0 535.0 541.0 547.0 553.0 559.0 565.0 571.0 577.0 583.0 589.0 595.0 600.0 606.0 612.0 618.0 624.0 630.0 635.0 131.0
617.0 631.0 632.0 634.0 635.0 637.0 638.0 639.0 640.0 641.0 643.0 644.0 645.0 647.0 648.0 649.0 650.0 652.0 653.0 654.0 655.0 657.0 658.0 660.0 661.0 663.0 664.0 665.0 667.0 668.0 669.0 671.0 672.0 674.0 675.0 677.0 678.0 679.0 681.0 682.0 683.0 685.0 686.0 688.0 689.0 690.0 691.0 693.0 694.0 695.0 696.0 698.0 699.0 699.0 701.0 702.0 703.0 704.0 705.0 706.0 706.0 707.0 708.0 708.0 709.0 709.0 710.0 711.0 711.0 712.0 712.0 712.0 713.0 713.0 714.0 714.0 714.0 715.0 715.0 716.0 717.0 717.0 717.0 718.0 719.0 720.0 721.0 722.0 723.0 724.0 725.0 726.0 727.0 729.0 730.0 731.0 733.0 734.0 735.0 737.0 5.0 49.0 55.0 61.0 67.0 74.0 80.0 85.0 91.0 98.0 104.0 110.0 116.0 122.0 128.0 134.0 140.0 146.0 152.0 158.0 164.0 170.0 176.0 182.0 188.0 194.0 200.0 206.0 212.0 218.0 224.0 230.0 235.0 241.0 247.0 253.0 259.0 265.0 271.0 277.0 283.0 289.0 295.0 301.0 307.0 313.0 319.0 325.0 331.0 337.0 343.0 349.0 355.0 360.0 366.0 372.0 378.0 384.0 390.0 396.0 402.0 408.0 414.0 420.0 426.0 432.0 438.0 444.0 450.0 456.0 462.0 468.0 474.0 480.0 486.0 492.0 498.0 504.0 510.0 516.0 522.0 528.0 534.0 539.0 545.0 551.0 557.0 563.0 569.0 575.0 581.0 587.0 593.0 599.0 605.0 611.0 617.0 622.0 628.0 634.0 132.0
617.0 625.0 626.0 627.0 627.0 628.0 629.0 629.0 630.0 630.0 630.0 631.0 631.0 632.0 632.0 633.0 633.0 633.0 634.0 635.0 635.0 636.0 636.0 637.0 637.0 638.0 638.0 639.0 640.0 640.0 640.0 641.0 642.0 642.0 643.0 643.0 644.0 645.0 645.0 645.0 646.0 646.0 647.0 647.0 647.0 648.0 648.0 649.0 649.0 649.0 649.0 650.0 650.0 650.0 650.0 651.0 651.0 651.0 651.0 651.0 650.0 650.0 650.0 650.0 649.0 649.0 649.0 648.0 648.0 647.0 647.0 646.0 646.0 645.0 645.0 644.0 643.0 643.0 643.0 642.0 642.0 642.0 641.0 641.0 641.0 641.0 641.0 641.0 641.0 642.0 642.0 643.0 643.0 643.0 644.0 644.0 645.0 646.0 646.0 647.0 5.0 51.0 57.0 63.0 69.0 75.0 81.0 87.0 93.0 99.0 105.0 112.0 118.0 124.0 130.0 136.0 142.0 148.0 154.0 160.0 166.0 172.0 178.0 184.0 190.0 196.0 202.0 208.0 214.0 220.0 226.0 232.0 238.0 244.0 250.0 256.0 262.0 267.0 273.0 279.0 285.0 291.0 297.0 303.0 309.0 315.0 321.0 327.0 333.0 339.0 345.0 351.0 357.0 363.0 369.0 375.0 381.0 387.0 393.0 398.0 404.0 410.0 416.0 422.0 428.0 434.0 440.0 445.0 452.0 457.0 463.0 469.0 475.0 481.0 486.0 492.0 498.0 504.0 510.0 516.0 522.0 528.0 533.0 539.0 545.0 551.0 557.0 563.0 569.0 575.0 581.0 587.0 593.0 599.0 604.0 610.0 616.0 622.0 628.0 634.0 133.0
617.0 619.0 619.0 619.0 619.0 619.0 619.0 618.0 618.0 618.0 618.0 617.0 617.0 617.0 616.0 616.0 615.0 615.0 615.0 614.0 614.0 614.0 614.0 613.0 613.0 613.0 612.0 612.0 612.0 611.0 611.0 611.0 610.0 610.0 609.0 609.0 609.0 609.0 608.0 608.0 607.0 607.0 606.0 606.0 605.0 604.0 604.0 603.0 603.0 602.0 601.0 601.0 600.0 599.0 598.0 598.0 597.0 596.0 595.0 594.0 592.0 591.0 590.0 589.0 587.0 586.0 585.0 583.0 582.0 580.0 579.0 577.0 576.0 574.0 573.0 571.0 570.0 569.0 567.0 566.0 565.0 564.0 563.0 562.0 561.0 560.0 560.0 559.0 558.0 558.0 557.0 557.0 556.0 556.0 555.0 555.0 554.0 554.0 553.0 553.0 5.0 53.0 59.0 66.0 72.0 78.0 84.0 90.0 96.0 102.0 108.0 114.0 121.0 127.0 133.0 139.0 145.0 151.0 157.0 163.0 169.0 175.0 181.0 187.0 193.0 199.0 205.0 211.0 217.0 223.0 229.0 235.0 241.0 247.0 253.0 259.0 265.0 271.0 277.0 283.0 289.0 295.0 301.0 307.0 313.0 319.0 325.0 331.0 336.0 342.0 348.0 354.0 360.0 366.0 372.0 378.0 384.0 389.0 395.0 401.0 407.0 413.0 418.0 424.0 430.0 436.0 442.0 447.0 453.0 459.0 465.0 471.0 476.0 482.0 487.0 493.0 499.0 505.0 511.0 517.0 522.0 528.0 534.0 540.0 546.0 552.0 558.0 564.0 570.0 575.0 581.0 587.0 593.0 599.0 605.0 611.0 617.0 623.0 629.0 635.0 134.0
617.0 614.0 614.0 613.0 612.0 611.0 610.0 610.0 609.0 608.0 607.0 605.0 604.0 603.0 602.0 601.0 600.0 599.0 598.0 597.0 596.0 595.0 594.0 592.0 591.0 590.0 589.0 588.0 587.0 586.0 584.0 583.0 582.0 581.0 580.0 578.0 577.0 576.0 574.0 573.0 572.0 570.0 569.0 568.0 566.0 565.0 563.0 562.0 560.0 558.0 556.0 555.0 553.0 551.0 550.0 548.0 546.0 544.0 542.0 539.0 537.0 535.0 533.0 530.0 528.0 526.0 523.0 521.0 518.0 516.0 513.0 511.0 508.0 506.0 504.0 502.0 499.0 497.0 495.0 493.0 491.0 489.0 488.0 486.0 484.0 482.0 481.0 479.0 478.0 476.0 474.0 473.0 471.0 470.0 468.0 467.0 465.0 464.0 462.0 460.0 5.0 55.0 61.0 67.0 73.0 80.0 86.0 92.0 98.0 104.0 111.0 117.0 123.0 129.0 135.0 141.0 148.0 154.0 160.0 166.0 172.0 178.0 184.0 190.0 196.0 202.0 208.0 214.0 221.0 227.0 233.0 239.0 245.0 251.0 257.0 263.0 269.0 275.0 281.0 287.0 293.0 299.0 305.0 311.0 317.0 323.0 329.0 335.0 340.0 347.0 352.0 358.0 364.0 370.0 375.0 381.0 387.0 393.0 399.0 404.0 410.0 416.0 422.0 427.0 433.0 439.0 444.0 450.0 456.0 461.0 467.0 473.0 478.0 484.0 490.0 496.0 501.0 507.0 513.0 519.0 525.0 531.0 537.0 542.0 548.0 554.0 560.0 566.0 572.0 578.0 584.0 590.0 596.0 602.0 608.0 614.0 619.0 625.0 631.0 637.0 135.0
617.0 610.0 609.0 608.0 606.0 605.0 604.0 602.0 601.0 599.0 597.0 596.0 594.0 593.0 591.0 589.0 587.0 586.0 584.0 582.0 581.0 579.0 578.0 575.0 574.0 572.0 570.0 569.0 567.0 565.0 563.0 561.0 559.0 557.0 555.0 553.0 551.0 550.0 547.0 545.0 543.0 541.0 539.0 537.0 534.0 532.0 530.0 528.0 525.0 522.0 520.0 517.0 515.0 512.0 509.0 507.0 504.0 501.0 498.0 495.0 492.0 488.0 485.0 482.0 478.0 475.0 472.0 469.0 465.0 462.0 459.0 456.0 453.0 450.0 447.0 444.0 441.0 438.0 435.0 433.0 430.0 427.0 425.0 422.0 419.0 417.0 415.0 412.0 410.0 407.0 405.0 402.0 400.0 397.0 395.0 392.0 389.0 387.0 384.0 381.0 5.0 57.0 63.0 70.0 76.0 82.0 89.0 95.0 101.0 107.0 114.0 120.0 126.0 133.0 139.0 145.0 151.0 157.0 163.0 170.0 176.0 182.0 188.0 194.0 200.0 206.0 213.0 219.0 225.0 231.0 237.0 243.0 249.0 255.0 261.0 267.0 273.0 279.0 285.0 291.0 297.0 303.0 309.0 315.0 321.0 327.0 333.0 339.0 345.0 351.0 357.0 363.0 368.0 374.0 380.0 385.0 391.0 397.0 403.0 408.0 414.0 420.0 425.0 431.0 436.0 442.0 448.0 453.0 459.0 464.0 470.0 476.0 481.0 487.0 493.0 499.0 504.0 510.0 516.0 522.0 527.0 533.0 539.0 545.0 551.0 557.0 563.0 569.0 574.0 580.0 586.0 592.0 598.0 604.0 609.0 615.0 621.0 627.0 633.0 638.0 136.0
617.0 607.0 606.0 604.0 603.0 601.0 599.0 597.0 595.0 593.0 591.0 589.0 587.0 585.0 583.0 581.0 578.0 576.0 574.0 572.0 569.0 567.0 565.0 563.0 561.0 558.0 556.0 554.0 551.0 549.0 546.0 544.0 541.0 539.0 536.0 534.0 531.0 529.0 526.0 523.0 521.0 518.0 515.0 512.0 509.0 506.0 503.0 500.0 497.0 494.0 490.0 487.0 484.0 480.0 476.0 473.0 469.0 465.0 462.0 458.0 454.0 450.0 446.0 442.0 438.0 434.0 430.0 426.0 422.0 418.0 415.0 411.0 407.0 403.0 400.0 396.0 393.0 389.0 386.0 383.0 379.0 376.0 373.0 370.0 366.0 363.0 360.0 356.0 353.0 350.0 346.0 343.0 340.0 336.0 333.0 329.0 326.0 322.0 319.0 315.0 5.0 57.0 64.0 71.0 77.0 84.0 90.0 97.0 103.0 109.0 116.0 122.0 128.0 134.0 141.0 147.0 153.0 160.0 166.0 172.0 179.0 185.0 191.0 197.0 204.0 210.0 216.0 222.0 228.0 235.0 241.0 247.0 253.0 259.0 265.0 271.0 278.0 283.0 289.0 295.0 301.0 307.0 313.0 319.0 325.0 331.0 337.0 343.0 349.0 355.0 361.0 367.0 372.0 378.0 384.0 389.0 395.0 400.0 406.0 412.0 417.0 423.0 428.0 434.0 439.0 445.0 450.0 456.0 462.0 467.0 473.0 478.0 484.0 490.0 495.0 501.0 507.0 513.0 519.0 524.0 530.0 536.0 542.0 548.0 554.0 560.0 566.0 571.0 577.0 583.0 589.0 594.0 600.0 606.0 611.0 617.0 622.0 628.0 634.0 639.0 137.0
617.0 605.0 603.0 601.0 599.0 597.0 595.0 593.0 590.0 588.0 586.0 583.0 581.0 578.0 576.0 573.0 571.0 568.0 565.0 563.0 560.0 558.0 555.0 553.0 550.0 547.0 544.0 542.0 539.0 536.0 533.0 530.0 527.0 525.0 522.0 519.0 515.0 513.0 509.0 506.0 503.0 499.0 496.0 493.0 489.0 486.0 482.0 479.0 475.0 471.0 467.0 463.0 459.0 455.0 451.0 447.0 443.0 438.0 434.0 430.0 425.0 421.0 416.0 412.0 407.0 403.0 398.0 394.0 389.0 385.0 381.0 377.0 372.0 368.0 364.0 360.0 357.0 353.0 349.0 345.0 341.0 337.0 334.0 330.0 326.0 323.0 319.0 314.0 311.0 307.0 303.0 299.0 295.0 291.0 287.0 282.0 278.0 274.0 270.0 266.0 5.0 59.0 66.0 73.0 79.0 86.0 92.0 99.0 105.0 111.0 118.0 124.0 131.0 137.0 143.0 150.0 156.0 163.0 169.0 175.0 181.0 187.0 194.0 200.0 207.0 213.0 219.0 225.0 232.0 238.0 244.0 250.0 256.0 262.0 268.0 275.0 281.0 287.0 293.0 299.0 305.0 311.0 317.0 323.0 329.0 335.0 341.0 347.0 353.0 358.0 364.0 370.0 376.0 381.0 387.0 392.0 398.0 403.0 409.0 414.0 420.0 425.0 431.0 436.0 441.0 447.0 452.0 458.0 463.0 469.0 474.0 480.0 486.0 491.0 497.0 503.0 509.0 515.0 521.0 526.0 532.0 538.0 544.0 550.0 555.0 561.0 567.0 573.0 579.0 584.0 590.0 595.0 601.0 607.0 612.0 618.0 623.0 629.0 634.0 639.0 138.0
617.0 603.0 601.0 599.0 597.0 595.0 592.0 590.0 587.0 585.0 582.0 579.0 577.0 574.0 571.0 568.0 566.0 563.0 560.0 557.0 555.0 552.0 549.0 546.0 543.0 540.0 537.0 534.0 531.0 528.0 525.0 522.0 519.0 515.0 512.0 509.0 505.0 502.0 499.0 495.0 492.0 488.0 485.0 481.0 477.0 473.0 470.0 466.0 462.0 458.0 453.0 449.0 445.0 441.0 436.0 431.0 427.0 422.0 418.0 413.0 408.0 403.0 399.0 393.0 389.0 384.0 379.0 375.0 370.0 365.0 361.0 357.0 352.0 348.0 343.0 339.0 335.0 331.0 327.0 323.0 319.0 315.0 311.0 307.0 303.0 299.0 295.0 291.0 287.0 282.0 278.0 273.0 269.0 265.0 260.0 255.0 251.0 247.0 242.0 238.0 5.0 60.0 67.0 74.0 80.0 87.0 93.0 100.0 106.0 113.0 119.0 125.0 132.0 138.0 144.0 151.0 157.0 164.0 170.0 176.0 182.0 189.0 195.0 201.0 208.0 214.0 220.0 227.0 233.0 239.0 245.0 251.0 258.0 264.0 270.0 276.0 282.0 288.0 294.0 300.0 306.0 312.0 318.0 324.0 330.0 336.0 342.0 348.0 354.0 359.0 365.0 371.0 377.0 382.0 388.0 393.0 399.0 404.0 410.0 415.0 420.0 426.0 431.0 437.0 442.0 447.0 453.0 458.0 464.0 469.0 475.0 481.0 486.0 492.0 498.0 504.0 509.0 515.0 521.0 527.0 533.0 539.0 545.0 550.0 556.0 562.0 568.0 573.0 579.0 585.0 590.0 596.0 602.0 607.0 613.0 618.0 624.0 629.0 635.0 640.0 139.0
617.0 602.0 600.0 598.0 596.0 594.0 591.0 588.0 586.0 583.0 580.0 578.0 575.0 572.0 569.0 566.0 564.0 561.0 558.0 555.0 552.0 549.0 547.0 544.0 541.0 537.0 534.0 531.0 528.0 525.0 522.0 519.0 515.0 512.0 509.0 506.0 502.0 499.0 495.0 492.0 488.0 485.0 481.0 477.0 473.0 470.0 466.0 462.0 458.0 454.0 450.0 445.0 441.0 437.0 432.0 428.0 423.0 418.0 414.0 409.0 404.0 399.0 394.0 389.0 384.0 380.0 375.0 370.0 365.0 361.0 356.0 352.0 347.0 343.0 338.0 334.0 330.0 326.0 322.0 318.0 314.0 310.0 306.0 302.0 298.0 294.0 290.0 286.0 282.0 278.0 273.0 269.0 265.0 261.0 256.0 251.0 247.0 243.0 238.0 234.0 5.0 61.0 67.0 74.0 81.0 87.0 94.0 100.0 106.0 113.0 119.0 126.0 132.0 138.0 145.0 151.0 157.0 164.0 170.0 177.0 183.0 189.0 195.0 201.0 208.0 214.0 220.0 226.0 233.0 239.0 245.0 251.0 257.0 264.0 270.0 276.0 282.0 288.0 294.0 300.0 306.0 312.0 318.0 324.0 330.0 336.0 342.0 348.0 353.0 359.0 365.0 371.0 376.0 382.0 388.0 393.0 399.0 404.0 410.0 415.0 420.0 426.0 431.0 436.0 442.0 447.0 453.0 458.0 464.0 469.0 475.0 480.0 486.0 492.0 497.0 503.0 509.0 515.0 521.0 526.0 532.0 538.0 544.0 550.0 556.0 562.0 568.0 573.0 579.0 585.0 590.0 596.0 602.0 607.0 613.0 618.0 624.0 629.0 635.0 640.0 140.0
617.0 602.0 601.0 598.0 596.0 594.0 592.0 589.0 587.0 584.0 581.0 579.0 576.0 573.0 571.0 568.0 565.0 562.0 560.0 557.0 554.0 551.0 549.0 546.0 543.0 540.0 537.0 534.0 531.0 528.0 525.0 522.0 519.0 516.0 513.0 510.0 506.0 503.0 500.0 497.0 493.0 490.0 487.0 483.0 479.0 476.0 472.0 468.0 465.0 461.0 457.0 453.0 449.0 445.0 440.0 436.0 432.0 427.0 423.0 418.0 413.0 409.0 404.0 400.0 395.0 390.0 386.0 381.0 376.0 372.0 368.0 363.0 359.0 355.0 351.0 347.0 343.0 339.0 335.0 331.0 327.0 324.0 320.0 316.0 313.0 309.0 305.0 301.0 298.0 294.0 290.0 286.0 282.0 278.0 274.0 270.0 265.0 262.0 258.0 253.0 5.0 61.0 67.0 74.0 81.0 87.0 94.0 100.0 106.0 112.0 119.0 125.0 132.0 138.0 144.0 151.0 157.0 163.0 169.0 175.0 182.0 188.0 194.0 200.0 207.0 213.0 219.0 225.0 231.0 238.0 244.0 250.0 256.0 262.0 268.0 274.0 280.0 286.0 292.0 298.0 304.0 310.0 316.0 322.0 328.0 334.0 340.0 346.0 352.0 358.0 363.0 369.0 375.0 380.0 386.0 392.0 397.0 403.0 408.0 414.0 419.0 425.0 430.0 435.0 441.0 446.0 452.0 457.0 462.0 468.0 474.0 479.0 485.0 491.0 496.0 502.0 508.0 514.0 519.0 525.0 531.0 537.0 543.0 549.0 554.0 560.0 566.0 572.0 578.0 584.0 589.0 595.0 601.0 607.0 612.0 618.0 624.0 629.0 635.0 640.0 141.0
617.0 604.0 602.0 600.0 598.0 596.0 594.0 592.0 589.0 587.0 584.0 582.0 579.0 577.0 575.0 572.0 570.0 567.0 565.0 562.0 560.0 557.0 555.0 553.0 550.0 547.0 544.0 542.0 539.0 536.0 534.0 531.0 528.0 525.0 523.0 520.0 517.0 514.0 511.0 509.0 506.0 503.0 500.0 496.0 493.0 490.0 487.0 483.0 480.0 477.0 473.0 470.0 466.0 462.0 458.0 455.0 451.0 447.0 443.0 439.0 435.0 430.0 426.0 422.0 418.0 414.0 410.0 405.0 401.0 397.0 393.0 389.0 385.0 381.0 377.0 374.0 370.0 366.0 363.0 359.0 356.0 352.0 349.0 346.0 342.0 339.0 336.0 333.0 329.0 326.0 322.0 319.0 316.0 312.0 309.0 305.0 302.0 298.0 295.0 291.0 5.0 60.0 67.0 73.0 80.0 86.0 92.0 99.0 105.0 111.0 117.0 124.0 130.0 136.0 142.0 149.0 155.0 161.0 167.0 174.0 180.0 186.0 192.0 198.0 204.0 210.0 217.0 223.0 229.0 235.0 241.0 248.0 254.0 260.0 266.0 272.0 278.0 284.0 290.0 296.0 302.0 308.0 314.0 320.0 326.0 332.0 338.0 343.0 349.0 355.0 361.0 367.0 372.0 378.0 384.0 389.0 395.0 400.0 406.0 412.0 417.0 423.0 428.0 433.0 439.0 444.0 450.0 455.0 461.0 466.0 472.0 477.0 483.0 489.0 494.0 500.0 506.0 512.0 517.0 523.0 529.0 535.0 541.0 546.0 552.0 558.0 564.0 570.0 576.0 581.0 587.0 593.0 599.0 605.0 610.0 616.0 622.0 628.0 633.0 639.0 142.0
617.0 606.0 605.0 603.0 602.0 600.0 598.0 596.0 594.0 592.0 590.0 588.0 586.0 584.0 582.0 580.0 578.0 576.0 574.0 572.0 569.0 567.0 565.0 563.0 561.0 559.0 557.0 555.0 552.0 550.0 548.0 546.0 543.0 541.0 539.0 536.0 534.0 532.0 529.0 527.0 525.0 522.0 520.0 517.0 514.0 512.0 509.0 506.0 503.0 501.0 498.0 495.0 492.0 489.0 486.0 482.0 479.0 476.0 473.0 469.0 466.0 462.0 459.0 455.0 451.0 448.0 444.0 441.0 437.0 434.0 430.0 426.0 423.0 420.0 416.0 413.0 409.0 406.0 403.0 400.0 397.0 394.0 391.0 388.0 385.0 382.0 380.0 377.0 374.0 371.0 368.0 366.0 363.0 360.0 357.0 355.0 352.0 349.0 346.0 343.0 5.0 61.0 67.0 73.0 80.0 86.0 92.0 98.0 105.0 111.0 117.0 123.0 129.0 135.0 142.0 148.0 154.0 160.0 166.0 172.0 179.0 185.0 191.0 197.0 203.0 209.0 215.0 221.0 228.0 234.0 240.0 246.0 252.0 258.0 264.0 270.0 276.0 282.0 288.0 294.0 300.0 306.0 312.0 318.0 324.0 330.0 336.0 342.0 347.0 353.0 359.0 365.0 371.0 376.0 382.0 388.0 394.0 399.0 405.0 410.0 416.0 421.0 427.0 432.0 438.0 443.0 449.0 454.0 460.0 465.0 471.0 476.0 482.0 488.0 493.0 499.0 505.0 510.0 516.0 521.0 527.0 533.0 539.0 545.0 551.0 557.0 562.0 568.0 574.0 580.0 586.0 591.0 597.0 603.0 609.0 615.0 621.0 627.0 632.0 638.0 143.0
617.0 610.0 610.0 608.0 607.0 606.0 605.0 603.0 602.0 601.0 599.0 598.0 596.0 595.0 593.0 592.0 590.0 589.0 587.0 586.0 584.0 583.0 581.0 580.0 578.0 577.0 575.0 574.0 572.0 570.0 569.0 567.0 566.0 564.0 562.0 561.0 559.0 557.0 556.0 554.0 552.0 550.0 549.0 547.0 545.0 543.0 541.0 539.0 537.0 535.0 533.0 531.0 528.0 526.0 524.0 521.0 519.0 517.0 514.0 511.0 509.0 506.0 503.0 501.0 498.0 495.0 493.0 490.0 486.0 484.0 481.0 478.0 475.0 472.0 470.0 467.0 464.0 462.0 459.0 457.0 454.0 452.0 449.0 447.0 445.0 442.0 440.0 438.0 436.0 434.0 432.0 430.0 428.0 426.0 423.0 421.0 419.0 417.0 415.0 413.0 5.0 58.0 64.0 70.0 76.0 83.0 89.0 95.0 101.0 107.0 113.0 119.0 126.0 132.0 138.0 144.0 150.0 156.0 162.0 168.0 174.0 180.0 186.0 192.0 199.0 205.0 211.0 217.0 223.0 229.0 235.0 241.0 247.0 253.0 259.0 265.0 271.0 277.0 283.0 289.0 295.0 301.0 307.0 313.0 319.0 325.0 331.0 337.0 343.0 349.0 355.0 361.0 366.0 372.0 378.0 383.0 389.0 395.0 401.0 406.0 412.0 417.0 423.0 429.0 434.0 440.0 445.0 451.0 456.0 462.0 467.0 473.0 478.0 484.0 490.0 495.0 501.0 506.0 512.0 518.0 523.0 529.0 535.0 541.0 546.0 552.0 558.0 564.0 569.0 575.0 581.0 587.0 593.0 599.0 605.0 610.0 616.0 622.0 628.0 634.0 144.0
617.0 615.0 615.0 614.0 614.0 613.0 612.0 612.0 611.0 610.0 609.0 608.0 607.0 607.0 606.0 605.0 604.0 603.0 602.0 602.0 601.0 600.0 599.0 598.0 598.0 597.0 596.0 595.0 594.0 593.0 592.0 592.0 591.0 590.0 589.0 588.0 587.0 586.0 586.0 585.0 584.0 582.0 581.0 580.0 579.0 578.0 577.0 576.0 575.0 573.0 572.0 571.0 569.0 568.0 567.0 565.0 564.0 562.0 561.0 559.0 557.0 555.0 553.0 552.0 550.0 548.0 546.0 544.0 542.0 540.0 538.0 536.0 534.0 532.0 530.0 528.0 526.0 524.0 522.0 521.0 519.0 517.0 515.0 514.0 512.0 511.0 509.0 508.0 506.0 505.0 503.0 502.0 501.0 500.0 499.0 497.0 496.0 495.0 494.0 493.0 5.0 55.0 61.0 67.0 74.0 80.0 86.0 92.0 98.0 104.0 110.0 116.0 122.0 128.0 135.0 141.0 146.0 152.0 158.0 164.0 171.0 177.0 183.0 189.0 195.0 201.0 207.0 213.0 219.0 225.0 231.0 237.0 243.0 249.0 255.0 261.0 267.0 273.0 279.0 284.0 290.0 296.0 302.0 308.0 314.0 320.0 326.0 332.0 338.0 344.0 350.0 356.0 361.0 367.0 373.0 379.0 385.0 390.0 396.0 402.0 408.0 413.0 419.0 425.0 431.0 436.0 442.0 448.0 454.0 459.0 465.0 471.0 477.0 482.0 488.0 493.0 499.0 505.0 511.0 517.0 523.0 529.0 534.0 540.0 546.0 552.0 558.0 564.0 569.0 575.0 581.0 587.0 593.0 599.0 605.0 611.0 617.0 622.0 628.0 634.0 145.0
617.0 620.0 621.0 621.0 621.0 621.0 621.0 621.0 621.0 621.0 621.0 620.0 620.0 620.0 620.0 620.0 620.0 620.0 620.0 620.0 620.0 620.0 620.0 620.0 620.0 620.0 620.0 620.0 620.0 620.0 620.0 620.0 620.0 620.0 620.0 620.0 620.0 620.0 620.0 620.0 620.0 619.0 619.0 619.0 619.0 618.0 618.0 618.0 618.0 617.0 617.0 617.0 616.0 616.0 615.0 615.0 614.0 614.0 613.0 612.0 611.0 611.0 610.0 609.0 608.0 607.0 606.0 605.0 604.0 603.0 602.0 601.0 600.0 599.0 598.0 597.0 596.0 595.0 594.0 593.0 592.0 591.0 590.0 589.0 589.0 588.0 587.0 587.0 586.0 586.0 585.0 585.0 585.0 584.0 584.0 584.0 584.0 583.0 583.0 583.0 5.0 53.0 59.0 65.0 71.0 77.0 84.0 90.0 96.0 102.0 108.0 114.0 120.0 126.0 132.0 138.0 144.0 150.0 156.0 162.0 168.0 174.0 180.0 186.0 192.0 198.0 204.0 210.0 216.0 222.0 228.0 234.0 240.0 246.0 252.0 258.0 264.0 270.0 276.0 281.0 287.0 293.0 299.0 305.0 311.0 317.0 323.0 329.0 335.0 341.0 346.0 352.0 358.0 364.0 370.0 376.0 382.0 388.0 394.0 399.0 405.0 411.0 417.0 423.0 429.0 435.0 440.0 446.0 452.0 458.0 464.0 470.0 475.0 481.0 487.0 493.0 499.0 505.0 511.0 517.0 523.0 529.0 535.0 541.0 547.0 553.0 558.0 564.0 570.0 576.0 582.0 588.0 594.0 600.0 606.0 612.0 618.0 623.0 629.0 635.0 146.0
617.0 626.0 627.0 627.0 629.0 629.0 630.0 631.0 631.0 632.0 632.0 633.0 633.0 634.0 635.0 636.0 636.0 637.0 638.0 639.0 639.0 640.0 641.0 642.0 642.0 643.0 644.0 645.0 646.0 646.0 647.0 648.0 649.0 650.0 650.0 651.0 652.0 653.0 654.0 654.0 655.0 656.0 657.0 657.0 658.0 659.0 659.0 660.0 661.0 661.0 662.0 662.0 663.0 663.0 664.0 664.0 665.0 665.0 665.0 666.0 666.0 666.0 666.0 666.0 666.0 666.0 666.0 666.0 665.0 665.0 665.0 665.0 665.0 665.0 665.0 665.0 664.0 664.0 665.0 665.0 665.0 664.0 665.0 665.0 665.0 665.0 666.0 666.0 667.0 667.0 668.0 669.0 669.0 670.0 671.0 671.0 672.0 673.0 673.0 675.0 5.0 52.0 58.0 64.0 71.0 77.0 83.0 89.0 95.0 101.0 107.0 113.0 119.0 126.0 132.0 138.0 143.0 150.0 156.0 161.0 167.0 173.0 179.0 185.0 192.0 197.0 203.0 209.0 215.0 221.0 227.0 233.0 239.0 245.0 251.0 257.0 263.0 269.0 275.0 280.0 286.0 292.0 298.0 304.0 310.0 316.0 322.0 328.0 334.0 340.0 346.0 352.0 358.0 364.0 369.0 375.0 381.0 387.0 393.0 399.0 405.0 411.0 416.0 423.0 428.0 434.0 441.0 446.0 452.0 458.0 464.0 470.0 476.0 482.0 488.0 494.0 500.0 506.0 513.0 518.0 524.0 531.0 536.0 542.0 548.0 554.0 560.0 566.0 572.0 578.0 584.0 590.0 596.0 601.0 607.0 613.0 619.0 625.0 631.0 637.0 147.0
617.0 631.0 632.0 634.0 635.0 637.0 638.0 639.0 641.0 642.0 643.0 645.0 646.0 647.0 649.0 650.0 651.0 653.0 654.0 656.0 657.0 659.0 660.0 662.0 664.0 665.0 667.0 669.0 670.0 672.0 673.0 675.0 677.0 678.0 680.0 682.0 683.0 685.0 687.0 688.0 690.0 691.0 693.0 695.0 696.0 698.0 699.0 701.0 702.0 704.0 705.0 706.0 708.0 709.0 710.0 712.0 713.0 714.0 715.0 716.0 717.0 718.0 719.0 720.0 721.0 722.0 723.0 724.0 724.0 725.0 726.0 727.0 728.0 728.0 729.0 730.0 730.0 731.0 732.0 733.0 734.0 735.0 737.0 738.0 739.0 740.0 742.0 743.0 744.0 746.0 747.0 749.0 751.0 752.0 754.0 756.0 757.0 760.0 761.0 763.0 5.0 51.0 57.0 63.0 70.0 76.0 82.0 88.0 94.0 100.0 106.0 112.0 118.0 125.0 131.0 137.0 143.0 149.0 155.0 161.0 167.0 173.0 179.0 185.0 191.0 197.0 203.0 209.0 215.0 221.0 227.0 233.0 239.0 245.0 251.0 257.0 263.0 269.0 274.0 280.0 286.0 292.0 298.0 304.0 310.0 316.0 322.0 328.0 334.0 340.0 346.0 352.0 358.0 364.0 370.0 375.0 381.0 387.0 393.0 399.0 405.0 411.0 417.0 423.0 429.0 435.0 442.0 447.0 453.0 460.0 466.0 472.0 478.0 484.0 490.0 496.0 502.0 508.0 514.0 520.0 526.0 532.0 538.0 544.0 550.0 556.0 562.0 568.0 574.0 580.0 586.0 592.0 598.0 603.0 609.0 615.0 621.0 626.0 632.0 638.0 148.0
617.0 636.0 637.0 639.0 641.0 643.0 645.0 647.0 649.0 651.0 653.0 655.0 657.0 659.0 661.0 663.0 665.0 667.0 670.0 672.0 674.0 676.0 678.0 681.0 683.0 685.0 688.0 690.0 693.0 695.0 697.0 700.0 702.0 704.0 707.0 709.0 712.0 714.0 716.0 719.0 722.0 724.0 726.0 728.0 731.0 733.0 735.0 738.0 740.0 742.0 744.0 746.0 749.0 751.0 753.0 755.0 757.0 759.0 761.0 762.0 764.0 766.0 768.0 769.0 771.0 773.0 775.0 776.0 777.0 779.0 780.0 782.0 784.0 785.0 787.0 788.0 790.0 792.0 794.0 796.0 798.0 799.0 802.0 804.0 806.0 808.0 811.0 813.0 815.0 818.0 820.0 823.0 825.0 828.0 831.0 833.0 836.0 839.0 842.0 845.0 5.0 51.0 57.0 63.0 70.0 76.0 82.0 88.0 94.0 100.0 107.0 113.0 119.0 125.0 131.0 137.0 143.0 149.0 155.0 161.0 167.0 173.0 179.0 186.0 192.0 198.0 204.0 209.0 216.0 222.0 228.0 233.0 239.0 245.0 251.0 257.0 263.0 269.0 275.0 281.0 287.0 293.0 299.0 305.0 311.0 317.0 323.0 329.0 335.0 341.0 346.0 352.0 358.0 364.0 370.0 377.0 383.0 388.0 394.0 400.0 406.0 413.0 419.0 425.0 431.0 437.0 443.0 449.0 455.0 462.0 468.0 474.0 480.0 486.0 492.0 498.0 504.0 511.0 517.0 523.0 529.0 535.0 541.0 546.0 552.0 558.0 564.0 570.0 576.0 582.0 588.0 594.0 599.0 605.0 611.0 616.0 622.0 628.0 634.0 639.0 149.0
617.0 639.0 641.0 644.0 646.0 649.0 651.0 654.0 656.0 658.0 661.0 663.0 666.0 669.0 671.0 674.0 676.0 679.0 682.0 685.0 687.0 690.0 693.0 696.0 699.0 702.0 705.0 708.0 711.0 714.0 717.0 720.0 723.0 726.0 729.0 732.0 735.0 738.0 741.0 744.0 747.0 750.0 753.0 756.0 759.0 762.0 765.0 768.0 771.0 774.0 777.0 779.0 782.0 785.0 788.0 790.0 793.0 795.0 798.0 800.0 803.0 805.0 808.0 810.0 812.0 815.0 817.0 819.0 821.0 823.0 826.0 828.0 830.0 833.0 835.0 837.0 840.0 842.0 845.0 848.0 850.0 853.0 856.0 859.0 862.0 865.0 868.0 871.0 874.0 878.0 881.0 884.0 888.0 891.0 895.0 898.0 902.0 906.0 909.0 913.0 5.0 51.0 57.0 63.0 70.0 76.0 82.0 88.0 94.0 101.0 107.0 113.0 119.0 126.0 132.0 138.0 144.0 150.0 156.0 162.0 168.0 174.0 180.0 186.0 192.0 198.0 204.0 210.0 216.0 222.0 228.0 234.0 240.0 246.0 252.0 258.0 264.0 270.0 276.0 282.0 288.0 294.0 300.0 306.0 312.0 318.0 324.0 330.0 336.0 342.0 348.0 354.0 359.0 365.0 372.0 378.0 384.0 390.0 396.0 402.0 408.0 414.0 420.0 426.0 433.0 439.0 445.0 451.0 457.0 463.0 470.0 476.0 482.0 488.0 494.0 500.0 506.0 512.0 519.0 525.0 531.0 537.0 543.0 548.0 554.0 560.0 566.0 572.0 578.0 583.0 589.0 595.0 601.0 606.0 612.0 618.0 624.0 629.0 635.0 640.0 150.0
617.0 642.0 645.0 647.0 650.0 653.0 656.0 659.0 661.0 664.0 667.0 670.0 673.0 676.0 679.0 682.0 685.0 688.0 691.0 695.0 697.0 701.0 704.0 707.0 711.0 714.0 718.0 721.0 725.0 728.0 731.0 735.0 738.0 742.0 745.0 749.0 752.0 756.0 759.0 763.0 767.0 770.0 773.0 776.0 780.0 783.0 787.0 790.0 794.0 797.0 800.0 804.0 807.0 810.0 813.0 816.0 819.0 822.0 825.0 828.0 831.0 834.0 837.0 840.0 842.0 845.0 848.0 850.0 853.0 856.0 859.0 862.0 864.0 867.0 870.0 873.0 876.0 879.0 883.0 886.0 889.0 893.0 896.0 900.0 903.0 907.0 911.0 914.0 918.0 922.0 926.0 930.0 934.0 938.0 943.0 947.0 951.0 955.0 959.0 963.0 5.0 51.0 57.0 64.0 70.0 76.0 82.0 89.0 95.0 101.0 108.0 114.0 120.0 126.0 133.0 139.0 145.0 151.0 157.0 163.0 169.0 175.0 181.0 187.0 193.0 199.0 205.0 211.0 217.0 224.0 230.0 236.0 242.0 248.0 254.0 259.0 265.0 271.0 277.0 283.0 289.0 295.0 301.0 307.0 313.0 319.0 325.0 331.0 337.0 343.0 349.0 355.0 361.0 367.0 373.0 379.0 386.0 392.0 398.0 404.0 410.0 416.0 422.0 428.0 435.0 441.0 447.0 453.0 460.0 466.0 472.0 478.0 484.0 490.0 497.0 502.0 508.0 515.0 521.0 527.0 533.0 539.0 545.0 550.0 556.0 562.0 568.0 574.0 580.0 585.0 591.0 597.0 602.0 608.0 614.0 619.0 625.0 631.0 636.0 641.0 151.0
617.0 643.0 646.0 649.0 652.0 655.0 658.0 661.0 664.0 667.0 670.0 673.0 676.0 680.0 683.0 686.0 689.0 693.0 696.0 700.0 703.0 706.0 710.0 714.0 717.0 721.0 724.0 728.0 732.0 735.0 739.0 743.0 747.0 750.0 754.0 758.0 761.0 765.0 769.0 773.0 777.0 780.0 784.0 787.0 791.0 795.0 799.0 802.0 806.0 810.0 813.0 817.0 820.0 823.0 827.0 830.0 834.0 837.0 840.0 843.0 846.0 850.0 853.0 856.0 859.0 861.0 865.0 868.0 871.0 874.0 877.0 880.0 883.0 886.0 889.0 893.0 896.0 899.0 903.0 907.0 910.0 914.0 918.0 922.0 926.0 930.0 934.0 938.0 942.0 947.0 951.0 955.0 959.0 964.0 968.0 973.0 978.0 982.0 987.0 991.0 5.0 51.0 57.0 64.0 70.0 76.0 83.0 89.0 95.0 102.0 108.0 114.0 120.0 127.0 133.0 139.0 145.0 151.0 158.0 163.0 169.0 175.0 181.0 188.0 194.0 200.0 206.0 212.0 218.0 224.0 230.0 236.0 242.0 248.0 254.0 260.0 266.0 272.0 278.0 284.0 290.0 296.0 302.0 308.0 314.0 320.0 326.0 332.0 338.0 344.0 350.0 356.0 362.0 368.0 374.0 380.0 386.0 392.0 398.0 404.0 410.0 417.0 423.0 429.0 435.0 442.0 448.0 454.0 461.0 467.0 473.0 479.0 485.0 492.0 498.0 504.0 510.0 516.0 522.0 528.0 534.0 540.0 546.0 551.0 557.0 563.0 569.0 575.0 580.0 586.0 592.0 597.0 603.0 609.0 614.0 620.0 626.0 631.0 637.0 642.0 152.0
617.0 644.0 647.0 650.0 653.0 656.0 659.0 662.0 665.0 668.0 671.0 674.0 677.0 681.0 684.0 687.0 690.0 694.0 698.0 701.0 704.0 708.0 711.0 715.0 719.0 723.0 726.0 730.0 734.0 737.0 741.0 745.0 749.0 753.0 756.0 760.0 764.0 768.0 771.0 775.0 779.0 783.0 787.0 790.0 794.0 798.0 802.0 805.0 809.0 813.0 816.0 820.0 823.0 827.0 831.0 834.0 837.0 841.0 844.0 847.0 850.0 854.0 857.0 860.0 863.0 866.0 869.0 872.0 875.0 878.0 881.0 884.0 887.0 891.0 894.0 898.0 901.0 904.0 908.0 912.0 915.0 919.0 923.0 927.0 931.0 935.0 939.0 943.0 948.0 952.0 957.0 961.0 965.0 970.0 975.0 980.0 984.0 988.0 993.0 998.0 5.0 51.0 57.0 63.0 70.0 76.0 82.0 89.0 95.0 101.0 107.0 114.0 120.0 126.0 132.0 139.0 145.0 151.0 157.0 163.0 169.0 175.0 181.0 187.0 194.0 200.0 206.0 212.0 218.0 224.0 230.0 236.0 242.0 248.0 254.0 260.0 266.0 272.0 278.0 284.0 290.0 296.0 302.0 308.0 314.0 320.0 326.0 332.0 338.0 344.0 349.0 355.0 361.0 367.0 374.0 380.0 386.0 392.0 398.0 404.0 410.0 417.0 423.0 429.0 435.0 442.0 448.0 454.0 461.0 467.0 473.0 479.0 486.0 492.0 498.0 504.0 510.0 516.0 522.0 528.0 534.0 540.0 546.0 552.0 558.0 563.0 569.0 575.0 581.0 587.0 592.0 598.0 604.0 609.0 615.0 620.0 626.0 632.0 637.0 642.0 153.0
617.0 644.0 647.0 649.0 652.0 655.0 658.0 661.0 664.0 667.0 670.0 673.0 676.0 679.0 682.0 686.0 689.0 692.0 696.0 699.0 702.0 706.0 709.0 712.0 716.0 719.0 723.0 726.0 730.0 734.0 737.0 741.0 745.0 748.0 751.0 756.0 759.0 763.0 766.0 770.0 774.0 777.0 781.0 785.0 788.0 792.0 795.0 798.0 802.0 806.0 809.0 813.0 816.0 819.0 823.0 826.0 829.0 833.0 836.0 839.0 842.0 845.0 848.0 851.0 854.0 857.0 860.0 862.0 865.0 868.0 871.0 874.0 877.0 880.0 883.0 886.0 889.0 893.0 896.0 899.0 903.0 906.0 910.0 913.0 917.0 921.0 925.0 929.0 933.0 937.0 941.0 945.0 949.0 954.0 958.0 963.0 967.0 971.0 976.0 980.0 5.0 51.0 57.0 63.0 70.0 76.0 82.0 88.0 95.0 101.0 107.0 113.0 119.0 125.0 132.0 138.0 144.0 150.0 156.0 162.0 168.0 174.0 180.0 187.0 193.0 199.0 205.0 211.0 217.0 223.0 229.0 235.0 241.0 247.0 253.0 259.0 265.0 271.0 277.0 282.0 288.0 294.0 300.0 306.0 312.0 318.0 324.0 330.0 336.0 342.0 348.0 354.0 360.0 366.0 372.0 378.0 384.0 391.0 397.0 403.0 409.0 416.0 422.0 428.0 434.0 440.0 446.0 453.0 459.0 465.0 471.0 478.0 484.0 490.0 496.0 502.0 509.0 515.0 521.0 527.0 533.0 539.0 545.0 551.0 556.0 562.0 568.0 574.0 580.0 586.0 592.0 597.0 603.0 608.0 614.0 620.0 625.0 631.0 637.0 642.0 154.0
617.0 643.0 645.0 648.0 651.0 653.0 656.0 659.0 662.0 664.0 667.0 670.0 673.0 676.0 679.0 682.0 685.0 688.0 691.0 694.0 697.0 700.0 704.0 707.0 710.0 713.0 716.0 720.0 723.0 726.0 730.0 733.0 736.0 740.0 743.0 746.0 750.0 753.0 756.0 760.0 763.0 766.0 770.0 773.0 776.0 780.0 783.0 786.0 790.0 793.0 796.0 799.0 802.0 805.0 809.0 811.0 814.0 817.0 820.0 823.0 826.0 829.0 831.0 834.0 837.0 839.0 842.0 845.0 847.0 850.0 852.0 855.0 857.0 860.0 863.0 865.0 868.0 871.0 874.0 877.0 880.0 883.0 886.0 889.0 892.0 896.0 899.0 903.0 906.0 910.0 914.0 917.0 921.0 925.0 929.0 932.0 936.0 940.0 944.0 948.0 5.0 50.0 56.0 62.0 69.0 75.0 81.0 87.0 94.0 100.0 106.0 112.0 118.0 124.0 130.0 136.0 143.0 149.0 155.0 161.0 167.0 173.0 179.0 185.0 191.0 197.0 203.0 209.0 215.0 221.0 227.0 233.0 239.0 245.0 251.0 257.0 263.0 269.0 275.0 281.0 286.0 292.0 298.0 304.0 310.0 316.0 322.0 328.0 334.0 340.0 346.0 352.0 358.0 364.0 370.0 376.0 382.0 388.0 394.0 401.0 407.0 413.0 419.0 425.0 431.0 438.0 444.0 450.0 457.0 463.0 469.0 475.0 482.0 488.0 494.0 500.0 506.0 513.0 519.0 525.0 531.0 537.0 543.0 549.0 555.0 561.0 567.0 573.0 578.0 584.0 590.0 596.0 601.0 607.0 613.0 619.0 624.0 630.0 636.0 641.0 155.0
617.0 640.0 643.0 645.0 647.0 650.0 652.0 655.0 657.0 660.0 662.0 665.0 667.0 670.0 672.0 675.0 678.0 680.0 683.0 686.0 688.0 691.0 694.0 697.0 699.0 702.0 705.0 708.0 711.0 714.0 717.0 719.0 722.0 725.0 728.0 731.0 734.0 737.0 740.0 743.0 746.0 749.0 752.0 755.0 757.0 760.0 763.0 766.0 768.0 771.0 774.0 777.0 779.0 782.0 785.0 787.0 790.0 792.0 795.0 797.0 800.0 802.0 804.0 806.0 809.0 811.0 813.0 815.0 817.0 819.0 821.0 823.0 825.0 828.0 830.0 832.0 834.0 836.0 838.0 840.0 843.0 845.0 848.0 850.0 853.0 856.0 858.0 861.0 864.0 867.0 870.0 873.0 876.0 879.0 882.0 885.0 889.0 892.0 895.0 899.0 5.0 49.0 55.0 61.0 67.0 73.0 79.0 86.0 92.0 98.0 104.0 110.0 116.0 122.0 128.0 134.0 140.0 146.0 152.0 158.0 164.0 170.0 176.0 183.0 189.0 194.0 200.0 206.0 212.0 218.0 224.0 230.0 236.0 242.0 248.0 254.0 260.0 266.0 272.0 278.0 283.0 289.0 295.0 301.0 307.0 313.0 319.0 325.0 331.0 337.0 343.0 349.0 355.0 361.0 367.0 373.0 379.0 385.0 391.0 397.0 403.0 410.0 416.0 422.0 428.0 434.0 441.0 447.0 453.0 459.0 466.0 472.0 478.0 485.0 491.0 497.0 503.0 509.0 515.0 522.0 528.0 534.0 540.0 546.0 552.0 558.0 564.0 570.0 576.0 582.0 588.0 594.0 599.0 605.0 611.0 617.0 623.0 629.0 634.0 640.0 156.0
617.0 637.0 639.0 641.0 643.0 645.0 647.0 649.0 651.0 654.0 655.0 657.0 660.0 662.0 664.0 666.0 668.0 670.0 672.0 675.0 677.0 679.0 681.0 683.0 686.0 688.0 691.0 693.0 695.0 698.0 700.0 702.0 705.0 707.0 709.0 712.0 714.0 717.0 719.0 721.0 724.0 726.0 728.0 731.0 733.0 735.0 738.0 740.0 742.0 744.0 746.0 748.0 750.0 753.0 755.0 757.0 759.0 761.0 762.0 764.0 766.0 768.0 770.0 771.0 773.0 775.0 777.0 778.0 779.0 781.0 782.0 784.0 785.0 786.0 788.0 789.0 791.0 792.0 794.0 795.0 797.0 798.0 800.0 802.0 804.0 806.0 807.0 810.0 812.0 814.0 816.0 818.0 821.0 823.0 826.0 828.0 830.0 833.0 836.0 838.0 5.0 49.0 55.0 61.0 67.0 73.0 79.0 85.0 91.0 97.0 103.0 109.0 115.0 121.0 127.0 133.0 139.0 145.0 151.0 157.0 163.0 169.0 175.0 181.0 187.0 193.0 199.0 205.0 210.0 216.0 222.0 228.0 234.0 240.0 246.0 252.0 258.0 264.0 270.0 276.0 281.0 287.0 293.0 299.0 305.0 311.0 317.0 323.0 329.0 335.0 341.0 347.0 353.0 359.0 365.0 371.0 377.0 383.0 389.0 395.0 401.0 407.0 413.0 419.0 426.0 432.0 438.0 444.0 451.0 457.0 463.0 469.0 476.0 482.0 488.0 494.0 501.0 507.0 513.0 519.0 525.0 531.0 538.0 544.0 550.0 556.0 562.0 568.0 574.0 580.0 586.0 592.0 598.0 603.0 609.0 615.0 621.0 627.0 633.0 638.0 157.0
617.0 633.0 635.0 636.0 638.0 639.0 641.0 642.0 644.0 645.0 646.0 648.0 650.0 651.0 652.0 654.0 655.0 657.0 658.0 660.0 662.0 663.0 665.0 667.0 668.0 670.0 672.0 674.0 675.0 677.0 678.0 680.0 682.0 683.0 685.0 687.0 688.0 690.0 692.0 693.0 695.0 697.0 698.0 700.0 701.0 703.0 705.0 706.0 708.0 709.0 710.0 712.0 713.0 715.0 716.0 717.0 718.0 720.0 721.0 722.0 723.0 725.0 725.0 726.0 727.0 728.0 729.0 730.0 730.0 731.0 732.0 732.0 733.0 734.0 734.0 735.0 735.0 736.0 737.0 737.0 738.0 739.0 740.0 741.0 742.0 743.0 744.0 746.0 747.0 748.0 750.0 751.0 752.0 754.0 756.0 757.0 759.0 761.0 762.0 764.0 5.0 49.0 55.0 61.0 67.0 73.0 79.0 85.0 91.0 97.0 103.0 109.0 115.0 121.0 127.0 133.0 139.0 145.0 151.0 157.0 163.0 169.0 175.0 181.0 187.0 193.0 199.0 205.0 211.0 217.0 223.0 229.0 235.0 241.0 246.0 252.0 258.0 264.0 270.0 277.0 282.0 288.0 294.0 300.0 306.0 312.0 318.0 324.0 330.0 336.0 342.0 348.0 354.0 360.0 366.0 372.0 378.0 384.0 390.0 396.0 402.0 408.0 414.0 420.0 426.0 432.0 438.0 444.0 451.0 456.0 462.0 468.0 475.0 481.0 486.0 493.0 499.0 505.0 511.0 517.0 523.0 529.0 535.0 541.0 547.0 552.0 558.0 565.0 571.0 577.0 582.0 588.0 594.0 600.0 606.0 612.0 618.0 624.0 629.0 635.0 158.0
617.0 628.0 629.0 629.0 631.0 631.0 632.0 633.0 633.0 634.0 635.0 636.0 637.0 637.0 638.0 639.0 640.0 640.0 641.0 642.0 643.0 644.0 645.0 646.0 647.0 647.0 648.0 649.0 650.0 651.0 652.0 653.0 654.0 654.0 655.0 656.0 657.0 658.0 659.0 659.0 660.0 661.0 662.0 662.0 663.0 664.0 665.0 665.0 666.0 667.0 667.0 668.0 668.0 669.0 669.0 670.0 670.0 671.0 671.0 671.0 671.0 672.0 672.0 672.0 672.0 672.0 672.0 672.0 671.0 671.0 671.0 671.0 671.0 671.0 670.0 670.0 670.0 670.0 669.0 669.0 669.0 669.0 669.0 669.0 669.0 670.0 670.0 670.0 671.0 672.0 672.0 673.0 673.0 674.0 675.0 676.0 676.0 677.0 678.0 679.0 5.0 51.0 57.0 63.0 69.0 75.0 81.0 87.0 93.0 99.0 105.0 112.0 118.0 124.0 130.0 136.0 142.0 148.0 154.0 160.0 166.0 172.0 178.0 184.0 190.0 196.0 202.0 208.0 214.0 220.0 226.0 232.0 237.0 243.0 249.0 255.0 261.0 267.0 273.0 279.0 285.0 291.0 297.0 303.0 309.0 315.0 321.0 327.0 333.0 339.0 345.0 350.0 356.0 362.0 368.0 374.0 380.0 386.0 392.0 398.0 404.0 410.0 416.0 421.0 428.0 433.0 439.0 445.0 451.0 457.0 463.0 469.0 475.0 481.0 486.0 492.0 498.0 504.0 510.0 516.0 522.0 528.0 533.0 539.0 545.0 551.0 557.0 563.0 569.0 575.0 581.0 587.0 593.0 598.0 604.0 610.0 616.0 622.0 628.0 634.0 159.0
617.0 622.0 622.0 622.0 622.0 623.0 622.0 622.0 622.0 623.0 622.0 623.0 622.0 622.0 622.0 623.0 622.0 622.0 622.0 622.0 622.0 622.0 622.0 623.0 623.0 623.0 623.0 623.0 623.0 623.0 623.0 623.0 623.0 623.0 622.0 623.0 623.0 623.0 622.0 622.0 622.0 622.0 622.0 622.0 622.0 622.0 621.0 621.0 621.0 621.0 620.0 620.0 620.0 619.0 619.0 618.0 618.0 617.0 616.0 616.0 615.0 614.0 613.0 612.0 611.0 610.0 609.0 608.0 607.0 606.0 605.0 604.0 602.0 601.0 600.0 599.0 598.0 597.0 596.0 595.0 594.0 593.0 593.0 592.0 591.0 591.0 590.0 590.0 590.0 589.0 589.0 589.0 589.0 589.0 588.0 588.0 588.0 588.0 588.0 588.0 5.0 54.0 60.0 66.0 73.0 79.0 85.0 91.0 97.0 103.0 109.0 115.0 121.0 127.0 133.0 139.0 145.0 151.0 157.0 163.0 169.0 175.0 182.0 188.0 194.0 200.0 206.0 212.0 218.0 224.0 230.0 236.0 241.0 247.0 253.0 259.0 265.0 271.0 277.0 284.0 289.0 295.0 301.0 307.0 313.0 319.0 325.0 331.0 337.0 343.0 349.0 354.0 360.0 366.0 372.0 378.0 384.0 390.0 396.0 401.0 407.0 413.0 419.0 424.0 430.0 436.0 442.0 447.0 454.0 459.0 465.0 471.0 477.0 482.0 488.0 494.0 500.0 506.0 511.0 517.0 523.0 529.0 534.0 540.0 546.0 552.0 558.0 564.0 570.0 576.0 582.0 588.0 594.0 599.0 605.0 611.0 617.0 623.0 629.0 635.0 160.0
617.0 617.0 616.0 616.0 615.0 615.0 615.0 614.0 613.0 613.0 612.0 611.0 610.0 610.0 609.0 608.0 608.0 607.0 606.0 605.0 605.0 604.0 603.0 603.0 602.0 602.0 601.0 600.0 599.0 599.0 598.0 597.0 596.0 595.0 594.0 594.0 593.0 592.0 591.0 590.0 590.0 589.0 588.0 586.0 585.0 585.0 583.0 582.0 581.0 580.0 579.0 578.0 577.0 575.0 574.0 572.0 571.0 569.0 568.0 566.0 565.0 563.0 561.0 559.0 557.0 555.0 553.0 551.0 549.0 547.0 546.0 543.0 541.0 539.0 537.0 536.0 534.0 532.0 530.0 529.0 527.0 525.0 524.0 523.0 521.0 520.0 519.0 518.0 517.0 515.0 514.0 514.0 513.0 512.0 511.0 510.0 508.0 507.0 507.0 506.0 5.0 56.0 62.0 68.0 75.0 81.0 87.0 93.0 99.0 105.0 112.0 118.0 124.0 130.0 136.0 142.0 148.0 154.0 160.0 166.0 172.0 178.0 185.0 191.0 197.0 203.0 209.0 215.0 221.0 227.0 233.0 239.0 245.0 251.0 257.0 263.0 269.0 275.0 281.0 287.0 293.0 299.0 305.0 311.0 317.0 323.0 328.0 334.0 340.0 346.0 352.0 358.0 364.0 369.0 375.0 381.0 387.0 393.0 399.0 404.0 410.0 416.0 422.0 427.0 433.0 439.0 444.0 450.0 456.0 461.0 467.0 472.0 479.0 484.0 490.0 495.0 501.0 507.0 513.0 519.0 524.0 530.0 536.0 542.0 548.0 554.0 560.0 565.0 571.0 577.0 583.0 589.0 595.0 601.0 607.0 613.0 619.0 625.0 631.0 636.0 161.0
617.0 613.0 612.0 611.0 610.0 609.0 608.0 607.0 605.0 605.0 603.0 602.0 601.0 600.0 598.0 597.0 596.0 594.0 593.0 591.0 590.0 589.0 588.0 587.0 585.0 584.0 582.0 581.0 580.0 578.0 577.0 575.0 574.0 572.0 571.0 569.0 568.0 567.0 565.0 563.0 562.0 560.0 558.0 557.0 555.0 553.0 551.0 549.0 548.0 546.0 544.0 541.0 539.0 537.0 535.0 533.0 530.0 528.0 526.0 523.0 521.0 518.0 515.0 512.0 510.0 507.0 504.0 502.0 499.0 496.0 493.0 491.0 488.0 485.0 482.0 480.0 477.0 475.0 473.0 470.0 468.0 466.0 464.0 462.0 459.0 458.0 456.0 454.0 452.0 450.0 448.0 446.0 444.0 442.0 441.0 439.0 436.0 435.0 433.0 431.0 5.0 57.0 63.0 69.0 76.0 82.0 88.0 94.0 101.0 107.0 113.0 119.0 125.0 132.0 138.0 144.0 150.0 156.0 162.0 168.0 175.0 181.0 187.0 193.0 199.0 205.0 211.0 217.0 224.0 230.0 236.0 242.0 248.0 254.0 260.0 266.0 272.0 278.0 284.0 290.0 296.0 302.0 308.0 314.0 320.0 326.0 332.0 338.0 343.0 349.0 355.0 361.0 367.0 373.0 378.0 384.0 390.0 395.0 401.0 407.0 413.0 418.0 424.0 429.0 435.0 441.0 447.0 452.0 458.0 463.0 469.0 474.0 480.0 486.0 492.0 497.0 503.0 509.0 515.0 521.0 526.0 532.0 538.0 544.0 550.0 556.0 561.0 567.0 573.0 579.0 585.0 591.0 597.0 603.0 609.0 614.0 620.0 626.0 632.0 638.0 162.0
617.0 610.0 609.0 607.0 606.0 605.0 603.0 601.0 600.0 598.0 597.0 595.0 593.0 591.0 589.0 588.0 586.0 584.0 582.0 581.0 579.0 577.0 575.0 573.0 571.0 570.0 568.0 566.0 564.0 562.0 560.0 558.0 556.0 554.0 551.0 549.0 547.0 545.0 543.0 541.0 539.0 536.0 534.0 532.0 529.0 527.0 524.0 522.0 519.0 516.0 514.0 511.0 508.0 505.0 502.0 499.0 496.0 493.0 490.0 487.0 483.0 480.0 476.0 473.0 469.0 466.0 462.0 459.0 455.0 452.0 449.0 445.0 442.0 438.0 435.0 432.0 429.0 426.0 423.0 420.0 417.0 414.0 412.0 409.0 406.0 403.0 401.0 398.0 396.0 393.0 390.0 387.0 385.0 382.0 379.0 376.0 373.0 371.0 368.0 365.0 5.0 57.0 64.0 70.0 77.0 83.0 89.0 95.0 102.0 108.0 114.0 121.0 127.0 133.0 139.0 146.0 152.0 158.0 164.0 170.0 177.0 183.0 189.0 195.0 202.0 208.0 214.0 220.0 226.0 232.0 238.0 244.0 250.0 257.0 263.0 269.0 275.0 281.0 287.0 293.0 299.0 305.0 311.0 317.0 323.0 329.0 335.0 341.0 347.0 352.0 358.0 364.0 370.0 375.0 381.0 387.0 393.0 398.0 404.0 410.0 415.0 421.0 427.0 432.0 438.0 443.0 449.0 454.0 460.0 465.0 471.0 476.0 482.0 488.0 494.0 499.0 505.0 511.0 517.0 522.0 528.0 534.0 540.0 546.0 552.0 558.0 563.0 569.0 575.0 581.0 587.0 593.0 598.0 604.0 610.0 616.0 622.0 627.0 633.0 639.0 163.0
617.0 608.0 606.0 605.0 603.0 601.0 600.0 597.0 595.0 593.0 592.0 590.0 587.0 585.0 583.0 581.0 579.0 577.0 574.0 572.0 570.0 568.0 566.0 564.0 561.0 559.0 557.0 554.0 552.0 550.0 547.0 545.0 542.0 540.0 537.0 535.0 532.0 530.0 527.0 524.0 522.0 519.0 516.0 513.0 510.0 507.0 504.0 501.0 498.0 495.0 492.0 489.0 485.0 482.0 478.0 475.0 471.0 467.0 464.0 460.0 456.0 452.0 448.0 444.0 440.0 436.0 432.0 428.0 424.0 420.0 416.0 412.0 408.0 404.0 401.0 397.0 394.0 390.0 387.0 384.0 380.0 377.0 374.0 371.0 368.0 364.0 361.0 358.0 355.0 352.0 348.0 345.0 342.0 338.0 335.0 332.0 328.0 324.0 321.0 317.0 5.0 58.0 64.0 71.0 77.0 84.0 90.0 97.0 103.0 109.0 115.0 122.0 128.0 135.0 141.0 147.0 153.0 159.0 166.0 172.0 178.0 185.0 191.0 197.0 203.0 210.0 216.0 222.0 228.0 234.0 240.0 246.0 252.0 259.0 265.0 271.0 277.0 283.0 289.0 295.0 301.0 307.0 313.0 319.0 325.0 331.0 337.0 343.0 349.0 355.0 360.0 366.0 372.0 377.0 383.0 389.0 395.0 400.0 406.0 412.0 417.0 422.0 428.0 433.0 439.0 444.0 450.0 456.0 461.0 467.0 472.0 478.0 484.0 489.0 495.0 501.0 506.0 512.0 518.0 524.0 530.0 536.0 541.0 547.0 553.0 559.0 565.0 571.0 576.0 582.0 588.0 594.0 600.0 605.0 611.0 617.0 622.0 628.0 633.0 639.0 164.0
617.0 606.0 604.0 603.0 601.0 599.0 597.0 595.0 592.0 590.0 588.0 586.0 584.0 581.0 579.0 576.0 574.0 572.0 570.0 567.0 565.0 562.0 560.0 557.0 555.0 552.0 550.0 547.0 545.0 542.0 540.0 537.0 534.0 531.0 529.0 526.0 523.0 520.0 517.0 515.0 512.0 509.0 505.0 502.0 499.0 496.0 493.0 490.0 486.0 483.0 479.0 476.0 472.0 468.0 465.0 461.0 457.0 453.0 449.0 444.0 440.0 436.0 432.0 427.0 423.0 419.0 415.0 410.0 406.0 402.0 398.0 394.0 390.0 386.0 382.0 378.0 374.0 371.0 367.0 364.0 360.0 357.0 354.0 350.0 347.0 343.0 340.0 337.0 333.0 330.0 326.0 323.0 319.0 315.0 312.0 308.0 304.0 301.0 297.0 293.0 5.0 59.0 65.0 72.0 78.0 85.0 91.0 98.0 104.0 110.0 117.0 123.0 129.0 136.0 142.0 148.0 155.0 161.0 167.0 173.0 179.0 186.0 192.0 198.0 204.0 211.0 217.0 223.0 229.0 235.0 241.0 248.0 254.0 260.0 266.0 272.0 278.0 284.0 290.0 296.0 302.0 308.0 314.0 320.0 326.0 332.0 338.0 344.0 350.0 356.0 361.0 367.0 373.0 378.0 384.0 390.0 396.0 401.0 407.0 413.0 418.0 423.0 429.0 434.0 440.0 445.0 451.0 456.0 462.0 467.0 473.0 478.0 484.0 490.0 496.0 501.0 507.0 513.0 519.0 524.0 530.0 536.0 542.0 548.0 554.0 560.0 565.0 571.0 577.0 583.0 589.0 594.0 600.0 606.0 612.0 617.0 623.0 629.0 634.0 640.0 165.0
617.0 605.0 604.0 602.0 600.0 598.0 596.0 594.0 591.0 589.0 587.0 585.0 582.0 580.0 577.0 575.0 573.0 571.0 568.0 566.0 563.0 561.0 558.0 556.0 553.0 550.0 548.0 546.0 543.0 540.0 538.0 535.0 532.0 529.0 527.0 524.0 521.0 518.0 515.0 512.0 509.0 506.0 503.0 500.0 497.0 494.0 490.0 487.0 484.0 480.0 477.0 473.0 470.0 466.0 462.0 458.0 455.0 451.0 446.0 442.0 438.0 434.0 430.0 425.0 421.0 417.0 412.0 408.0 404.0 399.0 395.0 391.0 387.0 383.0 379.0 376.0 372.0 368.0 365.0 361.0 358.0 354.0 351.0 348.0 344.0 341.0 338.0 335.0 331.0 328.0 324.0 321.0 318.0 314.0 310.0 307.0 303.0 300.0 296.0 292.0 5.0 59.0 66.0 72.0 79.0 85.0 91.0 98.0 104.0 111.0 117.0 123.0 129.0 136.0 142.0 148.0 154.0 161.0 167.0 173.0 179.0 185.0 192.0 198.0 204.0 210.0 217.0 223.0 229.0 235.0 241.0 247.0 254.0 260.0 266.0 272.0 278.0 284.0 290.0 296.0 302.0 308.0 314.0 320.0 326.0 332.0 338.0 344.0 350.0 355.0 361.0 367.0 373.0 378.0 384.0 390.0 395.0 401.0 407.0 412.0 418.0 423.0 429.0 434.0 440.0 445.0 451.0 456.0 461.0 467.0 473.0 478.0 484.0 489.0 495.0 501.0 506.0 512.0 518.0 524.0 530.0 536.0 541.0 547.0 553.0 559.0 565.0 571.0 577.0 583.0 589.0 594.0 600.0 606.0 612.0 617.0 623.0 629.0 634.0 640.0 166.0
617.0 606.0 604.0 602.0 600.0 598.0 596.0 594.0 592.0 590.0 588.0 586.0 583.0 581.0 578.0 576.0 574.0 572.0 569.0 567.0 565.0 563.0 560.0 558.0 555.0 553.0 551.0 548.0 545.0 543.0 541.0 538.0 536.0 533.0 530.0 528.0 525.0 523.0 520.0 517.0 514.0 511.0 509.0 505.0 503.0 500.0 497.0 493.0 491.0 487.0 484.0 481.0 477.0 474.0 470.0 467.0 463.0 459.0 455.0 451.0 448.0 443.0 440.0 435.0 431.0 427.0 423.0 419.0 415.0 411.0 407.0 403.0 399.0 396.0 392.0 388.0 385.0 381.0 378.0 374.0 371.0 368.0 365.0 361.0 358.0 355.0 352.0 349.0 346.0 343.0 340.0 337.0 334.0 330.0 327.0 324.0 321.0 317.0 314.0 310.0 5.0 60.0 66.0 73.0 79.0 86.0 92.0 98.0 105.0 111.0 117.0 123.0 130.0 136.0 142.0 148.0 154.0 161.0 167.0 173.0 179.0 185.0 192.0 198.0 204.0 210.0 216.0 222.0 229.0 235.0 241.0 247.0 253.0 259.0 265.0 271.0 277.0 283.0 289.0 295.0 301.0 307.0 313.0 319.0 325.0 331.0 337.0 343.0 349.0 355.0 360.0 366.0 372.0 378.0 383.0 389.0 395.0 400.0 406.0 412.0 417.0 422.0 428.0 433.0 439.0 444.0 450.0 455.0 461.0 466.0 472.0 477.0 483.0 488.0 494.0 500.0 505.0 511.0 517.0 523.0 529.0 535.0 540.0 546.0 552.0 558.0 564.0 570.0 576.0 582.0 588.0 593.0 599.0 605.0 611.0 616.0 622.0 628.0 634.0 639.0 167.0
617.0 607.0 606.0 605.0 603.0 601.0 600.0 598.0 596.0 594.0 592.0 590.0 588.0 586.0 584.0 583.0 580.0 579.0 576.0 575.0 572.0 571.0 569.0 567.0 565.0 562.0 560.0 558.0 556.0 554.0 552.0 550.0 548.0 546.0 543.0 541.0 539.0 537.0 534.0 532.0 530.0 527.0 525.0 522.0 520.0 517.0 514.0 512.0 509.0 507.0 504.0 501.0 498.0 495.0 492.0 489.0 486.0 483.0 479.0 476.0 473.0 469.0 466.0 462.0 459.0 455.0 451.0 448.0 444.0 441.0 437.0 434.0 430.0 427.0 423.0 420.0 417.0 414.0 410.0 408.0 405.0 402.0 399.0 396.0 393.0 390.0 388.0 385.0 383.0 380.0 377.0 375.0 372.0 369.0 367.0 364.0 361.0 359.0 356.0 353.0 5.0 58.0 65.0 71.0 78.0 84.0 90.0 96.0 103.0 109.0 115.0 121.0 127.0 134.0 140.0 146.0 152.0 158.0 165.0 171.0 177.0 183.0 189.0 195.0 201.0 208.0 214.0 220.0 226.0 232.0 238.0 244.0 250.0 256.0 262.0 268.0 275.0 281.0 287.0 293.0 299.0 305.0 310.0 316.0 322.0 328.0 334.0 340.0 346.0 352.0 358.0 364.0 370.0 375.0 381.0 387.0 392.0 398.0 404.0 409.0 415.0 420.0 426.0 432.0 437.0 442.0 448.0 453.0 459.0 464.0 470.0 476.0 481.0 487.0 492.0 498.0 503.0 509.0 515.0 521.0 527.0 533.0 538.0 544.0 550.0 556.0 562.0 567.0 573.0 579.0 585.0 591.0 597.0 603.0 609.0 614.0 620.0 626.0 632.0 638.0 168.0
617.0 611.0 610.0 609.0 607.0 606.0 605.0 603.0 602.0 601.0 599.0 598.0 596.0 595.0 593.0 592.0 590.0 589.0 587.0 586.0 584.0 582.0 581.0 580.0 578.0 576.0 575.0 573.0 572.0 570.0 568.0 567.0 565.0 564.0 562.0 560.0 558.0 557.0 555.0 553.0 551.0 550.0 548.0 546.0 544.0 542.0 540.0 538.0 536.0 534.0 531.0 529.0 527.0 525.0 522.0 520.0 517.0 515.0 512.0 510.0 507.0 504.0 502.0 499.0 496.0 493.0 490.0 487.0 484.0 481.0 478.0 475.0 472.0 470.0 466.0 464.0 461.0 458.0 456.0 453.0 451.0 448.0 446.0 443.0 441.0 439.0 437.0 434.0 432.0 430.0 428.0 426.0 424.0 422.0 420.0 418.0 416.0 414.0 412.0 410.0 5.0 57.0 63.0 69.0 76.0 82.0 88.0 94.0 101.0 107.0 113.0 119.0 125.0 131.0 137.0 144.0 150.0 156.0 162.0 168.0 174.0 180.0 186.0 192.0 198.0 205.0 211.0 217.0 223.0 229.0 235.0 241.0 248.0 254.0 260.0 266.0 272.0 278.0 284.0 290.0 296.0 302.0 308.0 314.0 320.0 326.0 331.0 337.0 343.0 349.0 355.0 361.0 367.0 373.0 378.0 384.0 390.0 396.0 401.0 407.0 412.0 418.0 423.0 429.0 435.0 440.0 446.0 451.0 457.0 462.0 468.0 474.0 479.0 485.0 490.0 496.0 502.0 507.0 513.0 518.0 524.0 530.0 536.0 542.0 548.0 553.0 559.0 565.0 571.0 577.0 583.0 589.0 594.0 600.0 606.0 612.0 618.0 624.0 630.0 636.0 169.0
617.0 614.0 614.0 613.0 612.0 612.0 611.0 610.0 609.0 608.0 607.0 606.0 605.0 604.0 603.0 602.0 601.0 600.0 599.0 598.0 597.0 596.0 595.0 594.0 594.0 592.0 591.0 591.0 589.0 589.0 588.0 586.0 586.0 584.0 583.0 582.0 581.0 580.0 579.0 578.0 577.0 576.0 574.0 573.0 572.0 571.0 569.0 568.0 567.0 565.0 563.0 562.0 561.0 559.0 557.0 556.0 554.0 552.0 550.0 548.0 547.0 545.0 543.0 540.0 538.0 536.0 534.0 532.0 530.0 527.0 525.0 523.0 520.0 518.0 516.0 514.0 512.0 509.0 507.0 506.0 503.0 501.0 500.0 498.0 496.0 494.0 493.0 491.0 489.0 488.0 487.0 485.0 484.0 482.0 481.0 480.0 478.0 477.0 476.0 474.0 5.0 54.0 60.0 67.0 73.0 79.0 85.0 91.0 97.0 104.0 110.0 116.0 122.0 128.0 134.0 140.0 146.0 152.0 158.0 164.0 170.0 176.0 182.0 188.0 194.0 201.0 207.0 213.0 219.0 225.0 231.0 237.0 243.0 249.0 255.0 261.0 267.0 273.0 279.0 285.0 291.0 297.0 303.0 309.0 315.0 321.0 327.0 333.0 339.0 345.0 351.0 356.0 362.0 368.0 374.0 380.0 386.0 392.0 397.0 403.0 409.0 415.0 420.0 426.0 432.0 437.0 443.0 448.0 454.0 460.0 465.0 471.0 476.0 482.0 488.0 494.0 499.0 505.0 511.0 516.0 522.0 528.0 533.0 539.0 545.0 551.0 557.0 563.0 569.0 574.0 580.0 586.0 592.0 598.0 604.0 610.0 616.0 622.0 628.0 634.0 170.0
617.0 619.0 619.0 619.0 618.0 618.0 618.0 617.0 617.0 617.0 616.0 616.0 615.0 615.0 615.0 615.0 614.0 614.0 614.0 613.0 613.0 612.0 612.0 612.0 612.0 611.0 611.0 611.0 610.0 610.0 610.0 609.0 609.0 609.0 608.0 608.0 607.0 607.0 607.0 606.0 606.0 606.0 605.0 605.0 604.0 604.0 603.0 602.0 602.0 601.0 600.0 600.0 599.0 599.0 598.0 597.0 596.0 595.0 594.0 593.0 592.0 591.0 589.0 588.0 587.0 586.0 584.0 583.0 582.0 580.0 578.0 577.0 576.0 574.0 573.0 572.0 570.0 568.0 567.0 566.0 565.0 563.0 562.0 561.0 560.0 559.0 558.0 557.0 556.0 556.0 555.0 554.0 554.0 553.0 552.0 552.0 551.0 550.0 550.0 549.0 5.0 52.0 58.0 64.0 70.0 77.0 83.0 89.0 95.0 101.0 107.0 113.0 119.0 125.0 131.0 137.0 143.0 149.0 155.0 161.0 167.0 173.0 180.0 186.0 192.0 198.0 204.0 210.0 216.0 222.0 228.0 234.0 240.0 246.0 252.0 258.0 264.0 269.0 275.0 281.0 287.0 293.0 299.0 305.0 311.0 317.0 323.0 329.0 335.0 341.0 347.0 353.0 359.0 365.0 370.0 376.0 382.0 388.0 394.0 400.0 405.0 411.0 417.0 423.0 429.0 434.0 440.0 446.0 452.0 458.0 464.0 469.0 475.0 481.0 487.0 493.0 499.0 504.0 510.0 516.0 522.0 528.0 534.0 540.0 546.0 552.0 558.0 564.0 570.0 576.0 582.0 587.0 593.0 599.0 605.0 611.0 617.0 623.0 629.0 635.0 171.0
617.0 624.0 624.0 624.0 625.0 625.0 625.0 626.0 626.0 627.0 626.0 627.0 627.0 628.0 628.0 628.0 628.0 629.0 629.0 629.0 630.0 630.0 631.0 631.0 632.0 632.0 632.0 633.0 633.0 633.0 634.0 634.0 635.0 635.0 636.0 636.0 636.0 637.0 637.0 637.0 638.0 638.0 639.0 639.0 639.0 639.0 640.0 640.0 640.0 640.0 640.0 640.0 641.0 641.0 641.0 641.0 641.0 641.0 640.0 640.0 640.0 640.0 639.0 639.0 639.0 638.0 638.0 637.0 637.0 636.0 635.0 635.0 634.0 634.0 633.0 632.0 632.0 631.0 630.0 630.0 629.0 629.0 629.0 629.0 628.0 628.0 628.0 628.0 628.0 628.0 628.0 628.0 629.0 629.0 629.0 629.0 630.0 630.0 630.0 631.0 5.0 51.0 57.0 63.0 69.0 75.0 82.0 88.0 94.0 100.0 106.0 112.0 118.0 124.0 130.0 136.0 142.0 148.0 154.0 160.0 166.0 172.0 178.0 184.0 190.0 196.0 202.0 208.0 214.0 220.0 226.0 232.0 238.0 244.0 250.0 256.0 262.0 268.0 274.0 280.0 286.0 292.0 297.0 303.0 309.0 315.0 321.0 327.0 333.0 339.0 345.0 351.0 357.0 363.0 369.0 375.0 381.0 387.0 392.0 398.0 404.0 410.0 416.0 422.0 428.0 434.0 440.0 446.0 451.0 458.0 463.0 469.0 475.0 481.0 487.0 493.0 499.0 505.0 511.0 517.0 523.0 529.0 535.0 541.0 547.0 553.0 559.0 565.0 571.0 577.0 583.0 589.0 595.0 601.0 607.0 613.0 618.0 624.0 630.0 636.0 172.0
617.0 628.0 629.0 630.0 631.0 632.0 633.0 634.0 635.0 636.0 637.0 638.0 638.0 639.0 640.0 642.0 642.0 643.0 644.0 645.0 647.0 648.0 649.0 650.0 651.0 652.0 654.0 654.0 656.0 657.0 658.0 659.0 660.0 662.0 663.0 664.0 665.0 666.0 667.0 668.0 669.0 671.0 672.0 673.0 674.0 675.0 676.0 677.0 678.0 679.0 680.0 681.0 682.0 683.0 684.0 684.0 685.0 686.0 686.0 687.0 688.0 688.0 688.0 689.0 689.0 690.0 690.0 690.0 690.0 691.0 691.0 691.0 692.0 692.0 692.0 692.0 692.0 692.0 693.0 693.0 693.0 694.0 694.0 695.0 696.0 696.0 697.0 698.0 699.0 700.0 701.0 702.0 703.0 704.0 705.0 706.0 708.0 708.0 710.0 711.0 5.0 50.0 56.0 63.0 69.0 75.0 81.0 87.0 94.0 100.0 106.0 112.0 118.0 124.0 130.0 136.0 142.0 148.0 154.0 160.0 166.0 172.0 178.0 184.0 190.0 196.0 202.0 208.0 214.0 220.0 226.0 232.0 238.0 244.0 250.0 256.0 262.0 268.0 274.0 280.0 286.0 292.0 297.0 303.0 309.0 315.0 321.0 327.0 333.0 339.0 345.0 351.0 357.0 363.0 369.0 374.0 380.0 386.0 392.0 398.0 404.0 410.0 416.0 422.0 428.0 434.0 440.0 446.0 452.0 458.0 465.0 470.0 476.0 483.0 489.0 495.0 501.0 507.0 513.0 519.0 525.0 531.0 537.0 543.0 549.0 555.0 561.0 567.0 573.0 579.0 585.0 591.0 597.0 603.0 608.0 614.0 620.0 626.0 632.0 637.0 173.0
617.0 632.0 634.0 636.0 637.0 638.0 640.0 641.0 643.0 645.0 646.0 648.0 649.0 651.0 652.0 654.0 655.0 657.0 659.0 660.0 662.0 664.0 666.0 668.0 669.0 671.0 673.0 675.0 677.0 678.0 680.0 682.0 684.0 686.0 688.0 690.0 691.0 693.0 695.0 697.0 699.0 701.0 703.0 705.0 706.0 708.0 710.0 711.0 713.0 715.0 717.0 718.0 720.0 722.0 723.0 724.0 726.0 728.0 729.0 731.0 732.0 733.0 734.0 735.0 737.0 738.0 739.0 740.0 741.0 741.0 743.0 744.0 744.0 745.0 746.0 747.0 748.0 749.0 751.0 752.0 753.0 754.0 755.0 757.0 759.0 760.0 762.0 763.0 765.0 767.0 769.0 770.0 773.0 774.0 776.0 779.0 781.0 783.0 785.0 787.0 5.0 50.0 56.0 62.0 69.0 75.0 81.0 87.0 93.0 99.0 106.0 112.0 118.0 124.0 130.0 136.0 142.0 148.0 154.0 160.0 166.0 172.0 178.0 184.0 190.0 196.0 202.0 208.0 214.0 220.0 226.0 232.0 238.0 244.0 250.0 256.0 262.0 268.0 274.0 280.0 286.0 292.0 297.0 303.0 309.0 315.0 321.0 327.0 333.0 339.0 345.0 351.0 357.0 363.0 369.0 375.0 381.0 387.0 393.0 399.0 405.0 411.0 417.0 423.0 429.0 435.0 441.0 447.0 454.0 460.0 466.0 472.0 478.0 484.0 490.0 496.0 503.0 509.0 515.0 521.0 527.0 533.0 539.0 545.0 551.0 557.0 563.0 569.0 575.0 581.0 587.0 592.0 598.0 604.0 610.0 616.0 622.0 628.0 633.0 639.0 174.0
617.0 636.0 638.0 640.0 642.0 644.0 646.0 648.0 650.0 652.0 654.0 656.0 658.0 660.0 662.0 664.0 667.0 669.0 671.0 673.0 676.0 678.0 680.0 683.0 685.0 688.0 690.0 692.0 695.0 697.0 700.0 702.0 705.0 707.0 710.0 712.0 715.0 717.0 720.0 722.0 725.0 727.0 730.0 732.0 734.0 737.0 739.0 742.0 744.0 746.0 749.0 751.0 753.0 756.0 758.0 760.0 762.0 764.0 766.0 768.0 770.0 772.0 774.0 776.0 778.0 779.0 781.0 782.0 784.0 786.0 787.0 789.0 791.0 792.0 794.0 796.0 798.0 799.0 801.0 803.0 805.0 807.0 809.0 811.0 814.0 816.0 818.0 821.0 823.0 826.0 829.0 831.0 834.0 837.0 840.0 842.0 845.0 848.0 851.0 854.0 5.0 50.0 56.0 62.0 69.0 75.0 81.0 87.0 94.0 100.0 106.0 112.0 118.0 124.0 130.0 136.0 143.0 149.0 155.0 161.0 167.0 173.0 179.0 185.0 191.0 197.0 203.0 209.0 215.0 221.0 227.0 233.0 239.0 245.0 251.0 257.0 262.0 268.0 274.0 280.0 286.0 292.0 298.0 304.0 310.0 316.0 322.0 328.0 334.0 340.0 346.0 352.0 358.0 364.0 370.0 376.0 382.0 388.0 394.0 400.0 406.0 412.0 418.0 424.0 431.0 437.0 443.0 449.0 455.0 461.0 468.0 474.0 480.0 486.0 492.0 498.0 505.0 510.0 517.0 523.0 529.0 535.0 541.0 547.0 553.0 559.0 565.0 571.0 577.0 582.0 588.0 594.0 600.0 606.0 611.0 617.0 623.0 629.0 634.0 640.0 175.0
617.0 639.0 641.0 644.0 646.0 648.0 651.0 653.0 656.0 658.0 660.0 663.0 665.0 668.0 670.0 673.0 675.0 678.0 681.0 684.0 686.0 689.0 692.0 695.0 698.0 701.0 704.0 706.0 709.0 712.0 715.0 718.0 721.0 724.0 727.0 730.0 733.0 736.0 739.0 742.0 745.0 748.0 751.0 754.0 757.0 759.0 763.0 765.0 768.0 771.0 774.0 776.0 779.0 782.0 785.0 787.0 790.0 793.0 795.0 798.0 800.0 803.0 805.0 807.0 810.0 811.0 814.0 816.0 818.0 820.0 822.0 824.0 827.0 829.0 831.0 834.0 836.0 838.0 841.0 843.0 846.0 848.0 851.0 854.0 857.0 860.0 863.0 866.0 869.0 873.0 876.0 879.0 883.0 886.0 889.0 893.0 897.0 900.0 903.0 907.0 5.0 51.0 57.0 63.0 69.0 75.0 82.0 88.0 94.0 100.0 107.0 113.0 119.0 125.0 131.0 137.0 144.0 150.0 156.0 162.0 168.0 174.0 180.0 186.0 192.0 198.0 204.0 210.0 216.0 222.0 228.0 234.0 240.0 246.0 252.0 258.0 264.0 269.0 275.0 281.0 287.0 293.0 299.0 305.0 311.0 317.0 323.0 329.0 335.0 341.0 347.0 353.0 359.0 365.0 371.0 377.0 383.0 389.0 396.0 402.0 408.0 414.0 420.0 426.0 432.0 438.0 445.0 451.0 457.0 463.0 470.0 476.0 482.0 488.0 494.0 500.0 506.0 512.0 519.0 524.0 531.0 537.0 543.0 548.0 554.0 560.0 566.0 572.0 578.0 584.0 590.0 595.0 601.0 607.0 613.0 618.0 624.0 630.0 635.0 641.0 176.0
617.0 641.0 643.0 646.0 649.0 651.0 654.0 656.0 659.0 662.0 664.0 667.0 670.0 673.0 675.0 678.0 681.0 684.0 687.0 690.0 693.0 696.0 699.0 702.0 706.0 709.0 712.0 715.0 718.0 721.0 725.0 728.0 731.0 735.0 738.0 741.0 744.0 748.0 751.0 754.0 758.0 761.0 764.0 767.0 770.0 773.0 777.0 780.0 783.0 786.0 790.0 793.0 795.0 799.0 802.0 804.0 808.0 810.0 813.0 816.0 819.0 821.0 824.0 826.0 829.0 831.0 834.0 837.0 839.0 842.0 844.0 847.0 849.0 852.0 854.0 857.0 860.0 862.0 865.0 868.0 871.0 874.0 877.0 881.0 884.0 887.0 891.0 894.0 898.0 902.0 905.0 909.0 913.0 917.0 921.0 925.0 929.0 932.0 936.0 940.0 5.0 51.0 57.0 63.0 70.0 76.0 82.0 89.0 95.0 101.0 107.0 114.0 120.0 126.0 132.0 138.0 144.0 150.0 156.0 162.0 168.0 174.0 180.0 186.0 192.0 198.0 205.0 211.0 217.0 223.0 229.0 235.0 240.0 246.0 252.0 258.0 264.0 270.0 276.0 282.0 288.0 294.0 300.0 306.0 312.0 318.0 324.0 330.0 336.0 342.0 348.0 354.0 360.0 366.0 372.0 378.0 384.0 390.0 397.0 403.0 409.0 415.0 421.0 427.0 433.0 439.0 446.0 452.0 458.0 465.0 471.0 477.0 483.0 489.0 496.0 502.0 508.0 514.0 520.0 526.0 532.0 538.0 544.0 550.0 556.0 562.0 567.0 573.0 579.0 585.0 591.0 596.0 602.0 608.0 614.0 619.0 625.0 631.0 636.0 641.0 177.0
617.0 642.0 645.0 647.0 650.0 652.0 655.0 658.0 661.0 663.0 666.0 669.0 672.0 675.0 677.0 681.0 683.0 686.0 689.0 693.0 696.0 699.0 702.0 705.0 709.0 712.0 715.0 718.0 722.0 725.0 728.0 732.0 735.0 738.0 742.0 745.0 748.0 752.0 755.0 759.0 762.0 765.0 769.0 772.0 775.0 778.0 782.0 785.0 789.0 792.0 795.0 798.0 801.0 804.0 808.0 810.0 814.0 817.0 819.0 822.0 825.0 828.0 831.0 833.0 836.0 838.0 841.0 844.0 846.0 849.0 852.0 854.0 857.0 859.0 862.0 865.0 868.0 871.0 874.0 877.0 880.0 883.0 886.0 889.0 893.0 896.0 900.0 904.0 907.0 911.0 915.0 918.0 923.0 927.0 931.0 935.0 939.0 943.0 947.0 951.0 5.0 51.0 57.0 63.0 70.0 76.0 82.0 89.0 95.0 101.0 107.0 114.0 120.0 126.0 132.0 138.0 144.0 151.0 157.0 163.0 169.0 175.0 181.0 187.0 193.0 199.0 205.0 211.0 217.0 223.0 229.0 235.0 241.0 247.0 253.0 259.0 264.0 270.0 276.0 282.0 288.0 294.0 300.0 306.0 312.0 318.0 324.0 330.0 336.0 342.0 348.0 354.0 360.0 366.0 372.0 378.0 384.0 390.0 397.0 403.0 409.0 415.0 421.0 428.0 434.0 440.0 446.0 452.0 458.0 465.0 471.0 477.0 483.0 489.0 496.0 502.0 508.0 514.0 520.0 526.0 532.0 538.0 544.0 550.0 556.0 562.0 568.0 574.0 579.0 585.0 591.0 597.0 603.0 608.0 614.0 619.0 625.0 631.0 636.0 642.0 178.0
617.0 642.0 644.0 647.0 650.0 652.0 655.0 657.0 660.0 663.0 666.0 669.0 671.0 674.0 677.0 680.0 683.0 686.0 689.0 692.0 695.0 698.0 701.0 705.0 708.0 711.0 714.0 717.0 721.0 724.0 727.0 730.0 734.0 737.0 740.0 743.0 747.0 751.0 754.0 757.0 760.0 763.0 767.0 770.0 773.0 776.0 780.0 783.0 786.0 789.0 793.0 796.0 799.0 802.0 805.0 808.0 811.0 814.0 817.0 820.0 822.0 825.0 828.0 830.0 833.0 836.0 838.0 841.0 843.0 846.0 848.0 851.0 853.0 856.0 859.0 861.0 864.0 867.0 870.0 872.0 875.0 878.0 881.0 885.0 888.0 891.0 895.0 898.0 902.0 906.0 909.0 913.0 917.0 921.0 924.0 929.0 933.0 936.0 940.0 944.0 5.0 51.0 57.0 63.0 70.0 76.0 82.0 88.0 94.0 100.0 107.0 113.0 119.0 125.0 131.0 137.0 144.0 150.0 156.0 162.0 168.0 174.0 180.0 186.0 192.0 198.0 204.0 210.0 216.0 222.0 228.0 234.0 240.0 246.0 252.0 258.0 264.0 270.0 276.0 282.0 288.0 294.0 299.0 305.0 311.0 317.0 323.0 329.0 335.0 341.0 347.0 353.0 359.0 365.0 371.0 377.0 383.0 390.0 396.0 402.0 408.0 414.0 420.0 427.0 433.0 439.0 445.0 452.0 458.0 464.0 470.0 477.0 483.0 489.0 495.0 501.0 508.0 514.0 520.0 526.0 532.0 538.0 544.0 550.0 556.0 562.0 568.0 574.0 579.0 585.0 591.0 597.0 602.0 608.0 614.0 619.0 625.0 631.0 636.0 642.0 179.0
617.0 641.0 643.0 646.0 649.0 651.0 654.0 656.0 659.0 661.0 664.0 667.0 669.0 672.0 675.0 677.0 680.0 683.0 685.0 689.0 691.0 694.0 697.0 701.0 703.0 707.0 709.0 712.0 715.0 718.0 722.0 725.0 728.0 731.0 734.0 737.0 740.0 743.0 747.0 750.0 753.0 756.0 759.0 762.0 765.0 768.0 771.0 774.0 777.0 780.0 783.0 786.0 789.0 792.0 795.0 797.0 800.0 803.0 805.0 808.0 811.0 813.0 816.0 818.0 821.0 823.0 826.0 828.0 830.0 832.0 835.0 837.0 839.0 841.0 844.0 846.0 849.0 851.0 854.0 856.0 859.0 861.0 864.0 867.0 870.0 873.0 876.0 879.0 882.0 886.0 889.0 893.0 896.0 900.0 903.0 907.0 911.0 914.0 918.0 921.0 5.0 50.0 56.0 62.0 69.0 75.0 81.0 87.0 94.0 100.0 106.0 112.0 118.0 124.0 130.0 136.0 143.0 149.0 155.0 161.0 167.0 173.0 179.0 185.0 191.0 197.0 203.0 208.0 214.0 220.0 226.0 232.0 238.0 244.0 250.0 256.0 262.0 268.0 274.0 280.0 286.0 292.0 298.0 304.0 310.0 316.0 322.0 328.0 334.0 340.0 346.0 352.0 358.0 364.0 370.0 376.0 382.0 388.0 394.0 400.0 406.0 412.0 419.0 425.0 431.0 437.0 443.0 450.0 456.0 462.0 468.0 475.0 481.0 487.0 494.0 500.0 506.0 512.0 518.0 524.0 530.0 536.0 542.0 549.0 555.0 561.0 567.0 573.0 578.0 584.0 590.0 596.0 602.0 607.0 613.0 619.0 625.0 630.0 636.0 641.0 180.0
617.0 639.0 641.0 644.0 646.0 648.0 651.0 653.0 655.0 658.0 660.0 662.0 665.0 667.0 669.0 672.0 674.0 677.0 679.0 682.0 684.0 687.0 690.0 692.0 695.0 698.0 700.0 703.0 706.0 708.0 711.0 714.0 717.0 719.0 722.0 725.0 728.0 730.0 733.0 736.0 739.0 741.0 744.0 747.0 749.0 752.0 755.0 757.0 760.0 763.0 765.0 768.0 770.0 773.0 775.0 778.0 780.0 783.0 785.0 787.0 789.0 792.0 794.0 796.0 798.0 800.0 802.0 804.0 806.0 808.0 810.0 811.0 813.0 815.0 817.0 819.0 821.0 823.0 825.0 827.0 829.0 831.0 833.0 836.0 838.0 841.0 843.0 846.0 848.0 851.0 854.0 857.0 859.0 863.0 865.0 868.0 872.0 875.0 878.0 881.0 5.0 49.0 55.0 61.0 68.0 74.0 80.0 86.0 92.0 98.0 104.0 110.0 116.0 122.0 128.0 134.0 141.0 147.0 153.0 159.0 165.0 170.0 176.0 182.0 188.0 194.0 200.0 206.0 212.0 218.0 224.0 230.0 236.0 242.0 248.0 254.0 260.0 265.0 271.0 277.0 283.0 289.0 295.0 301.0 307.0 313.0 319.0 325.0 331.0 337.0 343.0 349.0 355.0 361.0 367.0 373.0 379.0 385.0 391.0 397.0 403.0 409.0 415.0 422.0 428.0 434.0 440.0 447.0 453.0 459.0 465.0 472.0 478.0 484.0 490.0 497.0 503.0 509.0 515.0 521.0 528.0 534.0 540.0 546.0 552.0 558.0 564.0 570.0 576.0 582.0 588.0 593.0 599.0 605.0 611.0 617.0 623.0 629.0 634.0 640.0 181.0
617.0 636.0 638.0 640.0 642.0 644.0 646.0 648.0 650.0 652.0 654.0 656.0 658.0 660.0 662.0 664.0 666.0 668.0 670.0 672.0 674.0 677.0 679.0 681.0 683.0 685.0 687.0 689.0 692.0 694.0 696.0 699.0 701.0 703.0 705.0 708.0 710.0 712.0 715.0 717.0 719.0 721.0 723.0 725.0 728.0 730.0 732.0 734.0 736.0 738.0 741.0 743.0 745.0 747.0 749.0 751.0 752.0 754.0 756.0 758.0 760.0 761.0 763.0 765.0 766.0 768.0 769.0 771.0 772.0 773.0 775.0 776.0 777.0 779.0 780.0 781.0 783.0 784.0 786.0 786.0 788.0 790.0 791.0 793.0 794.0 797.0 798.0 800.0 802.0 804.0 806.0 808.0 810.0 813.0 815.0 817.0 820.0 822.0 825.0 827.0 5.0 49.0 55.0 61.0 67.0 73.0 79.0 85.0 91.0 97.0 103.0 109.0 115.0 121.0 127.0 133.0 139.0 145.0 151.0 157.0 163.0 169.0 175.0 180.0 186.0 192.0 198.0 204.0 210.0 216.0 222.0 228.0 234.0 239.0 245.0 251.0 257.0 263.0 269.0 275.0 281.0 287.0 293.0 299.0 304.0 310.0 316.0 322.0 328.0 334.0 340.0 346.0 352.0 358.0 364.0 370.0 376.0 382.0 388.0 394.0 400.0 406.0 412.0 419.0 425.0 431.0 437.0 443.0 449.0 456.0 462.0 468.0 474.0 481.0 487.0 493.0 500.0 506.0 512.0 518.0 524.0 530.0 536.0 543.0 549.0 555.0 561.0 567.0 573.0 579.0 585.0 591.0 597.0 602.0 608.0 614.0 620.0 626.0 632.0 637.0 182.0
617.0 633.0 634.0 636.0 638.0 639.0 640.0 642.0 643.0 645.0 646.0 648.0 649.0 650.0 652.0 653.0 655.0 656.0 658.0 659.0 661.0 663.0 664.0 666.0 668.0 669.0 671.0 673.0 674.0 676.0 677.0 679.0 681.0 682.0 684.0 686.0 687.0 689.0 691.0 692.0 694.0 696.0 697.0 699.0 700.0 702.0 703.0 705.0 706.0 708.0 709.0 711.0 712.0 714.0 715.0 716.0 717.0 719.0 720.0 721.0 722.0 723.0 724.0 725.0 726.0 727.0 728.0 729.0 729.0 730.0 731.0 731.0 732.0 732.0 733.0 734.0 734.0 735.0 736.0 736.0 737.0 738.0 738.0 739.0 740.0 741.0 742.0 743.0 745.0 746.0 747.0 749.0 750.0 752.0 753.0 755.0 757.0 758.0 760.0 762.0 5.0 49.0 55.0 61.0 67.0 73.0 79.0 85.0 91.0 97.0 103.0 109.0 115.0 121.0 127.0 133.0 139.0 145.0 151.0 157.0 163.0 169.0 175.0 180.0 186.0 192.0 198.0 204.0 210.0 216.0 222.0 228.0 234.0 239.0 245.0 251.0 257.0 263.0 269.0 275.0 281.0 287.0 293.0 299.0 304.0 310.0 316.0 322.0 328.0 334.0 340.0 346.0 352.0 358.0 364.0 370.0 376.0 382.0 388.0 394.0 400.0 406.0 412.0 419.0 425.0 431.0 437.0 443.0 449.0 455.0 461.0 467.0 473.0 479.0 485.0 491.0 497.0 503.0 509.0 515.0 522.0 527.0 533.0 539.0 545.0 551.0 557.0 563.0 569.0 575.0 581.0 587.0 593.0 599.0 605.0 610.0 616.0 622.0 628.0 634.0 183.0
617.0 628.0 629.0 630.0 631.0 632.0 633.0 633.0 635.0 635.0 636.0 637.0 638.0 638.0 639.0 640.0 641.0 642.0 642.0 643.0 644.0 645.0 646.0 647.0 648.0 648.0 649.0 650.0 651.0 652.0 653.0 654.0 655.0 656.0 657.0 658.0 659.0 659.0 660.0 661.0 662.0 663.0 663.0 664.0 665.0 666.0 667.0 667.0 668.0 669.0 669.0 670.0 671.0 671.0 672.0 672.0 672.0 673.0 673.0 673.0 674.0 674.0 674.0 674.0 675.0 675.0 675.0 675.0 675.0 674.0 674.0 674.0 674.0 673.0 673.0 673.0 673.0 673.0 673.0 672.0 672.0 672.0 672.0 672.0 673.0 673.0 673.0 674.0 674.0 675.0 675.0 676.0 677.0 677.0 678.0 679.0 680.0 681.0 682.0 682.0 5.0 51.0 57.0 63.0 69.0 75.0 81.0 87.0 93.0 99.0 105.0 112.0 118.0 124.0 130.0 136.0 142.0 148.0 153.0 159.0 165.0 171.0 178.0 184.0 189.0 195.0 201.0 207.0 213.0 219.0 225.0 231.0 237.0 243.0 249.0 255.0 261.0 267.0 273.0 279.0 285.0 291.0 297.0 303.0 308.0 314.0 320.0 326.0 332.0 338.0 344.0 350.0 356.0 362.0 368.0 374.0 380.0 386.0 392.0 398.0 404.0 409.0 415.0 421.0 427.0 434.0 439.0 445.0 451.0 457.0 463.0 469.0 475.0 480.0 487.0 492.0 498.0 504.0 510.0 516.0 522.0 528.0 533.0 540.0 545.0 552.0 558.0 563.0 569.0 575.0 581.0 587.0 593.0 599.0 605.0 611.0 617.0 623.0 628.0 634.0 184.0
617.0 623.0 623.0 624.0 624.0 624.0 624.0 625.0 625.0 625.0 625.0 625.0 626.0 625.0 626.0 625.0 626.0 626.0 626.0 626.0 626.0 627.0 627.0 627.0 627.0 627.0 627.0 628.0 628.0 628.0 628.0 628.0 628.0 629.0 629.0 629.0 629.0 629.0 629.0 629.0 629.0 629.0 629.0 629.0 629.0 629.0 629.0 629.0 629.0 629.0 629.0 629.0 628.0 628.0 628.0 628.0 627.0 627.0 626.0 626.0 625.0 624.0 624.0 623.0 622.0 621.0 621.0 620.0 619.0 618.0 617.0 616.0 615.0 614.0 613.0 612.0 611.0 610.0 609.0 608.0 607.0 606.0 606.0 605.0 605.0 604.0 604.0 604.0 603.0 603.0 603.0 603.0 603.0 603.0 603.0 603.0 603.0 603.0 603.0 603.0 5.0 54.0 60.0 66.0 72.0 78.0 84.0 90.0 97.0 103.0 109.0 115.0 121.0 127.0 133.0 139.0 145.0 151.0 157.0 163.0 169.0 175.0 181.0 187.0 193.0 199.0 205.0 211.0 217.0 223.0 229.0 235.0 241.0 247.0 253.0 259.0 265.0 271.0 277.0 283.0 289.0 294.0 300.0 306.0 312.0 318.0 324.0 330.0 336.0 342.0 348.0 354.0 360.0 366.0 371.0 377.0 383.0 389.0 395.0 401.0 407.0 412.0 418.0 424.0 430.0 436.0 441.0 447.0 453.0 459.0 465.0 470.0 476.0 482.0 488.0 493.0 499.0 505.0 511.0 517.0 523.0 528.0 534.0 540.0 546.0 552.0 558.0 563.0 569.0 575.0 581.0 587.0 593.0 599.0 605.0 611.0 617.0 623.0 629.0 634.0 185.0
617.0 618.0 618.0 618.0 618.0 617.0 617.0 617.0 616.0 616.0 615.0 615.0 615.0 614.0 613.0 613.0 612.0 612.0 611.0 611.0 610.0 610.0 609.0 609.0 608.0 608.0 608.0 607.0 607.0 606.0 606.0 605.0 604.0 604.0 603.0 603.0 602.0 601.0 601.0 600.0 599.0 599.0 598.0 597.0 597.0 596.0 595.0 594.0 593.0 593.0 592.0 591.0 590.0 589.0 588.0 587.0 585.0 584.0 583.0 581.0 580.0 579.0 577.0 576.0 574.0 572.0 571.0 569.0 567.0 565.0 564.0 562.0 560.0 558.0 557.0 555.0 553.0 552.0 550.0 549.0 547.0 546.0 544.0 543.0 542.0 541.0 540.0 539.0 538.0 537.0 536.0 535.0 535.0 534.0 533.0 533.0 532.0 531.0 530.0 530.0 5.0 56.0 62.0 68.0 75.0 81.0 87.0 93.0 99.0 105.0 111.0 117.0 123.0 129.0 136.0 142.0 148.0 154.0 160.0 166.0 172.0 178.0 184.0 190.0 196.0 202.0 208.0 214.0 220.0 226.0 232.0 238.0 244.0 250.0 256.0 262.0 268.0 274.0 280.0 286.0 292.0 298.0 304.0 310.0 315.0 321.0 327.0 333.0 339.0 345.0 351.0 357.0 363.0 369.0 375.0 381.0 386.0 392.0 398.0 404.0 409.0 415.0 421.0 426.0 432.0 438.0 444.0 449.0 455.0 461.0 467.0 472.0 478.0 483.0 489.0 495.0 501.0 506.0 512.0 518.0 524.0 530.0 535.0 541.0 547.0 553.0 559.0 565.0 571.0 576.0 582.0 588.0 594.0 600.0 606.0 612.0 618.0 624.0 630.0 636.0 186.0
617.0 614.0 614.0 613.0 612.0 611.0 611.0 610.0 609.0 608.0 607.0 606.0 605.0 604.0 603.0 602.0 601.0 600.0 599.0 598.0 597.0 596.0 595.0 594.0 592.0 592.0 591.0 589.0 588.0 587.0 586.0 585.0 584.0 583.0 582.0 580.0 579.0 578.0 577.0 575.0 574.0 573.0 571.0 570.0 569.0 567.0 566.0 564.0 562.0 561.0 559.0 558.0 556.0 554.0 552.0 551.0 549.0 547.0 545.0 543.0 540.0 538.0 536.0 533.0 531.0 529.0 526.0 524.0 521.0 519.0 516.0 514.0 511.0 509.0 507.0 504.0 502.0 500.0 498.0 496.0 494.0 492.0 490.0 488.0 486.0 485.0 483.0 482.0 480.0 478.0 477.0 475.0 474.0 472.0 471.0 470.0 468.0 467.0 465.0 463.0 5.0 58.0 65.0 71.0 77.0 83.0 89.0 95.0 102.0 108.0 114.0 120.0 126.0 132.0 138.0 144.0 150.0 157.0 163.0 169.0 175.0 181.0 187.0 193.0 199.0 205.0 211.0 217.0 223.0 230.0 236.0 242.0 248.0 254.0 260.0 266.0 272.0 278.0 284.0 290.0 296.0 302.0 308.0 314.0 319.0 325.0 331.0 337.0 343.0 349.0 355.0 360.0 366.0 372.0 378.0 384.0 389.0 395.0 401.0 407.0 413.0 418.0 424.0 429.0 435.0 441.0 446.0 452.0 457.0 463.0 469.0 474.0 480.0 486.0 491.0 497.0 503.0 508.0 514.0 520.0 526.0 531.0 537.0 543.0 549.0 555.0 561.0 566.0 572.0 578.0 584.0 590.0 596.0 602.0 608.0 614.0 620.0 626.0 631.0 637.0 187.0
617.0 612.0 610.0 610.0 608.0 607.0 606.0 605.0 603.0 602.0 600.0 599.0 598.0 596.0 595.0 593.0 592.0 590.0 589.0 587.0 586.0 584.0 583.0 581.0 580.0 578.0 577.0 575.0 573.0 572.0 570.0 568.0 567.0 565.0 563.0 562.0 560.0 558.0 556.0 554.0 552.0 551.0 549.0 547.0 545.0 542.0 541.0 538.0 536.0 534.0 532.0 529.0 527.0 525.0 522.0 520.0 517.0 514.0 512.0 509.0 506.0 503.0 500.0 497.0 494.0 491.0 488.0 485.0 481.0 478.0 475.0 472.0 469.0 466.0 463.0 460.0 457.0 455.0 452.0 450.0 447.0 444.0 442.0 440.0 437.0 435.0 433.0 431.0 429.0 426.0 424.0 422.0 420.0 418.0 416.0 413.0 411.0 409.0 406.0 404.0 5.0 58.0 65.0 71.0 77.0 84.0 90.0 96.0 103.0 109.0 115.0 121.0 127.0 133.0 140.0 146.0 152.0 158.0 164.0 170.0 176.0 183.0 189.0 195.0 201.0 207.0 213.0 219.0 225.0 231.0 238.0 244.0 250.0 256.0 262.0 268.0 274.0 280.0 286.0 292.0 298.0 304.0 310.0 316.0 322.0 328.0 334.0 340.0 345.0 351.0 357.0 363.0 369.0 375.0 380.0 386.0 392.0 398.0 404.0 409.0 415.0 420.0 426.0 431.0 437.0 443.0 448.0 454.0 459.0 465.0 470.0 476.0 482.0 487.0 493.0 498.0 504.0 510.0 516.0 521.0 527.0 533.0 539.0 545.0 551.0 556.0 562.0 568.0 574.0 580.0 586.0 592.0 598.0 604.0 609.0 615.0 621.0 627.0 633.0 638.0 188.0
617.0 609.0 608.0 607.0 605.0 604.0 602.0 601.0 599.0 597.0 596.0 594.0 592.0 590.0 589.0 586.0 585.0 583.0 581.0 579.0 577.0 576.0 574.0 572.0 570.0 568.0 566.0 564.0 562.0 560.0 558.0 556.0 554.0 551.0 549.0 547.0 545.0 543.0 541.0 538.0 536.0 534.0 531.0 529.0 527.0 524.0 522.0 519.0 516.0 513.0 510.0 508.0 505.0 502.0 499.0 496.0 493.0 490.0 486.0 483.0 479.0 476.0 472.0 469.0 465.0 462.0 458.0 454.0 451.0 447.0 444.0 440.0 437.0 433.0 430.0 427.0 423.0 420.0 417.0 414.0 411.0 408.0 406.0 403.0 400.0 397.0 395.0 392.0 389.0 387.0 384.0 381.0 379.0 376.0 373.0 370.0 367.0 364.0 361.0 358.0 5.0 58.0 65.0 71.0 77.0 84.0 90.0 97.0 103.0 109.0 115.0 122.0 128.0 134.0 141.0 147.0 153.0 159.0 165.0 171.0 178.0 184.0 190.0 196.0 203.0 209.0 215.0 221.0 227.0 233.0 239.0 245.0 251.0 258.0 264.0 270.0 276.0 282.0 288.0 294.0 300.0 306.0 312.0 318.0 324.0 330.0 336.0 342.0 347.0 353.0 359.0 365.0 371.0 376.0 382.0 388.0 393.0 399.0 405.0 410.0 416.0 422.0 427.0 433.0 438.0 444.0 449.0 455.0 460.0 466.0 471.0 477.0 483.0 488.0 494.0 500.0 505.0 511.0 517.0 522.0 528.0 534.0 540.0 546.0 552.0 557.0 563.0 569.0 575.0 581.0 587.0 593.0 599.0 605.0 610.0 616.0 622.0 628.0 633.0 639.0 189.0
617.0 608.0 607.0 605.0 603.0 601.0 600.0 598.0 596.0 594.0 592.0 590.0 589.0 586.0 584.0 582.0 580.0 578.0 576.0 574.0 572.0 570.0 568.0 565.0 563.0 561.0 559.0 556.0 554.0 552.0 550.0 547.0 545.0 543.0 540.0 538.0 535.0 533.0 530.0 528.0 525.0 522.0 520.0 517.0 514.0 511.0 509.0 506.0 503.0 500.0 496.0 493.0 490.0 487.0 484.0 480.0 477.0 473.0 470.0 466.0 462.0 458.0 454.0 451.0 446.0 443.0 439.0 435.0 431.0 427.0 423.0 419.0 416.0 412.0 408.0 405.0 401.0 398.0 395.0 392.0 388.0 385.0 382.0 379.0 376.0 373.0 370.0 367.0 364.0 361.0 359.0 355.0 352.0 349.0 346.0 343.0 339.0 336.0 333.0 329.0 5.0 58.0 65.0 72.0 78.0 84.0 90.0 97.0 103.0 110.0 116.0 122.0 128.0 135.0 141.0 147.0 153.0 160.0 166.0 172.0 178.0 185.0 191.0 197.0 203.0 209.0 215.0 222.0 228.0 234.0 240.0 246.0 252.0 259.0 265.0 271.0 277.0 283.0 289.0 295.0 301.0 307.0 313.0 319.0 325.0 331.0 337.0 343.0 349.0 354.0 360.0 366.0 372.0 378.0 383.0 389.0 394.0 400.0 406.0 411.0 417.0 422.0 428.0 433.0 439.0 445.0 450.0 456.0 461.0 466.0 472.0 477.0 483.0 489.0 495.0 500.0 506.0 512.0 517.0 523.0 529.0 535.0 541.0 547.0 552.0 558.0 564.0 570.0 576.0 582.0 588.0 594.0 599.0 605.0 611.0 617.0 622.0 628.0 634.0 639.0 190.0
617.0 607.0 606.0 604.0 602.0 600.0 599.0 597.0 595.0 593.0 591.0 589.0 587.0 584.0 582.0 580.0 578.0 576.0 573.0 571.0 569.0 567.0 565.0 562.0 560.0 558.0 556.0 553.0 551.0 548.0 546.0 543.0 541.0 539.0 536.0 534.0 531.0 528.0 526.0 523.0 520.0 517.0 515.0 512.0 509.0 506.0 503.0 500.0 497.0 494.0 491.0 488.0 484.0 481.0 477.0 474.0 470.0 467.0 463.0 459.0 455.0 451.0 447.0 443.0 439.0 435.0 431.0 427.0 423.0 419.0 415.0 411.0 407.0 403.0 400.0 396.0 392.0 389.0 385.0 382.0 379.0 376.0 373.0 369.0 366.0 364.0 361.0 358.0 354.0 351.0 348.0 345.0 342.0 339.0 336.0 332.0 329.0 326.0 322.0 319.0 5.0 58.0 64.0 71.0 77.0 84.0 90.0 97.0 103.0 109.0 116.0 122.0 128.0 135.0 141.0 147.0 153.0 160.0 166.0 172.0 178.0 184.0 191.0 197.0 203.0 209.0 215.0 222.0 228.0 234.0 240.0 246.0 252.0 258.0 264.0 270.0 277.0 283.0 289.0 295.0 301.0 307.0 313.0 319.0 325.0 331.0 337.0 343.0 349.0 354.0 360.0 366.0 372.0 378.0 383.0 389.0 395.0 400.0 406.0 411.0 417.0 422.0 428.0 434.0 439.0 444.0 450.0 455.0 461.0 466.0 472.0 477.0 483.0 489.0 494.0 500.0 506.0 511.0 517.0 523.0 529.0 535.0 541.0 547.0 553.0 558.0 564.0 570.0 576.0 582.0 588.0 594.0 600.0 606.0 611.0 617.0 623.0 629.0 634.0 640.0 191.0
617.0 607.0 606.0 604.0 602.0 600.0 599.0 597.0 595.0 592.0 591.0 589.0 587.0 585.0 583.0 580.0 578.0 576.0 574.0 572.0 570.0 567.0 565.0 563.0 561.0 558.0 556.0 554.0 552.0 549.0 547.0 545.0 542.0 540.0 538.0 535.0 533.0 530.0 528.0 525.0 522.0 520.0 517.0 514.0 512.0 509.0 506.0 503.0 500.0 497.0 494.0 491.0 488.0 484.0 481.0 478.0 474.0 471.0 467.0 464.0 460.0 456.0 452.0 449.0 444.0 441.0 437.0 433.0 429.0 425.0 421.0 417.0 413.0 410.0 406.0 402.0 399.0 396.0 392.0 389.0 386.0 383.0 380.0 377.0 374.0 371.0 368.0 366.0 363.0 360.0 357.0 354.0 351.0 348.0 345.0 342.0 339.0 336.0 333.0 329.0 5.0 59.0 65.0 72.0 78.0 85.0 91.0 98.0 104.0 110.0 116.0 122.0 129.0 135.0 141.0 147.0 154.0 160.0 166.0 172.0 179.0 185.0 191.0 197.0 203.0 210.0 216.0 222.0 228.0 234.0 240.0 246.0 252.0 258.0 264.0 270.0 277.0 283.0 289.0 295.0 301.0 307.0 313.0 319.0 325.0 331.0 337.0 343.0 348.0 354.0 360.0 366.0 372.0 377.0 383.0 389.0 394.0 400.0 406.0 411.0 417.0 422.0 428.0 433.0 439.0 444.0 450.0 455.0 461.0 466.0 472.0 477.0 483.0 488.0 494.0 500.0 505.0 511.0 517.0 522.0 528.0 534.0 540.0 546.0 552.0 558.0 563.0 569.0 575.0 581.0 587.0 593.0 599.0 605.0 611.0 616.0 622.0 628.0 634.0 640.0 192.0
617.0 608.0 606.0 605.0 603.0 602.0 600.0 598.0 596.0 594.0 592.0 591.0 589.0 587.0 585.0 583.0 581.0 579.0 577.0 575.0 573.0 572.0 569.0 567.0 565.0 563.0 561.0 559.0 557.0 555.0 553.0 551.0 549.0 547.0 544.0 542.0 540.0 538.0 535.0 533.0 531.0 528.0 526.0 524.0 521.0 518.0 516.0 513.0 511.0 508.0 505.0 502.0 500.0 497.0 493.0 491.0 487.0 484.0 481.0 478.0 474.0 471.0 467.0 464.0 460.0 457.0 453.0 449.0 446.0 442.0 438.0 435.0 431.0 428.0 425.0 421.0 418.0 415.0 412.0 409.0 406.0 403.0 400.0 397.0 394.0 392.0 389.0 387.0 384.0 382.0 379.0 376.0 374.0 371.0 369.0 366.0 363.0 360.0 358.0 355.0 5.0 60.0 66.0 73.0 79.0 85.0 91.0 98.0 104.0 110.0 117.0 123.0 129.0 135.0 141.0 147.0 153.0 160.0 166.0 172.0 178.0 184.0 191.0 197.0 203.0 209.0 215.0 221.0 227.0 233.0 239.0 245.0 251.0 258.0 264.0 270.0 276.0 282.0 288.0 294.0 300.0 306.0 312.0 318.0 324.0 330.0 336.0 342.0 347.0 353.0 359.0 365.0 371.0 377.0 382.0 388.0 394.0 399.0 405.0 411.0 416.0 422.0 427.0 433.0 438.0 444.0 449.0 455.0 460.0 465.0 471.0 476.0 482.0 488.0 493.0 499.0 505.0 510.0 516.0 522.0 527.0 533.0 539.0 545.0 551.0 557.0 562.0 568.0 574.0 580.0 586.0 592.0 598.0 604.0 610.0 615.0 621.0 627.0 633.0 639.0 193.0
617.0 610.0 609.0 608.0 606.0 605.0 604.0 602.0 600.0 599.0 597.0 596.0 594.0 593.0 591.0 589.0 588.0 586.0 584.0 583.0 581.0 580.0 578.0 576.0 575.0 573.0 571.0 570.0 568.0 566.0 564.0 563.0 561.0 559.0 557.0 556.0 554.0 552.0 550.0 548.0 546.0 544.0 542.0 540.0 538.0 536.0 534.0 531.0 529.0 527.0 525.0 522.0 520.0 518.0 515.0 513.0 510.0 507.0 504.0 502.0 499.0 496.0 493.0 490.0 487.0 484.0 481.0 477.0 474.0 471.0 468.0 465.0 461.0 459.0 456.0 453.0 450.0 447.0 444.0 441.0 439.0 436.0 434.0 431.0 429.0 427.0 424.0 422.0 420.0 418.0 416.0 414.0 411.0 409.0 407.0 405.0 403.0 400.0 398.0 396.0 5.0 59.0 65.0 72.0 78.0 84.0 90.0 96.0 103.0 109.0 115.0 121.0 127.0 134.0 140.0 146.0 152.0 158.0 164.0 170.0 176.0 182.0 189.0 195.0 201.0 207.0 213.0 219.0 225.0 231.0 238.0 244.0 250.0 256.0 262.0 268.0 274.0 280.0 286.0 292.0 298.0 304.0 310.0 316.0 322.0 328.0 334.0 340.0 345.0 351.0 357.0 363.0 369.0 375.0 380.0 386.0 392.0 397.0 403.0 409.0 414.0 420.0 426.0 431.0 437.0 442.0 448.0 453.0 459.0 464.0 470.0 475.0 481.0 486.0 492.0 497.0 503.0 509.0 514.0 520.0 526.0 532.0 538.0 543.0 549.0 555.0 561.0 567.0 572.0 578.0 584.0 590.0 596.0 602.0 608.0 614.0 620.0 626.0 631.0 637.0 194.0
617.0 613.0 612.0 612.0 611.0 610.0 609.0 608.0 607.0 606.0 605.0 604.0 602.0 602.0 600.0 599.0 598.0 597.0 596.0 595.0 594.0 592.0 591.0 590.0 589.0 588.0 587.0 585.0 584.0 583.0 582.0 580.0 579.0 578.0 577.0 576.0 575.0 573.0 572.0 571.0 569.0 568.0 566.0 565.0 563.0 562.0 560.0 559.0 557.0 556.0 554.0 552.0 550.0 549.0 547.0 545.0 543.0 541.0 539.0 537.0 535.0 532.0 530.0 528.0 526.0 523.0 521.0 518.0 516.0 513.0 510.0 508.0 505.0 503.0 501.0 498.0 496.0 494.0 492.0 489.0 487.0 485.0 483.0 481.0 479.0 477.0 476.0 474.0 472.0 470.0 469.0 467.0 466.0 464.0 462.0 461.0 459.0 458.0 456.0 455.0 5.0 56.0 62.0 68.0 74.0 81.0 87.0 93.0 99.0 105.0 112.0 118.0 124.0 130.0 136.0 142.0 148.0 154.0 160.0 166.0 172.0 178.0 185.0 191.0 197.0 203.0 209.0 215.0 221.0 227.0 233.0 239.0 245.0 251.0 257.0 263.0 269.0 275.0 281.0 287.0 293.0 299.0 305.0 311.0 317.0 323.0 329.0 335.0 341.0 347.0 353.0 359.0 365.0 371.0 376.0 382.0 388.0 393.0 399.0 405.0 411.0 416.0 422.0 428.0 433.0 439.0 444.0 450.0 455.0 461.0 467.0 472.0 478.0 483.0 489.0 494.0 500.0 505.0 511.0 517.0 522.0 528.0 534.0 539.0 545.0 551.0 557.0 563.0 569.0 575.0 581.0 586.0 592.0 598.0 604.0 610.0 616.0 622.0 628.0 634.0 195.0
617.0 617.0 617.0 617.0 616.0 616.0 616.0 615.0 614.0 614.0 613.0 613.0 612.0 612.0 611.0 611.0 610.0 609.0 609.0 608.0 608.0 607.0 607.0 606.0 605.0 605.0 604.0 604.0 603.0 603.0 602.0 602.0 601.0 600.0 600.0 599.0 599.0 598.0 597.0 597.0 596.0 595.0 594.0 594.0 593.0 592.0 592.0 590.0 589.0 589.0 588.0 587.0 586.0 585.0 584.0 583.0 581.0 580.0 579.0 577.0 576.0 575.0 573.0 572.0 570.0 569.0 567.0 565.0 564.0 562.0 560.0 558.0 556.0 555.0 553.0 551.0 549.0 548.0 546.0 545.0 543.0 542.0 540.0 539.0 537.0 536.0 535.0 534.0 533.0 532.0 531.0 530.0 529.0 528.0 527.0 526.0 525.0 525.0 524.0 523.0 5.0 54.0 60.0 66.0 72.0 78.0 84.0 91.0 97.0 102.0 109.0 115.0 121.0 127.0 133.0 139.0 145.0 151.0 157.0 163.0 169.0 175.0 181.0 187.0 193.0 199.0 205.0 211.0 217.0 223.0 230.0 236.0 241.0 247.0 253.0 259.0 265.0 271.0 277.0 283.0 289.0 295.0 301.0 307.0 313.0 319.0 325.0 331.0 337.0 343.0 349.0 355.0 361.0 367.0 372.0 378.0 384.0 390.0 396.0 401.0 407.0 413.0 419.0 424.0 430.0 436.0 441.0 447.0 453.0 459.0 465.0 470.0 476.0 481.0 488.0 493.0 499.0 505.0 510.0 516.0 522.0 528.0 534.0 540.0 546.0 552.0 557.0 563.0 569.0 575.0 581.0 587.0 593.0 599.0 605.0 611.0 617.0 622.0 628.0 634.0 196.0
617.0 621.0 621.0 622.0 622.0 622.0 622.0 622.0 622.0 622.0 622.0 622.0 622.0 622.0 622.0 622.0 622.0 622.0 622.0 622.0 622.0 623.0 622.0 622.0 622.0 623.0 623.0 623.0 623.0 623.0 623.0 623.0 623.0 623.0 623.0 623.0 623.0 623.0 623.0 623.0 623.0 623.0 623.0 623.0 623.0 623.0 623.0 622.0 622.0 622.0 622.0 622.0 621.0 621.0 621.0 620.0 620.0 619.0 619.0 618.0 618.0 617.0 616.0 616.0 615.0 614.0 613.0 612.0 611.0 610.0 609.0 608.0 607.0 606.0 605.0 604.0 603.0 602.0 601.0 600.0 599.0 599.0 598.0 597.0 596.0 596.0 595.0 595.0 595.0 594.0 594.0 594.0 593.0 593.0 593.0 593.0 593.0 593.0 593.0 593.0 5.0 53.0 59.0 65.0 71.0 77.0 83.0 89.0 95.0 101.0 107.0 113.0 119.0 125.0 131.0 137.0 143.0 150.0 156.0 162.0 167.0 173.0 179.0 186.0 191.0 197.0 203.0 209.0 216.0 222.0 227.0 233.0 239.0 245.0 251.0 257.0 263.0 269.0 275.0 281.0 287.0 293.0 299.0 305.0 311.0 317.0 323.0 329.0 334.0 340.0 346.0 352.0 358.0 364.0 370.0 376.0 382.0 387.0 393.0 399.0 405.0 411.0 417.0 422.0 429.0 434.0 440.0 446.0 452.0 458.0 464.0 469.0 475.0 481.0 487.0 493.0 499.0 505.0 511.0 517.0 523.0 529.0 535.0 541.0 547.0 553.0 558.0 564.0 570.0 576.0 582.0 588.0 594.0 600.0 606.0 612.0 618.0 624.0 629.0 635.0 197.0
617.0 626.0 626.0 627.0 628.0 629.0 629.0 630.0 630.0 631.0 631.0 632.0 633.0 633.0 634.0 635.0 635.0 636.0 636.0 637.0 638.0 639.0 639.0 640.0 641.0 642.0 642.0 643.0 644.0 645.0 645.0 646.0 647.0 648.0 648.0 649.0 650.0 651.0 651.0 652.0 653.0 653.0 654.0 655.0 655.0 656.0 657.0 657.0 658.0 658.0 659.0 660.0 660.0 660.0 661.0 661.0 662.0 662.0 662.0 662.0 663.0 663.0 663.0 663.0 663.0 663.0 663.0 663.0 662.0 662.0 662.0 661.0 661.0 661.0 661.0 660.0 660.0 660.0 660.0 660.0 660.0 660.0 660.0 660.0 660.0 660.0 660.0 661.0 661.0 661.0 662.0 663.0 663.0 664.0 665.0 665.0 666.0 666.0 667.0 668.0 5.0 51.0 58.0 64.0 70.0 76.0 82.0 88.0 94.0 100.0 106.0 112.0 118.0 124.0 130.0 136.0 142.0 148.0 154.0 161.0 166.0 172.0 178.0 184.0 190.0 196.0 202.0 208.0 214.0 220.0 226.0 232.0 238.0 244.0 250.0 256.0 262.0 268.0 274.0 280.0 286.0 292.0 298.0 303.0 309.0 315.0 321.0 327.0 333.0 339.0 345.0 351.0 357.0 363.0 369.0 375.0 380.0 386.0 392.0 398.0 404.0 410.0 416.0 422.0 428.0 434.0 440.0 446.0 452.0 458.0 464.0 470.0 476.0 482.0 488.0 494.0 500.0 506.0 512.0 518.0 524.0 530.0 536.0 542.0 548.0 554.0 560.0 566.0 572.0 578.0 584.0 590.0 596.0 601.0 607.0 613.0 619.0 625.0 631.0 637.0 198.0
617.0 630.0 631.0 632.0 633.0 635.0 636.0 637.0 638.0 639.0 640.0 641.0 643.0 644.0 645.0 646.0 648.0 649.0 650.0 651.0 653.0 654.0 655.0 657.0 658.0 659.0 661.0 662.0 664.0 665.0 667.0 668.0 670.0 671.0 672.0 674.0 675.0 677.0 678.0 679.0 681.0 682.0 684.0 685.0 686.0 688.0 689.0 690.0 692.0 693.0 694.0 695.0 696.0 697.0 699.0 700.0 701.0 702.0 703.0 704.0 705.0 706.0 706.0 707.0 708.0 708.0 709.0 710.0 710.0 711.0 711.0 711.0 712.0 713.0 713.0 713.0 714.0 714.0 715.0 716.0 717.0 717.0 718.0 719.0 720.0 721.0 722.0 723.0 724.0 725.0 727.0 728.0 729.0 731.0 733.0 734.0 736.0 737.0 738.0 740.0 5.0 51.0 57.0 63.0 69.0 75.0 81.0 87.0 93.0 99.0 105.0 112.0 118.0 124.0 130.0 136.0 142.0 148.0 154.0 160.0 166.0 172.0 178.0 184.0 190.0 196.0 202.0 208.0 214.0 220.0 226.0 232.0 238.0 244.0 250.0 256.0 262.0 268.0 274.0 279.0 285.0 291.0 297.0 303.0 309.0 315.0 321.0 327.0 333.0 339.0 345.0 351.0 357.0 363.0 368.0 374.0 380.0 386.0 392.0 398.0 404.0 410.0 416.0 422.0 428.0 435.0 440.0 447.0 453.0 459.0 465.0 471.0 477.0 483.0 489.0 495.0 501.0 507.0 513.0 520.0 526.0 532.0 538.0 544.0 550.0 556.0 562.0 568.0 574.0 579.0 585.0 591.0 597.0 603.0 609.0 615.0 621.0 627.0 632.0 638.0 199.0
617.0 633.0 635.0 637.0 638.0 640.0 642.0 643.0 645.0 647.0 648.0 650.0 652.0 653.0 655.0 657.0 659.0 661.0 662.0 664.0 666.0 668.0 670.0 672.0 674.0 676.0 678.0 680.0 681.0 684.0 686.0 687.0 690.0 692.0 694.0 696.0 698.0 700.0 702.0 704.0 706.0 708.0 710.0 712.0 714.0 716.0 718.0 720.0 722.0 723.0 725.0 727.0 729.0 731.0 732.0 734.0 736.0 737.0 739.0 741.0 742.0 744.0 745.0 746.0 748.0 749.0 750.0 752.0 753.0 754.0 755.0 756.0 757.0 758.0 760.0 760.0 762.0 763.0 764.0 766.0 767.0 769.0 770.0 772.0 773.0 775.0 777.0 778.0 781.0 782.0 784.0 787.0 789.0 791.0 793.0 795.0 798.0 800.0 802.0 805.0 5.0 51.0 57.0 63.0 69.0 75.0 82.0 88.0 94.0 100.0 106.0 112.0 118.0 124.0 130.0 136.0 142.0 149.0 155.0 161.0 167.0 173.0 179.0 185.0 191.0 197.0 203.0 209.0 215.0 221.0 226.0 232.0 238.0 244.0 250.0 256.0 262.0 268.0 274.0 280.0 286.0 292.0 298.0 304.0 310.0 316.0 322.0 328.0 333.0 339.0 345.0 351.0 357.0 363.0 369.0 375.0 381.0 387.0 393.0 399.0 405.0 411.0 417.0 423.0 429.0 436.0 442.0 448.0 454.0 460.0 466.0 472.0 478.0 484.0 491.0 497.0 503.0 509.0 515.0 521.0 527.0 533.0 540.0 546.0 552.0 558.0 563.0 569.0 575.0 581.0 587.0 593.0 599.0 605.0 611.0 616.0 622.0 628.0 633.0 639.0 200.0
617.0 636.0 638.0 641.0 642.0 644.0 646.0 648.0 650.0 652.0 654.0 657.0 659.0 661.0 663.0 665.0 667.0 670.0 672.0 674.0 676.0 679.0 681.0 684.0 686.0 688.0 691.0 694.0 696.0 698.0 701.0 703.0 706.0 708.0 711.0 714.0 716.0 718.0 721.0 723.0 726.0 729.0 731.0 734.0 736.0 738.0 741.0 743.0 746.0 748.0 750.0 753.0 755.0 757.0 760.0 762.0 764.0 766.0 768.0 770.0 772.0 774.0 776.0 778.0 780.0 782.0 783.0 785.0 787.0 788.0 790.0 792.0 793.0 795.0 797.0 798.0 800.0 802.0 804.0 806.0 808.0 810.0 812.0 814.0 816.0 819.0 821.0 824.0 826.0 829.0 831.0 834.0 837.0 840.0 843.0 845.0 849.0 851.0 854.0 857.0 5.0 51.0 57.0 63.0 69.0 75.0 81.0 87.0 94.0 100.0 106.0 112.0 118.0 124.0 131.0 137.0 143.0 149.0 155.0 161.0 167.0 173.0 179.0 185.0 191.0 197.0 203.0 209.0 215.0 221.0 227.0 233.0 239.0 245.0 250.0 256.0 262.0 268.0 274.0 280.0 286.0 292.0 298.0 304.0 310.0 316.0 322.0 328.0 334.0 340.0 346.0 352.0 358.0 364.0 370.0 376.0 382.0 388.0 394.0 400.0 406.0 412.0 418.0 424.0 431.0 437.0 443.0 449.0 455.0 461.0 467.0 473.0 480.0 486.0 492.0 498.0 505.0 511.0 517.0 523.0 529.0 535.0 541.0 547.0 553.0 559.0 565.0 571.0 576.0 582.0 588.0 594.0 600.0 606.0 612.0 617.0 623.0 629.0 634.0 640.0 201.0
617.0 638.0 641.0 643.0 645.0 647.0 650.0 652.0 654.0 656.0 659.0 661.0 664.0 666.0 669.0 671.0 674.0 676.0 679.0 681.0 684.0 687.0 689.0 692.0 695.0 697.0 701.0 703.0 706.0 709.0 712.0 715.0 717.0 720.0 723.0 726.0 729.0 732.0 735.0 737.0 740.0 743.0 746.0 749.0 752.0 754.0 757.0 760.0 763.0 766.0 769.0 771.0 774.0 777.0 779.0 782.0 784.0 787.0 789.0 791.0 794.0 796.0 798.0 801.0 803.0 805.0 807.0 809.0 811.0 813.0 815.0 817.0 819.0 821.0 824.0 826.0 828.0 830.0 832.0 835.0 837.0 840.0 842.0 845.0 848.0 850.0 853.0 856.0 859.0 862.0 865.0 869.0 872.0 875.0 878.0 882.0 885.0 889.0 892.0 896.0 5.0 50.0 56.0 62.0 68.0 75.0 81.0 87.0 93.0 100.0 106.0 112.0 118.0 125.0 131.0 137.0 143.0 149.0 155.0 161.0 167.0 173.0 179.0 185.0 191.0 197.0 203.0 209.0 215.0 221.0 227.0 233.0 239.0 245.0 251.0 257.0 263.0 269.0 275.0 281.0 287.0 293.0 299.0 305.0 311.0 316.0 322.0 328.0 334.0 340.0 346.0 352.0 358.0 364.0 370.0 376.0 382.0 388.0 394.0 401.0 407.0 413.0 419.0 425.0 431.0 438.0 444.0 450.0 456.0 462.0 469.0 475.0 481.0 487.0 493.0 499.0 506.0 512.0 518.0 524.0 530.0 536.0 542.0 548.0 554.0 560.0 566.0 572.0 578.0 583.0 589.0 595.0 601.0 607.0 613.0 618.0 624.0 630.0 635.0 641.0 202.0
617.0 639.0 642.0 645.0 647.0 649.0 652.0 654.0 657.0 659.0 661.0 664.0 666.0 669.0 672.0 674.0 677.0 680.0 683.0 685.0 688.0 691.0 694.0 697.0 700.0 703.0 706.0 709.0 712.0 715.0 718.0 721.0 724.0 727.0 730.0 733.0 736.0 739.0 742.0 745.0 748.0 751.0 754.0 757.0 760.0 763.0 766.0 769.0 772.0 775.0 778.0 781.0 784.0 787.0 789.0 792.0 795.0 798.0 801.0 803.0 806.0 808.0 811.0 813.0 815.0 818.0 820.0 822.0 824.0 827.0 829.0 831.0 833.0 836.0 838.0 840.0 843.0 845.0 848.0 851.0 853.0 856.0 858.0 862.0 864.0 867.0 871.0 873.0 877.0 880.0 884.0 887.0 891.0 894.0 898.0 901.0 905.0 909.0 912.0 916.0 5.0 50.0 56.0 62.0 68.0 75.0 81.0 87.0 93.0 100.0 106.0 112.0 118.0 124.0 131.0 137.0 143.0 149.0 155.0 161.0 167.0 173.0 179.0 185.0 191.0 197.0 203.0 209.0 216.0 221.0 227.0 233.0 239.0 245.0 251.0 257.0 263.0 269.0 275.0 281.0 287.0 293.0 299.0 305.0 311.0 316.0 322.0 328.0 334.0 340.0 347.0 353.0 359.0 365.0 371.0 377.0 383.0 389.0 395.0 401.0 407.0 413.0 419.0 426.0 432.0 438.0 444.0 450.0 457.0 463.0 469.0 475.0 482.0 488.0 494.0 500.0 507.0 513.0 519.0 525.0 531.0 537.0 543.0 549.0 555.0 561.0 567.0 573.0 578.0 584.0 590.0 596.0 601.0 607.0 613.0 619.0 624.0 630.0 636.0 641.0 203.0
617.0 640.0 642.0 645.0 647.0 650.0 652.0 655.0 657.0 659.0 662.0 664.0 667.0 670.0 672.0 675.0 678.0 680.0 683.0 686.0 689.0 692.0 695.0 698.0 701.0 704.0 707.0 710.0 713.0 716.0 719.0 722.0 725.0 728.0 731.0 734.0 737.0 740.0 744.0 746.0 749.0 752.0 755.0 758.0 761.0 764.0 767.0 770.0 773.0 777.0 779.0 782.0 785.0 788.0 791.0 794.0 796.0 799.0 802.0 804.0 807.0 810.0 812.0 814.0 817.0 819.0 822.0 824.0 826.0 828.0 830.0 833.0 835.0 837.0 840.0 842.0 844.0 847.0 849.0 852.0 855.0 857.0 860.0 863.0 866.0 869.0 872.0 875.0 879.0 882.0 885.0 889.0 892.0 896.0 899.0 903.0 907.0 910.0 913.0 918.0 5.0 50.0 56.0 62.0 68.0 75.0 81.0 87.0 93.0 99.0 105.0 112.0 118.0 124.0 130.0 136.0 142.0 148.0 154.0 160.0 166.0 173.0 179.0 185.0 191.0 197.0 203.0 209.0 215.0 221.0 227.0 233.0 238.0 244.0 250.0 256.0 262.0 268.0 274.0 280.0 286.0 292.0 298.0 304.0 310.0 316.0 322.0 328.0 334.0 340.0 346.0 352.0 358.0 364.0 370.0 376.0 382.0 388.0 394.0 400.0 407.0 413.0 419.0 425.0 431.0 437.0 443.0 450.0 456.0 462.0 469.0 475.0 481.0 487.0 494.0 500.0 506.0 512.0 518.0 524.0 531.0 537.0 543.0 549.0 555.0 560.0 566.0 572.0 578.0 584.0 590.0 596.0 601.0 607.0 613.0 619.0 624.0 630.0 636.0 641.0 204.0
617.0 639.0 642.0 644.0 646.0 649.0 651.0 654.0 656.0 658.0 661.0 663.0 666.0 668.0 671.0 674.0 676.0 679.0 681.0 684.0 687.0 690.0 693.0 695.0 698.0 701.0 704.0 707.0 709.0 712.0 715.0 718.0 721.0 724.0 727.0 730.0 733.0 736.0 739.0 742.0 745.0 748.0 751.0 754.0 756.0 759.0 762.0 765.0 768.0 771.0 774.0 776.0 779.0 782.0 784.0 787.0 790.0 792.0 795.0 797.0 800.0 802.0 804.0 807.0 809.0 811.0 814.0 816.0 818.0 820.0 822.0 824.0 826.0 828.0 830.0 833.0 835.0 837.0 839.0 842.0 844.0 847.0 849.0 852.0 855.0 857.0 860.0 863.0 866.0 869.0 873.0 875.0 879.0 882.0 885.0 889.0 893.0 896.0 899.0 903.0 5.0 49.0 55.0 62.0 68.0 74.0 80.0 86.0 92.0 99.0 105.0 111.0 117.0 123.0 129.0 135.0 141.0 147.0 153.0 159.0 165.0 171.0 177.0 183.0 189.0 195.0 201.0 207.0 214.0 219.0 225.0 231.0 237.0 243.0 249.0 255.0 261.0 267.0 273.0 279.0 285.0 291.0 297.0 303.0 309.0 315.0 321.0 327.0 333.0 339.0 345.0 351.0 357.0 363.0 369.0 375.0 381.0 387.0 393.0 399.0 405.0 411.0 417.0 423.0 429.0 436.0 442.0 448.0 454.0 461.0 467.0 473.0 479.0 486.0 492.0 498.0 505.0 511.0 517.0 523.0 529.0 535.0 541.0 547.0 553.0 559.0 565.0 571.0 577.0 583.0 589.0 595.0 600.0 606.0 612.0 618.0 623.0 629.0 635.0 640.0 205.0
617.0 638.0 640.0 643.0 645.0 647.0 649.0 651.0 653.0 656.0 658.0 660.0 662.0 665.0 667.0 669.0 671.0 674.0 677.0 679.0 681.0 684.0 686.0 689.0 691.0 694.0 697.0 699.0 702.0 704.0 707.0 710.0 712.0 715.0 718.0 720.0 723.0 726.0 729.0 731.0 734.0 736.0 739.0 741.0 744.0 747.0 749.0 752.0 754.0 757.0 759.0 762.0 764.0 767.0 769.0 772.0 774.0 776.0 778.0 781.0 783.0 785.0 787.0 789.0 791.0 793.0 795.0 797.0 798.0 800.0 802.0 804.0 806.0 807.0 809.0 811.0 812.0 814.0 816.0 818.0 820.0 822.0 825.0 827.0 829.0 831.0 834.0 836.0 839.0 841.0 844.0 847.0 849.0 852.0 855.0 858.0 861.0 864.0 867.0 871.0 5.0 49.0 55.0 61.0 67.0 73.0 79.0 85.0 91.0 98.0 104.0 110.0 116.0 122.0 128.0 134.0 140.0 146.0 152.0 158.0 164.0 170.0 176.0 182.0 188.0 194.0 200.0 206.0 212.0 218.0 224.0 230.0 236.0 241.0 247.0 253.0 259.0 265.0 271.0 277.0 283.0 289.0 295.0 301.0 307.0 313.0 319.0 325.0 331.0 337.0 343.0 349.0 355.0 361.0 367.0 373.0 379.0 385.0 391.0 397.0 403.0 409.0 415.0 421.0 427.0 434.0 440.0 446.0 452.0 459.0 465.0 471.0 477.0 484.0 490.0 496.0 503.0 509.0 515.0 521.0 527.0 534.0 540.0 546.0 552.0 558.0 564.0 570.0 576.0 582.0 588.0 594.0 599.0 605.0 611.0 617.0 623.0 629.0 634.0 639.0 206.0
617.0 636.0 638.0 640.0 642.0 644.0 646.0 648.0 650.0 652.0 653.0 655.0 657.0 659.0 661.0 663.0 665.0 667.0 669.0 672.0 674.0 676.0 678.0 680.0 682.0 685.0 687.0 689.0 691.0 694.0 696.0 698.0 700.0 702.0 705.0 707.0 709.0 712.0 714.0 716.0 718.0 721.0 723.0 725.0 727.0 729.0 731.0 734.0 736.0 738.0 740.0 742.0 744.0 746.0 748.0 750.0 752.0 754.0 756.0 758.0 759.0 761.0 763.0 765.0 766.0 768.0 769.0 771.0 772.0 773.0 775.0 776.0 777.0 779.0 780.0 781.0 782.0 784.0 785.0 787.0 788.0 790.0 791.0 793.0 795.0 796.0 799.0 800.0 802.0 804.0 807.0 808.0 811.0 813.0 815.0 818.0 820.0 822.0 825.0 828.0 5.0 48.0 54.0 60.0 66.0 73.0 78.0 84.0 90.0 96.0 102.0 109.0 115.0 121.0 127.0 132.0 138.0 145.0 151.0 157.0 163.0 169.0 175.0 180.0 186.0 192.0 198.0 204.0 210.0 216.0 222.0 228.0 234.0 239.0 245.0 251.0 257.0 263.0 269.0 275.0 281.0 287.0 293.0 298.0 304.0 310.0 316.0 322.0 328.0 334.0 340.0 346.0 352.0 358.0 364.0 370.0 376.0 382.0 388.0 394.0 400.0 406.0 413.0 419.0 425.0 431.0 437.0 443.0 450.0 456.0 462.0 468.0 475.0 481.0 487.0 494.0 500.0 506.0 513.0 519.0 525.0 531.0 537.0 543.0 549.0 556.0 562.0 568.0 574.0 580.0 586.0 592.0 597.0 603.0 609.0 615.0 621.0 627.0 633.0 638.0 207.0
617.0 633.0 635.0 637.0 638.0 639.0 641.0 643.0 644.0 645.0 647.0 648.0 650.0 651.0 653.0 654.0 656.0 658.0 659.0 661.0 663.0 664.0 666.0 668.0 669.0 671.0 673.0 675.0 676.0 678.0 680.0 682.0 683.0 685.0 687.0 688.0 690.0 692.0 694.0 695.0 697.0 699.0 700.0 702.0 704.0 705.0 707.0 708.0 710.0 712.0 713.0 715.0 716.0 718.0 719.0 721.0 722.0 724.0 725.0 726.0 727.0 728.0 730.0 731.0 732.0 733.0 734.0 734.0 735.0 736.0 737.0 738.0 738.0 739.0 740.0 740.0 741.0 742.0 742.0 743.0 744.0 745.0 746.0 747.0 748.0 749.0 750.0 751.0 753.0 754.0 756.0 757.0 759.0 760.0 762.0 764.0 765.0 767.0 769.0 771.0 5.0 48.0 54.0 60.0 66.0 72.0 78.0 84.0 90.0 96.0 102.0 108.0 114.0 120.0 126.0 132.0 138.0 144.0 150.0 156.0 162.0 168.0 174.0 180.0 185.0 191.0 197.0 203.0 209.0 215.0 221.0 227.0 233.0 239.0 245.0 251.0 256.0 262.0 268.0 274.0 280.0 286.0 292.0 298.0 304.0 310.0 316.0 322.0 328.0 334.0 340.0 346.0 352.0 358.0 364.0 370.0 376.0 382.0 388.0 394.0 400.0 406.0 412.0 418.0 424.0 430.0 437.0 443.0 449.0 455.0 461.0 467.0 474.0 480.0 486.0 492.0 498.0 504.0 511.0 517.0 523.0 529.0 535.0 541.0 547.0 553.0 559.0 565.0 571.0 577.0 583.0 589.0 595.0 601.0 607.0 613.0 619.0 625.0 631.0 636.0 208.0
617.0 629.0 631.0 632.0 633.0 634.0 635.0 636.0 637.0 638.0 639.0 640.0 641.0 642.0 643.0 644.0 645.0 646.0 647.0 648.0 649.0 651.0 652.0 653.0 654.0 655.0 656.0 657.0 658.0 659.0 661.0 662.0 663.0 664.0 665.0 666.0 667.0 668.0 669.0 671.0 671.0 673.0 674.0 675.0 676.0 677.0 678.0 679.0 680.0 681.0 681.0 683.0 683.0 684.0 685.0 686.0 686.0 687.0 688.0 688.0 689.0 689.0 690.0 690.0 691.0 691.0 691.0 691.0 691.0 692.0 692.0 692.0 692.0 692.0 692.0 692.0 692.0 692.0 692.0 692.0 692.0 692.0 693.0 693.0 693.0 693.0 694.0 694.0 695.0 696.0 697.0 697.0 698.0 699.0 700.0 701.0 702.0 703.0 705.0 706.0 5.0 49.0 55.0 61.0 67.0 74.0 79.0 85.0 91.0 97.0 103.0 109.0 115.0 121.0 127.0 133.0 139.0 146.0 152.0 158.0 164.0 170.0 176.0 182.0 187.0 193.0 199.0 205.0 211.0 217.0 223.0 229.0 235.0 241.0 247.0 253.0 259.0 265.0 271.0 277.0 283.0 289.0 295.0 300.0 306.0 312.0 318.0 324.0 330.0 336.0 342.0 348.0 354.0 360.0 366.0 372.0 378.0 384.0 390.0 395.0 401.0 408.0 413.0 419.0 425.0 431.0 437.0 443.0 449.0 455.0 461.0 467.0 473.0 479.0 485.0 491.0 497.0 503.0 509.0 515.0 521.0 527.0 533.0 539.0 544.0 550.0 556.0 562.0 568.0 574.0 580.0 586.0 592.0 598.0 604.0 610.0 616.0 622.0 627.0 633.0 209.0
617.0 625.0 626.0 627.0 627.0 628.0 629.0 629.0 629.0 630.0 630.0 630.0 631.0 631.0 632.0 632.0 633.0 633.0 634.0 634.0 634.0 635.0 635.0 636.0 636.0 637.0 637.0 638.0 638.0 639.0 640.0 640.0 640.0 641.0 641.0 641.0 642.0 642.0 643.0 643.0 643.0 644.0 644.0 645.0 645.0 645.0 646.0 646.0 646.0 647.0 646.0 647.0 647.0 647.0 647.0 647.0 647.0 647.0 647.0 647.0 647.0 646.0 646.0 646.0 645.0 645.0 645.0 644.0 643.0 643.0 642.0 641.0 641.0 640.0 639.0 638.0 638.0 637.0 637.0 636.0 635.0 635.0 635.0 634.0 634.0 634.0 634.0 633.0 633.0 634.0 634.0 634.0 634.0 634.0 635.0 635.0 635.0 636.0 636.0 637.0 5.0 52.0 58.0 64.0 70.0 76.0 82.0 88.0 94.0 100.0 106.0 112.0 118.0 124.0 130.0 136.0 142.0 148.0 154.0 160.0 166.0 172.0 178.0 184.0 190.0 196.0 202.0 208.0 214.0 220.0 226.0 232.0 238.0 244.0 250.0 256.0 262.0 268.0 274.0 280.0 286.0 292.0 298.0 304.0 310.0 316.0 322.0 328.0 333.0 339.0 345.0 351.0 357.0 363.0 369.0 375.0 381.0 387.0 393.0 398.0 404.0 410.0 416.0 422.0 428.0 434.0 440.0 445.0 451.0 457.0 463.0 469.0 475.0 480.0 486.0 492.0 498.0 503.0 510.0 515.0 521.0 527.0 533.0 539.0 544.0 550.0 556.0 562.0 568.0 574.0 580.0 586.0 592.0 598.0 604.0 610.0 616.0 622.0 628.0 633.0 210.0
617.0 621.0 621.0 621.0 622.0 622.0 622.0 621.0 621.0 621.0 621.0 621.0 621.0 621.0 620.0 620.0 620.0 620.0 620.0 620.0 620.0 619.0 619.0 619.0 619.0 619.0 619.0 619.0 618.0 619.0 618.0 618.0 618.0 618.0 617.0 617.0 617.0 617.0 617.0 617.0 616.0 616.0 615.0 615.0 615.0 614.0 614.0 613.0 613.0 613.0 612.0 612.0 611.0 610.0 610.0 609.0 609.0 608.0 607.0 606.0 605.0 604.0 603.0 602.0 601.0 599.0 598.0 597.0 596.0 594.0 593.0 592.0 590.0 589.0 587.0 586.0 584.0 583.0 582.0 581.0 579.0 578.0 577.0 577.0 575.0 575.0 574.0 573.0 573.0 572.0 572.0 571.0 571.0 570.0 570.0 570.0 570.0 569.0 569.0 569.0 5.0 53.0 60.0 66.0 72.0 78.0 84.0 90.0 96.0 102.0 108.0 114.0 120.0 126.0 133.0 139.0 145.0 151.0 157.0 163.0 169.0 175.0 181.0 187.0 193.0 199.0 205.0 211.0 217.0 223.0 229.0 235.0 241.0 247.0 253.0 259.0 265.0 271.0 277.0 283.0 289.0 295.0 301.0 307.0 313.0 319.0 324.0 330.0 336.0 342.0 348.0 354.0 360.0 366.0 372.0 378.0 384.0 390.0 395.0 401.0 407.0 413.0 418.0 424.0 430.0 435.0 442.0 447.0 453.0 459.0 464.0 470.0 476.0 481.0 487.0 493.0 499.0 504.0 510.0 516.0 522.0 528.0 533.0 539.0 545.0 551.0 557.0 563.0 569.0 575.0 581.0 587.0 593.0 598.0 604.0 610.0 616.0 622.0 628.0 634.0 211.0
617.0 617.0 617.0 617.0 616.0 615.0 615.0 614.0 614.0 613.0 612.0 612.0 611.0 611.0 610.0 609.0 608.0 608.0 607.0 606.0 606.0 605.0 604.0 604.0 603.0 602.0 602.0 601.0 600.0 599.0 599.0 598.0 597.0 596.0 595.0 595.0 594.0 593.0 592.0 591.0 590.0 590.0 588.0 588.0 586.0 585.0 584.0 583.0 582.0 581.0 580.0 578.0 577.0 576.0 574.0 573.0 572.0 570.0 569.0 567.0 565.0 563.0 562.0 560.0 558.0 556.0 554.0 552.0 550.0 548.0 546.0 544.0 542.0 540.0 538.0 536.0 534.0 532.0 530.0 528.0 526.0 525.0 523.0 522.0 520.0 519.0 518.0 516.0 515.0 514.0 513.0 512.0 511.0 510.0 509.0 508.0 507.0 506.0 505.0 504.0 5.0 56.0 62.0 68.0 75.0 81.0 87.0 93.0 99.0 105.0 111.0 117.0 124.0 130.0 136.0 142.0 148.0 154.0 160.0 166.0 172.0 179.0 185.0 191.0 197.0 203.0 209.0 215.0 221.0 227.0 233.0 239.0 245.0 251.0 257.0 263.0 269.0 275.0 281.0 287.0 293.0 299.0 305.0 311.0 317.0 323.0 328.0 334.0 340.0 346.0 352.0 358.0 364.0 370.0 375.0 381.0 387.0 393.0 398.0 404.0 410.0 416.0 421.0 427.0 433.0 438.0 444.0 449.0 455.0 461.0 466.0 472.0 478.0 483.0 489.0 495.0 500.0 506.0 512.0 517.0 523.0 529.0 535.0 541.0 546.0 552.0 558.0 564.0 570.0 576.0 582.0 588.0 594.0 600.0 606.0 612.0 618.0 623.0 629.0 635.0 212.0
617.0 614.0 613.0 612.0 612.0 611.0 610.0 609.0 608.0 607.0 606.0 605.0 604.0 603.0 601.0 600.0 599.0 598.0 597.0 596.0 594.0 593.0 592.0 591.0 590.0 589.0 588.0 586.0 585.0 584.0 583.0 581.0 580.0 579.0 577.0 576.0 575.0 573.0 572.0 570.0 569.0 568.0 566.0 565.0 563.0 561.0 560.0 558.0 556.0 555.0 553.0 551.0 549.0 547.0 545.0 543.0 541.0 539.0 537.0 534.0 532.0 529.0 527.0 525.0 522.0 519.0 517.0 514.0 511.0 509.0 506.0 503.0 501.0 498.0 496.0 493.0 491.0 488.0 486.0 484.0 482.0 479.0 477.0 475.0 473.0 472.0 470.0 468.0 466.0 464.0 463.0 461.0 459.0 458.0 456.0 454.0 453.0 451.0 449.0 448.0 5.0 58.0 64.0 70.0 76.0 82.0 89.0 95.0 101.0 107.0 113.0 119.0 126.0 132.0 138.0 144.0 150.0 156.0 162.0 168.0 175.0 181.0 187.0 193.0 199.0 205.0 211.0 217.0 223.0 229.0 236.0 242.0 248.0 254.0 260.0 266.0 272.0 278.0 284.0 290.0 296.0 302.0 308.0 314.0 320.0 326.0 331.0 337.0 343.0 349.0 355.0 361.0 367.0 372.0 378.0 384.0 390.0 395.0 401.0 407.0 413.0 418.0 424.0 429.0 435.0 440.0 446.0 452.0 457.0 463.0 468.0 474.0 480.0 485.0 491.0 497.0 502.0 508.0 514.0 519.0 525.0 531.0 537.0 542.0 548.0 554.0 560.0 566.0 572.0 578.0 584.0 590.0 596.0 601.0 607.0 613.0 619.0 625.0 631.0 637.0 213.0
617.0 612.0 610.0 610.0 609.0 607.0 606.0 605.0 603.0 602.0 600.0 599.0 598.0 596.0 595.0 593.0 592.0 590.0 589.0 587.0 586.0 584.0 583.0 581.0 579.0 578.0 576.0 575.0 573.0 572.0 570.0 568.0 566.0 565.0 563.0 561.0 559.0 557.0 556.0 554.0 552.0 550.0 548.0 546.0 544.0 542.0 540.0 537.0 536.0 533.0 531.0 529.0 526.0 524.0 521.0 519.0 516.0 513.0 511.0 507.0 505.0 502.0 499.0 496.0 493.0 489.0 486.0 483.0 480.0 477.0 474.0 470.0 467.0 464.0 461.0 458.0 455.0 453.0 450.0 447.0 445.0 442.0 440.0 437.0 435.0 433.0 430.0 428.0 426.0 424.0 422.0 419.0 417.0 415.0 413.0 410.0 408.0 406.0 404.0 401.0 5.0 58.0 64.0 71.0 77.0 83.0 90.0 96.0 102.0 108.0 114.0 120.0 127.0 133.0 139.0 146.0 152.0 158.0 164.0 170.0 176.0 183.0 189.0 195.0 201.0 207.0 213.0 219.0 225.0 231.0 237.0 244.0 250.0 256.0 262.0 268.0 274.0 280.0 286.0 292.0 298.0 304.0 310.0 316.0 322.0 328.0 334.0 340.0 345.0 351.0 357.0 363.0 369.0 375.0 380.0 386.0 392.0 398.0 403.0 409.0 415.0 420.0 426.0 431.0 437.0 442.0 448.0 454.0 459.0 465.0 470.0 476.0 481.0 487.0 492.0 498.0 504.0 509.0 515.0 521.0 527.0 533.0 538.0 544.0 550.0 556.0 562.0 568.0 574.0 580.0 586.0 591.0 597.0 603.0 609.0 615.0 621.0 626.0 632.0 638.0 214.0
617.0 610.0 608.0 607.0 606.0 604.0 603.0 602.0 600.0 598.0 597.0 595.0 593.0 592.0 590.0 588.0 586.0 584.0 583.0 581.0 579.0 578.0 575.0 574.0 572.0 570.0 568.0 566.0 564.0 562.0 561.0 558.0 556.0 555.0 552.0 551.0 548.0 546.0 544.0 542.0 540.0 537.0 535.0 533.0 530.0 528.0 526.0 523.0 520.0 518.0 515.0 513.0 510.0 507.0 504.0 501.0 498.0 495.0 492.0 488.0 485.0 482.0 478.0 475.0 472.0 468.0 465.0 461.0 457.0 454.0 450.0 447.0 443.0 440.0 437.0 434.0 430.0 428.0 424.0 421.0 419.0 416.0 413.0 411.0 408.0 405.0 403.0 400.0 398.0 395.0 393.0 390.0 387.0 385.0 382.0 379.0 377.0 374.0 371.0 369.0 5.0 59.0 66.0 72.0 78.0 84.0 91.0 97.0 103.0 110.0 116.0 122.0 128.0 134.0 141.0 147.0 153.0 159.0 166.0 172.0 178.0 184.0 190.0 196.0 202.0 208.0 215.0 221.0 227.0 233.0 239.0 245.0 251.0 257.0 264.0 270.0 276.0 282.0 288.0 294.0 300.0 306.0 312.0 318.0 324.0 330.0 335.0 341.0 347.0 353.0 359.0 365.0 370.0 376.0 382.0 388.0 393.0 399.0 405.0 410.0 416.0 422.0 427.0 432.0 438.0 443.0 449.0 455.0 460.0 466.0 471.0 477.0 482.0 488.0 493.0 499.0 505.0 510.0 516.0 522.0 528.0 534.0 539.0 545.0 551.0 557.0 563.0 569.0 575.0 581.0 586.0 592.0 598.0 604.0 610.0 616.0 621.0 627.0 633.0 639.0 215.0
617.0 608.0 607.0 606.0 604.0 603.0 601.0 599.0 598.0 596.0 594.0 592.0 591.0 589.0 586.0 585.0 583.0 581.0 579.0 577.0 575.0 573.0 571.0 569.0 567.0 565.0 563.0 561.0 559.0 557.0 555.0 553.0 551.0 548.0 546.0 544.0 542.0 539.0 537.0 535.0 532.0 530.0 528.0 525.0 522.0 520.0 517.0 515.0 512.0 509.0 506.0 503.0 500.0 497.0 494.0 491.0 488.0 485.0 481.0 478.0 474.0 471.0 467.0 463.0 460.0 456.0 452.0 449.0 445.0 441.0 437.0 434.0 430.0 427.0 423.0 420.0 417.0 414.0 411.0 407.0 404.0 402.0 399.0 396.0 393.0 390.0 388.0 385.0 383.0 380.0 377.0 374.0 371.0 369.0 366.0 363.0 360.0 357.0 354.0 351.0 5.0 60.0 67.0 73.0 79.0 86.0 92.0 98.0 105.0 111.0 117.0 123.0 130.0 136.0 142.0 148.0 154.0 161.0 167.0 173.0 179.0 185.0 191.0 198.0 204.0 210.0 216.0 222.0 228.0 234.0 241.0 247.0 253.0 259.0 265.0 271.0 277.0 283.0 289.0 295.0 301.0 307.0 313.0 319.0 325.0 331.0 337.0 342.0 348.0 354.0 360.0 366.0 371.0 377.0 383.0 389.0 394.0 400.0 406.0 411.0 417.0 422.0 428.0 433.0 439.0 444.0 450.0 455.0 461.0 466.0 472.0 477.0 483.0 489.0 494.0 500.0 505.0 511.0 517.0 522.0 528.0 534.0 540.0 546.0 552.0 557.0 563.0 569.0 575.0 581.0 587.0 593.0 599.0 605.0 611.0 616.0 622.0 628.0 633.0 639.0 216.0
617.0 608.0 607.0 605.0 604.0 602.0 600.0 599.0 597.0 595.0 593.0 592.0 590.0 588.0 586.0 584.0 582.0 580.0 578.0 576.0 574.0 572.0 570.0 568.0 566.0 564.0 562.0 560.0 558.0 556.0 554.0 552.0 550.0 547.0 545.0 543.0 540.0 538.0 536.0 534.0 531.0 529.0 526.0 524.0 521.0 519.0 516.0 513.0 511.0 508.0 505.0 502.0 499.0 496.0 493.0 490.0 487.0 483.0 480.0 477.0 473.0 470.0 466.0 462.0 459.0 455.0 451.0 448.0 444.0 440.0 436.0 433.0 429.0 426.0 422.0 419.0 416.0 413.0 409.0 406.0 403.0 401.0 398.0 395.0 392.0 389.0 387.0 384.0 381.0 379.0 376.0 373.0 371.0 368.0 365.0 362.0 359.0 357.0 354.0 351.0 5.0 60.0 67.0 73.0 79.0 86.0 92.0 98.0 104.0 111.0 117.0 123.0 129.0 135.0 142.0 148.0 154.0 161.0 167.0 173.0 179.0 185.0 191.0 198.0 204.0 210.0 216.0 222.0 228.0 234.0 240.0 246.0 253.0 259.0 265.0 271.0 277.0 283.0 289.0 295.0 301.0 307.0 313.0 319.0 325.0 331.0 336.0 342.0 348.0 354.0 360.0 366.0 371.0 377.0 383.0 389.0 394.0 400.0 405.0 411.0 417.0 422.0 428.0 433.0 439.0 444.0 450.0 455.0 460.0 466.0 471.0 477.0 482.0 488.0 494.0 499.0 505.0 510.0 516.0 522.0 528.0 534.0 539.0 545.0 551.0 557.0 563.0 569.0 575.0 581.0 587.0 592.0 598.0 604.0 610.0 616.0 622.0 628.0 633.0 639.0 217.0
617.0 608.0 607.0 606.0 604.0 603.0 601.0 599.0 598.0 596.0 595.0 593.0 591.0 589.0 587.0 585.0 584.0 582.0 580.0 578.0 576.0 575.0 573.0 571.0 569.0 567.0 565.0 563.0 561.0 559.0 557.0 555.0 553.0 551.0 549.0 547.0 545.0 543.0 540.0 538.0 536.0 534.0 532.0 529.0 527.0 524.0 522.0 520.0 517.0 514.0 511.0 509.0 506.0 503.0 501.0 498.0 495.0 491.0 489.0 485.0 482.0 479.0 475.0 472.0 468.0 465.0 461.0 458.0 455.0 451.0 447.0 444.0 440.0 437.0 434.0 430.0 427.0 424.0 421.0 418.0 416.0 413.0 410.0 407.0 405.0 402.0 400.0 397.0 395.0 392.0 390.0 387.0 385.0 382.0 380.0 377.0 375.0 372.0 370.0 367.0 5.0 60.0 67.0 73.0 79.0 86.0 92.0 98.0 104.0 111.0 117.0 123.0 129.0 135.0 141.0 148.0 154.0 160.0 166.0 172.0 178.0 185.0 191.0 197.0 203.0 209.0 215.0 221.0 227.0 233.0 239.0 246.0 252.0 258.0 264.0 270.0 276.0 282.0 288.0 294.0 300.0 306.0 312.0 318.0 324.0 330.0 336.0 342.0 347.0 353.0 359.0 365.0 371.0 377.0 382.0 388.0 394.0 399.0 405.0 410.0 416.0 422.0 427.0 432.0 438.0 443.0 449.0 454.0 460.0 465.0 471.0 476.0 482.0 487.0 493.0 499.0 504.0 510.0 515.0 521.0 527.0 533.0 538.0 544.0 550.0 556.0 562.0 568.0 574.0 580.0 586.0 591.0 597.0 603.0 609.0 615.0 621.0 626.0 632.0 638.0 218.0
617.0 610.0 609.0 608.0 606.0 605.0 604.0 602.0 601.0 599.0 598.0 596.0 595.0 593.0 591.0 589.0 588.0 586.0 585.0 583.0 581.0 580.0 578.0 577.0 575.0 574.0 572.0 570.0 568.0 567.0 565.0 563.0 562.0 560.0 558.0 556.0 554.0 552.0 550.0 548.0 546.0 545.0 542.0 541.0 538.0 536.0 534.0 532.0 530.0 527.0 525.0 523.0 521.0 518.0 515.0 513.0 510.0 507.0 505.0 502.0 499.0 496.0 493.0 490.0 487.0 484.0 481.0 477.0 474.0 471.0 468.0 464.0 462.0 458.0 455.0 452.0 449.0 447.0 444.0 441.0 439.0 436.0 433.0 431.0 428.0 426.0 424.0 422.0 419.0 417.0 415.0 413.0 411.0 409.0 407.0 405.0 402.0 400.0 398.0 395.0 5.0 58.0 65.0 71.0 77.0 84.0 90.0 96.0 102.0 108.0 114.0 121.0 127.0 133.0 139.0 145.0 151.0 158.0 164.0 170.0 176.0 182.0 188.0 195.0 201.0 207.0 213.0 219.0 225.0 231.0 237.0 243.0 249.0 255.0 261.0 267.0 274.0 280.0 286.0 292.0 298.0 304.0 310.0 316.0 322.0 328.0 333.0 339.0 345.0 351.0 357.0 363.0 368.0 374.0 380.0 386.0 391.0 397.0 403.0 408.0 414.0 420.0 425.0 431.0 436.0 442.0 447.0 453.0 458.0 464.0 469.0 475.0 480.0 486.0 491.0 497.0 503.0 508.0 514.0 519.0 525.0 531.0 537.0 542.0 548.0 554.0 560.0 566.0 572.0 578.0 584.0 590.0 596.0 601.0 607.0 613.0 619.0 625.0 631.0 637.0 219.0
617.0 612.0 612.0 611.0 610.0 608.0 608.0 606.0 605.0 604.0 603.0 602.0 601.0 599.0 598.0 597.0 596.0 594.0 593.0 592.0 590.0 589.0 588.0 587.0 586.0 584.0 583.0 582.0 580.0 579.0 578.0 576.0 575.0 574.0 572.0 571.0 569.0 568.0 566.0 565.0 563.0 562.0 560.0 559.0 557.0 555.0 554.0 552.0 550.0 549.0 547.0 545.0 543.0 541.0 539.0 537.0 535.0 533.0 530.0 528.0 526.0 523.0 521.0 518.0 516.0 513.0 510.0 508.0 505.0 502.0 500.0 497.0 494.0 491.0 489.0 486.0 484.0 481.0 479.0 476.0 474.0 472.0 470.0 467.0 465.0 464.0 462.0 460.0 458.0 456.0 454.0 453.0 451.0 449.0 448.0 446.0 444.0 443.0 441.0 439.0 5.0 57.0 63.0 69.0 75.0 82.0 88.0 94.0 100.0 106.0 112.0 118.0 124.0 131.0 137.0 143.0 149.0 155.0 161.0 167.0 173.0 179.0 185.0 192.0 198.0 204.0 210.0 216.0 222.0 228.0 234.0 240.0 246.0 252.0 258.0 264.0 271.0 277.0 283.0 289.0 295.0 301.0 307.0 313.0 319.0 325.0 330.0 336.0 342.0 348.0 354.0 360.0 366.0 372.0 377.0 383.0 389.0 394.0 400.0 406.0 411.0 417.0 423.0 428.0 434.0 439.0 445.0 450.0 456.0 461.0 467.0 472.0 478.0 483.0 489.0 494.0 500.0 506.0 511.0 517.0 523.0 528.0 534.0 540.0 546.0 551.0 557.0 563.0 569.0 575.0 581.0 587.0 593.0 599.0 605.0 610.0 616.0 622.0 628.0 634.0 220.0
617.0 616.0 616.0 615.0 615.0 614.0 613.0 613.0 612.0 611.0 611.0 610.0 609.0 608.0 608.0 607.0 606.0 605.0 604.0 604.0 603.0 602.0 602.0 601.0 600.0 599.0 599.0 598.0 597.0 596.0 595.0 594.0 594.0 593.0 592.0 591.0 591.0 589.0 589.0 588.0 587.0 586.0 585.0 584.0 583.0 582.0 581.0 580.0 579.0 577.0 576.0 575.0 574.0 573.0 571.0 570.0 568.0 567.0 565.0 564.0 562.0 561.0 558.0 557.0 555.0 553.0 551.0 549.0 547.0 545.0 543.0 541.0 539.0 537.0 535.0 533.0 531.0 529.0 527.0 525.0 523.0 522.0 520.0 518.0 517.0 515.0 514.0 513.0 511.0 510.0 509.0 508.0 507.0 506.0 505.0 503.0 502.0 501.0 501.0 499.0 5.0 55.0 61.0 67.0 73.0 79.0 85.0 91.0 97.0 103.0 109.0 116.0 122.0 128.0 134.0 140.0 146.0 152.0 158.0 164.0 170.0 176.0 182.0 188.0 194.0 200.0 206.0 212.0 218.0 224.0 230.0 236.0 242.0 248.0 254.0 260.0 267.0 273.0 279.0 284.0 290.0 296.0 302.0 308.0 314.0 320.0 326.0 332.0 338.0 344.0 350.0 356.0 361.0 367.0 373.0 379.0 385.0 391.0 396.0 402.0 408.0 414.0 419.0 425.0 431.0 437.0 442.0 448.0 453.0 459.0 465.0 471.0 476.0 482.0 487.0 493.0 499.0 504.0 510.0 515.0 521.0 527.0 533.0 539.0 544.0 550.0 556.0 562.0 568.0 574.0 580.0 586.0 592.0 598.0 604.0 610.0 616.0 622.0 627.0 633.0 221.0
617.0 620.0 620.0 620.0 620.0 620.0 620.0 619.0 619.0 619.0 619.0 618.0 618.0 618.0 618.0 617.0 617.0 617.0 617.0 617.0 616.0 616.0 616.0 616.0 616.0 615.0 615.0 615.0 615.0 615.0 614.0 614.0 614.0 614.0 614.0 613.0 613.0 613.0 613.0 612.0 612.0 612.0 611.0 611.0 611.0 611.0 610.0 609.0 609.0 609.0 608.0 607.0 607.0 606.0 606.0 605.0 604.0 604.0 603.0 602.0 601.0 600.0 599.0 598.0 597.0 595.0 594.0 593.0 592.0 590.0 589.0 588.0 586.0 585.0 583.0 582.0 581.0 580.0 578.0 577.0 576.0 575.0 574.0 573.0 572.0 571.0 570.0 570.0 569.0 568.0 567.0 567.0 566.0 566.0 566.0 565.0 565.0 564.0 564.0 564.0 5.0 54.0 60.0 66.0 72.0 78.0 84.0 90.0 96.0 102.0 108.0 114.0 120.0 126.0 132.0 138.0 144.0 150.0 156.0 162.0 168.0 174.0 180.0 186.0 192.0 198.0 204.0 210.0 216.0 222.0 228.0 234.0 240.0 246.0 252.0 258.0 264.0 270.0 276.0 282.0 287.0 293.0 299.0 305.0 311.0 317.0 323.0 329.0 335.0 340.0 346.0 352.0 358.0 364.0 370.0 376.0 382.0 387.0 393.0 399.0 405.0 411.0 417.0 423.0 428.0 434.0 440.0 446.0 451.0 457.0 463.0 469.0 475.0 480.0 486.0 492.0 498.0 504.0 510.0 516.0 522.0 527.0 533.0 539.0 545.0 551.0 557.0 563.0 569.0 575.0 581.0 587.0 593.0 599.0 605.0 610.0 616.0 622.0 628.0 634.0 222.0
617.0 624.0 624.0 625.0 625.0 625.0 626.0 626.0 626.0 627.0 627.0 627.0 627.0 628.0 628.0 628.0 629.0 629.0 629.0 630.0 630.0 631.0 631.0 631.0 632.0 632.0 633.0 633.0 633.0 634.0 634.0 634.0 635.0 636.0 636.0 636.0 637.0 637.0 637.0 638.0 638.0 638.0 638.0 639.0 639.0 639.0 640.0 640.0 640.0 640.0 640.0 641.0 641.0 641.0 641.0 641.0 641.0 641.0 641.0 641.0 640.0 640.0 640.0 639.0 639.0 638.0 638.0 637.0 637.0 636.0 635.0 635.0 634.0 634.0 633.0 632.0 632.0 631.0 631.0 629.0 629.0 629.0 628.0 628.0 628.0 628.0 627.0 627.0 627.0 627.0 627.0 628.0 628.0 628.0 628.0 628.0 629.0 629.0 630.0 630.0 5.0 53.0 59.0 65.0 71.0 77.0 83.0 89.0 95.0 101.0 107.0 113.0 119.0 125.0 131.0 137.0 143.0 149.0 155.0 161.0 167.0 173.0 179.0 185.0 191.0 197.0 203.0 209.0 214.0 220.0 226.0 232.0 238.0 244.0 250.0 256.0 262.0 268.0 274.0 280.0 285.0 291.0 297.0 303.0 309.0 315.0 321.0 327.0 333.0 338.0 344.0 350.0 356.0 362.0 368.0 374.0 380.0 386.0 392.0 398.0 403.0 409.0 415.0 421.0 427.0 433.0 439.0 445.0 451.0 457.0 463.0 469.0 475.0 480.0 486.0 493.0 498.0 504.0 510.0 516.0 522.0 528.0 534.0 540.0 546.0 552.0 558.0 564.0 570.0 576.0 582.0 588.0 594.0 600.0 606.0 611.0 617.0 623.0 629.0 635.0 223.0
617.0 627.0 628.0 629.0 630.0 631.0 632.0 633.0 633.0 634.0 635.0 636.0 637.0 637.0 638.0 639.0 640.0 641.0 641.0 642.0 644.0 645.0 645.0 646.0 647.0 648.0 650.0 650.0 651.0 652.0 653.0 654.0 655.0 657.0 657.0 658.0 659.0 660.0 661.0 662.0 663.0 664.0 665.0 666.0 667.0 668.0 669.0 670.0 671.0 671.0 672.0 673.0 674.0 674.0 675.0 676.0 677.0 677.0 678.0 678.0 679.0 679.0 679.0 680.0 680.0 680.0 680.0 680.0 681.0 680.0 681.0 681.0 681.0 681.0 681.0 681.0 681.0 681.0 681.0 681.0 681.0 681.0 682.0 682.0 682.0 683.0 683.0 684.0 685.0 685.0 686.0 687.0 688.0 689.0 690.0 691.0 692.0 693.0 694.0 695.0 5.0 51.0 57.0 63.0 70.0 76.0 82.0 88.0 94.0 100.0 106.0 112.0 118.0 124.0 130.0 136.0 142.0 148.0 154.0 160.0 166.0 172.0 178.0 184.0 190.0 196.0 202.0 208.0 214.0 220.0 226.0 232.0 237.0 243.0 249.0 255.0 261.0 267.0 273.0 279.0 285.0 291.0 297.0 303.0 309.0 315.0 320.0 326.0 332.0 338.0 344.0 350.0 356.0 362.0 368.0 374.0 379.0 385.0 391.0 397.0 403.0 409.0 415.0 421.0 427.0 433.0 439.0 445.0 451.0 457.0 463.0 469.0 475.0 481.0 487.0 494.0 500.0 505.0 512.0 518.0 524.0 530.0 536.0 541.0 548.0 554.0 560.0 566.0 572.0 578.0 584.0 590.0 595.0 601.0 607.0 613.0 619.0 625.0 631.0 637.0 224.0
617.0 631.0 632.0 634.0 635.0 636.0 638.0 639.0 640.0 641.0 643.0 644.0 645.0 647.0 648.0 649.0 651.0 652.0 653.0 655.0 657.0 658.0 659.0 661.0 663.0 664.0 666.0 667.0 669.0 670.0 672.0 674.0 675.0 677.0 678.0 680.0 682.0 683.0 685.0 686.0 688.0 689.0 691.0 692.0 694.0 695.0 697.0 698.0 700.0 701.0 702.0 704.0 705.0 707.0 708.0 709.0 711.0 712.0 713.0 714.0 715.0 716.0 717.0 718.0 719.0 720.0 720.0 721.0 722.0 723.0 723.0 724.0 725.0 725.0 726.0 726.0 728.0 728.0 729.0 730.0 730.0 731.0 732.0 733.0 734.0 735.0 737.0 738.0 739.0 741.0 742.0 744.0 745.0 747.0 749.0 750.0 752.0 754.0 756.0 758.0 5.0 51.0 57.0 63.0 69.0 75.0 81.0 88.0 94.0 100.0 106.0 112.0 118.0 124.0 130.0 136.0 142.0 148.0 154.0 160.0 166.0 172.0 178.0 184.0 190.0 196.0 202.0 208.0 214.0 220.0 226.0 232.0 238.0 243.0 249.0 255.0 261.0 267.0 273.0 279.0 285.0 291.0 297.0 303.0 309.0 315.0 321.0 327.0 332.0 338.0 344.0 350.0 356.0 362.0 368.0 374.0 380.0 386.0 392.0 398.0 404.0 410.0 416.0 422.0 428.0 434.0 440.0 446.0 453.0 459.0 465.0 471.0 477.0 483.0 489.0 495.0 501.0 507.0 514.0 520.0 526.0 532.0 538.0 544.0 550.0 556.0 562.0 568.0 574.0 580.0 586.0 592.0 597.0 603.0 609.0 615.0 621.0 627.0 632.0 638.0 225.0
617.0 634.0 636.0 637.0 639.0 640.0 642.0 644.0 646.0 647.0 649.0 651.0 652.0 654.0 656.0 658.0 660.0 661.0 663.0 665.0 667.0 669.0 671.0 673.0 675.0 677.0 679.0 681.0 683.0 685.0 687.0 689.0 691.0 694.0 696.0 698.0 700.0 702.0 704.0 706.0 708.0 710.0 712.0 714.0 716.0 718.0 720.0 722.0 724.0 726.0 728.0 730.0 732.0 734.0 736.0 737.0 739.0 741.0 743.0 744.0 746.0 747.0 749.0 750.0 752.0 753.0 754.0 755.0 757.0 758.0 759.0 760.0 762.0 763.0 764.0 765.0 767.0 768.0 769.0 770.0 772.0 774.0 775.0 777.0 778.0 780.0 782.0 784.0 786.0 788.0 790.0 792.0 794.0 797.0 799.0 801.0 803.0 806.0 808.0 811.0 5.0 50.0 57.0 63.0 69.0 75.0 81.0 87.0 93.0 99.0 105.0 112.0 118.0 124.0 130.0 136.0 142.0 148.0 154.0 160.0 166.0 172.0 178.0 184.0 190.0 196.0 202.0 208.0 214.0 220.0 226.0 232.0 238.0 244.0 250.0 256.0 261.0 267.0 273.0 279.0 285.0 291.0 297.0 303.0 309.0 315.0 321.0 327.0 333.0 338.0 344.0 350.0 356.0 362.0 368.0 375.0 380.0 386.0 392.0 398.0 405.0 411.0 417.0 423.0 429.0 435.0 441.0 447.0 453.0 460.0 466.0 472.0 478.0 484.0 490.0 496.0 503.0 509.0 515.0 521.0 527.0 533.0 539.0 545.0 551.0 557.0 563.0 569.0 575.0 581.0 587.0 593.0 598.0 604.0 610.0 616.0 622.0 628.0 633.0 639.0 226.0
617.0 636.0 638.0 640.0 642.0 644.0 646.0 648.0 650.0 652.0 654.0 656.0 658.0 660.0 662.0 664.0 667.0 669.0 671.0 673.0 676.0 678.0 680.0 682.0 685.0 687.0 689.0 692.0 694.0 697.0 699.0 701.0 704.0 707.0 709.0 711.0 714.0 717.0 719.0 721.0 724.0 726.0 729.0 731.0 734.0 736.0 739.0 741.0 743.0 745.0 748.0 750.0 752.0 755.0 757.0 759.0 761.0 763.0 765.0 767.0 769.0 771.0 773.0 775.0 777.0 778.0 780.0 782.0 784.0 785.0 787.0 788.0 790.0 792.0 793.0 795.0 797.0 798.0 800.0 802.0 804.0 806.0 808.0 810.0 812.0 814.0 817.0 819.0 822.0 824.0 826.0 829.0 832.0 835.0 838.0 840.0 843.0 846.0 849.0 852.0 5.0 50.0 57.0 63.0 69.0 75.0 81.0 87.0 93.0 100.0 106.0 112.0 118.0 124.0 130.0 137.0 143.0 149.0 155.0 161.0 167.0 173.0 179.0 185.0 191.0 197.0 203.0 209.0 215.0 221.0 227.0 233.0 239.0 244.0 250.0 256.0 262.0 268.0 274.0 280.0 286.0 292.0 298.0 304.0 310.0 316.0 321.0 327.0 333.0 339.0 345.0 351.0 357.0 363.0 369.0 375.0 381.0 387.0 393.0 400.0 406.0 412.0 418.0 424.0 430.0 436.0 442.0 448.0 455.0 461.0 467.0 473.0 480.0 486.0 492.0 498.0 504.0 510.0 516.0 522.0 528.0 534.0 541.0 547.0 553.0 559.0 565.0 571.0 577.0 582.0 588.0 594.0 600.0 606.0 611.0 617.0 623.0 629.0 634.0 640.0 227.0
617.0 638.0 640.0 642.0 644.0 646.0 648.0 651.0 653.0 655.0 657.0 659.0 662.0 664.0 666.0 669.0 671.0 673.0 676.0 678.0 681.0 683.0 686.0 689.0 691.0 694.0 696.0 699.0 702.0 704.0 707.0 709.0 712.0 715.0 718.0 720.0 723.0 726.0 729.0 731.0 734.0 737.0 739.0 742.0 745.0 747.0 750.0 753.0 755.0 758.0 761.0 763.0 765.0 768.0 770.0 773.0 775.0 778.0 780.0 782.0 784.0 786.0 789.0 791.0 793.0 795.0 797.0 799.0 801.0 802.0 804.0 806.0 808.0 810.0 812.0 814.0 816.0 818.0 820.0 822.0 824.0 826.0 829.0 831.0 834.0 836.0 839.0 841.0 844.0 847.0 850.0 853.0 856.0 859.0 862.0 865.0 868.0 872.0 875.0 878.0 5.0 50.0 57.0 63.0 69.0 75.0 82.0 88.0 94.0 100.0 106.0 112.0 118.0 124.0 130.0 137.0 143.0 149.0 155.0 161.0 167.0 173.0 179.0 185.0 191.0 197.0 203.0 209.0 215.0 221.0 227.0 233.0 239.0 245.0 250.0 256.0 262.0 268.0 274.0 280.0 286.0 292.0 298.0 304.0 310.0 316.0 322.0 328.0 334.0 340.0 346.0 352.0 358.0 364.0 370.0 376.0 382.0 388.0 394.0 400.0 406.0 412.0 418.0 424.0 431.0 437.0 443.0 449.0 455.0 462.0 468.0 474.0 481.0 487.0 493.0 499.0 505.0 511.0 517.0 524.0 530.0 535.0 542.0 548.0 554.0 560.0 566.0 572.0 578.0 584.0 589.0 595.0 601.0 607.0 612.0 618.0 624.0 629.0 635.0 641.0 228.0
617.0 638.0 641.0 643.0 645.0 647.0 649.0 652.0 654.0 656.0 659.0 661.0 663.0 665.0 668.0 670.0 673.0 675.0 678.0 680.0 683.0 686.0 688.0 691.0 694.0 696.0 699.0 701.0 704.0 707.0 710.0 713.0 715.0 718.0 721.0 724.0 727.0 730.0 732.0 735.0 738.0 741.0 743.0 746.0 749.0 752.0 755.0 757.0 760.0 762.0 765.0 768.0 770.0 773.0 776.0 778.0 780.0 783.0 785.0 788.0 790.0 792.0 795.0 797.0 799.0 801.0 803.0 805.0 807.0 809.0 811.0 813.0 815.0 817.0 819.0 821.0 823.0 825.0 827.0 829.0 832.0 834.0 836.0 839.0 842.0 844.0 847.0 850.0 853.0 855.0 858.0 861.0 865.0 868.0 871.0 874.0 877.0 881.0 884.0 888.0 5.0 50.0 57.0 63.0 69.0 75.0 81.0 87.0 93.0 100.0 106.0 112.0 118.0 124.0 130.0 136.0 142.0 149.0 155.0 161.0 167.0 173.0 179.0 185.0 191.0 197.0 203.0 209.0 215.0 221.0 227.0 233.0 239.0 245.0 250.0 256.0 262.0 268.0 274.0 280.0 286.0 292.0 298.0 304.0 310.0 316.0 322.0 328.0 334.0 340.0 346.0 352.0 357.0 364.0 370.0 376.0 382.0 388.0 394.0 400.0 406.0 412.0 418.0 425.0 431.0 437.0 443.0 449.0 456.0 462.0 468.0 474.0 481.0 487.0 493.0 499.0 506.0 512.0 518.0 524.0 530.0 536.0 542.0 548.0 554.0 560.0 566.0 572.0 578.0 584.0 590.0 595.0 601.0 607.0 613.0 618.0 624.0 630.0 635.0 641.0 229.0
617.0 638.0 641.0 643.0 645.0 647.0 649.0 651.0 654.0 656.0 658.0 661.0 663.0 665.0 668.0 670.0 673.0 675.0 677.0 680.0 682.0 685.0 688.0 690.0 693.0 696.0 698.0 701.0 704.0 706.0 709.0 712.0 714.0 717.0 720.0 723.0 725.0 728.0 731.0 733.0 737.0 739.0 742.0 745.0 747.0 750.0 753.0 755.0 758.0 760.0 763.0 766.0 768.0 771.0 773.0 776.0 778.0 781.0 783.0 785.0 787.0 790.0 792.0 794.0 796.0 798.0 800.0 802.0 804.0 806.0 808.0 810.0 812.0 814.0 815.0 817.0 819.0 821.0 823.0 826.0 828.0 830.0 832.0 835.0 837.0 840.0 842.0 845.0 848.0 850.0 853.0 856.0 859.0 862.0 866.0 869.0 872.0 875.0 878.0 882.0 5.0 50.0 56.0 62.0 69.0 75.0 81.0 87.0 93.0 100.0 106.0 112.0 118.0 124.0 130.0 136.0 142.0 148.0 154.0 160.0 166.0 172.0 178.0 184.0 190.0 196.0 202.0 208.0 214.0 220.0 226.0 232.0 238.0 244.0 250.0 256.0 262.0 268.0 274.0 279.0 285.0 291.0 297.0 303.0 309.0 315.0 321.0 327.0 333.0 339.0 345.0 351.0 357.0 363.0 369.0 375.0 381.0 387.0 393.0 399.0 406.0 412.0 418.0 424.0 430.0 436.0 442.0 449.0 455.0 461.0 467.0 474.0 480.0 486.0 492.0 498.0 505.0 511.0 517.0 523.0 529.0 535.0 542.0 548.0 554.0 560.0 566.0 572.0 578.0 584.0 590.0 595.0 601.0 607.0 612.0 618.0 624.0 630.0 635.0 641.0 230.0
617.0 637.0 640.0 642.0 643.0 646.0 648.0 650.0 652.0 654.0 656.0 658.0 660.0 663.0 665.0 667.0 669.0 671.0 673.0 676.0 678.0 681.0 683.0 686.0 688.0 690.0 693.0 695.0 698.0 700.0 703.0 705.0 708.0 710.0 713.0 715.0 718.0 720.0 723.0 725.0 728.0 730.0 733.0 735.0 738.0 740.0 743.0 745.0 748.0 750.0 752.0 755.0 757.0 760.0 762.0 764.0 766.0 768.0 770.0 773.0 774.0 777.0 778.0 781.0 782.0 784.0 786.0 788.0 789.0 791.0 793.0 794.0 796.0 798.0 799.0 801.0 802.0 804.0 806.0 808.0 810.0 811.0 813.0 816.0 818.0 820.0 822.0 824.0 827.0 829.0 832.0 834.0 837.0 840.0 843.0 845.0 848.0 851.0 854.0 857.0 5.0 49.0 55.0 61.0 68.0 74.0 80.0 86.0 92.0 98.0 104.0 110.0 116.0 122.0 128.0 135.0 141.0 147.0 153.0 159.0 165.0 171.0 177.0 183.0 189.0 195.0 201.0 207.0 212.0 218.0 224.0 230.0 236.0 242.0 248.0 254.0 260.0 266.0 272.0 278.0 283.0 289.0 295.0 301.0 307.0 313.0 319.0 325.0 331.0 337.0 343.0 349.0 355.0 361.0 367.0 373.0 379.0 385.0 391.0 397.0 404.0 410.0 416.0 422.0 428.0 434.0 440.0 447.0 453.0 459.0 465.0 472.0 478.0 484.0 490.0 497.0 503.0 509.0 515.0 521.0 528.0 534.0 540.0 546.0 552.0 558.0 564.0 570.0 576.0 582.0 588.0 594.0 600.0 606.0 611.0 617.0 623.0 629.0 634.0 640.0 231.0
617.0 636.0 638.0 639.0 641.0 643.0 645.0 647.0 649.0 650.0 653.0 654.0 656.0 658.0 660.0 662.0 664.0 666.0 668.0 670.0 672.0 674.0 676.0 678.0 680.0 682.0 684.0 686.0 689.0 691.0 693.0 695.0 697.0 700.0 702.0 704.0 706.0 708.0 711.0 713.0 715.0 717.0 719.0 721.0 724.0 726.0 728.0 730.0 732.0 734.0 736.0 738.0 740.0 742.0 744.0 746.0 748.0 749.0 751.0 753.0 754.0 756.0 758.0 760.0 761.0 762.0 764.0 765.0 767.0 768.0 769.0 770.0 772.0 773.0 774.0 775.0 777.0 778.0 779.0 781.0 782.0 783.0 785.0 787.0 788.0 790.0 792.0 793.0 795.0 797.0 799.0 802.0 804.0 806.0 808.0 810.0 813.0 815.0 818.0 820.0 5.0 49.0 55.0 61.0 67.0 73.0 79.0 85.0 91.0 97.0 103.0 109.0 115.0 121.0 127.0 133.0 139.0 145.0 151.0 157.0 163.0 169.0 175.0 181.0 187.0 193.0 199.0 205.0 211.0 217.0 222.0 228.0 234.0 240.0 246.0 252.0 258.0 264.0 270.0 275.0 281.0 287.0 293.0 299.0 305.0 311.0 317.0 322.0 328.0 334.0 340.0 346.0 352.0 359.0 365.0 371.0 377.0 383.0 389.0 395.0 401.0 407.0 413.0 419.0 425.0 431.0 438.0 444.0 450.0 456.0 463.0 469.0 475.0 481.0 488.0 494.0 500.0 507.0 513.0 519.0 525.0 531.0 538.0 544.0 550.0 556.0 562.0 568.0 574.0 580.0 586.0 592.0 598.0 604.0 610.0 615.0 621.0 627.0 633.0 638.0 232.0
617.0 633.0 635.0 636.0 638.0 639.0 641.0 642.0 644.0 645.0 647.0 648.0 650.0 652.0 653.0 655.0 656.0 658.0 659.0 661.0 663.0 664.0 666.0 668.0 670.0 671.0 673.0 675.0 677.0 678.0 680.0 682.0 683.0 685.0 687.0 689.0 690.0 692.0 694.0 696.0 697.0 699.0 701.0 702.0 704.0 706.0 707.0 709.0 711.0 712.0 714.0 716.0 717.0 719.0 720.0 721.0 723.0 724.0 725.0 727.0 728.0 729.0 730.0 732.0 732.0 733.0 735.0 735.0 736.0 737.0 738.0 739.0 739.0 740.0 741.0 742.0 742.0 743.0 744.0 745.0 745.0 746.0 747.0 748.0 749.0 751.0 752.0 753.0 754.0 755.0 757.0 758.0 760.0 762.0 763.0 765.0 767.0 769.0 771.0 772.0 5.0 48.0 54.0 60.0 66.0 72.0 78.0 84.0 90.0 96.0 102.0 108.0 114.0 120.0 126.0 132.0 138.0 144.0 150.0 156.0 162.0 168.0 174.0 180.0 186.0 192.0 197.0 203.0 209.0 215.0 221.0 227.0 232.0 238.0 244.0 250.0 256.0 262.0 268.0 274.0 280.0 286.0 292.0 298.0 304.0 310.0 316.0 321.0 327.0 333.0 339.0 345.0 351.0 357.0 363.0 369.0 375.0 381.0 387.0 393.0 400.0 406.0 412.0 418.0 424.0 430.0 436.0 442.0 448.0 454.0 461.0 467.0 473.0 479.0 486.0 492.0 498.0 504.0 510.0 516.0 523.0 529.0 535.0 541.0 547.0 553.0 559.0 565.0 571.0 577.0 583.0 589.0 595.0 601.0 607.0 613.0 619.0 625.0 630.0 636.0 233.0
617.0 630.0 631.0 632.0 634.0 635.0 636.0 637.0 638.0 639.0 640.0 641.0 642.0 643.0 644.0 645.0 647.0 648.0 649.0 650.0 651.0 652.0 653.0 655.0 656.0 657.0 658.0 659.0 661.0 662.0 663.0 664.0 666.0 667.0 668.0 669.0 671.0 672.0 673.0 674.0 675.0 676.0 677.0 678.0 680.0 681.0 682.0 683.0 684.0 685.0 686.0 687.0 688.0 689.0 690.0 691.0 691.0 692.0 693.0 694.0 694.0 695.0 695.0 696.0 696.0 697.0 697.0 697.0 698.0 698.0 698.0 698.0 698.0 699.0 698.0 698.0 699.0 699.0 699.0 699.0 699.0 699.0 700.0 700.0 701.0 701.0 702.0 702.0 703.0 703.0 704.0 705.0 706.0 707.0 708.0 710.0 711.0 712.0 713.0 714.0 5.0 49.0 55.0 61.0 67.0 73.0 79.0 85.0 91.0 97.0 103.0 109.0 115.0 121.0 127.0 133.0 139.0 145.0 151.0 156.0 162.0 168.0 174.0 180.0 186.0 193.0 198.0 204.0 210.0 216.0 222.0 228.0 234.0 240.0 246.0 252.0 258.0 264.0 270.0 275.0 281.0 287.0 293.0 299.0 305.0 311.0 317.0 323.0 329.0 335.0 341.0 347.0 353.0 359.0 365.0 371.0 377.0 383.0 389.0 395.0 401.0 407.0 413.0 419.0 424.0 430.0 437.0 442.0 449.0 454.0 460.0 467.0 473.0 478.0 485.0 490.0 497.0 503.0 509.0 514.0 520.0 526.0 532.0 538.0 544.0 550.0 556.0 562.0 568.0 574.0 580.0 586.0 592.0 598.0 604.0 610.0 615.0 621.0 627.0 633.0 234.0
617.0 626.0 627.0 628.0 629.0 629.0 630.0 630.0 631.0 632.0 632.0 632.0 633.0 634.0 634.0 635.0 635.0 636.0 636.0 637.0 638.0 638.0 639.0 640.0 640.0 640.0 641.0 642.0 643.0 643.0 644.0 644.0 645.0 646.0 646.0 647.0 647.0 648.0 648.0 649.0 649.0 650.0 651.0 651.0 651.0 652.0 652.0 653.0 653.0 654.0 654.0 654.0 655.0 655.0 655.0 655.0 655.0 655.0 655.0 656.0 655.0 655.0 655.0 655.0 655.0 655.0 654.0 654.0 653.0 653.0 652.0 652.0 651.0 651.0 650.0 649.0 649.0 648.0 648.0 648.0 647.0 647.0 646.0 646.0 646.0 646.0 646.0 645.0 646.0 646.0 646.0 646.0 647.0 647.0 647.0 648.0 648.0 649.0 650.0 650.0 5.0 50.0 56.0 63.0 68.0 75.0 81.0 87.0 93.0 99.0 105.0 111.0 117.0 123.0 129.0 135.0 141.0 147.0 153.0 159.0 165.0 171.0 177.0 183.0 189.0 195.0 201.0 207.0 213.0 219.0 225.0 231.0 237.0 243.0 249.0 255.0 260.0 266.0 272.0 278.0 284.0 290.0 296.0 302.0 308.0 314.0 320.0 326.0 332.0 338.0 344.0 350.0 355.0 361.0 367.0 373.0 379.0 385.0 391.0 397.0 402.0 408.0 414.0 420.0 426.0 432.0 438.0 444.0 450.0 455.0 461.0 467.0 473.0 479.0 485.0 490.0 496.0 502.0 508.0 514.0 520.0 525.0 531.0 537.0 543.0 549.0 555.0 561.0 566.0 572.0 578.0 584.0 590.0 596.0 602.0 608.0 614.0 620.0 626.0 632.0 235.0
617.0 622.0 622.0 623.0 623.0 623.0 623.0 623.0 624.0 624.0 623.0 623.0 623.0 624.0 623.0 623.0 624.0 624.0 624.0 624.0 624.0 624.0 624.0 624.0 624.0 624.0 624.0 624.0 624.0 624.0 624.0 624.0 624.0 624.0 624.0 624.0 624.0 624.0 624.0 624.0 624.0 624.0 623.0 623.0 623.0 623.0 623.0 623.0 622.0 622.0 622.0 621.0 621.0 621.0 620.0 620.0 619.0 618.0 618.0 617.0 617.0 616.0 615.0 614.0 613.0 612.0 611.0 610.0 609.0 608.0 607.0 605.0 604.0 603.0 602.0 600.0 599.0 598.0 597.0 596.0 595.0 594.0 593.0 592.0 592.0 591.0 590.0 589.0 589.0 588.0 588.0 588.0 588.0 587.0 587.0 587.0 587.0 587.0 587.0 587.0 5.0 53.0 60.0 66.0 72.0 78.0 84.0 90.0 96.0 102.0 108.0 114.0 120.0 126.0 132.0 138.0 144.0 150.0 156.0 162.0 168.0 174.0 180.0 186.0 192.0 198.0 204.0 210.0 216.0 222.0 228.0 234.0 240.0 246.0 252.0 258.0 264.0 270.0 276.0 282.0 288.0 294.0 300.0 306.0 311.0 317.0 323.0 329.0 335.0 341.0 347.0 353.0 359.0 365.0 370.0 376.0 382.0 388.0 394.0 400.0 405.0 411.0 417.0 423.0 428.0 434.0 440.0 446.0 451.0 457.0 463.0 468.0 475.0 480.0 486.0 491.0 497.0 503.0 509.0 514.0 520.0 526.0 532.0 538.0 543.0 549.0 555.0 561.0 567.0 573.0 579.0 585.0 591.0 597.0 602.0 608.0 614.0 620.0 626.0 632.0 236.0
617.0 619.0 618.0 618.0 618.0 618.0 617.0 617.0 616.0 616.0 615.0 615.0 614.0 614.0 613.0 613.0 613.0 612.0 611.0 611.0 611.0 610.0 610.0 609.0 609.0 608.0 608.0 607.0 607.0 606.0 605.0 605.0 605.0 604.0 603.0 603.0 602.0 602.0 601.0 600.0 600.0 599.0 598.0 597.0 596.0 596.0 595.0 594.0 593.0 592.0 591.0 590.0 589.0 589.0 587.0 586.0 585.0 583.0 582.0 581.0 579.0 578.0 576.0 575.0 573.0 572.0 570.0 568.0 566.0 564.0 563.0 561.0 559.0 557.0 555.0 553.0 551.0 550.0 548.0 547.0 545.0 544.0 542.0 541.0 540.0 538.0 537.0 536.0 535.0 534.0 533.0 532.0 531.0 530.0 530.0 529.0 528.0 527.0 527.0 526.0 5.0 56.0 62.0 69.0 75.0 81.0 87.0 93.0 99.0 105.0 111.0 117.0 124.0 130.0 136.0 142.0 148.0 154.0 160.0 166.0 172.0 178.0 184.0 190.0 196.0 202.0 208.0 214.0 220.0 226.0 232.0 238.0 244.0 250.0 256.0 262.0 268.0 274.0 280.0 286.0 292.0 298.0 304.0 310.0 315.0 321.0 327.0 333.0 339.0 345.0 351.0 357.0 362.0 368.0 374.0 380.0 386.0 392.0 397.0 403.0 409.0 415.0 420.0 426.0 431.0 437.0 443.0 449.0 454.0 460.0 465.0 471.0 477.0 482.0 488.0 494.0 499.0 505.0 511.0 516.0 522.0 528.0 534.0 540.0 545.0 551.0 557.0 563.0 569.0 575.0 581.0 586.0 592.0 598.0 604.0 610.0 616.0 622.0 628.0 634.0 237.0
617.0 615.0 615.0 614.0 613.0 613.0 612.0 611.0 611.0 610.0 609.0 608.0 607.0 606.0 605.0 604.0 603.0 602.0 601.0 601.0 600.0 599.0 597.0 596.0 595.0 594.0 594.0 593.0 592.0 591.0 590.0 588.0 588.0 587.0 585.0 584.0 583.0 582.0 581.0 580.0 579.0 577.0 576.0 575.0 573.0 572.0 571.0 570.0 568.0 566.0 565.0 563.0 562.0 560.0 558.0 557.0 555.0 553.0 551.0 549.0 547.0 545.0 543.0 540.0 538.0 536.0 533.0 531.0 529.0 526.0 524.0 522.0 519.0 516.0 514.0 512.0 510.0 508.0 505.0 503.0 501.0 499.0 497.0 496.0 494.0 492.0 491.0 489.0 488.0 486.0 484.0 483.0 482.0 480.0 479.0 478.0 476.0 475.0 474.0 472.0 5.0 58.0 64.0 71.0 77.0 83.0 89.0 95.0 101.0 107.0 113.0 120.0 126.0 132.0 138.0 144.0 150.0 156.0 162.0 168.0 175.0 181.0 187.0 193.0 199.0 205.0 211.0 217.0 223.0 229.0 235.0 241.0 247.0 253.0 259.0 265.0 271.0 277.0 283.0 289.0 295.0 301.0 307.0 313.0 319.0 325.0 331.0 337.0 343.0 348.0 354.0 360.0 366.0 372.0 377.0 383.0 389.0 395.0 400.0 406.0 412.0 417.0 423.0 429.0 434.0 440.0 445.0 451.0 456.0 462.0 468.0 473.0 479.0 485.0 490.0 496.0 501.0 507.0 513.0 518.0 524.0 530.0 536.0 542.0 547.0 553.0 559.0 565.0 571.0 576.0 582.0 588.0 594.0 600.0 606.0 612.0 618.0 624.0 630.0 636.0 238.0
617.0 613.0 612.0 611.0 610.0 609.0 608.0 607.0 606.0 605.0 603.0 602.0 601.0 600.0 598.0 597.0 596.0 595.0 593.0 592.0 591.0 589.0 588.0 587.0 585.0 584.0 583.0 581.0 580.0 578.0 577.0 576.0 574.0 573.0 572.0 570.0 568.0 567.0 565.0 564.0 562.0 560.0 559.0 557.0 555.0 553.0 552.0 550.0 548.0 546.0 544.0 542.0 540.0 538.0 535.0 533.0 531.0 529.0 526.0 524.0 521.0 518.0 516.0 513.0 510.0 507.0 504.0 502.0 499.0 496.0 493.0 490.0 487.0 485.0 482.0 479.0 476.0 474.0 471.0 469.0 467.0 464.0 462.0 460.0 458.0 456.0 454.0 452.0 450.0 448.0 446.0 444.0 442.0 440.0 438.0 437.0 435.0 433.0 431.0 429.0 5.0 60.0 66.0 72.0 78.0 85.0 91.0 97.0 103.0 109.0 115.0 122.0 128.0 134.0 140.0 146.0 152.0 159.0 165.0 171.0 177.0 183.0 189.0 195.0 201.0 207.0 213.0 219.0 225.0 232.0 238.0 244.0 250.0 256.0 262.0 268.0 274.0 280.0 286.0 292.0 298.0 304.0 310.0 316.0 322.0 328.0 333.0 339.0 345.0 351.0 357.0 363.0 368.0 374.0 380.0 386.0 392.0 397.0 403.0 409.0 414.0 420.0 425.0 431.0 436.0 442.0 447.0 453.0 458.0 464.0 469.0 475.0 480.0 486.0 492.0 497.0 503.0 509.0 514.0 520.0 526.0 531.0 537.0 543.0 549.0 555.0 561.0 566.0 572.0 578.0 584.0 590.0 596.0 602.0 608.0 613.0 619.0 625.0 631.0 637.0 239.0
617.0 611.0 610.0 609.0 608.0 606.0 605.0 604.0 603.0 601.0 600.0 598.0 597.0 595.0 594.0 592.0 591.0 589.0 588.0 586.0 584.0 583.0 581.0 580.0 578.0 577.0 575.0 573.0 572.0 570.0 568.0 567.0 565.0 563.0 561.0 560.0 558.0 556.0 555.0 552.0 551.0 549.0 547.0 545.0 543.0 540.0 538.0 536.0 534.0 532.0 529.0 527.0 525.0 522.0 519.0 517.0 514.0 512.0 509.0 506.0 503.0 500.0 497.0 494.0 491.0 487.0 484.0 481.0 478.0 475.0 471.0 468.0 465.0 462.0 459.0 456.0 453.0 450.0 448.0 445.0 442.0 440.0 437.0 435.0 433.0 430.0 428.0 426.0 424.0 421.0 419.0 417.0 415.0 413.0 410.0 408.0 406.0 404.0 401.0 399.0 5.0 61.0 67.0 73.0 79.0 86.0 92.0 98.0 104.0 111.0 117.0 123.0 129.0 136.0 142.0 148.0 154.0 160.0 166.0 172.0 178.0 185.0 191.0 197.0 203.0 209.0 215.0 221.0 227.0 233.0 239.0 246.0 251.0 257.0 264.0 270.0 276.0 282.0 288.0 294.0 300.0 306.0 312.0 317.0 323.0 329.0 335.0 341.0 347.0 353.0 358.0 364.0 370.0 376.0 381.0 387.0 393.0 398.0 404.0 410.0 415.0 421.0 427.0 432.0 437.0 443.0 448.0 454.0 459.0 465.0 470.0 476.0 482.0 487.0 493.0 498.0 504.0 510.0 515.0 521.0 527.0 532.0 538.0 544.0 550.0 556.0 562.0 568.0 573.0 579.0 585.0 591.0 597.0 603.0 609.0 614.0 620.0 626.0 632.0 637.0 240.0
617.0 610.0 609.0 608.0 606.0 605.0 604.0 602.0 601.0 599.0 598.0 596.0 594.0 593.0 591.0 589.0 588.0 586.0 584.0 583.0 581.0 580.0 578.0 576.0 574.0 573.0 571.0 569.0 567.0 565.0 564.0 562.0 560.0 558.0 557.0 554.0 553.0 551.0 549.0 547.0 545.0 543.0 540.0 538.0 536.0 534.0 532.0 529.0 527.0 524.0 522.0 519.0 517.0 514.0 511.0 509.0 506.0 503.0 500.0 497.0 494.0 491.0 488.0 485.0 481.0 478.0 475.0 471.0 468.0 465.0 461.0 458.0 455.0 452.0 449.0 446.0 442.0 439.0 437.0 434.0 431.0 429.0 426.0 423.0 421.0 419.0 416.0 414.0 411.0 409.0 407.0 405.0 402.0 400.0 398.0 396.0 393.0 391.0 388.0 386.0 5.0 61.0 68.0 74.0 80.0 87.0 93.0 99.0 105.0 111.0 117.0 124.0 130.0 136.0 142.0 148.0 154.0 161.0 167.0 173.0 179.0 185.0 191.0 197.0 204.0 210.0 216.0 222.0 228.0 234.0 240.0 246.0 252.0 258.0 264.0 270.0 276.0 282.0 288.0 294.0 300.0 306.0 312.0 318.0 324.0 330.0 336.0 342.0 348.0 353.0 359.0 365.0 371.0 377.0 382.0 388.0 394.0 399.0 405.0 411.0 416.0 422.0 427.0 433.0 438.0 444.0 449.0 455.0 460.0 466.0 471.0 476.0 482.0 487.0 493.0 498.0 504.0 510.0 515.0 521.0 527.0 532.0 538.0 544.0 550.0 556.0 562.0 568.0 573.0 579.0 585.0 591.0 597.0 603.0 609.0 615.0 621.0 626.0 632.0 638.0 241.0
617.0 610.0 609.0 608.0 606.0 605.0 604.0 602.0 601.0 599.0 598.0 596.0 595.0 593.0 591.0 590.0 588.0 586.0 585.0 583.0 581.0 580.0 578.0 576.0 575.0 573.0 571.0 570.0 568.0 566.0 564.0 562.0 560.0 559.0 557.0 555.0 553.0 551.0 549.0 547.0 545.0 543.0 541.0 539.0 537.0 535.0 532.0 530.0 528.0 525.0 523.0 520.0 518.0 515.0 513.0 510.0 507.0 504.0 501.0 498.0 495.0 492.0 489.0 486.0 483.0 479.0 476.0 473.0 469.0 466.0 463.0 460.0 456.0 453.0 450.0 447.0 444.0 441.0 438.0 436.0 433.0 430.0 427.0 425.0 423.0 420.0 418.0 416.0 413.0 411.0 409.0 407.0 405.0 402.0 400.0 398.0 395.0 393.0 391.0 388.0 5.0 60.0 66.0 72.0 79.0 85.0 91.0 97.0 104.0 110.0 116.0 122.0 128.0 135.0 141.0 147.0 153.0 159.0 165.0 171.0 178.0 184.0 190.0 196.0 202.0 208.0 214.0 220.0 226.0 233.0 239.0 245.0 251.0 257.0 263.0 269.0 275.0 281.0 287.0 293.0 299.0 305.0 311.0 317.0 323.0 329.0 335.0 340.0 346.0 352.0 358.0 364.0 370.0 375.0 381.0 387.0 393.0 398.0 404.0 410.0 415.0 421.0 426.0 432.0 437.0 443.0 448.0 454.0 459.0 465.0 470.0 476.0 481.0 487.0 492.0 498.0 503.0 509.0 515.0 520.0 526.0 532.0 538.0 544.0 549.0 555.0 561.0 567.0 573.0 579.0 585.0 590.0 596.0 602.0 608.0 614.0 620.0 626.0 632.0 638.0 242.0
617.0 611.0 610.0 609.0 608.0 607.0 606.0 604.0 603.0 602.0 600.0 598.0 597.0 596.0 594.0 593.0 591.0 590.0 588.0 587.0 585.0 584.0 582.0 581.0 579.0 578.0 576.0 575.0 573.0 571.0 570.0 568.0 567.0 565.0 563.0 561.0 560.0 558.0 556.0 554.0 553.0 551.0 549.0 547.0 545.0 543.0 541.0 539.0 537.0 535.0 533.0 530.0 528.0 526.0 523.0 521.0 519.0 516.0 514.0 511.0 508.0 505.0 502.0 500.0 496.0 493.0 490.0 487.0 484.0 481.0 478.0 475.0 472.0 469.0 466.0 463.0 460.0 458.0 455.0 452.0 450.0 447.0 445.0 442.0 440.0 438.0 436.0 434.0 432.0 430.0 428.0 426.0 424.0 422.0 420.0 418.0 416.0 414.0 412.0 410.0 5.0 58.0 65.0 71.0 77.0 83.0 90.0 96.0 102.0 108.0 114.0 120.0 126.0 133.0 139.0 145.0 151.0 157.0 163.0 169.0 176.0 182.0 188.0 194.0 200.0 206.0 212.0 218.0 225.0 231.0 237.0 243.0 249.0 255.0 261.0 267.0 273.0 279.0 285.0 291.0 297.0 303.0 309.0 315.0 321.0 327.0 333.0 339.0 345.0 350.0 356.0 362.0 368.0 374.0 380.0 385.0 391.0 397.0 402.0 408.0 414.0 419.0 425.0 430.0 436.0 441.0 447.0 452.0 458.0 463.0 469.0 474.0 480.0 485.0 491.0 496.0 502.0 508.0 513.0 519.0 525.0 530.0 536.0 542.0 548.0 554.0 560.0 566.0 571.0 577.0 583.0 589.0 595.0 601.0 607.0 613.0 619.0 625.0 631.0 637.0 243.0
617.0 613.0 612.0 612.0 611.0 610.0 609.0 608.0 607.0 606.0 604.0 603.0 602.0 601.0 599.0 599.0 597.0 596.0 595.0 594.0 592.0 591.0 590.0 589.0 588.0 586.0 585.0 584.0 583.0 581.0 580.0 579.0 578.0 576.0 575.0 573.0 572.0 571.0 569.0 568.0 566.0 565.0 563.0 562.0 560.0 559.0 557.0 555.0 553.0 552.0 550.0 548.0 547.0 544.0 543.0 540.0 539.0 536.0 534.0 532.0 529.0 527.0 525.0 522.0 520.0 517.0 515.0 512.0 509.0 506.0 504.0 501.0 498.0 496.0 493.0 491.0 488.0 486.0 483.0 481.0 479.0 477.0 474.0 472.0 470.0 468.0 467.0 465.0 463.0 461.0 460.0 458.0 457.0 455.0 453.0 452.0 450.0 449.0 447.0 445.0 5.0 57.0 64.0 70.0 76.0 82.0 89.0 95.0 101.0 107.0 113.0 119.0 125.0 131.0 138.0 144.0 150.0 156.0 162.0 168.0 174.0 180.0 186.0 193.0 199.0 205.0 211.0 217.0 223.0 229.0 235.0 241.0 247.0 253.0 259.0 265.0 271.0 277.0 283.0 289.0 295.0 301.0 307.0 313.0 319.0 325.0 331.0 337.0 343.0 349.0 355.0 361.0 366.0 372.0 378.0 384.0 390.0 395.0 401.0 407.0 412.0 418.0 424.0 429.0 435.0 440.0 446.0 451.0 457.0 462.0 468.0 473.0 479.0 484.0 490.0 495.0 501.0 507.0 512.0 518.0 524.0 529.0 535.0 541.0 547.0 552.0 558.0 564.0 570.0 576.0 582.0 588.0 594.0 600.0 606.0 612.0 618.0 624.0 630.0 635.0 244.0
617.0 616.0 615.0 615.0 614.0 614.0 613.0 612.0 611.0 611.0 610.0 609.0 608.0 607.0 606.0 606.0 605.0 604.0 603.0 603.0 602.0 601.0 600.0 599.0 598.0 598.0 597.0 596.0 595.0 594.0 593.0 592.0 591.0 590.0 590.0 589.0 588.0 587.0 586.0 585.0 584.0 583.0 582.0 581.0 580.0 579.0 577.0 576.0 575.0 574.0 573.0 571.0 570.0 568.0 567.0 566.0 564.0 562.0 561.0 559.0 557.0 555.0 554.0 552.0 550.0 548.0 546.0 543.0 541.0 539.0 537.0 535.0 532.0 530.0 528.0 526.0 524.0 522.0 520.0 518.0 516.0 514.0 513.0 511.0 509.0 508.0 507.0 505.0 503.0 502.0 501.0 500.0 499.0 497.0 496.0 495.0 494.0 493.0 492.0 491.0 5.0 55.0 61.0 67.0 73.0 80.0 86.0 92.0 98.0 104.0 110.0 116.0 122.0 128.0 134.0 140.0 146.0 153.0 159.0 165.0 171.0 177.0 183.0 189.0 195.0 201.0 207.0 213.0 219.0 225.0 231.0 237.0 243.0 249.0 255.0 261.0 267.0 273.0 279.0 285.0 291.0 297.0 303.0 309.0 315.0 321.0 327.0 333.0 339.0 345.0 351.0 357.0 363.0 369.0 375.0 380.0 386.0 392.0 397.0 403.0 409.0 415.0 420.0 426.0 432.0 437.0 443.0 448.0 454.0 460.0 465.0 470.0 476.0 481.0 487.0 493.0 498.0 504.0 509.0 515.0 521.0 526.0 532.0 538.0 544.0 550.0 556.0 561.0 567.0 573.0 579.0 585.0 591.0 597.0 603.0 609.0 614.0 620.0 626.0 632.0 245.0
617.0 619.0 619.0 618.0 618.0 618.0 618.0 618.0 617.0 617.0 617.0 616.0 616.0 615.0 615.0 614.0 614.0 613.0 613.0 613.0 612.0 612.0 612.0 611.0 611.0 611.0 610.0 610.0 609.0 609.0 608.0 608.0 608.0 607.0 607.0 607.0 606.0 606.0 605.0 605.0 604.0 604.0 603.0 603.0 602.0 602.0 601.0 600.0 600.0 599.0 598.0 598.0 597.0 596.0 595.0 594.0 593.0 592.0 591.0 590.0 589.0 588.0 586.0 585.0 584.0 582.0 581.0 579.0 578.0 576.0 574.0 573.0 571.0 570.0 568.0 567.0 565.0 563.0 562.0 560.0 559.0 558.0 556.0 556.0 554.0 553.0 552.0 551.0 550.0 549.0 548.0 548.0 547.0 546.0 546.0 545.0 545.0 544.0 543.0 543.0 5.0 54.0 59.0 65.0 71.0 78.0 84.0 90.0 96.0 102.0 108.0 114.0 120.0 126.0 132.0 138.0 144.0 150.0 156.0 162.0 168.0 175.0 181.0 187.0 192.0 198.0 204.0 210.0 216.0 222.0 228.0 234.0 240.0 246.0 252.0 258.0 264.0 270.0 276.0 282.0 288.0 294.0 300.0 306.0 312.0 318.0 324.0 330.0 336.0 342.0 348.0 354.0 359.0 365.0 371.0 377.0 383.0 389.0 395.0 401.0 406.0 412.0 418.0 424.0 430.0 435.0 441.0 447.0 452.0 458.0 464.0 470.0 475.0 481.0 487.0 492.0 498.0 504.0 510.0 515.0 521.0 527.0 533.0 539.0 545.0 551.0 557.0 562.0 568.0 574.0 580.0 586.0 592.0 598.0 604.0 610.0 616.0 622.0 628.0 634.0 246.0
617.0 622.0 622.0 623.0 623.0 623.0 623.0 623.0 623.0 623.0 623.0 623.0 623.0 623.0 624.0 624.0 624.0 623.0 624.0 624.0 624.0 624.0 624.0 624.0 624.0 625.0 625.0 625.0 625.0 625.0 625.0 625.0 625.0 626.0 626.0 626.0 626.0 626.0 626.0 626.0 626.0 626.0 626.0 626.0 626.0 626.0 626.0 626.0 626.0 626.0 626.0 626.0 625.0 625.0 625.0 625.0 624.0 624.0 624.0 623.0 622.0 622.0 621.0 620.0 620.0 619.0 618.0 617.0 617.0 615.0 614.0 613.0 612.0 611.0 610.0 610.0 608.0 607.0 606.0 606.0 605.0 604.0 603.0 603.0 602.0 602.0 601.0 601.0 600.0 600.0 600.0 600.0 599.0 599.0 599.0 599.0 599.0 599.0 599.0 599.0 5.0 52.0 57.0 63.0 69.0 76.0 82.0 88.0 94.0 100.0 106.0 112.0 118.0 124.0 130.0 136.0 142.0 148.0 154.0 160.0 166.0 172.0 178.0 184.0 190.0 196.0 202.0 208.0 214.0 220.0 226.0 232.0 238.0 244.0 250.0 255.0 261.0 267.0 273.0 279.0 285.0 291.0 297.0 303.0 309.0 315.0 321.0 327.0 333.0 338.0 344.0 350.0 356.0 362.0 368.0 374.0 380.0 386.0 392.0 398.0 404.0 410.0 415.0 421.0 427.0 433.0 439.0 445.0 450.0 457.0 463.0 468.0 474.0 480.0 486.0 492.0 498.0 503.0 509.0 515.0 521.0 527.0 533.0 539.0 545.0 551.0 557.0 563.0 569.0 575.0 581.0 587.0 593.0 599.0 605.0 611.0 616.0 622.0 628.0 634.0 247.0
617.0 625.0 626.0 627.0 627.0 628.0 629.0 629.0 630.0 630.0 631.0 631.0 632.0 632.0 633.0 633.0 634.0 634.0 635.0 636.0 636.0 637.0 638.0 638.0 639.0 639.0 640.0 641.0 641.0 642.0 643.0 643.0 644.0 645.0 646.0 646.0 647.0 647.0 648.0 649.0 650.0 650.0 650.0 651.0 651.0 652.0 653.0 653.0 654.0 654.0 655.0 655.0 655.0 656.0 656.0 657.0 657.0 657.0 658.0 657.0 658.0 658.0 658.0 657.0 658.0 657.0 657.0 657.0 657.0 656.0 656.0 656.0 655.0 655.0 654.0 654.0 654.0 653.0 653.0 653.0 653.0 652.0 653.0 652.0 653.0 652.0 653.0 653.0 653.0 653.0 654.0 654.0 654.0 655.0 656.0 656.0 657.0 658.0 658.0 659.0 5.0 51.0 57.0 63.0 69.0 75.0 81.0 87.0 93.0 99.0 105.0 111.0 117.0 123.0 129.0 135.0 141.0 147.0 153.0 159.0 166.0 172.0 177.0 183.0 189.0 195.0 201.0 207.0 213.0 219.0 225.0 231.0 237.0 243.0 249.0 255.0 260.0 266.0 272.0 278.0 284.0 290.0 296.0 302.0 308.0 314.0 320.0 326.0 332.0 337.0 343.0 349.0 355.0 361.0 367.0 373.0 379.0 385.0 391.0 397.0 403.0 409.0 415.0 421.0 427.0 433.0 439.0 444.0 450.0 457.0 463.0 469.0 474.0 480.0 487.0 492.0 499.0 504.0 511.0 516.0 523.0 528.0 535.0 541.0 547.0 553.0 559.0 564.0 570.0 576.0 582.0 588.0 594.0 600.0 606.0 612.0 618.0 624.0 630.0 636.0 248.0
617.0 629.0 630.0 631.0 632.0 633.0 634.0 635.0 636.0 637.0 638.0 639.0 640.0 641.0 642.0 643.0 644.0 645.0 646.0 647.0 648.0 650.0 651.0 652.0 653.0 654.0 656.0 657.0 658.0 659.0 661.0 662.0 663.0 664.0 665.0 666.0 668.0 669.0 670.0 672.0 673.0 674.0 675.0 676.0 677.0 678.0 680.0 681.0 682.0 683.0 684.0 685.0 686.0 687.0 688.0 689.0 690.0 690.0 691.0 692.0 693.0 694.0 694.0 695.0 695.0 695.0 696.0 696.0 697.0 697.0 697.0 697.0 698.0 698.0 698.0 699.0 699.0 699.0 699.0 700.0 700.0 700.0 701.0 702.0 702.0 703.0 704.0 704.0 705.0 706.0 708.0 708.0 709.0 711.0 712.0 713.0 715.0 716.0 717.0 719.0 5.0 51.0 57.0 63.0 69.0 75.0 81.0 87.0 93.0 99.0 105.0 112.0 118.0 124.0 130.0 136.0 142.0 148.0 154.0 160.0 166.0 172.0 178.0 184.0 189.0 195.0 201.0 207.0 213.0 219.0 225.0 231.0 237.0 243.0 249.0 255.0 261.0 266.0 272.0 278.0 284.0 290.0 296.0 302.0 308.0 314.0 320.0 326.0 331.0 337.0 343.0 349.0 355.0 361.0 367.0 373.0 379.0 385.0 391.0 397.0 403.0 409.0 415.0 421.0 427.0 433.0 439.0 445.0 451.0 457.0 463.0 469.0 475.0 482.0 488.0 493.0 500.0 506.0 512.0 518.0 524.0 530.0 536.0 542.0 548.0 554.0 560.0 566.0 572.0 578.0 584.0 590.0 596.0 602.0 608.0 614.0 619.0 625.0 631.0 637.0 249.0
617.0 632.0 633.0 634.0 636.0 637.0 639.0 640.0 641.0 643.0 644.0 645.0 647.0 648.0 650.0 651.0 652.0 654.0 655.0 657.0 659.0 660.0 662.0 663.0 665.0 666.0 668.0 670.0 672.0 673.0 675.0 676.0 678.0 680.0 682.0 683.0 685.0 687.0 688.0 690.0 692.0 693.0 695.0 697.0 698.0 700.0 702.0 703.0 705.0 706.0 708.0 710.0 711.0 712.0 714.0 715.0 716.0 718.0 719.0 721.0 722.0 723.0 724.0 725.0 726.0 727.0 728.0 729.0 730.0 730.0 731.0 732.0 733.0 733.0 734.0 735.0 736.0 736.0 737.0 738.0 739.0 740.0 741.0 743.0 744.0 745.0 746.0 747.0 749.0 750.0 752.0 754.0 755.0 757.0 759.0 761.0 763.0 765.0 766.0 769.0 5.0 50.0 56.0 62.0 68.0 74.0 80.0 86.0 93.0 99.0 105.0 111.0 117.0 123.0 129.0 135.0 141.0 147.0 153.0 159.0 165.0 171.0 177.0 183.0 189.0 195.0 201.0 207.0 213.0 219.0 225.0 231.0 237.0 243.0 249.0 255.0 260.0 266.0 272.0 278.0 284.0 290.0 296.0 302.0 308.0 314.0 320.0 326.0 331.0 337.0 343.0 349.0 355.0 361.0 367.0 373.0 379.0 385.0 391.0 397.0 403.0 409.0 415.0 421.0 428.0 434.0 440.0 446.0 452.0 458.0 464.0 470.0 476.0 483.0 489.0 495.0 501.0 507.0 513.0 519.0 525.0 531.0 538.0 544.0 550.0 556.0 562.0 568.0 574.0 580.0 586.0 591.0 597.0 603.0 609.0 615.0 621.0 626.0 632.0 638.0 250.0
617.0 634.0 636.0 637.0 639.0 641.0 643.0 644.0 646.0 648.0 649.0 651.0 652.0 654.0 656.0 658.0 660.0 661.0 663.0 665.0 667.0 669.0 671.0 673.0 675.0 677.0 679.0 681.0 683.0 685.0 688.0 689.0 692.0 694.0 696.0 698.0 700.0 702.0 704.0 706.0 709.0 710.0 712.0 715.0 717.0 719.0 721.0 723.0 725.0 727.0 728.0 730.0 732.0 734.0 736.0 738.0 739.0 741.0 743.0 745.0 746.0 748.0 750.0 751.0 752.0 754.0 755.0 756.0 758.0 759.0 760.0 761.0 762.0 763.0 765.0 766.0 767.0 768.0 770.0 771.0 772.0 774.0 775.0 777.0 779.0 781.0 782.0 784.0 786.0 788.0 790.0 792.0 794.0 797.0 799.0 801.0 804.0 806.0 809.0 811.0 5.0 50.0 56.0 62.0 68.0 75.0 81.0 87.0 93.0 99.0 105.0 111.0 118.0 124.0 130.0 136.0 142.0 148.0 154.0 160.0 166.0 172.0 178.0 184.0 190.0 196.0 202.0 208.0 214.0 220.0 226.0 232.0 237.0 243.0 249.0 255.0 261.0 267.0 273.0 279.0 285.0 291.0 297.0 303.0 309.0 315.0 321.0 326.0 332.0 338.0 344.0 350.0 356.0 362.0 368.0 374.0 380.0 386.0 392.0 398.0 404.0 410.0 416.0 422.0 429.0 435.0 441.0 447.0 453.0 459.0 465.0 471.0 478.0 484.0 490.0 496.0 503.0 509.0 515.0 521.0 527.0 533.0 539.0 545.0 551.0 557.0 563.0 569.0 575.0 581.0 587.0 593.0 598.0 604.0 610.0 616.0 622.0 627.0 633.0 639.0 251.0
617.0 636.0 638.0 639.0 641.0 643.0 645.0 647.0 649.0 651.0 653.0 655.0 657.0 659.0 660.0 663.0 665.0 667.0 669.0 671.0 674.0 675.0 678.0 680.0 682.0 685.0 687.0 689.0 692.0 694.0 696.0 699.0 701.0 703.0 706.0 708.0 710.0 713.0 715.0 718.0 720.0 722.0 725.0 727.0 729.0 732.0 734.0 736.0 739.0 741.0 743.0 745.0 747.0 749.0 752.0 754.0 756.0 758.0 760.0 762.0 764.0 766.0 767.0 769.0 771.0 772.0 774.0 776.0 777.0 779.0 780.0 782.0 783.0 785.0 786.0 788.0 789.0 791.0 793.0 794.0 796.0 798.0 800.0 802.0 804.0 806.0 808.0 810.0 813.0 815.0 817.0 820.0 822.0 825.0 828.0 830.0 833.0 836.0 839.0 842.0 5.0 50.0 56.0 62.0 68.0 74.0 81.0 87.0 93.0 99.0 105.0 112.0 118.0 124.0 130.0 136.0 142.0 148.0 154.0 160.0 166.0 172.0 178.0 184.0 190.0 196.0 202.0 208.0 214.0 220.0 226.0 232.0 238.0 244.0 250.0 256.0 261.0 267.0 273.0 279.0 285.0 291.0 297.0 303.0 309.0 315.0 321.0 327.0 333.0 338.0 344.0 350.0 357.0 363.0 369.0 375.0 381.0 387.0 393.0 399.0 405.0 411.0 417.0 423.0 429.0 435.0 441.0 448.0 454.0 460.0 466.0 472.0 479.0 485.0 491.0 497.0 504.0 510.0 516.0 522.0 528.0 534.0 540.0 546.0 552.0 558.0 564.0 570.0 576.0 582.0 588.0 594.0 600.0 605.0 611.0 617.0 623.0 628.0 634.0 640.0 252.0
617.0 637.0 639.0 640.0 643.0 645.0 647.0 649.0 651.0 653.0 655.0 657.0 659.0 661.0 663.0 665.0 668.0 670.0 672.0 674.0 677.0 679.0 681.0 684.0 686.0 689.0 691.0 694.0 696.0 699.0 701.0 704.0 706.0 709.0 711.0 714.0 716.0 719.0 721.0 724.0 727.0 729.0 732.0 734.0 736.0 739.0 741.0 744.0 747.0 749.0 751.0 754.0 756.0 758.0 760.0 763.0 765.0 767.0 769.0 772.0 774.0 776.0 777.0 780.0 781.0 783.0 785.0 786.0 789.0 790.0 792.0 793.0 795.0 797.0 799.0 800.0 802.0 804.0 806.0 807.0 809.0 811.0 813.0 816.0 818.0 820.0 822.0 825.0 827.0 830.0 833.0 835.0 838.0 841.0 844.0 847.0 850.0 852.0 856.0 859.0 5.0 50.0 56.0 62.0 68.0 74.0 80.0 87.0 93.0 99.0 105.0 111.0 118.0 124.0 130.0 136.0 142.0 148.0 154.0 160.0 166.0 172.0 178.0 184.0 190.0 196.0 201.0 207.0 213.0 219.0 226.0 232.0 237.0 243.0 249.0 255.0 261.0 267.0 273.0 279.0 285.0 291.0 297.0 303.0 309.0 315.0 321.0 327.0 332.0 338.0 344.0 350.0 356.0 362.0 368.0 374.0 380.0 387.0 393.0 399.0 405.0 411.0 417.0 423.0 430.0 436.0 442.0 448.0 454.0 460.0 466.0 473.0 479.0 485.0 491.0 498.0 504.0 510.0 516.0 522.0 529.0 535.0 541.0 547.0 553.0 559.0 565.0 571.0 577.0 583.0 588.0 594.0 600.0 606.0 612.0 618.0 623.0 629.0 635.0 640.0 253.0
617.0 637.0 639.0 641.0 643.0 645.0 647.0 649.0 651.0 653.0 655.0 658.0 660.0 662.0 664.0 666.0 668.0 671.0 673.0 676.0 678.0 680.0 682.0 685.0 687.0 690.0 692.0 695.0 697.0 700.0 702.0 705.0 707.0 710.0 712.0 715.0 718.0 720.0 723.0 725.0 728.0 731.0 733.0 735.0 738.0 740.0 743.0 746.0 748.0 750.0 753.0 755.0 757.0 760.0 762.0 764.0 767.0 769.0 771.0 773.0 776.0 778.0 779.0 782.0 783.0 785.0 787.0 788.0 790.0 792.0 794.0 795.0 797.0 799.0 801.0 802.0 804.0 806.0 808.0 810.0 812.0 814.0 816.0 818.0 820.0 822.0 825.0 827.0 830.0 832.0 835.0 837.0 840.0 843.0 846.0 849.0 852.0 855.0 858.0 861.0 5.0 50.0 56.0 62.0 68.0 74.0 81.0 87.0 93.0 99.0 105.0 111.0 117.0 123.0 129.0 135.0 141.0 147.0 153.0 159.0 165.0 171.0 177.0 183.0 189.0 195.0 201.0 207.0 213.0 219.0 225.0 231.0 237.0 243.0 249.0 255.0 261.0 267.0 273.0 279.0 285.0 291.0 297.0 303.0 309.0 315.0 321.0 326.0 332.0 338.0 344.0 350.0 356.0 362.0 368.0 374.0 380.0 387.0 393.0 399.0 405.0 411.0 417.0 423.0 429.0 435.0 441.0 448.0 454.0 460.0 466.0 472.0 479.0 485.0 491.0 497.0 504.0 510.0 516.0 522.0 528.0 535.0 541.0 547.0 553.0 559.0 565.0 571.0 577.0 583.0 589.0 594.0 600.0 606.0 612.0 618.0 623.0 629.0 635.0 640.0 254.0
617.0 637.0 639.0 641.0 643.0 645.0 647.0 649.0 651.0 653.0 655.0 657.0 659.0 661.0 663.0 665.0 667.0 669.0 671.0 674.0 676.0 678.0 681.0 683.0 686.0 688.0 690.0 692.0 695.0 697.0 700.0 702.0 705.0 707.0 709.0 712.0 715.0 717.0 719.0 722.0 724.0 727.0 729.0 731.0 734.0 736.0 738.0 741.0 743.0 745.0 748.0 750.0 752.0 755.0 757.0 759.0 761.0 763.0 765.0 767.0 769.0 771.0 773.0 775.0 777.0 778.0 780.0 782.0 783.0 785.0 787.0 788.0 790.0 791.0 793.0 794.0 796.0 798.0 799.0 801.0 803.0 805.0 806.0 809.0 811.0 813.0 815.0 817.0 820.0 821.0 824.0 827.0 829.0 832.0 835.0 837.0 840.0 843.0 846.0 849.0 5.0 50.0 56.0 62.0 68.0 74.0 80.0 87.0 93.0 99.0 105.0 111.0 117.0 123.0 129.0 135.0 141.0 147.0 153.0 159.0 165.0 171.0 177.0 183.0 189.0 195.0 201.0 207.0 213.0 219.0 225.0 231.0 237.0 243.0 249.0 255.0 260.0 266.0 272.0 278.0 284.0 290.0 296.0 302.0 308.0 313.0 319.0 325.0 331.0 337.0 343.0 349.0 355.0 361.0 367.0 373.0 379.0 385.0 391.0 397.0 403.0 409.0 415.0 422.0 428.0 434.0 440.0 446.0 453.0 459.0 465.0 471.0 478.0 484.0 490.0 497.0 503.0 509.0 515.0 522.0 528.0 534.0 540.0 546.0 552.0 558.0 564.0 570.0 576.0 582.0 588.0 594.0 600.0 605.0 611.0 617.0 623.0 629.0 635.0 640.0 255.0
617.0 636.0 638.0 639.0 641.0 643.0 645.0 647.0 649.0 650.0 652.0 654.0 656.0 658.0 660.0 662.0 664.0 666.0 668.0 670.0 672.0 674.0 676.0 678.0 681.0 683.0 685.0 687.0 689.0 691.0 693.0 696.0 698.0 700.0 702.0 704.0 707.0 709.0 711.0 713.0 716.0 718.0 720.0 722.0 724.0 726.0 729.0 731.0 733.0 735.0 737.0 739.0 741.0 743.0 745.0 747.0 749.0 751.0 753.0 755.0 756.0 758.0 760.0 762.0 763.0 765.0 766.0 767.0 769.0 770.0 772.0 773.0 774.0 775.0 777.0 778.0 779.0 781.0 782.0 783.0 785.0 787.0 788.0 790.0 791.0 793.0 795.0 797.0 799.0 801.0 803.0 805.0 807.0 810.0 812.0 814.0 817.0 819.0 822.0 824.0 5.0 49.0 55.0 61.0 67.0 73.0 79.0 85.0 92.0 98.0 104.0 110.0 116.0 122.0 128.0 134.0 140.0 146.0 152.0 158.0 164.0 170.0 176.0 182.0 188.0 193.0 199.0 205.0 211.0 217.0 223.0 229.0 235.0 241.0 247.0 253.0 258.0 264.0 270.0 276.0 282.0 288.0 294.0 300.0 306.0 312.0 318.0 323.0 329.0 335.0 341.0 347.0 353.0 359.0 365.0 371.0 377.0 384.0 390.0 396.0 402.0 408.0 414.0 420.0 426.0 432.0 438.0 445.0 451.0 457.0 463.0 469.0 476.0 482.0 488.0 495.0 501.0 507.0 513.0 520.0 526.0 532.0 538.0 544.0 550.0 556.0 562.0 569.0 575.0 581.0 587.0 592.0 598.0 604.0 610.0 616.0 622.0 627.0 633.0 639.0 256.0
617.0 634.0 636.0 637.0 639.0 640.0 642.0 643.0 645.0 647.0 648.0 650.0 652.0 653.0 655.0 656.0 658.0 660.0 661.0 663.0 665.0 667.0 669.0 671.0 673.0 674.0 676.0 678.0 680.0 681.0 683.0 686.0 687.0 689.0 691.0 693.0 695.0 697.0 699.0 700.0 702.0 704.0 706.0 708.0 710.0 711.0 713.0 715.0 717.0 719.0 720.0 722.0 724.0 726.0 727.0 729.0 730.0 732.0 733.0 735.0 736.0 738.0 739.0 740.0 742.0 742.0 744.0 745.0 746.0 747.0 748.0 749.0 749.0 750.0 751.0 752.0 753.0 754.0 755.0 756.0 757.0 758.0 759.0 760.0 762.0 763.0 764.0 766.0 767.0 769.0 770.0 772.0 774.0 776.0 777.0 779.0 781.0 783.0 785.0 787.0 5.0 49.0 55.0 61.0 67.0 73.0 79.0 85.0 91.0 97.0 103.0 109.0 115.0 121.0 127.0 133.0 139.0 145.0 151.0 156.0 162.0 168.0 174.0 180.0 186.0 192.0 198.0 204.0 210.0 216.0 222.0 228.0 234.0 239.0 245.0 251.0 257.0 263.0 269.0 275.0 281.0 287.0 293.0 298.0 304.0 310.0 316.0 322.0 328.0 334.0 340.0 346.0 352.0 358.0 364.0 370.0 376.0 382.0 388.0 394.0 400.0 406.0 412.0 418.0 425.0 431.0 437.0 443.0 449.0 456.0 462.0 468.0 474.0 481.0 487.0 493.0 499.0 505.0 512.0 518.0 524.0 531.0 537.0 543.0 549.0 555.0 561.0 567.0 573.0 579.0 585.0 591.0 597.0 603.0 609.0 615.0 621.0 626.0 632.0 638.0 257.0
617.0 632.0 633.0 634.0 636.0 637.0 638.0 639.0 641.0 642.0 643.0 645.0 646.0 647.0 648.0 650.0 651.0 652.0 654.0 655.0 656.0 658.0 659.0 660.0 662.0 663.0 665.0 666.0 668.0 669.0 671.0 672.0 674.0 675.0 677.0 678.0 680.0 681.0 682.0 684.0 685.0 687.0 688.0 690.0 691.0 692.0 694.0 695.0 696.0 698.0 699.0 700.0 701.0 703.0 704.0 705.0 706.0 707.0 708.0 709.0 710.0 711.0 712.0 713.0 713.0 714.0 715.0 715.0 716.0 717.0 717.0 717.0 718.0 718.0 719.0 719.0 719.0 720.0 720.0 721.0 721.0 722.0 722.0 723.0 724.0 724.0 725.0 726.0 727.0 728.0 729.0 730.0 731.0 733.0 734.0 736.0 737.0 738.0 740.0 741.0 5.0 49.0 55.0 61.0 67.0 73.0 79.0 85.0 90.0 96.0 102.0 108.0 114.0 120.0 126.0 132.0 138.0 144.0 150.0 156.0 162.0 168.0 174.0 180.0 186.0 192.0 197.0 203.0 209.0 215.0 221.0 227.0 233.0 239.0 245.0 251.0 257.0 263.0 269.0 275.0 280.0 286.0 292.0 298.0 304.0 310.0 316.0 322.0 328.0 334.0 340.0 346.0 352.0 358.0 364.0 370.0 376.0 382.0 388.0 394.0 400.0 406.0 412.0 418.0 424.0 430.0 436.0 443.0 448.0 455.0 461.0 467.0 473.0 479.0 485.0 491.0 498.0 504.0 510.0 516.0 522.0 528.0 534.0 540.0 546.0 553.0 559.0 565.0 571.0 577.0 583.0 589.0 595.0 601.0 607.0 612.0 618.0 624.0 630.0 636.0 258.0
617.0 628.0 630.0 630.0 632.0 632.0 633.0 634.0 635.0 636.0 637.0 638.0 639.0 639.0 640.0 641.0 642.0 643.0 643.0 644.0 645.0 646.0 647.0 648.0 649.0 650.0 651.0 652.0 653.0 654.0 655.0 656.0 657.0 658.0 659.0 660.0 661.0 661.0 662.0 663.0 664.0 665.0 666.0 667.0 668.0 668.0 670.0 670.0 671.0 672.0 672.0 673.0 674.0 675.0 675.0 676.0 676.0 677.0 677.0 678.0 678.0 679.0 679.0 679.0 679.0 679.0 680.0 679.0 680.0 679.0 679.0 679.0 679.0 679.0 678.0 678.0 678.0 678.0 678.0 677.0 678.0 677.0 677.0 677.0 678.0 678.0 678.0 678.0 679.0 679.0 679.0 680.0 681.0 682.0 682.0 683.0 684.0 685.0 686.0 687.0 5.0 49.0 55.0 61.0 67.0 73.0 79.0 85.0 91.0 97.0 103.0 109.0 115.0 121.0 127.0 133.0 139.0 145.0 151.0 157.0 163.0 169.0 175.0 181.0 187.0 193.0 198.0 204.0 210.0 216.0 222.0 228.0 234.0 240.0 246.0 252.0 258.0 264.0 270.0 276.0 282.0 288.0 294.0 300.0 306.0 312.0 318.0 323.0 329.0 335.0 341.0 347.0 353.0 359.0 365.0 371.0 377.0 383.0 389.0 395.0 401.0 407.0 413.0 419.0 425.0 431.0 437.0 443.0 449.0 455.0 461.0 467.0 473.0 479.0 484.0 490.0 496.0 502.0 508.0 514.0 520.0 526.0 532.0 538.0 544.0 550.0 556.0 562.0 568.0 574.0 580.0 586.0 592.0 597.0 603.0 609.0 615.0 621.0 627.0 633.0 259.0
617.0 625.0 626.0 626.0 627.0 628.0 628.0 628.0 629.0 629.0 629.0 630.0 630.0 630.0 631.0 631.0 632.0 632.0 632.0 633.0 633.0 634.0 634.0 634.0 635.0 635.0 636.0 636.0 636.0 637.0 637.0 638.0 638.0 638.0 639.0 639.0 640.0 640.0 640.0 641.0 641.0 641.0 642.0 642.0 642.0 642.0 643.0 643.0 643.0 643.0 643.0 643.0 643.0 643.0 644.0 644.0 643.0 643.0 643.0 643.0 643.0 642.0 642.0 641.0 641.0 641.0 640.0 639.0 639.0 638.0 637.0 636.0 635.0 635.0 634.0 633.0 633.0 631.0 631.0 630.0 630.0 629.0 628.0 628.0 627.0 627.0 627.0 626.0 626.0 626.0 626.0 626.0 626.0 627.0 627.0 627.0 627.0 628.0 628.0 628.0 5.0 51.0 57.0 63.0 69.0 75.0 81.0 87.0 93.0 99.0 105.0 111.0 117.0 123.0 129.0 135.0 141.0 147.0 153.0 159.0 165.0 172.0 178.0 184.0 189.0 195.0 201.0 207.0 213.0 219.0 225.0 231.0 237.0 243.0 249.0 255.0 261.0 267.0 273.0 279.0 285.0 291.0 297.0 303.0 309.0 315.0 321.0 327.0 332.0 338.0 344.0 350.0 356.0 363.0 369.0 374.0 380.0 386.0 392.0 398.0 404.0 410.0 415.0 421.0 428.0 433.0 439.0 445.0 451.0 456.0 462.0 468.0 474.0 480.0 485.0 492.0 497.0 503.0 509.0 515.0 520.0 526.0 532.0 538.0 544.0 550.0 556.0 562.0 567.0 573.0 579.0 585.0 591.0 597.0 603.0 609.0 615.0 621.0 627.0 633.0 260.0
617.0 622.0 622.0 622.0 622.0 623.0 622.0 622.0 623.0 622.0 622.0 622.0 622.0 622.0 622.0 622.0 622.0 622.0 621.0 621.0 621.0 621.0 621.0 621.0 621.0 621.0 621.0 621.0 621.0 621.0 621.0 620.0 620.0 620.0 620.0 620.0 620.0 620.0 619.0 619.0 619.0 619.0 618.0 618.0 618.0 617.0 617.0 617.0 617.0 616.0 616.0 615.0 614.0 614.0 613.0 613.0 612.0 611.0 611.0 609.0 609.0 608.0 607.0 606.0 605.0 603.0 603.0 601.0 600.0 599.0 597.0 596.0 594.0 593.0 592.0 590.0 589.0 588.0 586.0 585.0 584.0 583.0 582.0 581.0 580.0 579.0 578.0 577.0 577.0 576.0 576.0 575.0 575.0 575.0 574.0 574.0 573.0 573.0 573.0 573.0 5.0 52.0 58.0 64.0 70.0 77.0 83.0 89.0 95.0 101.0 107.0 113.0 119.0 125.0 131.0 137.0 144.0 150.0 156.0 161.0 168.0 174.0 180.0 186.0 192.0 198.0 204.0 210.0 216.0 222.0 228.0 234.0 240.0 246.0 252.0 258.0 264.0 270.0 276.0 282.0 288.0 294.0 300.0 306.0 312.0 318.0 324.0 330.0 336.0 342.0 348.0 354.0 360.0 365.0 371.0 377.0 383.0 389.0 395.0 401.0 407.0 412.0 418.0 424.0 430.0 435.0 441.0 447.0 452.0 458.0 464.0 470.0 475.0 481.0 487.0 493.0 498.0 504.0 510.0 516.0 521.0 527.0 533.0 539.0 545.0 551.0 557.0 562.0 568.0 574.0 580.0 586.0 592.0 598.0 604.0 610.0 616.0 622.0 628.0 634.0 261.0
617.0 619.0 619.0 619.0 618.0 618.0 618.0 617.0 617.0 616.0 616.0 615.0 615.0 614.0 614.0 613.0 613.0 612.0 612.0 611.0 611.0 610.0 610.0 609.0 609.0 608.0 608.0 607.0 606.0 606.0 605.0 605.0 604.0 604.0 603.0 602.0 601.0 601.0 600.0 600.0 599.0 598.0 597.0 597.0 596.0 595.0 594.0 593.0 592.0 591.0 590.0 589.0 588.0 587.0 586.0 585.0 583.0 582.0 581.0 579.0 578.0 577.0 575.0 573.0 571.0 570.0 568.0 566.0 564.0 562.0 561.0 559.0 557.0 555.0 553.0 551.0 549.0 547.0 545.0 544.0 542.0 540.0 539.0 538.0 536.0 535.0 534.0 533.0 531.0 531.0 529.0 529.0 528.0 527.0 526.0 525.0 524.0 524.0 523.0 522.0 5.0 53.0 60.0 66.0 72.0 78.0 84.0 91.0 97.0 103.0 109.0 115.0 121.0 127.0 133.0 139.0 146.0 151.0 158.0 164.0 170.0 176.0 182.0 188.0 194.0 200.0 206.0 212.0 218.0 225.0 231.0 237.0 243.0 249.0 255.0 261.0 267.0 273.0 279.0 285.0 291.0 297.0 302.0 308.0 314.0 320.0 326.0 332.0 338.0 344.0 350.0 356.0 362.0 368.0 374.0 380.0 385.0 391.0 397.0 402.0 408.0 414.0 420.0 426.0 431.0 437.0 443.0 448.0 454.0 459.0 465.0 471.0 477.0 482.0 488.0 494.0 499.0 505.0 511.0 516.0 522.0 528.0 534.0 539.0 545.0 551.0 557.0 563.0 569.0 574.0 580.0 586.0 592.0 598.0 604.0 610.0 616.0 622.0 628.0 634.0 262.0
617.0 616.0 616.0 615.0 614.0 614.0 613.0 612.0 612.0 611.0 610.0 609.0 608.0 607.0 606.0 605.0 605.0 604.0 603.0 602.0 601.0 600.0 599.0 598.0 597.0 596.0 595.0 595.0 593.0 592.0 592.0 590.0 589.0 588.0 587.0 586.0 585.0 584.0 583.0 582.0 581.0 580.0 578.0 577.0 576.0 574.0 573.0 572.0 570.0 569.0 567.0 566.0 564.0 563.0 561.0 559.0 558.0 556.0 554.0 552.0 550.0 548.0 546.0 543.0 541.0 539.0 537.0 534.0 532.0 530.0 527.0 525.0 523.0 520.0 518.0 515.0 513.0 511.0 509.0 507.0 505.0 503.0 501.0 499.0 497.0 496.0 494.0 492.0 491.0 490.0 488.0 487.0 485.0 484.0 483.0 481.0 480.0 479.0 477.0 476.0 5.0 56.0 62.0 69.0 75.0 81.0 87.0 94.0 100.0 106.0 112.0 118.0 125.0 131.0 137.0 143.0 149.0 155.0 161.0 167.0 173.0 179.0 185.0 191.0 198.0 204.0 210.0 216.0 222.0 228.0 234.0 240.0 246.0 252.0 258.0 264.0 270.0 276.0 282.0 288.0 294.0 300.0 306.0 312.0 318.0 324.0 330.0 336.0 342.0 347.0 353.0 359.0 365.0 371.0 377.0 383.0 388.0 394.0 400.0 405.0 411.0 417.0 423.0 429.0 434.0 439.0 445.0 451.0 456.0 462.0 468.0 473.0 478.0 484.0 490.0 495.0 501.0 507.0 513.0 518.0 524.0 530.0 535.0 541.0 547.0 553.0 559.0 565.0 570.0 576.0 582.0 588.0 594.0 600.0 606.0 612.0 618.0 624.0 630.0 636.0 263.0
617.0 613.0 613.0 612.0 611.0 611.0 609.0 609.0 607.0 606.0 605.0 604.0 603.0 602.0 601.0 599.0 598.0 597.0 596.0 595.0 593.0 592.0 591.0 590.0 589.0 587.0 586.0 585.0 583.0 582.0 581.0 579.0 578.0 577.0 576.0 574.0 572.0 571.0 570.0 568.0 567.0 565.0 564.0 562.0 560.0 559.0 557.0 555.0 553.0 552.0 550.0 548.0 546.0 544.0 542.0 540.0 537.0 535.0 533.0 531.0 528.0 526.0 523.0 521.0 518.0 515.0 513.0 510.0 507.0 504.0 501.0 498.0 496.0 493.0 490.0 488.0 485.0 482.0 480.0 478.0 475.0 473.0 471.0 469.0 467.0 465.0 463.0 461.0 459.0 458.0 456.0 454.0 452.0 451.0 449.0 447.0 446.0 444.0 442.0 440.0 5.0 58.0 64.0 71.0 77.0 83.0 90.0 96.0 102.0 108.0 114.0 120.0 127.0 133.0 139.0 145.0 151.0 157.0 164.0 169.0 176.0 182.0 188.0 194.0 200.0 206.0 212.0 219.0 225.0 231.0 237.0 243.0 249.0 255.0 261.0 267.0 273.0 279.0 285.0 291.0 297.0 303.0 309.0 315.0 321.0 327.0 333.0 339.0 344.0 350.0 356.0 362.0 368.0 373.0 379.0 385.0 391.0 396.0 402.0 408.0 414.0 419.0 425.0 430.0 436.0 441.0 447.0 453.0 458.0 464.0 469.0 475.0 480.0 486.0 491.0 497.0 502.0 508.0 514.0 520.0 525.0 531.0 537.0 542.0 548.0 554.0 560.0 566.0 572.0 578.0 584.0 590.0 596.0 602.0 608.0 614.0 619.0 625.0 631.0 637.0 264.0
617.0 612.0 612.0 610.0 609.0 608.0 607.0 606.0 605.0 603.0 602.0 601.0 599.0 598.0 597.0 595.0 594.0 592.0 591.0 590.0 588.0 587.0 586.0 584.0 583.0 581.0 580.0 578.0 577.0 575.0 574.0 572.0 571.0 569.0 567.0 566.0 564.0 563.0 561.0 559.0 557.0 556.0 554.0 552.0 550.0 548.0 546.0 544.0 542.0 540.0 538.0 536.0 534.0 531.0 529.0 527.0 524.0 522.0 519.0 516.0 514.0 511.0 508.0 505.0 502.0 499.0 496.0 493.0 490.0 487.0 484.0 481.0 478.0 475.0 472.0 469.0 467.0 464.0 461.0 459.0 456.0 453.0 451.0 449.0 447.0 444.0 442.0 440.0 438.0 436.0 434.0 432.0 430.0 429.0 426.0 425.0 423.0 420.0 418.0 416.0 5.0 59.0 65.0 72.0 78.0 84.0 91.0 97.0 103.0 109.0 115.0 121.0 128.0 134.0 140.0 146.0 152.0 158.0 165.0 171.0 177.0 183.0 189.0 195.0 201.0 207.0 214.0 220.0 226.0 232.0 238.0 244.0 250.0 256.0 262.0 268.0 274.0 280.0 286.0 292.0 298.0 304.0 310.0 316.0 322.0 328.0 334.0 340.0 346.0 351.0 357.0 363.0 369.0 375.0 381.0 386.0 392.0 398.0 403.0 409.0 415.0 420.0 426.0 432.0 437.0 442.0 448.0 454.0 459.0 465.0 470.0 475.0 481.0 487.0 492.0 498.0 503.0 509.0 515.0 520.0 526.0 532.0 537.0 543.0 549.0 555.0 561.0 567.0 573.0 578.0 584.0 590.0 596.0 602.0 608.0 614.0 620.0 626.0 632.0 638.0 265.0
617.0 611.0 610.0 609.0 608.0 607.0 606.0 605.0 603.0 602.0 600.0 599.0 597.0 596.0 594.0 593.0 592.0 590.0 589.0 587.0 586.0 584.0 583.0 581.0 579.0 578.0 576.0 575.0 573.0 571.0 570.0 568.0 567.0 565.0 563.0 561.0 560.0 558.0 556.0 555.0 553.0 551.0 549.0 547.0 545.0 543.0 541.0 539.0 537.0 534.0 532.0 530.0 528.0 525.0 523.0 520.0 518.0 515.0 512.0 510.0 507.0 504.0 501.0 498.0 495.0 492.0 489.0 485.0 482.0 479.0 476.0 473.0 469.0 467.0 464.0 461.0 458.0 455.0 452.0 450.0 447.0 444.0 442.0 440.0 437.0 435.0 433.0 431.0 429.0 427.0 425.0 422.0 420.0 418.0 416.0 414.0 412.0 410.0 408.0 406.0 5.0 60.0 66.0 73.0 79.0 85.0 92.0 98.0 104.0 110.0 116.0 122.0 129.0 135.0 141.0 147.0 153.0 159.0 165.0 172.0 178.0 184.0 190.0 196.0 202.0 208.0 215.0 221.0 227.0 233.0 239.0 245.0 251.0 257.0 263.0 269.0 275.0 281.0 287.0 293.0 299.0 305.0 311.0 317.0 323.0 329.0 335.0 341.0 347.0 352.0 358.0 364.0 370.0 376.0 381.0 387.0 393.0 398.0 404.0 410.0 415.0 421.0 426.0 432.0 438.0 443.0 449.0 454.0 460.0 465.0 471.0 476.0 481.0 487.0 492.0 498.0 504.0 509.0 515.0 520.0 526.0 532.0 538.0 543.0 549.0 555.0 561.0 567.0 573.0 579.0 585.0 591.0 597.0 603.0 609.0 614.0 620.0 626.0 632.0 638.0 266.0
617.0 611.0 610.0 609.0 608.0 607.0 605.0 604.0 603.0 602.0 600.0 598.0 597.0 596.0 594.0 593.0 591.0 590.0 588.0 587.0 586.0 584.0 583.0 581.0 580.0 578.0 577.0 575.0 573.0 572.0 570.0 569.0 567.0 565.0 564.0 562.0 560.0 558.0 557.0 555.0 553.0 551.0 549.0 547.0 545.0 544.0 542.0 539.0 537.0 535.0 533.0 531.0 529.0 526.0 524.0 521.0 519.0 516.0 513.0 511.0 508.0 505.0 502.0 499.0 497.0 493.0 490.0 487.0 484.0 481.0 478.0 475.0 471.0 469.0 466.0 463.0 460.0 457.0 454.0 452.0 449.0 446.0 444.0 442.0 440.0 437.0 435.0 433.0 431.0 429.0 427.0 425.0 423.0 421.0 419.0 417.0 415.0 413.0 411.0 409.0 5.0 61.0 67.0 73.0 79.0 86.0 92.0 98.0 104.0 110.0 116.0 122.0 129.0 135.0 141.0 147.0 153.0 159.0 166.0 172.0 178.0 184.0 190.0 196.0 202.0 208.0 215.0 221.0 227.0 233.0 239.0 245.0 251.0 257.0 263.0 269.0 275.0 281.0 287.0 293.0 299.0 305.0 311.0 317.0 323.0 329.0 335.0 341.0 347.0 352.0 358.0 364.0 370.0 376.0 381.0 387.0 393.0 398.0 404.0 410.0 415.0 421.0 426.0 432.0 437.0 443.0 448.0 454.0 459.0 465.0 470.0 476.0 481.0 487.0 492.0 498.0 504.0 509.0 515.0 520.0 526.0 532.0 538.0 543.0 549.0 555.0 561.0 567.0 573.0 579.0 585.0 590.0 596.0 602.0 608.0 614.0 620.0 626.0 632.0 637.0 267.0
617.0 612.0 611.0 611.0 610.0 608.0 607.0 606.0 605.0 603.0 602.0 601.0 600.0 598.0 597.0 596.0 594.0 593.0 592.0 590.0 589.0 588.0 586.0 585.0 584.0 582.0 581.0 579.0 578.0 577.0 575.0 574.0 572.0 571.0 569.0 568.0 566.0 565.0 563.0 561.0 560.0 558.0 556.0 554.0 553.0 551.0 549.0 547.0 545.0 543.0 541.0 540.0 538.0 535.0 533.0 531.0 528.0 526.0 524.0 521.0 519.0 516.0 513.0 511.0 508.0 505.0 502.0 499.0 496.0 493.0 490.0 488.0 485.0 482.0 479.0 476.0 474.0 471.0 468.0 466.0 464.0 461.0 459.0 457.0 454.0 452.0 450.0 448.0 446.0 445.0 443.0 441.0 439.0 438.0 436.0 434.0 432.0 430.0 429.0 427.0 5.0 59.0 65.0 71.0 77.0 84.0 90.0 96.0 102.0 108.0 115.0 121.0 127.0 133.0 139.0 145.0 151.0 158.0 164.0 170.0 176.0 182.0 188.0 194.0 200.0 206.0 213.0 219.0 225.0 231.0 237.0 243.0 249.0 255.0 261.0 267.0 273.0 279.0 285.0 291.0 297.0 303.0 309.0 315.0 321.0 327.0 333.0 339.0 345.0 350.0 356.0 362.0 368.0 374.0 380.0 385.0 391.0 397.0 403.0 408.0 414.0 419.0 425.0 430.0 436.0 441.0 447.0 453.0 458.0 464.0 469.0 474.0 480.0 485.0 491.0 497.0 502.0 508.0 513.0 519.0 524.0 530.0 536.0 542.0 548.0 554.0 560.0 565.0 571.0 577.0 583.0 589.0 595.0 601.0 607.0 613.0 619.0 625.0 631.0 636.0 268.0
617.0 614.0 613.0 613.0 612.0 611.0 610.0 609.0 608.0 607.0 606.0 604.0 604.0 602.0 601.0 600.0 599.0 598.0 597.0 596.0 595.0 594.0 593.0 592.0 590.0 589.0 588.0 587.0 586.0 584.0 584.0 582.0 581.0 580.0 578.0 577.0 576.0 575.0 573.0 572.0 571.0 569.0 568.0 566.0 565.0 564.0 562.0 560.0 559.0 557.0 556.0 554.0 552.0 550.0 549.0 547.0 545.0 543.0 541.0 539.0 537.0 534.0 532.0 529.0 527.0 525.0 522.0 519.0 517.0 514.0 512.0 509.0 506.0 504.0 501.0 499.0 497.0 494.0 492.0 489.0 487.0 485.0 483.0 481.0 479.0 477.0 475.0 474.0 472.0 471.0 469.0 468.0 466.0 465.0 464.0 462.0 460.0 459.0 458.0 456.0 5.0 58.0 64.0 70.0 76.0 83.0 89.0 95.0 101.0 107.0 113.0 119.0 126.0 132.0 138.0 144.0 150.0 156.0 162.0 168.0 174.0 180.0 187.0 193.0 199.0 205.0 211.0 217.0 223.0 229.0 235.0 241.0 247.0 253.0 259.0 266.0 272.0 278.0 284.0 290.0 296.0 302.0 308.0 314.0 320.0 326.0 332.0 337.0 343.0 349.0 355.0 361.0 367.0 372.0 378.0 384.0 390.0 395.0 401.0 407.0 412.0 418.0 424.0 429.0 435.0 440.0 446.0 451.0 457.0 462.0 468.0 473.0 479.0 484.0 490.0 496.0 501.0 507.0 512.0 518.0 523.0 529.0 535.0 540.0 546.0 552.0 558.0 564.0 570.0 576.0 582.0 587.0 593.0 599.0 605.0 611.0 617.0 623.0 629.0 635.0 269.0
617.0 616.0 616.0 615.0 615.0 614.0 613.0 613.0 612.0 611.0 611.0 610.0 609.0 608.0 607.0 607.0 606.0 605.0 604.0 603.0 603.0 602.0 601.0 600.0 600.0 599.0 598.0 597.0 596.0 595.0 595.0 594.0 593.0 592.0 591.0 590.0 589.0 589.0 588.0 587.0 586.0 585.0 583.0 582.0 582.0 581.0 579.0 578.0 577.0 576.0 575.0 574.0 572.0 571.0 569.0 568.0 566.0 565.0 563.0 562.0 560.0 558.0 557.0 554.0 553.0 551.0 549.0 547.0 544.0 542.0 540.0 538.0 536.0 533.0 531.0 529.0 527.0 525.0 523.0 521.0 519.0 517.0 516.0 514.0 512.0 511.0 509.0 508.0 507.0 506.0 504.0 503.0 502.0 501.0 500.0 499.0 498.0 497.0 496.0 495.0 5.0 55.0 61.0 67.0 73.0 80.0 86.0 92.0 98.0 104.0 110.0 116.0 122.0 128.0 134.0 140.0 146.0 153.0 159.0 165.0 171.0 177.0 183.0 189.0 195.0 201.0 207.0 213.0 219.0 225.0 231.0 237.0 243.0 249.0 255.0 262.0 268.0 274.0 280.0 286.0 292.0 298.0 304.0 310.0 316.0 322.0 328.0 333.0 339.0 345.0 351.0 357.0 363.0 369.0 375.0 380.0 386.0 392.0 398.0 403.0 409.0 415.0 421.0 426.0 432.0 437.0 443.0 448.0 454.0 459.0 465.0 470.0 476.0 482.0 487.0 493.0 498.0 504.0 509.0 515.0 520.0 526.0 532.0 537.0 543.0 549.0 555.0 561.0 566.0 572.0 578.0 584.0 590.0 596.0 602.0 608.0 614.0 620.0 626.0 632.0 270.0
617.0 619.0 619.0 619.0 618.0 618.0 618.0 618.0 617.0 617.0 616.0 616.0 615.0 615.0 615.0 614.0 614.0 613.0 613.0 613.0 612.0 612.0 612.0 611.0 611.0 611.0 610.0 610.0 609.0 609.0 609.0 608.0 608.0 607.0 607.0 607.0 606.0 606.0 605.0 605.0 604.0 604.0 603.0 602.0 602.0 601.0 601.0 600.0 600.0 599.0 598.0 597.0 597.0 596.0 595.0 594.0 593.0 592.0 591.0 590.0 589.0 588.0 586.0 585.0 584.0 582.0 581.0 579.0 577.0 576.0 574.0 573.0 571.0 569.0 567.0 566.0 565.0 563.0 561.0 560.0 559.0 557.0 556.0 554.0 553.0 552.0 551.0 550.0 549.0 549.0 548.0 547.0 546.0 546.0 545.0 544.0 544.0 544.0 543.0 542.0 5.0 54.0 60.0 66.0 72.0 78.0 84.0 90.0 96.0 102.0 108.0 114.0 120.0 126.0 133.0 139.0 145.0 151.0 157.0 163.0 169.0 175.0 181.0 187.0 193.0 199.0 205.0 211.0 217.0 223.0 229.0 235.0 241.0 247.0 253.0 259.0 265.0 271.0 277.0 283.0 289.0 295.0 301.0 307.0 313.0 319.0 325.0 331.0 336.0 342.0 348.0 354.0 360.0 366.0 372.0 378.0 384.0 390.0 396.0 401.0 407.0 413.0 419.0 424.0 430.0 436.0 441.0 447.0 453.0 459.0 464.0 470.0 476.0 481.0 487.0 492.0 498.0 504.0 509.0 515.0 521.0 527.0 533.0 538.0 544.0 550.0 556.0 562.0 568.0 574.0 580.0 585.0 591.0 597.0 603.0 609.0 615.0 621.0 627.0 633.0 271.0
617.0 622.0 622.0 622.0 622.0 622.0 622.0 623.0 623.0 622.0 622.0 622.0 622.0 622.0 622.0 622.0 622.0 622.0 622.0 622.0 622.0 623.0 623.0 623.0 623.0 623.0 623.0 623.0 623.0 623.0 623.0 623.0 623.0 623.0 623.0 623.0 623.0 623.0 623.0 623.0 623.0 623.0 623.0 623.0 623.0 623.0 623.0 623.0 623.0 623.0 622.0 622.0 622.0 622.0 621.0 621.0 621.0 620.0 619.0 619.0 619.0 618.0 617.0 616.0 616.0 615.0 614.0 613.0 612.0 611.0 610.0 609.0 608.0 606.0 605.0 604.0 603.0 602.0 601.0 600.0 599.0 598.0 597.0 597.0 596.0 595.0 595.0 594.0 594.0 593.0 593.0 593.0 593.0 592.0 593.0 592.0 592.0 592.0 592.0 592.0 5.0 52.0 58.0 64.0 70.0 76.0 82.0 88.0 94.0 100.0 106.0 112.0 118.0 124.0 130.0 136.0 142.0 148.0 154.0 160.0 166.0 172.0 178.0 184.0 190.0 196.0 202.0 208.0 214.0 220.0 226.0 232.0 238.0 244.0 250.0 256.0 262.0 268.0 274.0 279.0 285.0 291.0 297.0 303.0 309.0 315.0 321.0 327.0 333.0 339.0 345.0 351.0 357.0 363.0 369.0 375.0 380.0 386.0 392.0 398.0 404.0 410.0 416.0 421.0 427.0 433.0 439.0 445.0 451.0 457.0 462.0 469.0 474.0 480.0 486.0 492.0 497.0 503.0 509.0 515.0 521.0 527.0 533.0 539.0 545.0 551.0 556.0 562.0 568.0 574.0 580.0 586.0 592.0 598.0 604.0 610.0 616.0 622.0 628.0 634.0 272.0
617.0 625.0 625.0 626.0 626.0 627.0 627.0 628.0 628.0 629.0 629.0 629.0 630.0 630.0 631.0 631.0 631.0 632.0 632.0 633.0 633.0 634.0 635.0 635.0 636.0 636.0 637.0 637.0 638.0 638.0 639.0 639.0 640.0 641.0 641.0 641.0 642.0 643.0 643.0 644.0 644.0 645.0 645.0 646.0 646.0 647.0 647.0 648.0 648.0 648.0 648.0 649.0 649.0 649.0 649.0 650.0 650.0 650.0 650.0 650.0 650.0 650.0 650.0 649.0 650.0 649.0 649.0 648.0 648.0 648.0 647.0 647.0 646.0 646.0 645.0 644.0 644.0 644.0 643.0 642.0 642.0 642.0 641.0 641.0 641.0 641.0 641.0 641.0 641.0 641.0 641.0 642.0 642.0 642.0 643.0 644.0 644.0 644.0 645.0 646.0 5.0 52.0 57.0 64.0 70.0 76.0 82.0 88.0 94.0 99.0 105.0 111.0 117.0 124.0 130.0 136.0 142.0 148.0 154.0 160.0 165.0 171.0 177.0 183.0 189.0 195.0 201.0 207.0 213.0 219.0 225.0 231.0 237.0 243.0 249.0 255.0 261.0 267.0 273.0 278.0 284.0 290.0 296.0 302.0 308.0 314.0 320.0 326.0 332.0 338.0 344.0 350.0 355.0 361.0 367.0 373.0 379.0 385.0 391.0 397.0 403.0 409.0 415.0 421.0 427.0 432.0 439.0 444.0 451.0 456.0 462.0 468.0 474.0 480.0 486.0 492.0 498.0 504.0 510.0 516.0 522.0 528.0 534.0 540.0 546.0 552.0 558.0 564.0 570.0 576.0 582.0 588.0 594.0 600.0 606.0 612.0 618.0 624.0 630.0 635.0 273.0
617.0 628.0 628.0 630.0 630.0 632.0 632.0 633.0 634.0 635.0 636.0 636.0 637.0 638.0 639.0 640.0 641.0 642.0 643.0 644.0 644.0 645.0 646.0 647.0 648.0 649.0 650.0 651.0 652.0 654.0 655.0 655.0 657.0 657.0 658.0 660.0 661.0 662.0 663.0 664.0 665.0 666.0 667.0 668.0 669.0 670.0 671.0 672.0 672.0 673.0 674.0 675.0 676.0 676.0 677.0 678.0 679.0 679.0 680.0 681.0 681.0 681.0 682.0 682.0 683.0 683.0 683.0 683.0 684.0 684.0 684.0 684.0 684.0 684.0 684.0 684.0 684.0 684.0 684.0 684.0 684.0 684.0 685.0 685.0 685.0 686.0 687.0 687.0 688.0 689.0 689.0 690.0 691.0 692.0 693.0 694.0 695.0 696.0 697.0 699.0 5.0 51.0 57.0 63.0 69.0 75.0 81.0 87.0 93.0 99.0 105.0 111.0 117.0 123.0 129.0 135.0 141.0 147.0 153.0 159.0 165.0 171.0 177.0 183.0 189.0 195.0 201.0 207.0 213.0 219.0 225.0 230.0 236.0 242.0 248.0 254.0 260.0 266.0 272.0 278.0 284.0 289.0 295.0 301.0 307.0 313.0 319.0 325.0 331.0 337.0 343.0 349.0 355.0 361.0 367.0 373.0 379.0 385.0 391.0 397.0 403.0 409.0 415.0 421.0 426.0 433.0 439.0 445.0 451.0 457.0 463.0 469.0 475.0 481.0 487.0 493.0 499.0 505.0 511.0 517.0 523.0 529.0 535.0 541.0 547.0 553.0 560.0 566.0 571.0 577.0 583.0 589.0 595.0 601.0 607.0 613.0 619.0 625.0 631.0 636.0 274.0
617.0 631.0 632.0 633.0 634.0 636.0 637.0 638.0 639.0 640.0 641.0 642.0 644.0 645.0 646.0 648.0 649.0 650.0 651.0 653.0 654.0 656.0 657.0 658.0 660.0 661.0 663.0 664.0 665.0 667.0 669.0 670.0 671.0 673.0 674.0 676.0 678.0 679.0 680.0 682.0 683.0 685.0 686.0 688.0 689.0 691.0 692.0 693.0 695.0 696.0 697.0 699.0 700.0 701.0 702.0 704.0 705.0 706.0 707.0 708.0 709.0 710.0 711.0 712.0 713.0 713.0 714.0 714.0 715.0 716.0 716.0 717.0 717.0 718.0 718.0 719.0 719.0 720.0 721.0 721.0 722.0 723.0 723.0 724.0 725.0 726.0 727.0 729.0 730.0 731.0 732.0 734.0 735.0 736.0 738.0 740.0 741.0 743.0 744.0 746.0 5.0 51.0 57.0 63.0 69.0 75.0 81.0 87.0 93.0 99.0 105.0 111.0 117.0 123.0 129.0 135.0 141.0 147.0 153.0 159.0 165.0 171.0 177.0 183.0 189.0 195.0 201.0 207.0 213.0 219.0 225.0 230.0 236.0 242.0 248.0 254.0 260.0 266.0 272.0 278.0 284.0 290.0 296.0 302.0 308.0 313.0 319.0 325.0 331.0 337.0 343.0 349.0 355.0 361.0 367.0 373.0 379.0 385.0 391.0 397.0 403.0 409.0 415.0 421.0 427.0 433.0 439.0 445.0 451.0 457.0 463.0 470.0 476.0 481.0 488.0 494.0 500.0 506.0 512.0 518.0 524.0 530.0 537.0 543.0 549.0 555.0 561.0 567.0 573.0 579.0 585.0 591.0 596.0 602.0 608.0 614.0 620.0 626.0 632.0 637.0 275.0
617.0 632.0 634.0 636.0 637.0 639.0 640.0 641.0 643.0 645.0 646.0 647.0 649.0 651.0 652.0 654.0 655.0 657.0 658.0 660.0 662.0 664.0 665.0 667.0 669.0 671.0 673.0 674.0 676.0 678.0 680.0 682.0 684.0 685.0 687.0 689.0 691.0 693.0 695.0 697.0 699.0 700.0 702.0 704.0 706.0 707.0 709.0 711.0 713.0 715.0 716.0 718.0 719.0 721.0 723.0 724.0 726.0 728.0 729.0 731.0 732.0 733.0 734.0 735.0 737.0 738.0 739.0 740.0 741.0 742.0 743.0 744.0 745.0 746.0 747.0 748.0 749.0 750.0 751.0 752.0 753.0 754.0 755.0 757.0 758.0 760.0 761.0 763.0 764.0 766.0 767.0 769.0 771.0 773.0 775.0 777.0 779.0 781.0 784.0 786.0 5.0 50.0 56.0 62.0 68.0 74.0 80.0 86.0 93.0 99.0 105.0 111.0 117.0 123.0 129.0 135.0 141.0 147.0 153.0 159.0 165.0 171.0 177.0 183.0 189.0 195.0 201.0 207.0 213.0 219.0 225.0 231.0 237.0 243.0 249.0 255.0 260.0 266.0 272.0 278.0 284.0 290.0 296.0 302.0 308.0 314.0 319.0 325.0 331.0 337.0 343.0 349.0 355.0 361.0 367.0 373.0 379.0 385.0 391.0 397.0 403.0 409.0 415.0 421.0 428.0 434.0 440.0 446.0 452.0 458.0 464.0 471.0 477.0 483.0 489.0 495.0 501.0 507.0 514.0 520.0 526.0 532.0 538.0 544.0 550.0 556.0 562.0 568.0 574.0 580.0 586.0 592.0 598.0 604.0 609.0 615.0 621.0 627.0 633.0 638.0 276.0
617.0 634.0 636.0 638.0 639.0 641.0 643.0 644.0 646.0 648.0 649.0 651.0 653.0 655.0 657.0 658.0 660.0 662.0 664.0 666.0 668.0 670.0 672.0 674.0 676.0 678.0 680.0 682.0 684.0 686.0 688.0 690.0 693.0 694.0 697.0 699.0 701.0 703.0 705.0 708.0 710.0 712.0 714.0 716.0 718.0 720.0 722.0 724.0 726.0 729.0 730.0 732.0 734.0 736.0 738.0 740.0 742.0 744.0 745.0 747.0 749.0 750.0 752.0 753.0 755.0 756.0 758.0 759.0 760.0 762.0 763.0 764.0 765.0 767.0 768.0 769.0 770.0 772.0 773.0 774.0 776.0 777.0 779.0 781.0 782.0 784.0 786.0 788.0 790.0 792.0 794.0 796.0 798.0 801.0 803.0 805.0 808.0 810.0 813.0 815.0 5.0 50.0 56.0 62.0 68.0 74.0 80.0 86.0 92.0 98.0 104.0 111.0 117.0 123.0 129.0 135.0 141.0 147.0 153.0 159.0 165.0 171.0 177.0 183.0 189.0 195.0 201.0 207.0 213.0 219.0 225.0 231.0 237.0 243.0 249.0 255.0 260.0 266.0 272.0 278.0 284.0 290.0 296.0 302.0 308.0 314.0 320.0 326.0 332.0 338.0 344.0 350.0 355.0 361.0 367.0 373.0 379.0 385.0 391.0 397.0 404.0 410.0 416.0 422.0 428.0 434.0 440.0 447.0 453.0 459.0 465.0 471.0 477.0 484.0 490.0 496.0 502.0 508.0 515.0 521.0 527.0 533.0 539.0 545.0 551.0 557.0 563.0 569.0 575.0 581.0 587.0 593.0 599.0 605.0 610.0 616.0 622.0 628.0 634.0 639.0 277.0
617.0 635.0 637.0 639.0 641.0 642.0 644.0 646.0 648.0 650.0 651.0 654.0 655.0 657.0 659.0 661.0 663.0 665.0 667.0 669.0 671.0 673.0 676.0 678.0 680.0 682.0 685.0 686.0 689.0 691.0 693.0 696.0 698.0 700.0 702.0 705.0 707.0 710.0 712.0 714.0 716.0 719.0 721.0 723.0 726.0 728.0 730.0 732.0 734.0 737.0 738.0 741.0 743.0 745.0 747.0 749.0 751.0 753.0 755.0 757.0 759.0 760.0 762.0 764.0 766.0 767.0 769.0 770.0 771.0 773.0 775.0 776.0 778.0 779.0 780.0 782.0 783.0 785.0 786.0 788.0 790.0 791.0 793.0 795.0 797.0 799.0 800.0 803.0 805.0 807.0 809.0 812.0 814.0 817.0 819.0 822.0 824.0 827.0 830.0 833.0 5.0 49.0 56.0 62.0 68.0 74.0 80.0 86.0 92.0 98.0 104.0 110.0 116.0 123.0 129.0 135.0 141.0 147.0 153.0 159.0 165.0 171.0 177.0 183.0 189.0 195.0 201.0 207.0 213.0 219.0 225.0 231.0 237.0 243.0 249.0 255.0 260.0 266.0 272.0 278.0 284.0 290.0 296.0 302.0 308.0 314.0 320.0 326.0 332.0 338.0 344.0 350.0 356.0 362.0 368.0 374.0 380.0 386.0 392.0 398.0 404.0 410.0 416.0 422.0 428.0 434.0 441.0 447.0 453.0 459.0 465.0 472.0 478.0 484.0 490.0 497.0 503.0 509.0 515.0 521.0 527.0 534.0 540.0 546.0 552.0 558.0 564.0 570.0 576.0 582.0 588.0 593.0 599.0 605.0 611.0 617.0 623.0 629.0 634.0 640.0 278.0
617.0 636.0 637.0 639.0 641.0 643.0 645.0 647.0 648.0 650.0 652.0 654.0 656.0 658.0 660.0 662.0 664.0 666.0 668.0 670.0 672.0 675.0 677.0 679.0 681.0 683.0 686.0 688.0 690.0 693.0 695.0 697.0 699.0 702.0 704.0 706.0 709.0 711.0 713.0 716.0 718.0 720.0 723.0 725.0 727.0 730.0 732.0 734.0 736.0 739.0 740.0 743.0 745.0 747.0 749.0 751.0 753.0 755.0 757.0 759.0 761.0 763.0 764.0 766.0 768.0 770.0 771.0 773.0 774.0 775.0 777.0 778.0 780.0 781.0 783.0 784.0 786.0 787.0 789.0 790.0 792.0 794.0 795.0 798.0 799.0 801.0 803.0 805.0 808.0 810.0 812.0 814.0 817.0 820.0 822.0 825.0 827.0 830.0 833.0 835.0 5.0 49.0 56.0 62.0 68.0 74.0 80.0 86.0 93.0 98.0 104.0 111.0 117.0 123.0 129.0 135.0 141.0 147.0 153.0 159.0 165.0 171.0 177.0 183.0 189.0 195.0 201.0 207.0 213.0 219.0 225.0 231.0 237.0 242.0 248.0 254.0 260.0 266.0 272.0 278.0 284.0 290.0 296.0 302.0 308.0 314.0 320.0 326.0 331.0 337.0 343.0 349.0 355.0 361.0 367.0 373.0 379.0 385.0 391.0 397.0 404.0 410.0 416.0 422.0 428.0 434.0 440.0 447.0 453.0 459.0 465.0 472.0 478.0 484.0 490.0 496.0 502.0 509.0 515.0 521.0 527.0 534.0 540.0 546.0 552.0 558.0 564.0 570.0 576.0 582.0 588.0 594.0 600.0 605.0 611.0 617.0 623.0 629.0 634.0 640.0 279.0
617.0 635.0 637.0 639.0 641.0 643.0 645.0 646.0 648.0 650.0 652.0 653.0 655.0 657.0 659.0 661.0 663.0 665.0 667.0 669.0 671.0 673.0 675.0 677.0 679.0 681.0 684.0 686.0 688.0 690.0 692.0 695.0 697.0 699.0 701.0 704.0 706.0 708.0 710.0 713.0 715.0 717.0 719.0 721.0 724.0 726.0 728.0 730.0 732.0 734.0 736.0 738.0 741.0 743.0 744.0 746.0 748.0 750.0 752.0 754.0 756.0 757.0 759.0 761.0 762.0 764.0 766.0 767.0 768.0 769.0 771.0 772.0 774.0 775.0 776.0 778.0 779.0 780.0 782.0 783.0 785.0 786.0 788.0 790.0 791.0 793.0 795.0 797.0 799.0 801.0 803.0 805.0 808.0 810.0 813.0 815.0 817.0 820.0 822.0 825.0 5.0 49.0 55.0 61.0 67.0 73.0 79.0 86.0 92.0 98.0 104.0 110.0 116.0 122.0 128.0 134.0 140.0 146.0 152.0 158.0 164.0 170.0 176.0 182.0 188.0 194.0 200.0 206.0 212.0 218.0 224.0 229.0 235.0 241.0 247.0 253.0 259.0 265.0 271.0 277.0 283.0 289.0 295.0 301.0 307.0 312.0 318.0 324.0 330.0 336.0 342.0 348.0 354.0 360.0 366.0 372.0 378.0 384.0 390.0 396.0 402.0 408.0 415.0 421.0 427.0 433.0 439.0 446.0 452.0 458.0 464.0 470.0 476.0 483.0 489.0 495.0 502.0 508.0 514.0 521.0 527.0 533.0 539.0 545.0 551.0 557.0 563.0 569.0 575.0 581.0 587.0 593.0 599.0 605.0 611.0 617.0 622.0 628.0 634.0 640.0 280.0
617.0 634.0 636.0 638.0 640.0 641.0 643.0 645.0 646.0 648.0 650.0 651.0 653.0 655.0 657.0 658.0 660.0 662.0 664.0 666.0 667.0 669.0 671.0 673.0 675.0 677.0 679.0 681.0 683.0 685.0 687.0 689.0 691.0 693.0 695.0 697.0 699.0 701.0 703.0 705.0 707.0 709.0 711.0 713.0 715.0 717.0 719.0 721.0 723.0 725.0 727.0 729.0 731.0 733.0 734.0 736.0 738.0 739.0 741.0 743.0 744.0 746.0 747.0 749.0 750.0 752.0 753.0 754.0 755.0 756.0 758.0 759.0 760.0 761.0 762.0 763.0 764.0 765.0 766.0 767.0 768.0 770.0 771.0 773.0 774.0 776.0 777.0 779.0 780.0 782.0 784.0 786.0 788.0 790.0 793.0 794.0 797.0 799.0 801.0 804.0 5.0 49.0 55.0 61.0 67.0 73.0 79.0 85.0 91.0 97.0 103.0 109.0 115.0 121.0 127.0 133.0 139.0 145.0 151.0 157.0 163.0 169.0 175.0 181.0 187.0 193.0 199.0 205.0 211.0 217.0 223.0 228.0 234.0 240.0 246.0 252.0 258.0 264.0 270.0 276.0 282.0 287.0 293.0 299.0 305.0 311.0 317.0 323.0 329.0 335.0 341.0 347.0 353.0 359.0 365.0 371.0 377.0 383.0 389.0 395.0 401.0 407.0 413.0 419.0 425.0 432.0 438.0 444.0 450.0 457.0 463.0 469.0 475.0 482.0 488.0 494.0 500.0 507.0 513.0 519.0 526.0 532.0 538.0 544.0 550.0 556.0 562.0 568.0 574.0 580.0 586.0 592.0 598.0 604.0 610.0 616.0 622.0 628.0 633.0 639.0 281.0
617.0 633.0 635.0 636.0 638.0 639.0 641.0 642.0 643.0 645.0 646.0 648.0 649.0 651.0 653.0 654.0 655.0 657.0 659.0 660.0 662.0 664.0 665.0 667.0 669.0 670.0 672.0 674.0 676.0 677.0 679.0 681.0 683.0 684.0 686.0 688.0 690.0 691.0 693.0 695.0 697.0 699.0 700.0 702.0 703.0 705.0 707.0 709.0 710.0 712.0 713.0 715.0 717.0 718.0 719.0 721.0 723.0 724.0 725.0 727.0 728.0 729.0 731.0 732.0 733.0 734.0 735.0 736.0 736.0 737.0 738.0 739.0 740.0 741.0 741.0 742.0 743.0 744.0 744.0 745.0 746.0 747.0 748.0 749.0 750.0 751.0 752.0 754.0 755.0 756.0 758.0 760.0 761.0 763.0 765.0 766.0 768.0 770.0 772.0 774.0 5.0 48.0 54.0 60.0 66.0 72.0 78.0 84.0 90.0 96.0 102.0 108.0 114.0 120.0 126.0 132.0 138.0 144.0 150.0 156.0 162.0 168.0 174.0 180.0 186.0 192.0 197.0 203.0 209.0 215.0 221.0 227.0 233.0 239.0 245.0 251.0 256.0 262.0 268.0 274.0 280.0 286.0 292.0 298.0 304.0 310.0 316.0 322.0 328.0 334.0 340.0 346.0 352.0 358.0 364.0 370.0 376.0 382.0 388.0 394.0 400.0 406.0 412.0 418.0 424.0 430.0 437.0 443.0 449.0 455.0 461.0 468.0 474.0 480.0 486.0 493.0 499.0 505.0 511.0 518.0 524.0 530.0 536.0 543.0 549.0 555.0 561.0 567.0 573.0 579.0 585.0 591.0 597.0 603.0 609.0 615.0 621.0 627.0 633.0 638.0 282.0
617.0 631.0 632.0 633.0 635.0 636.0 637.0 638.0 639.0 640.0 642.0 643.0 644.0 645.0 646.0 648.0 649.0 650.0 651.0 653.0 654.0 655.0 656.0 658.0 659.0 661.0 662.0 663.0 665.0 666.0 668.0 669.0 670.0 671.0 673.0 674.0 675.0 677.0 678.0 680.0 681.0 682.0 684.0 685.0 686.0 688.0 689.0 690.0 691.0 692.0 694.0 695.0 696.0 697.0 698.0 699.0 700.0 701.0 702.0 703.0 704.0 705.0 706.0 706.0 707.0 708.0 708.0 709.0 709.0 709.0 710.0 710.0 710.0 711.0 711.0 711.0 712.0 712.0 712.0 713.0 713.0 713.0 714.0 714.0 715.0 716.0 716.0 717.0 718.0 719.0 720.0 721.0 722.0 723.0 724.0 726.0 727.0 728.0 730.0 731.0 5.0 48.0 54.0 60.0 66.0 72.0 78.0 84.0 90.0 96.0 102.0 108.0 114.0 120.0 125.0 131.0 137.0 143.0 149.0 155.0 161.0 167.0 173.0 179.0 185.0 191.0 197.0 203.0 209.0 214.0 220.0 226.0 232.0 238.0 244.0 250.0 256.0 262.0 268.0 273.0 279.0 285.0 291.0 297.0 303.0 309.0 315.0 321.0 327.0 333.0 339.0 345.0 351.0 357.0 363.0 369.0 375.0 381.0 387.0 393.0 399.0 405.0 411.0 417.0 423.0 429.0 435.0 441.0 447.0 454.0 460.0 466.0 472.0 478.0 484.0 490.0 496.0 503.0 509.0 515.0 521.0 527.0 533.0 539.0 545.0 551.0 557.0 563.0 569.0 575.0 581.0 587.0 593.0 599.0 605.0 611.0 617.0 623.0 629.0 634.0 283.0
617.0 628.0 629.0 630.0 631.0 632.0 633.0 634.0 634.0 635.0 636.0 637.0 638.0 638.0 639.0 640.0 641.0 642.0 642.0 643.0 644.0 645.0 646.0 647.0 648.0 649.0 650.0 650.0 651.0 652.0 653.0 654.0 655.0 656.0 657.0 658.0 658.0 659.0 660.0 661.0 662.0 663.0 664.0 664.0 665.0 666.0 667.0 668.0 668.0 669.0 670.0 670.0 671.0 672.0 672.0 672.0 673.0 674.0 674.0 674.0 675.0 675.0 675.0 675.0 676.0 676.0 675.0 676.0 675.0 675.0 675.0 675.0 674.0 674.0 674.0 674.0 673.0 673.0 673.0 673.0 672.0 672.0 672.0 672.0 672.0 673.0 673.0 673.0 673.0 674.0 674.0 675.0 676.0 676.0 677.0 678.0 679.0 679.0 680.0 681.0 5.0 48.0 55.0 61.0 66.0 72.0 78.0 84.0 91.0 97.0 103.0 109.0 115.0 121.0 126.0 132.0 138.0 144.0 151.0 157.0 163.0 169.0 175.0 181.0 187.0 193.0 199.0 205.0 211.0 216.0 222.0 229.0 234.0 240.0 246.0 252.0 258.0 264.0 270.0 276.0 282.0 288.0 294.0 300.0 306.0 312.0 318.0 324.0 330.0 336.0 342.0 348.0 354.0 360.0 366.0 372.0 378.0 384.0 390.0 396.0 402.0 408.0 414.0 419.0 425.0 432.0 438.0 443.0 449.0 455.0 461.0 467.0 473.0 479.0 485.0 491.0 497.0 503.0 509.0 515.0 521.0 527.0 533.0 539.0 545.0 551.0 557.0 563.0 569.0 575.0 581.0 587.0 593.0 599.0 605.0 610.0 616.0 622.0 628.0 634.0 284.0
617.0 625.0 626.0 626.0 627.0 627.0 628.0 628.0 629.0 629.0 630.0 630.0 630.0 631.0 631.0 632.0 632.0 632.0 633.0 633.0 633.0 634.0 634.0 635.0 635.0 636.0 636.0 636.0 637.0 637.0 638.0 638.0 639.0 639.0 639.0 640.0 640.0 641.0 641.0 641.0 641.0 642.0 642.0 642.0 643.0 643.0 643.0 644.0 644.0 644.0 644.0 644.0 644.0 644.0 644.0 644.0 644.0 644.0 644.0 644.0 644.0 643.0 643.0 642.0 642.0 642.0 641.0 640.0 640.0 639.0 638.0 637.0 636.0 636.0 635.0 634.0 633.0 632.0 631.0 631.0 630.0 629.0 629.0 628.0 628.0 628.0 627.0 627.0 627.0 627.0 627.0 627.0 627.0 627.0 628.0 628.0 628.0 628.0 629.0 629.0 5.0 50.0 56.0 62.0 68.0 74.0 80.0 86.0 92.0 98.0 104.0 110.0 117.0 123.0 128.0 135.0 141.0 147.0 153.0 159.0 165.0 171.0 177.0 183.0 189.0 195.0 201.0 207.0 213.0 219.0 225.0 231.0 237.0 243.0 249.0 255.0 261.0 267.0 273.0 279.0 285.0 291.0 297.0 303.0 309.0 315.0 321.0 327.0 333.0 339.0 345.0 351.0 357.0 363.0 369.0 375.0 381.0 386.0 392.0 398.0 404.0 410.0 416.0 422.0 427.0 434.0 439.0 445.0 451.0 457.0 463.0 469.0 474.0 480.0 486.0 492.0 497.0 503.0 509.0 515.0 521.0 527.0 532.0 539.0 544.0 550.0 556.0 562.0 568.0 574.0 580.0 586.0 592.0 598.0 604.0 610.0 616.0 622.0 628.0 634.0 285.0
617.0 622.0 622.0 622.0 623.0 623.0 623.0 623.0 623.0 623.0 623.0 623.0 623.0 623.0 623.0 623.0 623.0 623.0 623.0 622.0 622.0 623.0 622.0 622.0 622.0 622.0 622.0 622.0 622.0 622.0 622.0 622.0 622.0 622.0 622.0 621.0 622.0 621.0 621.0 621.0 621.0 621.0 620.0 620.0 620.0 620.0 619.0 619.0 619.0 618.0 618.0 617.0 617.0 617.0 616.0 615.0 615.0 614.0 613.0 613.0 612.0 611.0 610.0 609.0 608.0 607.0 605.0 604.0 603.0 602.0 601.0 599.0 598.0 596.0 595.0 594.0 592.0 591.0 590.0 589.0 587.0 586.0 585.0 584.0 583.0 583.0 582.0 581.0 581.0 580.0 579.0 579.0 579.0 579.0 578.0 578.0 578.0 578.0 578.0 577.0 5.0 53.0 60.0 66.0 72.0 78.0 84.0 90.0 96.0 102.0 108.0 114.0 120.0 126.0 132.0 138.0 144.0 150.0 157.0 163.0 169.0 175.0 181.0 187.0 193.0 199.0 205.0 211.0 217.0 223.0 229.0 235.0 241.0 247.0 253.0 259.0 265.0 271.0 277.0 283.0 289.0 295.0 301.0 307.0 313.0 319.0 325.0 331.0 337.0 343.0 349.0 354.0 360.0 366.0 372.0 378.0 384.0 390.0 395.0 401.0 407.0 413.0 419.0 424.0 430.0 436.0 442.0 447.0 453.0 459.0 465.0 470.0 476.0 482.0 487.0 493.0 499.0 504.0 510.0 516.0 522.0 527.0 533.0 539.0 545.0 551.0 557.0 562.0 568.0 574.0 580.0 586.0 592.0 598.0 604.0 610.0 616.0 622.0 628.0 634.0 286.0
617.0 619.0 619.0 619.0 619.0 619.0 619.0 618.0 618.0 617.0 617.0 616.0 616.0 616.0 615.0 615.0 614.0 614.0 613.0 613.0 612.0 612.0 611.0 611.0 610.0 610.0 610.0 609.0 609.0 608.0 608.0 607.0 607.0 606.0 606.0 605.0 605.0 604.0 603.0 603.0 602.0 601.0 600.0 600.0 599.0 599.0 598.0 597.0 596.0 595.0 594.0 593.0 592.0 591.0 590.0 589.0 588.0 586.0 585.0 584.0 583.0 581.0 580.0 578.0 576.0 575.0 573.0 571.0 569.0 568.0 566.0 564.0 562.0 560.0 558.0 557.0 555.0 553.0 551.0 550.0 548.0 546.0 545.0 544.0 542.0 541.0 540.0 539.0 538.0 537.0 536.0 535.0 534.0 533.0 533.0 532.0 531.0 530.0 530.0 529.0 5.0 54.0 60.0 67.0 73.0 79.0 85.0 91.0 97.0 103.0 109.0 116.0 122.0 128.0 134.0 140.0 146.0 152.0 158.0 164.0 170.0 177.0 183.0 189.0 195.0 201.0 207.0 213.0 219.0 225.0 231.0 237.0 243.0 249.0 255.0 261.0 267.0 273.0 279.0 285.0 291.0 297.0 303.0 309.0 315.0 321.0 327.0 333.0 339.0 345.0 351.0 356.0 362.0 368.0 374.0 380.0 386.0 392.0 398.0 403.0 409.0 415.0 420.0 426.0 432.0 438.0 443.0 449.0 455.0 460.0 466.0 472.0 477.0 483.0 488.0 494.0 500.0 505.0 511.0 517.0 523.0 528.0 534.0 540.0 546.0 552.0 558.0 563.0 569.0 575.0 581.0 587.0 593.0 599.0 605.0 611.0 617.0 623.0 629.0 635.0 287.0
617.0 617.0 617.0 616.0 616.0 615.0 615.0 614.0 613.0 612.0 612.0 611.0 610.0 609.0 609.0 608.0 607.0 606.0 606.0 605.0 604.0 603.0 602.0 602.0 601.0 600.0 599.0 598.0 598.0 597.0 596.0 595.0 594.0 593.0 592.0 591.0 590.0 589.0 588.0 587.0 586.0 585.0 584.0 583.0 582.0 581.0 580.0 578.0 577.0 576.0 574.0 573.0 571.0 570.0 568.0 567.0 565.0 563.0 562.0 560.0 558.0 556.0 554.0 552.0 550.0 548.0 546.0 543.0 541.0 539.0 537.0 534.0 532.0 530.0 527.0 525.0 523.0 521.0 519.0 517.0 515.0 513.0 511.0 509.0 508.0 506.0 504.0 503.0 502.0 500.0 499.0 498.0 497.0 495.0 494.0 493.0 492.0 491.0 490.0 488.0 5.0 55.0 62.0 68.0 74.0 80.0 86.0 92.0 99.0 105.0 111.0 117.0 123.0 129.0 136.0 142.0 148.0 154.0 160.0 166.0 172.0 179.0 185.0 191.0 197.0 203.0 209.0 215.0 221.0 227.0 233.0 239.0 245.0 251.0 257.0 263.0 270.0 276.0 282.0 288.0 294.0 300.0 306.0 312.0 318.0 323.0 329.0 335.0 341.0 347.0 353.0 359.0 365.0 371.0 377.0 382.0 388.0 394.0 400.0 405.0 411.0 417.0 422.0 428.0 434.0 439.0 445.0 450.0 456.0 462.0 467.0 473.0 478.0 484.0 489.0 495.0 501.0 507.0 512.0 518.0 524.0 530.0 535.0 541.0 547.0 553.0 559.0 565.0 571.0 576.0 582.0 588.0 594.0 600.0 606.0 612.0 618.0 624.0 630.0 636.0 288.0
617.0 615.0 615.0 614.0 613.0 613.0 612.0 611.0 610.0 609.0 608.0 607.0 606.0 605.0 604.0 603.0 602.0 601.0 600.0 599.0 598.0 597.0 595.0 595.0 593.0 592.0 591.0 590.0 589.0 588.0 587.0 585.0 584.0 583.0 582.0 581.0 579.0 578.0 577.0 575.0 574.0 573.0 571.0 570.0 568.0 567.0 566.0 564.0 562.0 561.0 559.0 557.0 555.0 554.0 552.0 550.0 548.0 546.0 544.0 542.0 540.0 537.0 535.0 532.0 530.0 527.0 525.0 522.0 519.0 517.0 514.0 512.0 509.0 506.0 504.0 501.0 499.0 496.0 494.0 492.0 489.0 487.0 485.0 483.0 481.0 480.0 478.0 476.0 474.0 473.0 471.0 469.0 468.0 467.0 465.0 463.0 462.0 460.0 459.0 457.0 5.0 55.0 62.0 68.0 74.0 80.0 86.0 93.0 99.0 105.0 111.0 118.0 124.0 130.0 136.0 142.0 149.0 155.0 161.0 167.0 173.0 179.0 185.0 191.0 197.0 204.0 210.0 216.0 222.0 228.0 234.0 240.0 246.0 252.0 259.0 265.0 271.0 277.0 283.0 289.0 295.0 301.0 307.0 313.0 319.0 325.0 331.0 337.0 342.0 348.0 354.0 360.0 366.0 372.0 378.0 383.0 389.0 395.0 401.0 406.0 412.0 417.0 423.0 429.0 434.0 440.0 446.0 451.0 457.0 462.0 468.0 473.0 479.0 484.0 490.0 496.0 501.0 507.0 513.0 518.0 524.0 530.0 535.0 541.0 547.0 553.0 559.0 565.0 571.0 577.0 582.0 588.0 594.0 600.0 606.0 612.0 618.0 624.0 630.0 636.0 289.0
617.0 614.0 613.0 612.0 612.0 611.0 610.0 609.0 608.0 607.0 605.0 604.0 603.0 602.0 601.0 599.0 598.0 597.0 596.0 594.0 593.0 592.0 591.0 590.0 588.0 587.0 586.0 584.0 583.0 582.0 580.0 579.0 578.0 576.0 575.0 573.0 572.0 570.0 569.0 567.0 566.0 564.0 562.0 561.0 559.0 558.0 556.0 554.0 552.0 550.0 548.0 547.0 544.0 542.0 540.0 538.0 536.0 534.0 532.0 529.0 527.0 524.0 521.0 519.0 516.0 513.0 510.0 508.0 505.0 502.0 499.0 496.0 493.0 490.0 488.0 485.0 482.0 480.0 477.0 475.0 472.0 470.0 468.0 465.0 464.0 462.0 459.0 458.0 456.0 454.0 452.0 450.0 449.0 447.0 445.0 443.0 442.0 440.0 438.0 436.0 5.0 56.0 62.0 69.0 75.0 81.0 87.0 94.0 100.0 106.0 112.0 118.0 124.0 130.0 137.0 143.0 149.0 155.0 161.0 168.0 174.0 180.0 186.0 192.0 198.0 205.0 211.0 217.0 223.0 229.0 235.0 241.0 247.0 253.0 260.0 266.0 272.0 278.0 284.0 290.0 296.0 302.0 308.0 314.0 320.0 326.0 332.0 338.0 343.0 349.0 355.0 361.0 367.0 373.0 379.0 384.0 390.0 396.0 402.0 407.0 413.0 418.0 424.0 430.0 435.0 441.0 446.0 452.0 457.0 463.0 469.0 474.0 479.0 485.0 491.0 496.0 502.0 508.0 513.0 519.0 525.0 530.0 536.0 542.0 548.0 554.0 560.0 565.0 571.0 577.0 583.0 589.0 595.0 601.0 607.0 613.0 619.0 625.0 631.0 636.0 290.0
617.0 613.0 612.0 611.0 611.0 609.0 608.0 607.0 606.0 605.0 604.0 602.0 601.0 600.0 599.0 597.0 596.0 595.0 593.0 592.0 591.0 589.0 588.0 587.0 585.0 584.0 583.0 581.0 580.0 578.0 577.0 576.0 574.0 573.0 571.0 570.0 568.0 566.0 565.0 563.0 562.0 560.0 558.0 556.0 555.0 553.0 551.0 549.0 547.0 545.0 544.0 541.0 539.0 537.0 535.0 533.0 530.0 528.0 526.0 523.0 521.0 518.0 515.0 512.0 510.0 507.0 504.0 501.0 498.0 495.0 492.0 489.0 486.0 483.0 481.0 478.0 475.0 472.0 470.0 467.0 465.0 463.0 460.0 458.0 456.0 454.0 452.0 450.0 448.0 446.0 444.0 442.0 440.0 439.0 437.0 435.0 433.0 431.0 429.0 427.0 5.0 58.0 64.0 70.0 77.0 83.0 89.0 95.0 101.0 107.0 114.0 120.0 126.0 132.0 138.0 145.0 151.0 157.0 163.0 169.0 176.0 182.0 188.0 194.0 200.0 206.0 212.0 218.0 224.0 230.0 236.0 242.0 248.0 254.0 261.0 267.0 273.0 279.0 285.0 291.0 297.0 303.0 309.0 315.0 321.0 327.0 333.0 339.0 345.0 350.0 356.0 362.0 368.0 373.0 379.0 385.0 391.0 396.0 402.0 408.0 414.0 419.0 425.0 430.0 436.0 441.0 447.0 452.0 458.0 463.0 469.0 474.0 480.0 485.0 491.0 496.0 502.0 508.0 513.0 519.0 525.0 530.0 536.0 542.0 548.0 553.0 559.0 565.0 571.0 577.0 583.0 589.0 595.0 601.0 607.0 613.0 618.0 624.0 630.0 636.0 291.0
617.0 613.0 613.0 612.0 611.0 610.0 609.0 607.0 606.0 605.0 604.0 602.0 601.0 600.0 599.0 597.0 596.0 595.0 594.0 592.0 591.0 590.0 588.0 587.0 586.0 584.0 583.0 582.0 580.0 579.0 577.0 576.0 574.0 573.0 572.0 570.0 569.0 567.0 565.0 564.0 562.0 560.0 559.0 557.0 555.0 554.0 552.0 550.0 548.0 546.0 544.0 542.0 540.0 538.0 536.0 534.0 531.0 529.0 527.0 524.0 522.0 519.0 517.0 514.0 511.0 508.0 505.0 503.0 500.0 497.0 494.0 491.0 488.0 485.0 482.0 480.0 477.0 474.0 472.0 469.0 466.0 465.0 462.0 460.0 458.0 456.0 453.0 452.0 450.0 448.0 446.0 444.0 442.0 441.0 439.0 437.0 436.0 433.0 432.0 430.0 5.0 57.0 63.0 70.0 76.0 82.0 88.0 94.0 100.0 107.0 113.0 119.0 125.0 131.0 137.0 144.0 150.0 156.0 162.0 168.0 174.0 180.0 186.0 193.0 199.0 205.0 211.0 217.0 223.0 229.0 235.0 241.0 247.0 253.0 260.0 266.0 272.0 278.0 284.0 290.0 296.0 302.0 308.0 314.0 320.0 326.0 332.0 338.0 343.0 349.0 355.0 361.0 367.0 372.0 378.0 384.0 390.0 395.0 401.0 406.0 412.0 418.0 424.0 429.0 435.0 440.0 446.0 451.0 457.0 462.0 468.0 473.0 479.0 484.0 490.0 495.0 501.0 507.0 512.0 518.0 523.0 529.0 535.0 540.0 546.0 552.0 558.0 564.0 570.0 576.0 582.0 587.0 593.0 599.0 605.0 611.0 617.0 623.0 629.0 635.0 292.0
617.0 614.0 613.0 612.0 611.0 610.0 609.0 608.0 607.0 606.0 605.0 604.0 603.0 601.0 600.0 599.0 598.0 597.0 596.0 594.0 593.0 592.0 591.0 590.0 588.0 587.0 586.0 585.0 583.0 582.0 581.0 580.0 578.0 577.0 576.0 574.0 573.0 571.0 570.0 568.0 567.0 565.0 564.0 562.0 561.0 559.0 557.0 556.0 554.0 552.0 550.0 548.0 547.0 545.0 543.0 541.0 538.0 537.0 535.0 532.0 530.0 527.0 525.0 522.0 520.0 517.0 514.0 512.0 509.0 506.0 504.0 501.0 498.0 495.0 493.0 490.0 487.0 485.0 482.0 480.0 477.0 475.0 473.0 471.0 469.0 467.0 465.0 463.0 461.0 460.0 458.0 456.0 455.0 453.0 452.0 450.0 449.0 447.0 446.0 444.0 5.0 58.0 64.0 71.0 77.0 83.0 89.0 95.0 101.0 107.0 114.0 120.0 126.0 132.0 138.0 144.0 150.0 157.0 163.0 169.0 175.0 181.0 187.0 193.0 199.0 205.0 211.0 217.0 223.0 229.0 235.0 241.0 248.0 254.0 260.0 266.0 272.0 278.0 284.0 290.0 296.0 302.0 308.0 314.0 320.0 326.0 332.0 338.0 343.0 349.0 355.0 361.0 367.0 372.0 378.0 384.0 390.0 395.0 401.0 407.0 412.0 418.0 424.0 429.0 435.0 440.0 446.0 451.0 457.0 462.0 468.0 473.0 479.0 484.0 489.0 495.0 500.0 506.0 512.0 517.0 523.0 529.0 535.0 540.0 546.0 552.0 558.0 564.0 569.0 575.0 581.0 587.0 593.0 599.0 605.0 611.0 617.0 623.0 629.0 635.0 293.0
617.0 615.0 614.0 614.0 613.0 612.0 612.0 610.0 610.0 609.0 608.0 607.0 606.0 605.0 604.0 603.0 602.0 601.0 600.0 599.0 598.0 597.0 596.0 595.0 594.0 593.0 592.0 591.0 590.0 589.0 588.0 587.0 586.0 584.0 584.0 582.0 581.0 580.0 579.0 577.0 576.0 575.0 574.0 572.0 571.0 570.0 568.0 567.0 565.0 564.0 562.0 561.0 559.0 557.0 556.0 554.0 552.0 551.0 548.0 546.0 545.0 542.0 540.0 538.0 536.0 533.0 531.0 528.0 526.0 524.0 521.0 518.0 516.0 514.0 511.0 509.0 506.0 504.0 502.0 500.0 497.0 495.0 494.0 492.0 490.0 488.0 486.0 485.0 483.0 482.0 480.0 479.0 477.0 476.0 475.0 474.0 472.0 471.0 470.0 468.0 5.0 57.0 63.0 69.0 75.0 81.0 88.0 94.0 100.0 106.0 112.0 118.0 124.0 130.0 136.0 143.0 149.0 155.0 161.0 167.0 173.0 179.0 185.0 191.0 197.0 204.0 210.0 216.0 222.0 228.0 234.0 240.0 246.0 252.0 258.0 264.0 270.0 276.0 282.0 288.0 294.0 300.0 306.0 312.0 318.0 324.0 330.0 336.0 342.0 348.0 354.0 359.0 365.0 371.0 377.0 383.0 389.0 394.0 400.0 406.0 411.0 417.0 423.0 428.0 434.0 439.0 445.0 450.0 456.0 461.0 467.0 472.0 478.0 483.0 489.0 494.0 500.0 505.0 511.0 517.0 522.0 528.0 534.0 539.0 545.0 551.0 557.0 563.0 568.0 574.0 580.0 586.0 592.0 598.0 604.0 610.0 616.0 622.0 628.0 634.0 294.0
617.0 617.0 616.0 616.0 615.0 615.0 615.0 614.0 613.0 612.0 612.0 611.0 610.0 610.0 609.0 608.0 608.0 607.0 606.0 606.0 605.0 604.0 604.0 603.0 602.0 601.0 601.0 600.0 599.0 598.0 597.0 597.0 596.0 595.0 595.0 594.0 593.0 592.0 591.0 590.0 589.0 588.0 587.0 586.0 585.0 584.0 583.0 582.0 581.0 580.0 579.0 577.0 576.0 575.0 574.0 572.0 571.0 570.0 568.0 566.0 565.0 563.0 561.0 559.0 558.0 556.0 554.0 552.0 550.0 548.0 546.0 543.0 541.0 539.0 537.0 535.0 533.0 531.0 529.0 527.0 525.0 524.0 522.0 520.0 518.0 517.0 516.0 514.0 513.0 512.0 511.0 509.0 508.0 507.0 506.0 506.0 505.0 504.0 503.0 502.0 5.0 54.0 61.0 67.0 73.0 79.0 85.0 91.0 97.0 103.0 109.0 116.0 122.0 128.0 134.0 140.0 146.0 152.0 158.0 164.0 170.0 176.0 182.0 189.0 195.0 201.0 207.0 213.0 219.0 225.0 231.0 237.0 243.0 249.0 255.0 261.0 267.0 273.0 279.0 285.0 291.0 297.0 303.0 309.0 315.0 321.0 327.0 333.0 339.0 345.0 351.0 357.0 363.0 368.0 374.0 380.0 386.0 392.0 397.0 403.0 409.0 414.0 420.0 426.0 431.0 437.0 443.0 448.0 454.0 459.0 465.0 470.0 475.0 481.0 486.0 492.0 497.0 503.0 509.0 514.0 520.0 526.0 531.0 537.0 543.0 549.0 554.0 560.0 566.0 572.0 578.0 584.0 589.0 595.0 601.0 607.0 613.0 619.0 625.0 631.0 295.0
617.0 619.0 619.0 619.0 619.0 618.0 618.0 618.0 617.0 617.0 617.0 616.0 616.0 615.0 615.0 615.0 614.0 614.0 614.0 613.0 613.0 613.0 612.0 612.0 612.0 611.0 611.0 611.0 610.0 609.0 609.0 609.0 608.0 608.0 608.0 607.0 607.0 606.0 606.0 605.0 605.0 604.0 604.0 603.0 603.0 602.0 602.0 601.0 600.0 600.0 599.0 598.0 597.0 596.0 595.0 594.0 593.0 593.0 591.0 590.0 589.0 588.0 587.0 585.0 584.0 582.0 581.0 579.0 578.0 576.0 575.0 573.0 571.0 570.0 568.0 567.0 565.0 563.0 562.0 560.0 559.0 557.0 556.0 554.0 553.0 553.0 551.0 550.0 549.0 549.0 548.0 547.0 546.0 546.0 545.0 545.0 544.0 543.0 543.0 543.0 5.0 53.0 59.0 65.0 71.0 77.0 83.0 89.0 95.0 101.0 108.0 114.0 120.0 126.0 132.0 138.0 144.0 150.0 156.0 162.0 168.0 174.0 180.0 186.0 192.0 198.0 204.0 210.0 216.0 222.0 228.0 234.0 240.0 246.0 252.0 258.0 264.0 270.0 276.0 282.0 288.0 294.0 300.0 306.0 312.0 318.0 324.0 330.0 336.0 342.0 348.0 354.0 360.0 365.0 371.0 377.0 383.0 389.0 395.0 401.0 407.0 412.0 418.0 424.0 430.0 435.0 441.0 447.0 453.0 458.0 464.0 469.0 475.0 480.0 486.0 492.0 497.0 503.0 509.0 514.0 520.0 526.0 532.0 537.0 543.0 549.0 555.0 561.0 567.0 572.0 578.0 584.0 590.0 596.0 602.0 608.0 614.0 620.0 626.0 632.0 296.0
617.0 621.0 622.0 622.0 622.0 622.0 622.0 622.0 622.0 622.0 622.0 622.0 622.0 622.0 622.0 622.0 622.0 622.0 622.0 622.0 622.0 622.0 622.0 622.0 622.0 622.0 622.0 622.0 622.0 622.0 622.0 622.0 622.0 622.0 622.0 622.0 622.0 622.0 622.0 622.0 622.0 622.0 622.0 622.0 622.0 621.0 621.0 621.0 621.0 621.0 620.0 620.0 620.0 620.0 619.0 619.0 618.0 618.0 617.0 617.0 616.0 615.0 614.0 614.0 613.0 612.0 611.0 610.0 609.0 608.0 607.0 605.0 604.0 603.0 602.0 601.0 600.0 599.0 597.0 596.0 595.0 594.0 593.0 592.0 592.0 591.0 591.0 590.0 589.0 589.0 589.0 588.0 588.0 588.0 588.0 588.0 588.0 587.0 588.0 588.0 5.0 52.0 58.0 64.0 70.0 76.0 82.0 88.0 94.0 100.0 106.0 112.0 118.0 124.0 130.0 136.0 142.0 148.0 154.0 160.0 166.0 172.0 178.0 184.0 190.0 196.0 202.0 208.0 214.0 220.0 226.0 232.0 238.0 244.0 250.0 256.0 262.0 268.0 274.0 280.0 286.0 292.0 297.0 303.0 309.0 315.0 321.0 327.0 333.0 339.0 345.0 351.0 357.0 363.0 369.0 375.0 381.0 386.0 392.0 398.0 404.0 410.0 416.0 422.0 427.0 433.0 439.0 445.0 451.0 457.0 462.0 468.0 474.0 480.0 485.0 492.0 497.0 503.0 509.0 514.0 521.0 526.0 532.0 538.0 544.0 550.0 556.0 562.0 568.0 574.0 580.0 586.0 592.0 598.0 604.0 609.0 615.0 621.0 627.0 633.0 297.0
617.0 624.0 624.0 625.0 626.0 626.0 627.0 626.0 627.0 627.0 628.0 628.0 628.0 629.0 629.0 630.0 630.0 630.0 631.0 631.0 631.0 632.0 632.0 633.0 633.0 634.0 634.0 635.0 635.0 635.0 636.0 636.0 637.0 637.0 637.0 638.0 638.0 639.0 639.0 640.0 640.0 640.0 641.0 641.0 642.0 642.0 642.0 642.0 643.0 643.0 643.0 643.0 644.0 644.0 644.0 644.0 644.0 644.0 644.0 644.0 644.0 644.0 643.0 643.0 643.0 642.0 642.0 641.0 641.0 640.0 640.0 639.0 638.0 638.0 637.0 637.0 636.0 635.0 634.0 634.0 633.0 633.0 633.0 632.0 632.0 632.0 632.0 631.0 631.0 631.0 631.0 632.0 632.0 632.0 633.0 633.0 633.0 633.0 634.0 635.0 5.0 51.0 57.0 63.0 69.0 75.0 81.0 87.0 93.0 99.0 105.0 111.0 117.0 123.0 129.0 135.0 141.0 147.0 153.0 159.0 165.0 171.0 177.0 183.0 189.0 195.0 201.0 207.0 213.0 218.0 224.0 230.0 236.0 242.0 248.0 254.0 260.0 266.0 272.0 278.0 284.0 290.0 296.0 302.0 308.0 314.0 320.0 326.0 332.0 337.0 343.0 349.0 355.0 361.0 367.0 373.0 379.0 385.0 391.0 397.0 403.0 409.0 415.0 421.0 426.0 432.0 438.0 444.0 450.0 456.0 462.0 468.0 474.0 480.0 486.0 492.0 498.0 504.0 510.0 516.0 522.0 527.0 534.0 540.0 545.0 551.0 558.0 563.0 570.0 576.0 582.0 588.0 594.0 600.0 605.0 611.0 617.0 623.0 629.0 635.0 298.0
617.0 627.0 627.0 628.0 629.0 630.0 631.0 631.0 632.0 633.0 633.0 634.0 634.0 635.0 636.0 637.0 638.0 638.0 639.0 640.0 640.0 642.0 642.0 643.0 644.0 645.0 646.0 647.0 647.0 648.0 649.0 650.0 651.0 652.0 653.0 653.0 654.0 655.0 656.0 657.0 658.0 658.0 659.0 660.0 661.0 662.0 662.0 663.0 664.0 665.0 665.0 666.0 666.0 667.0 668.0 668.0 669.0 669.0 670.0 670.0 671.0 671.0 671.0 671.0 671.0 671.0 671.0 672.0 672.0 671.0 671.0 671.0 671.0 671.0 671.0 670.0 670.0 670.0 670.0 670.0 670.0 670.0 670.0 670.0 670.0 670.0 671.0 671.0 671.0 672.0 672.0 673.0 674.0 674.0 675.0 676.0 677.0 678.0 679.0 680.0 5.0 50.0 57.0 62.0 68.0 74.0 81.0 86.0 92.0 98.0 104.0 111.0 117.0 123.0 129.0 135.0 141.0 147.0 153.0 159.0 165.0 171.0 177.0 182.0 188.0 194.0 200.0 206.0 212.0 218.0 224.0 230.0 236.0 242.0 248.0 254.0 260.0 265.0 271.0 277.0 283.0 289.0 295.0 301.0 307.0 313.0 319.0 325.0 331.0 337.0 342.0 348.0 354.0 360.0 366.0 372.0 378.0 384.0 390.0 396.0 402.0 408.0 414.0 420.0 426.0 432.0 438.0 444.0 450.0 456.0 462.0 468.0 474.0 480.0 486.0 492.0 498.0 504.0 510.0 516.0 522.0 529.0 535.0 541.0 547.0 552.0 559.0 565.0 571.0 577.0 583.0 589.0 595.0 601.0 606.0 612.0 618.0 624.0 630.0 636.0 299.0
617.0 629.0 630.0 631.0 632.0 634.0 635.0 636.0 636.0 638.0 639.0 640.0 641.0 641.0 643.0 644.0 645.0 646.0 647.0 648.0 649.0 651.0 652.0 653.0 654.0 656.0 657.0 658.0 659.0 660.0 662.0 663.0 665.0 666.0 667.0 668.0 669.0 671.0 672.0 673.0 675.0 676.0 677.0 678.0 680.0 681.0 682.0 683.0 684.0 685.0 687.0 687.0 689.0 690.0 691.0 692.0 692.0 693.0 695.0 695.0 696.0 697.0 697.0 698.0 699.0 699.0 699.0 700.0 701.0 701.0 701.0 701.0 702.0 702.0 702.0 703.0 703.0 703.0 703.0 704.0 704.0 705.0 705.0 706.0 706.0 707.0 708.0 709.0 710.0 711.0 712.0 713.0 714.0 715.0 717.0 718.0 719.0 720.0 722.0 724.0 5.0 50.0 56.0 62.0 68.0 74.0 80.0 86.0 92.0 98.0 104.0 110.0 116.0 122.0 128.0 134.0 140.0 146.0 152.0 158.0 164.0 170.0 176.0 182.0 188.0 194.0 200.0 206.0 212.0 218.0 224.0 230.0 236.0 241.0 247.0 253.0 259.0 265.0 271.0 277.0 283.0 289.0 295.0 301.0 307.0 313.0 319.0 325.0 331.0 336.0 342.0 348.0 354.0 360.0 366.0 372.0 378.0 384.0 390.0 396.0 402.0 408.0 414.0 420.0 426.0 432.0 438.0 444.0 450.0 456.0 463.0 469.0 475.0 481.0 487.0 493.0 499.0 505.0 511.0 517.0 523.0 530.0 536.0 542.0 548.0 554.0 560.0 566.0 572.0 578.0 584.0 590.0 596.0 602.0 607.0 613.0 619.0 625.0 631.0 637.0 300.0
617.0 631.0 633.0 634.0 635.0 637.0 638.0 639.0 640.0 642.0 643.0 645.0 646.0 647.0 649.0 650.0 651.0 652.0 654.0 656.0 657.0 659.0 660.0 662.0 663.0 665.0 667.0 668.0 670.0 671.0 673.0 675.0 676.0 678.0 679.0 681.0 682.0 684.0 686.0 688.0 689.0 691.0 692.0 694.0 696.0 697.0 699.0 700.0 702.0 703.0 705.0 706.0 708.0 709.0 710.0 712.0 713.0 714.0 716.0 717.0 718.0 719.0 720.0 721.0 722.0 723.0 724.0 725.0 726.0 726.0 727.0 728.0 728.0 729.0 729.0 730.0 731.0 731.0 732.0 733.0 734.0 735.0 736.0 737.0 738.0 739.0 740.0 742.0 743.0 744.0 746.0 748.0 749.0 750.0 752.0 754.0 756.0 757.0 760.0 762.0 5.0 50.0 56.0 62.0 68.0 74.0 80.0 86.0 92.0 98.0 104.0 110.0 116.0 122.0 128.0 134.0 140.0 146.0 152.0 158.0 164.0 170.0 176.0 182.0 188.0 194.0 200.0 206.0 212.0 218.0 224.0 230.0 236.0 242.0 248.0 254.0 260.0 265.0 271.0 277.0 283.0 289.0 295.0 301.0 307.0 313.0 319.0 325.0 331.0 337.0 343.0 349.0 354.0 360.0 366.0 372.0 378.0 384.0 390.0 396.0 402.0 408.0 414.0 420.0 427.0 433.0 439.0 445.0 451.0 457.0 463.0 469.0 476.0 482.0 488.0 494.0 500.0 507.0 513.0 518.0 525.0 531.0 537.0 543.0 549.0 555.0 561.0 567.0 573.0 579.0 585.0 591.0 597.0 603.0 609.0 614.0 620.0 626.0 632.0 638.0 301.0
617.0 633.0 634.0 636.0 637.0 639.0 640.0 642.0 643.0 645.0 646.0 648.0 650.0 651.0 653.0 654.0 656.0 657.0 659.0 661.0 663.0 664.0 666.0 668.0 670.0 672.0 674.0 676.0 678.0 679.0 681.0 683.0 685.0 687.0 689.0 691.0 693.0 694.0 696.0 698.0 700.0 702.0 704.0 706.0 708.0 710.0 711.0 713.0 715.0 717.0 719.0 720.0 722.0 724.0 725.0 727.0 729.0 730.0 732.0 733.0 735.0 736.0 737.0 739.0 740.0 741.0 742.0 743.0 745.0 745.0 746.0 748.0 749.0 749.0 750.0 752.0 752.0 753.0 754.0 756.0 757.0 758.0 759.0 761.0 762.0 763.0 765.0 767.0 768.0 770.0 771.0 774.0 776.0 777.0 780.0 782.0 784.0 786.0 788.0 790.0 5.0 49.0 55.0 61.0 68.0 74.0 80.0 85.0 91.0 98.0 104.0 110.0 116.0 122.0 128.0 134.0 140.0 146.0 152.0 159.0 165.0 170.0 176.0 182.0 188.0 194.0 200.0 206.0 212.0 218.0 224.0 230.0 236.0 242.0 248.0 254.0 260.0 265.0 271.0 277.0 283.0 289.0 295.0 301.0 307.0 313.0 319.0 325.0 331.0 337.0 343.0 349.0 355.0 360.0 366.0 372.0 379.0 385.0 391.0 397.0 403.0 409.0 415.0 421.0 427.0 433.0 439.0 445.0 451.0 458.0 464.0 470.0 477.0 483.0 489.0 495.0 501.0 508.0 514.0 520.0 526.0 532.0 538.0 544.0 550.0 556.0 562.0 568.0 574.0 580.0 586.0 592.0 598.0 604.0 610.0 616.0 621.0 627.0 633.0 639.0 302.0
617.0 634.0 636.0 637.0 639.0 641.0 642.0 644.0 646.0 647.0 649.0 651.0 653.0 654.0 656.0 658.0 659.0 661.0 663.0 665.0 667.0 669.0 671.0 673.0 675.0 677.0 679.0 681.0 683.0 685.0 687.0 689.0 691.0 693.0 695.0 697.0 699.0 701.0 703.0 706.0 708.0 710.0 712.0 714.0 716.0 718.0 720.0 722.0 724.0 726.0 728.0 730.0 732.0 733.0 735.0 737.0 739.0 741.0 742.0 744.0 746.0 747.0 749.0 750.0 752.0 753.0 754.0 756.0 757.0 758.0 760.0 761.0 762.0 763.0 764.0 765.0 766.0 768.0 769.0 770.0 772.0 773.0 775.0 776.0 777.0 779.0 781.0 783.0 785.0 787.0 788.0 791.0 793.0 795.0 797.0 800.0 802.0 804.0 807.0 810.0 5.0 50.0 56.0 62.0 68.0 74.0 80.0 86.0 92.0 99.0 105.0 111.0 117.0 123.0 129.0 135.0 141.0 147.0 153.0 159.0 165.0 171.0 177.0 183.0 189.0 195.0 201.0 207.0 213.0 218.0 224.0 230.0 236.0 242.0 248.0 254.0 260.0 266.0 272.0 278.0 284.0 289.0 295.0 301.0 307.0 313.0 319.0 325.0 331.0 337.0 343.0 349.0 355.0 361.0 367.0 373.0 379.0 385.0 391.0 397.0 403.0 409.0 415.0 421.0 427.0 434.0 440.0 446.0 452.0 459.0 465.0 471.0 477.0 483.0 489.0 496.0 502.0 508.0 514.0 520.0 527.0 533.0 539.0 545.0 551.0 557.0 563.0 569.0 575.0 581.0 587.0 593.0 599.0 605.0 611.0 616.0 622.0 628.0 634.0 639.0 303.0
617.0 634.0 636.0 638.0 640.0 641.0 643.0 645.0 646.0 648.0 650.0 652.0 654.0 655.0 657.0 659.0 660.0 662.0 664.0 666.0 668.0 670.0 672.0 674.0 676.0 678.0 681.0 683.0 685.0 687.0 689.0 691.0 693.0 695.0 697.0 700.0 702.0 704.0 706.0 708.0 710.0 712.0 714.0 716.0 719.0 721.0 723.0 725.0 727.0 729.0 731.0 733.0 735.0 737.0 739.0 741.0 743.0 744.0 746.0 747.0 750.0 751.0 753.0 754.0 756.0 757.0 758.0 760.0 761.0 763.0 764.0 765.0 766.0 768.0 769.0 770.0 771.0 773.0 774.0 775.0 777.0 778.0 780.0 781.0 783.0 785.0 786.0 788.0 790.0 792.0 794.0 796.0 799.0 801.0 803.0 806.0 808.0 810.0 813.0 816.0 5.0 49.0 55.0 61.0 67.0 74.0 80.0 86.0 92.0 98.0 104.0 110.0 116.0 122.0 128.0 134.0 140.0 147.0 153.0 159.0 165.0 171.0 177.0 182.0 188.0 194.0 200.0 206.0 212.0 218.0 224.0 230.0 236.0 242.0 248.0 254.0 260.0 266.0 271.0 277.0 283.0 289.0 295.0 301.0 307.0 313.0 319.0 325.0 331.0 337.0 343.0 349.0 355.0 361.0 367.0 373.0 379.0 385.0 391.0 397.0 403.0 409.0 415.0 421.0 427.0 434.0 440.0 446.0 452.0 458.0 464.0 471.0 477.0 483.0 489.0 495.0 502.0 508.0 514.0 520.0 527.0 533.0 539.0 545.0 551.0 557.0 563.0 569.0 575.0 581.0 587.0 593.0 599.0 605.0 611.0 616.0 622.0 628.0 634.0 639.0 304.0
617.0 634.0 636.0 638.0 639.0 641.0 643.0 645.0 646.0 648.0 650.0 651.0 653.0 655.0 657.0 659.0 660.0 662.0 664.0 666.0 668.0 670.0 672.0 674.0 676.0 678.0 680.0 682.0 684.0 686.0 688.0 691.0 692.0 695.0 697.0 699.0 701.0 703.0 705.0 707.0 709.0 711.0 713.0 715.0 718.0 720.0 722.0 724.0 726.0 727.0 729.0 731.0 734.0 735.0 737.0 739.0 741.0 743.0 744.0 746.0 748.0 749.0 751.0 752.0 754.0 755.0 756.0 758.0 759.0 761.0 762.0 763.0 764.0 765.0 766.0 768.0 769.0 770.0 771.0 773.0 774.0 775.0 777.0 778.0 780.0 782.0 783.0 785.0 787.0 789.0 791.0 793.0 795.0 797.0 800.0 802.0 804.0 806.0 809.0 812.0 5.0 49.0 55.0 61.0 67.0 73.0 79.0 85.0 91.0 98.0 104.0 110.0 116.0 122.0 128.0 134.0 140.0 146.0 152.0 158.0 164.0 170.0 176.0 182.0 188.0 194.0 200.0 206.0 212.0 218.0 223.0 229.0 235.0 241.0 247.0 253.0 259.0 265.0 271.0 277.0 283.0 288.0 294.0 300.0 306.0 312.0 318.0 324.0 330.0 336.0 342.0 348.0 354.0 360.0 366.0 372.0 378.0 384.0 390.0 396.0 402.0 408.0 414.0 420.0 427.0 433.0 439.0 445.0 451.0 458.0 464.0 470.0 476.0 483.0 489.0 495.0 501.0 508.0 514.0 520.0 526.0 533.0 539.0 545.0 551.0 557.0 563.0 569.0 575.0 581.0 587.0 593.0 599.0 605.0 610.0 616.0 622.0 628.0 634.0 639.0 305.0
617.0 634.0 635.0 637.0 639.0 640.0 642.0 644.0 645.0 647.0 649.0 650.0 652.0 654.0 655.0 657.0 658.0 660.0 662.0 664.0 666.0 668.0 670.0 671.0 673.0 675.0 677.0 679.0 681.0 683.0 685.0 687.0 689.0 691.0 693.0 695.0 696.0 698.0 701.0 702.0 704.0 706.0 708.0 710.0 712.0 714.0 716.0 718.0 720.0 721.0 723.0 725.0 727.0 729.0 730.0 732.0 734.0 736.0 737.0 738.0 740.0 742.0 743.0 744.0 746.0 747.0 748.0 750.0 751.0 752.0 753.0 754.0 755.0 756.0 757.0 758.0 759.0 760.0 761.0 762.0 763.0 764.0 766.0 767.0 768.0 770.0 772.0 773.0 775.0 776.0 778.0 780.0 782.0 784.0 786.0 788.0 790.0 792.0 795.0 797.0 5.0 49.0 55.0 61.0 67.0 73.0 79.0 85.0 91.0 97.0 103.0 109.0 115.0 121.0 127.0 133.0 139.0 145.0 151.0 158.0 164.0 169.0 175.0 181.0 187.0 193.0 199.0 205.0 211.0 217.0 222.0 228.0 234.0 240.0 246.0 252.0 258.0 264.0 270.0 276.0 282.0 287.0 293.0 299.0 305.0 311.0 317.0 323.0 329.0 335.0 341.0 347.0 353.0 359.0 365.0 371.0 377.0 383.0 389.0 395.0 401.0 407.0 413.0 419.0 425.0 432.0 438.0 444.0 450.0 457.0 463.0 469.0 475.0 482.0 488.0 494.0 500.0 507.0 513.0 519.0 525.0 531.0 538.0 544.0 550.0 556.0 562.0 568.0 574.0 580.0 586.0 592.0 598.0 604.0 610.0 616.0 622.0 627.0 633.0 639.0 306.0
617.0 633.0 634.0 636.0 637.0 638.0 640.0 641.0 643.0 645.0 646.0 647.0 649.0 650.0 652.0 653.0 655.0 656.0 658.0 659.0 661.0 663.0 664.0 666.0 668.0 669.0 671.0 673.0 675.0 676.0 678.0 680.0 682.0 683.0 685.0 687.0 688.0 690.0 692.0 694.0 695.0 697.0 699.0 701.0 702.0 704.0 706.0 707.0 709.0 710.0 712.0 713.0 715.0 716.0 718.0 720.0 721.0 722.0 723.0 725.0 726.0 727.0 729.0 730.0 731.0 732.0 733.0 734.0 734.0 736.0 736.0 737.0 738.0 739.0 739.0 740.0 741.0 742.0 742.0 743.0 744.0 745.0 746.0 747.0 748.0 749.0 750.0 752.0 752.0 754.0 756.0 757.0 759.0 760.0 762.0 764.0 766.0 767.0 769.0 772.0 5.0 48.0 54.0 60.0 66.0 72.0 78.0 84.0 90.0 96.0 102.0 108.0 114.0 120.0 126.0 132.0 138.0 144.0 150.0 156.0 162.0 168.0 174.0 180.0 186.0 192.0 197.0 203.0 209.0 215.0 221.0 227.0 233.0 239.0 245.0 251.0 256.0 262.0 268.0 274.0 280.0 286.0 292.0 298.0 303.0 309.0 315.0 321.0 327.0 333.0 339.0 345.0 351.0 357.0 363.0 369.0 375.0 381.0 387.0 393.0 399.0 405.0 411.0 417.0 424.0 430.0 436.0 442.0 448.0 455.0 461.0 467.0 473.0 480.0 486.0 492.0 499.0 505.0 511.0 518.0 524.0 530.0 536.0 542.0 548.0 555.0 561.0 567.0 573.0 579.0 585.0 591.0 597.0 603.0 609.0 615.0 620.0 626.0 632.0 637.0 307.0
617.0 631.0 632.0 634.0 635.0 636.0 637.0 639.0 640.0 641.0 642.0 644.0 645.0 646.0 647.0 648.0 650.0 651.0 652.0 654.0 655.0 656.0 658.0 659.0 660.0 662.0 663.0 664.0 666.0 667.0 669.0 670.0 672.0 673.0 674.0 676.0 677.0 679.0 680.0 682.0 683.0 684.0 686.0 687.0 689.0 690.0 691.0 693.0 694.0 695.0 696.0 698.0 699.0 700.0 701.0 702.0 704.0 704.0 705.0 706.0 708.0 708.0 709.0 710.0 711.0 711.0 712.0 713.0 713.0 714.0 714.0 715.0 715.0 715.0 716.0 716.0 716.0 717.0 717.0 718.0 718.0 718.0 719.0 719.0 720.0 721.0 722.0 723.0 723.0 724.0 725.0 727.0 728.0 729.0 730.0 732.0 733.0 734.0 736.0 738.0 5.0 48.0 54.0 60.0 66.0 72.0 78.0 84.0 90.0 96.0 102.0 108.0 114.0 119.0 125.0 131.0 137.0 143.0 149.0 156.0 162.0 167.0 173.0 179.0 185.0 191.0 197.0 203.0 209.0 214.0 220.0 226.0 232.0 238.0 244.0 250.0 256.0 261.0 267.0 273.0 279.0 285.0 291.0 297.0 303.0 309.0 315.0 320.0 326.0 332.0 338.0 344.0 350.0 356.0 362.0 368.0 374.0 380.0 386.0 392.0 398.0 404.0 411.0 417.0 423.0 429.0 435.0 441.0 447.0 454.0 460.0 466.0 472.0 478.0 485.0 491.0 497.0 503.0 509.0 515.0 521.0 527.0 534.0 540.0 546.0 552.0 558.0 564.0 570.0 576.0 582.0 588.0 594.0 600.0 606.0 612.0 618.0 624.0 630.0 635.0 308.0
617.0 629.0 630.0 631.0 632.0 633.0 634.0 635.0 636.0 637.0 638.0 639.0 639.0 640.0 641.0 642.0 643.0 644.0 645.0 646.0 647.0 648.0 649.0 650.0 651.0 652.0 653.0 654.0 655.0 656.0 657.0 658.0 659.0 660.0 661.0 662.0 663.0 664.0 666.0 666.0 667.0 668.0 669.0 670.0 671.0 672.0 673.0 674.0 675.0 676.0 677.0 677.0 678.0 679.0 680.0 680.0 681.0 682.0 682.0 683.0 684.0 684.0 684.0 684.0 685.0 685.0 685.0 685.0 685.0 686.0 686.0 686.0 685.0 685.0 685.0 685.0 685.0 685.0 685.0 685.0 685.0 685.0 685.0 685.0 685.0 686.0 686.0 686.0 687.0 687.0 688.0 689.0 689.0 690.0 691.0 692.0 693.0 693.0 695.0 696.0 5.0 48.0 54.0 60.0 66.0 72.0 78.0 83.0 89.0 95.0 101.0 107.0 113.0 119.0 125.0 131.0 137.0 143.0 149.0 155.0 161.0 167.0 173.0 179.0 185.0 191.0 197.0 202.0 208.0 214.0 220.0 226.0 232.0 238.0 244.0 250.0 256.0 262.0 267.0 273.0 279.0 285.0 291.0 297.0 303.0 309.0 315.0 321.0 327.0 333.0 339.0 345.0 351.0 357.0 363.0 369.0 375.0 381.0 387.0 393.0 399.0 404.0 411.0 417.0 423.0 429.0 435.0 441.0 447.0 453.0 459.0 465.0 471.0 477.0 483.0 489.0 495.0 501.0 507.0 513.0 519.0 525.0 531.0 537.0 543.0 549.0 555.0 561.0 567.0 573.0 579.0 585.0 591.0 597.0 603.0 609.0 615.0 620.0 626.0 632.0 309.0
617.0 627.0 627.0 628.0 629.0 629.0 630.0 631.0 631.0 632.0 632.0 633.0 634.0 634.0 634.0 635.0 636.0 636.0 637.0 638.0 638.0 639.0 639.0 640.0 641.0 641.0 642.0 642.0 643.0 644.0 645.0 645.0 646.0 646.0 647.0 647.0 648.0 649.0 649.0 650.0 650.0 651.0 652.0 652.0 653.0 653.0 654.0 654.0 655.0 655.0 655.0 656.0 656.0 657.0 657.0 657.0 657.0 657.0 657.0 657.0 658.0 658.0 657.0 657.0 657.0 657.0 657.0 656.0 656.0 655.0 654.0 654.0 654.0 653.0 653.0 652.0 651.0 651.0 650.0 650.0 649.0 649.0 649.0 648.0 648.0 648.0 648.0 648.0 647.0 648.0 648.0 648.0 648.0 649.0 649.0 649.0 650.0 650.0 651.0 652.0 5.0 50.0 56.0 62.0 68.0 73.0 79.0 85.0 91.0 97.0 103.0 109.0 115.0 121.0 127.0 133.0 139.0 145.0 151.0 157.0 163.0 169.0 175.0 181.0 187.0 193.0 199.0 205.0 211.0 217.0 223.0 229.0 235.0 241.0 247.0 253.0 259.0 264.0 270.0 276.0 282.0 288.0 294.0 300.0 306.0 312.0 318.0 324.0 330.0 336.0 342.0 348.0 354.0 360.0 366.0 372.0 377.0 383.0 389.0 395.0 401.0 407.0 413.0 419.0 425.0 430.0 436.0 442.0 448.0 454.0 460.0 465.0 471.0 477.0 483.0 489.0 495.0 501.0 507.0 512.0 518.0 524.0 530.0 536.0 542.0 548.0 553.0 559.0 565.0 571.0 577.0 583.0 589.0 595.0 601.0 607.0 613.0 619.0 625.0 630.0 310.0
617.0 624.0 624.0 625.0 625.0 625.0 626.0 626.0 626.0 627.0 626.0 627.0 627.0 627.0 627.0 628.0 628.0 628.0 628.0 628.0 628.0 629.0 629.0 629.0 629.0 630.0 630.0 630.0 630.0 630.0 631.0 631.0 631.0 631.0 631.0 631.0 632.0 632.0 632.0 632.0 632.0 633.0 632.0 633.0 633.0 633.0 632.0 633.0 633.0 632.0 633.0 632.0 632.0 632.0 632.0 631.0 631.0 631.0 630.0 630.0 629.0 629.0 628.0 627.0 627.0 626.0 625.0 624.0 623.0 622.0 621.0 620.0 619.0 618.0 617.0 616.0 615.0 614.0 613.0 612.0 611.0 610.0 609.0 609.0 608.0 607.0 607.0 606.0 606.0 605.0 605.0 605.0 605.0 605.0 605.0 605.0 605.0 605.0 605.0 605.0 5.0 51.0 57.0 63.0 69.0 75.0 81.0 87.0 93.0 99.0 105.0 112.0 118.0 124.0 130.0 136.0 142.0 148.0 154.0 160.0 166.0 172.0 178.0 184.0 190.0 196.0 202.0 208.0 214.0 220.0 226.0 232.0 238.0 244.0 250.0 256.0 262.0 268.0 273.0 279.0 285.0 291.0 297.0 303.0 309.0 315.0 321.0 327.0 333.0 339.0 345.0 351.0 357.0 363.0 369.0 375.0 380.0 386.0 392.0 398.0 404.0 410.0 416.0 421.0 427.0 433.0 439.0 444.0 450.0 456.0 462.0 467.0 473.0 479.0 485.0 490.0 496.0 502.0 508.0 513.0 519.0 525.0 531.0 536.0 542.0 548.0 554.0 560.0 566.0 572.0 578.0 584.0 590.0 596.0 602.0 608.0 614.0 619.0 625.0 631.0 311.0
617.0 621.0 621.0 621.0 622.0 621.0 621.0 621.0 621.0 621.0 621.0 621.0 620.0 620.0 620.0 620.0 619.0 619.0 619.0 619.0 619.0 619.0 618.0 618.0 618.0 618.0 618.0 617.0 617.0 617.0 617.0 617.0 616.0 616.0 616.0 615.0 615.0 615.0 615.0 615.0 614.0 614.0 613.0 613.0 612.0 612.0 611.0 611.0 610.0 610.0 609.0 609.0 608.0 607.0 607.0 606.0 605.0 604.0 603.0 602.0 601.0 600.0 599.0 598.0 596.0 595.0 594.0 592.0 591.0 589.0 588.0 586.0 585.0 583.0 582.0 580.0 579.0 577.0 576.0 574.0 573.0 572.0 571.0 569.0 568.0 567.0 566.0 565.0 565.0 564.0 563.0 562.0 562.0 561.0 561.0 561.0 560.0 559.0 560.0 559.0 5.0 54.0 60.0 66.0 72.0 78.0 84.0 90.0 96.0 102.0 108.0 114.0 120.0 126.0 132.0 138.0 144.0 151.0 157.0 163.0 169.0 175.0 181.0 187.0 193.0 199.0 205.0 211.0 217.0 223.0 229.0 235.0 241.0 247.0 253.0 259.0 265.0 271.0 277.0 283.0 289.0 295.0 301.0 307.0 313.0 319.0 325.0 331.0 337.0 343.0 348.0 354.0 360.0 366.0 372.0 378.0 383.0 389.0 395.0 401.0 407.0 412.0 418.0 424.0 430.0 435.0 441.0 447.0 453.0 458.0 464.0 469.0 475.0 481.0 487.0 492.0 498.0 503.0 509.0 515.0 521.0 526.0 532.0 538.0 544.0 550.0 555.0 561.0 567.0 573.0 579.0 585.0 591.0 597.0 603.0 609.0 615.0 621.0 627.0 632.0 312.0
617.0 619.0 619.0 618.0 618.0 618.0 618.0 617.0 617.0 616.0 616.0 615.0 615.0 614.0 614.0 613.0 612.0 612.0 612.0 611.0 610.0 610.0 610.0 609.0 609.0 608.0 607.0 607.0 606.0 606.0 605.0 604.0 604.0 603.0 602.0 602.0 601.0 601.0 600.0 599.0 598.0 598.0 597.0 596.0 595.0 594.0 593.0 592.0 591.0 590.0 589.0 588.0 587.0 586.0 585.0 584.0 582.0 581.0 580.0 578.0 577.0 575.0 574.0 572.0 570.0 568.0 566.0 565.0 563.0 561.0 559.0 557.0 555.0 553.0 551.0 549.0 547.0 545.0 543.0 542.0 540.0 538.0 537.0 535.0 534.0 532.0 531.0 530.0 529.0 528.0 526.0 526.0 525.0 524.0 523.0 522.0 521.0 520.0 520.0 519.0 5.0 54.0 60.0 67.0 73.0 79.0 85.0 91.0 97.0 103.0 109.0 116.0 122.0 128.0 134.0 140.0 146.0 152.0 158.0 164.0 171.0 176.0 183.0 189.0 195.0 201.0 207.0 213.0 219.0 225.0 231.0 237.0 243.0 249.0 255.0 261.0 267.0 273.0 279.0 285.0 291.0 297.0 303.0 309.0 315.0 321.0 327.0 333.0 339.0 345.0 351.0 356.0 362.0 368.0 374.0 380.0 386.0 392.0 397.0 403.0 409.0 414.0 420.0 426.0 432.0 437.0 443.0 449.0 454.0 460.0 465.0 471.0 477.0 482.0 488.0 493.0 499.0 505.0 510.0 516.0 522.0 527.0 533.0 539.0 545.0 551.0 556.0 562.0 568.0 574.0 580.0 586.0 592.0 598.0 604.0 610.0 616.0 622.0 628.0 633.0 313.0
617.0 617.0 617.0 616.0 616.0 615.0 615.0 614.0 613.0 613.0 612.0 611.0 610.0 609.0 609.0 608.0 607.0 606.0 605.0 605.0 604.0 603.0 602.0 601.0 601.0 600.0 599.0 598.0 597.0 596.0 595.0 594.0 594.0 593.0 592.0 591.0 590.0 589.0 588.0 587.0 586.0 585.0 583.0 582.0 581.0 580.0 578.0 577.0 576.0 575.0 573.0 572.0 570.0 569.0 568.0 566.0 564.0 563.0 561.0 559.0 557.0 555.0 553.0 551.0 549.0 547.0 544.0 542.0 540.0 537.0 535.0 533.0 531.0 528.0 526.0 524.0 522.0 519.0 517.0 515.0 513.0 511.0 510.0 508.0 506.0 504.0 503.0 501.0 500.0 498.0 497.0 496.0 495.0 493.0 492.0 491.0 490.0 488.0 487.0 486.0 5.0 55.0 61.0 67.0 73.0 80.0 86.0 92.0 98.0 104.0 110.0 117.0 123.0 129.0 135.0 141.0 147.0 153.0 159.0 166.0 172.0 178.0 184.0 190.0 196.0 202.0 208.0 214.0 220.0 227.0 233.0 239.0 245.0 251.0 257.0 263.0 269.0 275.0 281.0 287.0 293.0 299.0 305.0 311.0 317.0 323.0 329.0 335.0 341.0 347.0 353.0 358.0 364.0 370.0 376.0 382.0 388.0 393.0 399.0 405.0 410.0 416.0 422.0 427.0 433.0 439.0 444.0 450.0 456.0 461.0 467.0 472.0 478.0 483.0 489.0 494.0 500.0 506.0 511.0 517.0 523.0 529.0 534.0 540.0 546.0 552.0 557.0 563.0 569.0 575.0 581.0 587.0 593.0 599.0 605.0 611.0 617.0 623.0 629.0 635.0 314.0
617.0 616.0 615.0 614.0 614.0 613.0 612.0 612.0 611.0 610.0 609.0 608.0 607.0 606.0 605.0 604.0 603.0 602.0 601.0 600.0 599.0 598.0 597.0 596.0 595.0 594.0 593.0 592.0 590.0 590.0 588.0 587.0 586.0 585.0 584.0 583.0 581.0 580.0 579.0 578.0 576.0 575.0 574.0 572.0 571.0 569.0 568.0 566.0 565.0 563.0 562.0 560.0 558.0 557.0 555.0 553.0 551.0 549.0 547.0 545.0 543.0 540.0 538.0 536.0 533.0 531.0 528.0 526.0 523.0 521.0 518.0 516.0 513.0 510.0 508.0 505.0 503.0 501.0 498.0 496.0 494.0 492.0 490.0 488.0 486.0 484.0 482.0 480.0 479.0 477.0 476.0 474.0 473.0 471.0 470.0 468.0 467.0 465.0 464.0 462.0 5.0 55.0 61.0 68.0 74.0 80.0 86.0 93.0 99.0 105.0 111.0 117.0 124.0 130.0 136.0 142.0 148.0 155.0 161.0 167.0 173.0 179.0 185.0 191.0 197.0 203.0 209.0 215.0 222.0 228.0 234.0 240.0 246.0 252.0 258.0 264.0 270.0 276.0 282.0 288.0 294.0 300.0 306.0 312.0 318.0 324.0 330.0 336.0 342.0 348.0 354.0 360.0 366.0 372.0 377.0 383.0 389.0 395.0 400.0 406.0 412.0 417.0 423.0 428.0 434.0 440.0 446.0 451.0 457.0 462.0 468.0 473.0 479.0 484.0 490.0 495.0 501.0 506.0 512.0 518.0 523.0 529.0 535.0 541.0 547.0 552.0 558.0 564.0 570.0 576.0 582.0 588.0 594.0 600.0 606.0 612.0 618.0 624.0 630.0 635.0 315.0
617.0 615.0 614.0 613.0 613.0 612.0 611.0 610.0 609.0 608.0 607.0 606.0 605.0 604.0 602.0 602.0 600.0 599.0 598.0 597.0 596.0 595.0 594.0 593.0 591.0 590.0 589.0 588.0 587.0 586.0 584.0 583.0 582.0 580.0 579.0 578.0 576.0 575.0 574.0 572.0 571.0 569.0 568.0 567.0 565.0 563.0 562.0 560.0 558.0 557.0 555.0 553.0 551.0 549.0 547.0 545.0 543.0 541.0 539.0 537.0 534.0 532.0 529.0 527.0 524.0 522.0 519.0 517.0 514.0 511.0 508.0 506.0 503.0 500.0 498.0 495.0 493.0 490.0 487.0 485.0 483.0 481.0 478.0 476.0 474.0 472.0 470.0 469.0 467.0 465.0 463.0 462.0 460.0 459.0 457.0 456.0 454.0 452.0 451.0 449.0 5.0 55.0 61.0 68.0 74.0 80.0 87.0 93.0 99.0 105.0 111.0 118.0 124.0 130.0 136.0 142.0 148.0 155.0 161.0 167.0 173.0 179.0 185.0 191.0 198.0 204.0 210.0 216.0 222.0 228.0 234.0 240.0 246.0 252.0 259.0 265.0 271.0 277.0 283.0 289.0 295.0 301.0 307.0 313.0 319.0 325.0 331.0 337.0 343.0 349.0 354.0 360.0 366.0 372.0 378.0 384.0 389.0 395.0 401.0 406.0 412.0 418.0 423.0 429.0 435.0 440.0 446.0 451.0 457.0 462.0 468.0 473.0 479.0 484.0 490.0 495.0 501.0 507.0 512.0 518.0 524.0 529.0 535.0 541.0 547.0 553.0 558.0 564.0 570.0 576.0 582.0 588.0 594.0 600.0 606.0 612.0 618.0 624.0 630.0 635.0 316.0
617.0 615.0 614.0 613.0 612.0 612.0 611.0 610.0 608.0 607.0 606.0 605.0 604.0 603.0 602.0 601.0 600.0 598.0 597.0 596.0 595.0 594.0 593.0 592.0 590.0 589.0 588.0 587.0 586.0 585.0 583.0 582.0 581.0 579.0 578.0 577.0 575.0 574.0 572.0 571.0 569.0 568.0 566.0 565.0 563.0 562.0 560.0 558.0 557.0 555.0 553.0 551.0 549.0 547.0 545.0 544.0 541.0 539.0 537.0 535.0 532.0 530.0 527.0 525.0 523.0 520.0 517.0 515.0 512.0 509.0 506.0 504.0 501.0 498.0 495.0 493.0 490.0 488.0 485.0 483.0 481.0 478.0 476.0 474.0 472.0 470.0 468.0 466.0 464.0 462.0 461.0 459.0 457.0 456.0 455.0 453.0 451.0 450.0 448.0 446.0 5.0 55.0 61.0 68.0 74.0 80.0 86.0 93.0 99.0 105.0 111.0 117.0 124.0 130.0 136.0 142.0 148.0 154.0 160.0 167.0 173.0 179.0 185.0 191.0 197.0 203.0 210.0 216.0 222.0 228.0 234.0 240.0 246.0 252.0 258.0 264.0 270.0 276.0 283.0 289.0 295.0 300.0 306.0 312.0 318.0 324.0 330.0 336.0 342.0 348.0 354.0 360.0 366.0 371.0 377.0 383.0 389.0 394.0 400.0 406.0 412.0 417.0 423.0 428.0 434.0 439.0 445.0 451.0 456.0 462.0 467.0 473.0 478.0 484.0 489.0 495.0 500.0 506.0 511.0 517.0 523.0 528.0 534.0 540.0 546.0 551.0 557.0 563.0 569.0 575.0 581.0 587.0 593.0 599.0 605.0 611.0 617.0 623.0 629.0 634.0 317.0
617.0 615.0 614.0 614.0 613.0 612.0 611.0 610.0 609.0 608.0 607.0 606.0 605.0 604.0 603.0 602.0 601.0 600.0 599.0 598.0 596.0 596.0 594.0 593.0 592.0 591.0 590.0 589.0 588.0 586.0 585.0 584.0 583.0 581.0 580.0 579.0 578.0 577.0 575.0 574.0 572.0 571.0 570.0 568.0 567.0 565.0 564.0 562.0 560.0 559.0 557.0 555.0 553.0 552.0 550.0 548.0 546.0 544.0 542.0 540.0 537.0 535.0 533.0 531.0 528.0 526.0 523.0 520.0 518.0 515.0 512.0 510.0 507.0 504.0 502.0 499.0 497.0 494.0 492.0 490.0 488.0 485.0 483.0 481.0 479.0 477.0 475.0 473.0 472.0 470.0 469.0 467.0 465.0 464.0 463.0 461.0 460.0 458.0 457.0 455.0 5.0 54.0 61.0 67.0 73.0 79.0 85.0 92.0 98.0 104.0 110.0 116.0 122.0 129.0 135.0 141.0 147.0 153.0 159.0 165.0 172.0 178.0 184.0 190.0 196.0 202.0 209.0 215.0 221.0 227.0 233.0 239.0 245.0 251.0 257.0 263.0 269.0 275.0 282.0 288.0 294.0 300.0 306.0 312.0 318.0 324.0 330.0 335.0 341.0 347.0 353.0 359.0 365.0 371.0 377.0 382.0 388.0 394.0 400.0 405.0 411.0 417.0 422.0 428.0 433.0 439.0 445.0 450.0 456.0 461.0 467.0 472.0 478.0 483.0 489.0 494.0 500.0 505.0 511.0 517.0 522.0 528.0 534.0 540.0 545.0 551.0 557.0 563.0 569.0 575.0 580.0 586.0 592.0 598.0 604.0 610.0 616.0 622.0 628.0 634.0 318.0
617.0 616.0 615.0 615.0 614.0 614.0 613.0 612.0 611.0 610.0 610.0 608.0 607.0 607.0 605.0 605.0 604.0 603.0 602.0 601.0 600.0 600.0 598.0 597.0 596.0 595.0 595.0 594.0 593.0 592.0 591.0 590.0 589.0 588.0 586.0 585.0 584.0 583.0 582.0 581.0 580.0 579.0 578.0 576.0 575.0 573.0 572.0 571.0 570.0 568.0 567.0 565.0 564.0 562.0 560.0 559.0 557.0 555.0 553.0 551.0 549.0 547.0 545.0 543.0 541.0 539.0 536.0 534.0 532.0 529.0 527.0 524.0 522.0 519.0 517.0 515.0 512.0 510.0 508.0 506.0 504.0 501.0 500.0 498.0 496.0 494.0 492.0 491.0 489.0 488.0 487.0 485.0 484.0 483.0 482.0 480.0 479.0 478.0 477.0 475.0 5.0 54.0 60.0 67.0 73.0 79.0 85.0 92.0 98.0 104.0 110.0 116.0 122.0 128.0 134.0 141.0 147.0 153.0 159.0 165.0 171.0 177.0 183.0 190.0 196.0 202.0 208.0 214.0 220.0 226.0 232.0 238.0 244.0 250.0 256.0 262.0 268.0 274.0 280.0 286.0 293.0 299.0 305.0 311.0 317.0 323.0 328.0 334.0 340.0 346.0 352.0 358.0 364.0 370.0 375.0 381.0 387.0 393.0 398.0 404.0 410.0 415.0 421.0 427.0 432.0 438.0 444.0 449.0 455.0 460.0 465.0 471.0 476.0 482.0 488.0 493.0 499.0 504.0 510.0 516.0 521.0 527.0 533.0 539.0 544.0 550.0 556.0 562.0 568.0 573.0 579.0 585.0 591.0 597.0 603.0 609.0 615.0 621.0 627.0 633.0 319.0
617.0 617.0 617.0 617.0 616.0 616.0 615.0 615.0 614.0 613.0 613.0 612.0 612.0 611.0 610.0 609.0 609.0 608.0 607.0 607.0 606.0 606.0 605.0 604.0 603.0 603.0 602.0 601.0 601.0 600.0 599.0 598.0 598.0 597.0 596.0 595.0 595.0 594.0 593.0 592.0 591.0 590.0 589.0 588.0 588.0 587.0 585.0 585.0 584.0 583.0 581.0 580.0 579.0 578.0 576.0 575.0 574.0 572.0 571.0 569.0 568.0 566.0 564.0 562.0 560.0 559.0 557.0 555.0 553.0 551.0 548.0 546.0 544.0 542.0 540.0 538.0 536.0 534.0 532.0 530.0 529.0 527.0 525.0 523.0 522.0 520.0 519.0 517.0 516.0 515.0 514.0 513.0 512.0 511.0 510.0 509.0 508.0 507.0 507.0 505.0 5.0 53.0 59.0 65.0 71.0 77.0 83.0 90.0 96.0 102.0 108.0 114.0 120.0 126.0 132.0 138.0 144.0 150.0 156.0 162.0 169.0 175.0 181.0 187.0 193.0 199.0 205.0 211.0 218.0 224.0 230.0 236.0 242.0 248.0 254.0 260.0 266.0 272.0 278.0 284.0 290.0 296.0 302.0 308.0 314.0 320.0 326.0 332.0 338.0 344.0 350.0 356.0 361.0 367.0 373.0 379.0 385.0 390.0 396.0 402.0 408.0 413.0 419.0 425.0 431.0 436.0 442.0 447.0 453.0 458.0 464.0 469.0 475.0 480.0 486.0 491.0 497.0 502.0 508.0 514.0 519.0 525.0 531.0 536.0 542.0 548.0 553.0 559.0 565.0 571.0 577.0 583.0 589.0 595.0 601.0 607.0 613.0 619.0 624.0 630.0 320.0
617.0 619.0 619.0 619.0 619.0 619.0 619.0 618.0 618.0 618.0 617.0 617.0 616.0 616.0 616.0 615.0 615.0 614.0 614.0 614.0 614.0 613.0 613.0 612.0 612.0 612.0 611.0 611.0 611.0 610.0 610.0 609.0 609.0 609.0 608.0 608.0 608.0 607.0 606.0 606.0 606.0 605.0 605.0 604.0 604.0 603.0 602.0 602.0 601.0 600.0 599.0 599.0 598.0 597.0 596.0 595.0 594.0 593.0 592.0 591.0 590.0 589.0 588.0 586.0 585.0 584.0 582.0 581.0 579.0 577.0 576.0 574.0 572.0 571.0 569.0 568.0 566.0 564.0 563.0 561.0 560.0 558.0 557.0 555.0 554.0 553.0 552.0 551.0 550.0 549.0 548.0 548.0 547.0 546.0 546.0 545.0 545.0 544.0 544.0 543.0 5.0 51.0 57.0 63.0 69.0 75.0 81.0 88.0 94.0 100.0 106.0 112.0 118.0 124.0 130.0 136.0 142.0 148.0 154.0 160.0 167.0 173.0 179.0 185.0 191.0 197.0 203.0 209.0 215.0 221.0 227.0 233.0 239.0 245.0 251.0 257.0 263.0 269.0 275.0 281.0 287.0 293.0 299.0 305.0 311.0 317.0 323.0 329.0 335.0 341.0 347.0 353.0 359.0 365.0 371.0 377.0 383.0 388.0 394.0 400.0 406.0 412.0 418.0 424.0 429.0 435.0 441.0 446.0 452.0 458.0 463.0 469.0 474.0 480.0 486.0 492.0 497.0 503.0 509.0 514.0 520.0 525.0 531.0 537.0 543.0 549.0 555.0 560.0 566.0 572.0 578.0 584.0 590.0 596.0 602.0 608.0 614.0 620.0 626.0 632.0 321.0
617.0 622.0 622.0 622.0 622.0 622.0 622.0 622.0 622.0 622.0 622.0 622.0 622.0 622.0 622.0 622.0 622.0 622.0 622.0 622.0 622.0 622.0 622.0 622.0 622.0 622.0 622.0 622.0 622.0 622.0 622.0 622.0 622.0 622.0 622.0 622.0 622.0 622.0 622.0 622.0 622.0 622.0 622.0 622.0 622.0 622.0 621.0 621.0 621.0 621.0 620.0 620.0 620.0 619.0 619.0 619.0 618.0 618.0 617.0 616.0 616.0 615.0 614.0 613.0 613.0 612.0 611.0 610.0 609.0 608.0 606.0 605.0 604.0 603.0 602.0 601.0 599.0 598.0 597.0 596.0 595.0 594.0 593.0 592.0 591.0 591.0 590.0 589.0 589.0 588.0 588.0 587.0 587.0 587.0 587.0 587.0 587.0 587.0 587.0 587.0 5.0 51.0 57.0 63.0 69.0 75.0 80.0 87.0 93.0 99.0 105.0 111.0 117.0 123.0 129.0 135.0 141.0 147.0 153.0 159.0 165.0 171.0 178.0 183.0 189.0 195.0 201.0 207.0 213.0 219.0 225.0 231.0 237.0 243.0 249.0 255.0 261.0 267.0 273.0 279.0 285.0 291.0 297.0 303.0 309.0 315.0 321.0 327.0 332.0 339.0 345.0 351.0 356.0 362.0 368.0 374.0 380.0 386.0 392.0 398.0 404.0 410.0 415.0 422.0 428.0 433.0 439.0 445.0 451.0 456.0 462.0 468.0 474.0 480.0 485.0 491.0 497.0 503.0 509.0 514.0 520.0 526.0 532.0 538.0 544.0 550.0 556.0 562.0 568.0 574.0 579.0 585.0 591.0 597.0 603.0 609.0 615.0 621.0 627.0 633.0 322.0
617.0 624.0 625.0 625.0 625.0 626.0 626.0 627.0 627.0 627.0 628.0 628.0 629.0 629.0 629.0 629.0 630.0 630.0 630.0 631.0 631.0 632.0 632.0 632.0 633.0 633.0 634.0 634.0 634.0 635.0 635.0 636.0 636.0 637.0 637.0 637.0 638.0 638.0 639.0 639.0 640.0 640.0 640.0 641.0 641.0 641.0 642.0 642.0 642.0 642.0 642.0 643.0 643.0 643.0 643.0 643.0 643.0 643.0 643.0 643.0 643.0 642.0 642.0 642.0 641.0 641.0 641.0 640.0 640.0 639.0 638.0 638.0 637.0 636.0 636.0 635.0 634.0 633.0 633.0 632.0 632.0 631.0 631.0 630.0 630.0 630.0 630.0 629.0 629.0 629.0 629.0 629.0 630.0 630.0 631.0 631.0 631.0 631.0 632.0 633.0 5.0 50.0 56.0 62.0 68.0 74.0 80.0 86.0 92.0 98.0 104.0 110.0 116.0 122.0 128.0 134.0 140.0 146.0 152.0 158.0 164.0 170.0 176.0 182.0 188.0 194.0 200.0 206.0 212.0 218.0 224.0 230.0 236.0 242.0 248.0 254.0 260.0 266.0 271.0 277.0 283.0 289.0 295.0 301.0 307.0 313.0 319.0 325.0 331.0 337.0 343.0 349.0 355.0 361.0 367.0 373.0 379.0 384.0 390.0 396.0 402.0 408.0 414.0 421.0 426.0 432.0 438.0 444.0 450.0 456.0 462.0 468.0 474.0 480.0 485.0 492.0 498.0 504.0 509.0 515.0 521.0 527.0 533.0 539.0 545.0 551.0 557.0 563.0 569.0 575.0 581.0 587.0 593.0 599.0 605.0 611.0 617.0 623.0 628.0 634.0 323.0
617.0 627.0 627.0 628.0 629.0 630.0 631.0 631.0 632.0 632.0 633.0 634.0 635.0 635.0 636.0 636.0 637.0 638.0 639.0 639.0 640.0 641.0 642.0 643.0 643.0 644.0 645.0 646.0 647.0 648.0 648.0 649.0 650.0 651.0 652.0 653.0 654.0 654.0 655.0 656.0 657.0 658.0 658.0 659.0 660.0 661.0 662.0 662.0 663.0 664.0 664.0 665.0 665.0 666.0 667.0 667.0 668.0 668.0 668.0 669.0 669.0 669.0 669.0 669.0 670.0 670.0 670.0 670.0 670.0 670.0 669.0 669.0 669.0 669.0 669.0 669.0 668.0 668.0 668.0 667.0 668.0 668.0 668.0 668.0 668.0 668.0 668.0 669.0 669.0 669.0 670.0 671.0 671.0 672.0 673.0 674.0 675.0 675.0 676.0 678.0 5.0 50.0 56.0 62.0 68.0 74.0 79.0 86.0 92.0 98.0 104.0 110.0 116.0 122.0 128.0 134.0 140.0 146.0 152.0 158.0 164.0 170.0 176.0 182.0 188.0 194.0 200.0 206.0 212.0 217.0 223.0 229.0 235.0 241.0 247.0 253.0 259.0 265.0 271.0 277.0 283.0 289.0 295.0 301.0 307.0 313.0 319.0 325.0 330.0 336.0 342.0 348.0 354.0 360.0 366.0 372.0 378.0 384.0 390.0 396.0 402.0 408.0 414.0 420.0 426.0 432.0 438.0 444.0 450.0 456.0 462.0 468.0 474.0 480.0 486.0 493.0 498.0 504.0 510.0 516.0 523.0 528.0 534.0 541.0 546.0 553.0 559.0 565.0 571.0 577.0 583.0 589.0 595.0 601.0 606.0 612.0 618.0 624.0 630.0 636.0 324.0
617.0 629.0 630.0 631.0 632.0 633.0 634.0 635.0 636.0 637.0 638.0 639.0 640.0 641.0 642.0 643.0 644.0 645.0 646.0 647.0 648.0 649.0 651.0 652.0 653.0 654.0 655.0 657.0 658.0 659.0 660.0 661.0 663.0 664.0 665.0 666.0 668.0 669.0 670.0 671.0 672.0 674.0 675.0 676.0 677.0 678.0 679.0 681.0 682.0 683.0 684.0 685.0 686.0 687.0 688.0 689.0 689.0 690.0 691.0 692.0 692.0 693.0 694.0 694.0 695.0 696.0 696.0 696.0 697.0 697.0 697.0 698.0 698.0 698.0 698.0 698.0 699.0 699.0 699.0 699.0 700.0 700.0 700.0 701.0 701.0 702.0 703.0 703.0 705.0 705.0 706.0 707.0 708.0 710.0 711.0 712.0 713.0 715.0 716.0 718.0 5.0 49.0 55.0 61.0 67.0 73.0 79.0 85.0 91.0 97.0 103.0 109.0 116.0 122.0 128.0 134.0 140.0 146.0 152.0 158.0 164.0 170.0 176.0 182.0 188.0 194.0 200.0 206.0 212.0 217.0 223.0 229.0 235.0 241.0 247.0 253.0 259.0 265.0 271.0 277.0 282.0 288.0 294.0 300.0 306.0 312.0 318.0 324.0 330.0 336.0 342.0 348.0 354.0 360.0 366.0 372.0 378.0 384.0 390.0 396.0 402.0 408.0 414.0 420.0 426.0 432.0 438.0 444.0 450.0 457.0 463.0 468.0 475.0 481.0 487.0 493.0 499.0 505.0 511.0 518.0 524.0 530.0 536.0 542.0 548.0 554.0 560.0 566.0 572.0 578.0 584.0 590.0 596.0 602.0 608.0 614.0 620.0 626.0 631.0 637.0 325.0
617.0 631.0 632.0 634.0 634.0 636.0 637.0 638.0 640.0 641.0 642.0 643.0 645.0 646.0 647.0 648.0 650.0 651.0 652.0 654.0 655.0 657.0 658.0 659.0 661.0 662.0 664.0 665.0 667.0 668.0 670.0 671.0 673.0 674.0 676.0 678.0 679.0 681.0 682.0 684.0 685.0 687.0 688.0 690.0 691.0 692.0 694.0 696.0 697.0 698.0 700.0 701.0 703.0 704.0 705.0 706.0 707.0 709.0 710.0 711.0 712.0 713.0 714.0 715.0 716.0 717.0 718.0 718.0 719.0 719.0 720.0 721.0 721.0 722.0 723.0 723.0 724.0 724.0 725.0 725.0 726.0 727.0 728.0 729.0 729.0 731.0 732.0 733.0 734.0 735.0 737.0 738.0 739.0 741.0 743.0 744.0 746.0 748.0 749.0 752.0 5.0 49.0 55.0 61.0 67.0 73.0 79.0 85.0 92.0 98.0 104.0 110.0 116.0 122.0 128.0 134.0 140.0 146.0 152.0 158.0 164.0 170.0 176.0 182.0 188.0 194.0 200.0 206.0 212.0 218.0 223.0 229.0 235.0 241.0 247.0 253.0 259.0 265.0 271.0 277.0 283.0 289.0 295.0 301.0 307.0 313.0 319.0 324.0 330.0 336.0 342.0 348.0 354.0 360.0 366.0 372.0 378.0 384.0 390.0 396.0 402.0 408.0 414.0 420.0 427.0 432.0 439.0 445.0 451.0 457.0 463.0 469.0 475.0 482.0 488.0 494.0 500.0 506.0 512.0 519.0 525.0 531.0 537.0 543.0 549.0 555.0 561.0 567.0 573.0 579.0 585.0 591.0 597.0 603.0 609.0 615.0 621.0 627.0 632.0 638.0 326.0
617.0 632.0 634.0 635.0 636.0 638.0 640.0 641.0 642.0 643.0 645.0 646.0 648.0 649.0 651.0 652.0 654.0 656.0 657.0 659.0 660.0 662.0 663.0 665.0 667.0 668.0 670.0 672.0 674.0 675.0 677.0 679.0 681.0 682.0 684.0 686.0 688.0 689.0 691.0 693.0 695.0 696.0 698.0 700.0 702.0 703.0 705.0 707.0 708.0 710.0 712.0 713.0 715.0 717.0 718.0 720.0 721.0 722.0 724.0 725.0 726.0 728.0 729.0 730.0 731.0 732.0 734.0 734.0 735.0 736.0 737.0 738.0 739.0 740.0 741.0 741.0 742.0 743.0 744.0 745.0 746.0 747.0 748.0 749.0 750.0 752.0 753.0 754.0 756.0 757.0 759.0 761.0 762.0 764.0 766.0 768.0 770.0 772.0 774.0 776.0 5.0 49.0 56.0 61.0 67.0 73.0 79.0 85.0 92.0 98.0 104.0 110.0 116.0 122.0 128.0 134.0 140.0 146.0 152.0 158.0 164.0 170.0 176.0 182.0 188.0 194.0 200.0 206.0 212.0 218.0 224.0 230.0 236.0 242.0 247.0 253.0 259.0 265.0 271.0 277.0 283.0 289.0 295.0 301.0 307.0 313.0 319.0 325.0 330.0 336.0 342.0 348.0 354.0 360.0 366.0 372.0 378.0 384.0 390.0 396.0 403.0 408.0 415.0 421.0 427.0 433.0 439.0 445.0 451.0 458.0 464.0 470.0 476.0 482.0 488.0 495.0 501.0 507.0 513.0 519.0 525.0 532.0 538.0 544.0 550.0 556.0 562.0 568.0 574.0 580.0 586.0 592.0 598.0 604.0 609.0 615.0 621.0 627.0 633.0 638.0 327.0
617.0 633.0 635.0 636.0 637.0 639.0 641.0 642.0 644.0 645.0 647.0 648.0 650.0 652.0 653.0 655.0 656.0 658.0 660.0 661.0 663.0 665.0 667.0 669.0 670.0 672.0 674.0 676.0 678.0 680.0 682.0 683.0 685.0 687.0 689.0 691.0 693.0 695.0 697.0 699.0 700.0 702.0 705.0 706.0 708.0 710.0 712.0 714.0 716.0 717.0 719.0 721.0 722.0 724.0 726.0 727.0 729.0 731.0 732.0 734.0 735.0 736.0 738.0 739.0 740.0 742.0 743.0 744.0 745.0 746.0 747.0 748.0 749.0 750.0 752.0 752.0 753.0 754.0 755.0 756.0 758.0 759.0 760.0 761.0 763.0 764.0 766.0 767.0 769.0 770.0 772.0 774.0 776.0 778.0 780.0 782.0 784.0 786.0 789.0 791.0 5.0 50.0 56.0 62.0 68.0 74.0 80.0 86.0 92.0 98.0 104.0 110.0 116.0 122.0 128.0 134.0 140.0 146.0 152.0 158.0 164.0 170.0 177.0 182.0 188.0 194.0 200.0 206.0 212.0 218.0 224.0 230.0 236.0 242.0 248.0 254.0 260.0 266.0 271.0 277.0 283.0 289.0 295.0 301.0 307.0 313.0 319.0 325.0 331.0 337.0 343.0 349.0 354.0 360.0 366.0 372.0 378.0 384.0 390.0 397.0 403.0 409.0 415.0 421.0 427.0 433.0 439.0 445.0 451.0 458.0 464.0 470.0 476.0 483.0 489.0 495.0 501.0 508.0 514.0 520.0 526.0 532.0 538.0 545.0 551.0 557.0 563.0 569.0 575.0 581.0 587.0 593.0 599.0 604.0 610.0 616.0 622.0 628.0 633.0 639.0 328.0
617.0 633.0 635.0 637.0 638.0 640.0 642.0 643.0 645.0 646.0 648.0 649.0 651.0 653.0 654.0 656.0 657.0 659.0 661.0 662.0 664.0 666.0 668.0 670.0 672.0 674.0 676.0 677.0 679.0 681.0 683.0 685.0 687.0 689.0 691.0 693.0 695.0 697.0 699.0 701.0 702.0 705.0 707.0 709.0 710.0 712.0 714.0 716.0 718.0 720.0 721.0 723.0 725.0 727.0 729.0 730.0 732.0 733.0 735.0 737.0 738.0 739.0 741.0 743.0 744.0 745.0 746.0 747.0 748.0 750.0 751.0 752.0 753.0 754.0 755.0 756.0 757.0 758.0 759.0 760.0 761.0 763.0 764.0 765.0 767.0 768.0 770.0 771.0 773.0 774.0 776.0 778.0 780.0 782.0 785.0 787.0 789.0 791.0 793.0 796.0 5.0 49.0 55.0 61.0 67.0 73.0 80.0 86.0 92.0 98.0 104.0 110.0 116.0 122.0 128.0 134.0 140.0 146.0 152.0 158.0 164.0 170.0 176.0 182.0 188.0 194.0 200.0 206.0 212.0 218.0 224.0 230.0 236.0 242.0 247.0 253.0 259.0 265.0 271.0 277.0 283.0 289.0 295.0 301.0 307.0 313.0 319.0 324.0 330.0 336.0 342.0 348.0 354.0 360.0 366.0 372.0 378.0 384.0 390.0 396.0 402.0 408.0 414.0 420.0 427.0 433.0 439.0 445.0 451.0 458.0 464.0 470.0 476.0 483.0 489.0 495.0 501.0 508.0 514.0 520.0 526.0 532.0 539.0 545.0 551.0 557.0 563.0 569.0 575.0 581.0 587.0 593.0 599.0 605.0 610.0 616.0 622.0 628.0 633.0 639.0 329.0
617.0 633.0 635.0 637.0 638.0 640.0 641.0 643.0 644.0 646.0 647.0 649.0 650.0 652.0 653.0 655.0 657.0 659.0 660.0 662.0 664.0 665.0 667.0 669.0 671.0 673.0 674.0 676.0 678.0 680.0 682.0 684.0 686.0 688.0 689.0 691.0 693.0 695.0 697.0 699.0 700.0 703.0 704.0 706.0 708.0 710.0 712.0 714.0 715.0 717.0 719.0 720.0 722.0 724.0 726.0 727.0 729.0 730.0 732.0 733.0 735.0 736.0 738.0 739.0 740.0 741.0 743.0 744.0 745.0 746.0 747.0 748.0 749.0 750.0 751.0 751.0 752.0 753.0 755.0 755.0 756.0 758.0 759.0 760.0 761.0 763.0 764.0 766.0 767.0 769.0 770.0 773.0 774.0 776.0 778.0 780.0 782.0 784.0 787.0 789.0 5.0 49.0 55.0 61.0 67.0 73.0 80.0 86.0 92.0 98.0 104.0 110.0 116.0 122.0 128.0 134.0 140.0 146.0 152.0 158.0 164.0 170.0 176.0 182.0 188.0 194.0 199.0 205.0 211.0 217.0 223.0 229.0 235.0 241.0 247.0 253.0 259.0 265.0 270.0 276.0 282.0 288.0 294.0 300.0 306.0 312.0 318.0 324.0 330.0 336.0 342.0 347.0 353.0 359.0 365.0 371.0 377.0 383.0 389.0 395.0 402.0 408.0 414.0 420.0 426.0 432.0 438.0 445.0 451.0 457.0 463.0 469.0 476.0 482.0 488.0 494.0 501.0 507.0 513.0 519.0 526.0 532.0 538.0 544.0 550.0 556.0 562.0 568.0 574.0 580.0 586.0 592.0 598.0 604.0 610.0 616.0 622.0 628.0 633.0 639.0 330.0
617.0 633.0 634.0 636.0 637.0 638.0 640.0 641.0 643.0 644.0 646.0 647.0 648.0 650.0 652.0 653.0 654.0 656.0 658.0 659.0 661.0 663.0 664.0 666.0 667.0 669.0 671.0 672.0 674.0 676.0 678.0 679.0 681.0 683.0 685.0 686.0 688.0 690.0 691.0 693.0 695.0 697.0 699.0 700.0 702.0 704.0 705.0 707.0 708.0 710.0 712.0 713.0 715.0 716.0 718.0 719.0 721.0 722.0 724.0 725.0 726.0 727.0 729.0 730.0 731.0 732.0 733.0 734.0 735.0 736.0 737.0 738.0 738.0 739.0 740.0 740.0 741.0 742.0 743.0 744.0 745.0 746.0 747.0 747.0 749.0 750.0 751.0 752.0 754.0 755.0 757.0 758.0 760.0 761.0 763.0 765.0 767.0 769.0 771.0 773.0 5.0 49.0 55.0 61.0 67.0 72.0 78.0 84.0 91.0 97.0 103.0 109.0 115.0 121.0 127.0 133.0 139.0 145.0 151.0 157.0 163.0 169.0 175.0 181.0 186.0 192.0 198.0 204.0 210.0 216.0 222.0 228.0 234.0 239.0 245.0 251.0 257.0 263.0 269.0 275.0 281.0 287.0 292.0 298.0 304.0 310.0 316.0 322.0 328.0 334.0 340.0 346.0 352.0 358.0 364.0 370.0 376.0 382.0 388.0 394.0 400.0 406.0 412.0 418.0 425.0 431.0 437.0 443.0 449.0 456.0 462.0 468.0 474.0 481.0 487.0 493.0 500.0 506.0 512.0 518.0 525.0 531.0 537.0 543.0 549.0 555.0 562.0 568.0 574.0 580.0 586.0 592.0 598.0 603.0 609.0 615.0 621.0 627.0 633.0 638.0 331.0
617.0 632.0 633.0 634.0 635.0 637.0 638.0 639.0 640.0 642.0 643.0 644.0 646.0 647.0 648.0 650.0 651.0 652.0 653.0 655.0 656.0 658.0 659.0 661.0 662.0 664.0 665.0 667.0 668.0 670.0 671.0 673.0 674.0 676.0 677.0 679.0 680.0 682.0 683.0 685.0 686.0 688.0 689.0 691.0 693.0 694.0 695.0 697.0 698.0 699.0 701.0 702.0 703.0 705.0 706.0 707.0 708.0 710.0 711.0 712.0 713.0 714.0 715.0 716.0 717.0 717.0 718.0 719.0 720.0 720.0 721.0 721.0 722.0 722.0 723.0 723.0 724.0 724.0 725.0 725.0 726.0 726.0 727.0 728.0 729.0 729.0 730.0 732.0 733.0 734.0 735.0 736.0 737.0 739.0 740.0 742.0 743.0 745.0 747.0 748.0 5.0 48.0 54.0 60.0 66.0 72.0 78.0 84.0 90.0 95.0 102.0 108.0 114.0 120.0 126.0 132.0 138.0 144.0 149.0 155.0 161.0 167.0 173.0 179.0 185.0 191.0 197.0 203.0 208.0 214.0 220.0 226.0 232.0 238.0 244.0 250.0 256.0 262.0 268.0 273.0 279.0 285.0 291.0 297.0 303.0 309.0 315.0 321.0 327.0 333.0 339.0 345.0 351.0 356.0 362.0 369.0 375.0 381.0 387.0 393.0 399.0 405.0 411.0 417.0 423.0 429.0 435.0 442.0 448.0 454.0 460.0 466.0 473.0 479.0 485.0 491.0 498.0 504.0 510.0 516.0 523.0 529.0 535.0 541.0 547.0 553.0 560.0 566.0 572.0 578.0 584.0 590.0 596.0 602.0 608.0 614.0 620.0 626.0 631.0 637.0 332.0
617.0 630.0 631.0 632.0 633.0 634.0 635.0 637.0 637.0 639.0 639.0 641.0 642.0 643.0 644.0 645.0 646.0 647.0 648.0 649.0 650.0 651.0 653.0 654.0 655.0 656.0 657.0 658.0 660.0 661.0 662.0 663.0 665.0 666.0 667.0 668.0 669.0 670.0 672.0 673.0 674.0 675.0 677.0 678.0 679.0 680.0 681.0 682.0 683.0 684.0 685.0 687.0 687.0 688.0 689.0 690.0 691.0 692.0 693.0 693.0 694.0 695.0 695.0 696.0 696.0 697.0 698.0 698.0 698.0 698.0 699.0 699.0 699.0 699.0 699.0 699.0 700.0 700.0 700.0 700.0 700.0 700.0 700.0 701.0 701.0 702.0 702.0 703.0 704.0 704.0 705.0 706.0 707.0 708.0 709.0 710.0 711.0 712.0 713.0 715.0 5.0 48.0 54.0 60.0 66.0 72.0 78.0 84.0 90.0 96.0 101.0 107.0 113.0 119.0 125.0 131.0 137.0 143.0 149.0 155.0 161.0 167.0 173.0 179.0 185.0 191.0 197.0 202.0 208.0 214.0 220.0 226.0 232.0 238.0 243.0 249.0 255.0 261.0 267.0 273.0 279.0 285.0 291.0 297.0 303.0 309.0 315.0 320.0 326.0 332.0 338.0 344.0 350.0 356.0 362.0 368.0 374.0 380.0 386.0 392.0 398.0 404.0 411.0 417.0 423.0 429.0 435.0 441.0 447.0 453.0 460.0 466.0 472.0 478.0 484.0 490.0 496.0 503.0 509.0 514.0 521.0 527.0 533.0 539.0 545.0 551.0 557.0 563.0 569.0 575.0 581.0 587.0 593.0 599.0 605.0 611.0 617.0 623.0 629.0 634.0 333.0
617.0 628.0 629.0 629.0 630.0 631.0 632.0 633.0 633.0 634.0 635.0 636.0 637.0 637.0 638.0 639.0 640.0 640.0 641.0 642.0 643.0 643.0 644.0 645.0 646.0 647.0 648.0 648.0 649.0 650.0 651.0 652.0 653.0 654.0 654.0 655.0 656.0 657.0 658.0 659.0 659.0 660.0 661.0 662.0 663.0 663.0 664.0 665.0 665.0 666.0 666.0 667.0 668.0 668.0 669.0 669.0 670.0 670.0 670.0 671.0 671.0 671.0 672.0 672.0 672.0 672.0 672.0 672.0 672.0 672.0 672.0 671.0 671.0 671.0 670.0 670.0 669.0 669.0 669.0 668.0 668.0 668.0 668.0 668.0 668.0 668.0 668.0 668.0 668.0 668.0 669.0 669.0 670.0 670.0 671.0 672.0 672.0 673.0 674.0 675.0 5.0 48.0 54.0 60.0 66.0 72.0 78.0 84.0 90.0 95.0 102.0 108.0 114.0 120.0 126.0 132.0 138.0 144.0 150.0 156.0 161.0 167.0 173.0 179.0 185.0 191.0 197.0 203.0 209.0 215.0 221.0 227.0 233.0 239.0 245.0 251.0 257.0 263.0 268.0 274.0 280.0 286.0 292.0 298.0 304.0 310.0 316.0 322.0 328.0 334.0 340.0 346.0 352.0 358.0 364.0 370.0 375.0 381.0 387.0 393.0 400.0 406.0 411.0 417.0 424.0 429.0 435.0 441.0 447.0 453.0 459.0 465.0 471.0 477.0 483.0 489.0 495.0 501.0 507.0 513.0 519.0 524.0 531.0 536.0 542.0 548.0 554.0 560.0 566.0 572.0 578.0 584.0 590.0 596.0 602.0 608.0 614.0 620.0 625.0 631.0 334.0
617.0 625.0 626.0 627.0 627.0 628.0 628.0 629.0 629.0 630.0 630.0 631.0 631.0 632.0 632.0 632.0 633.0 633.0 634.0 634.0 634.0 635.0 635.0 636.0 636.0 637.0 637.0 637.0 638.0 639.0 639.0 639.0 640.0 640.0 641.0 641.0 642.0 642.0 642.0 643.0 643.0 643.0 644.0 644.0 645.0 645.0 645.0 645.0 646.0 646.0 646.0 646.0 647.0 646.0 647.0 646.0 647.0 647.0 646.0 646.0 646.0 646.0 646.0 645.0 645.0 644.0 644.0 643.0 643.0 642.0 642.0 641.0 640.0 639.0 638.0 637.0 637.0 636.0 635.0 634.0 634.0 633.0 632.0 632.0 632.0 631.0 631.0 631.0 631.0 630.0 630.0 631.0 631.0 631.0 631.0 632.0 632.0 632.0 633.0 633.0 5.0 49.0 55.0 61.0 67.0 73.0 79.0 85.0 91.0 97.0 103.0 109.0 116.0 122.0 128.0 134.0 140.0 146.0 151.0 158.0 164.0 170.0 176.0 182.0 187.0 193.0 200.0 206.0 212.0 218.0 224.0 230.0 236.0 241.0 248.0 254.0 260.0 266.0 272.0 278.0 283.0 289.0 295.0 301.0 307.0 313.0 319.0 325.0 331.0 337.0 343.0 349.0 355.0 361.0 367.0 373.0 379.0 385.0 391.0 397.0 403.0 409.0 414.0 420.0 426.0 432.0 438.0 444.0 449.0 456.0 461.0 467.0 473.0 479.0 485.0 490.0 496.0 502.0 508.0 514.0 520.0 525.0 531.0 537.0 543.0 549.0 555.0 561.0 567.0 573.0 579.0 584.0 590.0 596.0 602.0 608.0 614.0 620.0 626.0 632.0 335.0
617.0 623.0 623.0 624.0 624.0 624.0 624.0 625.0 624.0 625.0 625.0 625.0 625.0 625.0 625.0 625.0 625.0 625.0 626.0 625.0 626.0 625.0 626.0 626.0 626.0 626.0 626.0 626.0 626.0 626.0 626.0 626.0 626.0 626.0 626.0 627.0 627.0 627.0 627.0 627.0 627.0 626.0 626.0 626.0 626.0 626.0 626.0 626.0 625.0 625.0 625.0 625.0 624.0 624.0 624.0 623.0 623.0 622.0 622.0 621.0 620.0 619.0 619.0 618.0 617.0 616.0 615.0 614.0 613.0 612.0 611.0 609.0 608.0 607.0 606.0 604.0 603.0 602.0 601.0 600.0 599.0 598.0 597.0 596.0 595.0 594.0 593.0 593.0 592.0 592.0 592.0 591.0 591.0 591.0 591.0 591.0 590.0 590.0 590.0 590.0 5.0 51.0 57.0 63.0 69.0 76.0 82.0 88.0 94.0 100.0 106.0 112.0 118.0 124.0 130.0 136.0 142.0 148.0 154.0 161.0 166.0 173.0 179.0 185.0 191.0 197.0 203.0 209.0 215.0 221.0 227.0 233.0 239.0 245.0 251.0 257.0 263.0 269.0 275.0 281.0 287.0 293.0 299.0 305.0 311.0 317.0 323.0 329.0 335.0 341.0 347.0 352.0 358.0 364.0 370.0 376.0 382.0 388.0 394.0 400.0 405.0 411.0 417.0 423.0 429.0 434.0 440.0 446.0 452.0 458.0 463.0 469.0 475.0 480.0 486.0 492.0 498.0 504.0 509.0 515.0 521.0 526.0 532.0 538.0 544.0 550.0 556.0 561.0 567.0 573.0 579.0 585.0 591.0 597.0 603.0 609.0 615.0 621.0 627.0 633.0 336.0
617.0 621.0 621.0 621.0 621.0 621.0 621.0 621.0 620.0 620.0 620.0 620.0 620.0 620.0 619.0 619.0 619.0 618.0 618.0 618.0 618.0 617.0 617.0 617.0 617.0 616.0 616.0 616.0 616.0 615.0 615.0 615.0 614.0 614.0 614.0 613.0 613.0 613.0 612.0 612.0 612.0 611.0 611.0 610.0 610.0 609.0 609.0 608.0 607.0 607.0 606.0 605.0 605.0 604.0 603.0 602.0 601.0 600.0 599.0 598.0 597.0 596.0 594.0 593.0 592.0 590.0 589.0 587.0 586.0 584.0 583.0 581.0 579.0 578.0 576.0 574.0 573.0 572.0 570.0 568.0 567.0 565.0 564.0 563.0 562.0 560.0 559.0 558.0 558.0 557.0 556.0 555.0 555.0 554.0 554.0 553.0 553.0 552.0 552.0 551.0 5.0 52.0 58.0 64.0 70.0 76.0 82.0 88.0 95.0 101.0 107.0 113.0 119.0 125.0 131.0 137.0 143.0 149.0 155.0 162.0 168.0 174.0 180.0 186.0 192.0 198.0 204.0 210.0 216.0 222.0 228.0 234.0 241.0 247.0 253.0 259.0 265.0 271.0 277.0 283.0 289.0 295.0 301.0 307.0 313.0 319.0 325.0 331.0 337.0 343.0 349.0 354.0 360.0 366.0 372.0 378.0 384.0 390.0 395.0 401.0 407.0 413.0 419.0 424.0 430.0 436.0 442.0 447.0 453.0 459.0 464.0 470.0 476.0 481.0 487.0 493.0 498.0 504.0 510.0 515.0 521.0 527.0 533.0 538.0 544.0 550.0 556.0 562.0 568.0 574.0 579.0 585.0 591.0 597.0 603.0 609.0 615.0 621.0 627.0 633.0 337.0
617.0 619.0 619.0 619.0 618.0 618.0 618.0 617.0 617.0 616.0 616.0 616.0 615.0 614.0 614.0 613.0 613.0 612.0 612.0 611.0 611.0 610.0 610.0 609.0 609.0 608.0 607.0 607.0 606.0 606.0 605.0 605.0 604.0 603.0 602.0 602.0 602.0 600.0 600.0 599.0 598.0 598.0 597.0 596.0 595.0 594.0 593.0 592.0 591.0 590.0 589.0 589.0 587.0 586.0 585.0 584.0 583.0 581.0 580.0 578.0 577.0 575.0 574.0 572.0 570.0 568.0 567.0 565.0 562.0 561.0 559.0 557.0 555.0 553.0 551.0 549.0 547.0 545.0 543.0 542.0 540.0 538.0 536.0 535.0 533.0 532.0 530.0 529.0 528.0 527.0 526.0 525.0 524.0 523.0 522.0 522.0 521.0 520.0 519.0 518.0 5.0 54.0 60.0 66.0 72.0 78.0 84.0 91.0 97.0 103.0 109.0 115.0 121.0 127.0 134.0 140.0 146.0 152.0 158.0 164.0 170.0 176.0 182.0 188.0 194.0 201.0 207.0 213.0 219.0 225.0 231.0 237.0 243.0 249.0 255.0 261.0 267.0 273.0 279.0 285.0 291.0 297.0 303.0 309.0 315.0 321.0 327.0 333.0 339.0 345.0 351.0 357.0 363.0 368.0 374.0 380.0 386.0 392.0 397.0 403.0 409.0 415.0 421.0 426.0 432.0 437.0 443.0 449.0 455.0 460.0 466.0 471.0 477.0 482.0 488.0 494.0 499.0 505.0 511.0 516.0 522.0 527.0 533.0 539.0 545.0 551.0 557.0 562.0 568.0 574.0 580.0 586.0 592.0 598.0 604.0 610.0 616.0 622.0 628.0 634.0 338.0
617.0 617.0 617.0 617.0 617.0 616.0 615.0 615.0 614.0 613.0 613.0 612.0 611.0 610.0 610.0 609.0 608.0 607.0 607.0 606.0 605.0 604.0 604.0 603.0 602.0 601.0 601.0 600.0 599.0 598.0 597.0 597.0 595.0 595.0 594.0 593.0 592.0 591.0 590.0 589.0 588.0 587.0 586.0 585.0 584.0 582.0 582.0 580.0 579.0 578.0 576.0 575.0 574.0 572.0 570.0 569.0 568.0 566.0 564.0 563.0 561.0 559.0 557.0 555.0 553.0 551.0 549.0 546.0 544.0 542.0 540.0 537.0 535.0 533.0 531.0 528.0 526.0 524.0 522.0 520.0 518.0 516.0 514.0 512.0 511.0 509.0 507.0 506.0 504.0 503.0 502.0 501.0 499.0 498.0 497.0 496.0 495.0 494.0 493.0 491.0 5.0 54.0 60.0 66.0 72.0 79.0 85.0 91.0 98.0 104.0 110.0 116.0 122.0 128.0 134.0 140.0 146.0 152.0 158.0 165.0 171.0 177.0 183.0 189.0 195.0 202.0 208.0 214.0 220.0 226.0 232.0 238.0 244.0 250.0 256.0 262.0 268.0 274.0 280.0 286.0 292.0 298.0 304.0 310.0 316.0 322.0 328.0 334.0 340.0 346.0 352.0 358.0 364.0 370.0 375.0 381.0 387.0 393.0 398.0 404.0 410.0 416.0 422.0 427.0 433.0 438.0 444.0 449.0 455.0 461.0 466.0 472.0 478.0 483.0 489.0 494.0 500.0 505.0 511.0 517.0 522.0 528.0 534.0 539.0 545.0 551.0 557.0 563.0 569.0 575.0 580.0 586.0 592.0 598.0 604.0 610.0 616.0 622.0 628.0 634.0 339.0
617.0 616.0 616.0 615.0 615.0 615.0 614.0 613.0 612.0 611.0 610.0 610.0 608.0 608.0 607.0 606.0 605.0 604.0 603.0 602.0 601.0 600.0 600.0 599.0 598.0 597.0 596.0 595.0 594.0 593.0 592.0 591.0 590.0 589.0 587.0 587.0 585.0 584.0 583.0 582.0 581.0 579.0 578.0 577.0 576.0 574.0 573.0 571.0 570.0 569.0 567.0 566.0 564.0 562.0 560.0 559.0 557.0 555.0 553.0 551.0 549.0 547.0 545.0 543.0 540.0 538.0 536.0 533.0 531.0 529.0 526.0 524.0 521.0 519.0 516.0 514.0 511.0 509.0 507.0 505.0 503.0 500.0 498.0 497.0 495.0 493.0 491.0 489.0 488.0 486.0 485.0 484.0 482.0 481.0 479.0 478.0 477.0 476.0 474.0 473.0 5.0 54.0 60.0 67.0 73.0 79.0 85.0 91.0 98.0 104.0 110.0 116.0 122.0 129.0 135.0 141.0 147.0 153.0 159.0 166.0 172.0 178.0 184.0 190.0 196.0 202.0 208.0 214.0 220.0 227.0 233.0 239.0 245.0 251.0 257.0 263.0 269.0 275.0 281.0 287.0 293.0 299.0 305.0 311.0 317.0 323.0 329.0 335.0 341.0 347.0 353.0 359.0 365.0 371.0 376.0 382.0 388.0 394.0 399.0 405.0 411.0 417.0 422.0 428.0 433.0 439.0 445.0 450.0 456.0 461.0 467.0 472.0 478.0 483.0 489.0 495.0 501.0 506.0 512.0 517.0 523.0 529.0 534.0 540.0 546.0 552.0 558.0 563.0 569.0 575.0 581.0 587.0 593.0 599.0 605.0 611.0 617.0 623.0 629.0 635.0 340.0
617.0 616.0 615.0 615.0 614.0 613.0 613.0 612.0 611.0 610.0 609.0 608.0 607.0 606.0 605.0 604.0 603.0 602.0 601.0 600.0 599.0 598.0 597.0 596.0 595.0 594.0 593.0 592.0 591.0 590.0 589.0 588.0 586.0 586.0 584.0 583.0 582.0 580.0 580.0 578.0 577.0 575.0 574.0 573.0 571.0 570.0 569.0 567.0 565.0 564.0 562.0 561.0 559.0 557.0 555.0 554.0 552.0 550.0 548.0 546.0 543.0 541.0 539.0 537.0 534.0 532.0 529.0 527.0 524.0 522.0 519.0 517.0 514.0 511.0 509.0 506.0 504.0 501.0 499.0 497.0 495.0 492.0 490.0 488.0 486.0 484.0 483.0 481.0 479.0 478.0 476.0 475.0 473.0 472.0 470.0 469.0 468.0 466.0 465.0 463.0 5.0 54.0 61.0 67.0 74.0 80.0 86.0 92.0 99.0 105.0 111.0 117.0 123.0 129.0 136.0 142.0 148.0 154.0 160.0 166.0 172.0 178.0 184.0 191.0 197.0 203.0 209.0 215.0 221.0 227.0 233.0 239.0 246.0 252.0 258.0 264.0 270.0 276.0 282.0 288.0 294.0 300.0 306.0 312.0 318.0 324.0 330.0 336.0 342.0 348.0 354.0 360.0 365.0 371.0 377.0 383.0 389.0 394.0 400.0 406.0 412.0 417.0 423.0 429.0 434.0 440.0 446.0 451.0 457.0 462.0 468.0 473.0 479.0 484.0 490.0 495.0 501.0 506.0 512.0 518.0 523.0 529.0 535.0 540.0 546.0 552.0 558.0 564.0 570.0 576.0 581.0 587.0 593.0 599.0 605.0 611.0 617.0 623.0 629.0 635.0 341.0
617.0 616.0 615.0 615.0 614.0 613.0 612.0 612.0 611.0 610.0 609.0 608.0 607.0 606.0 605.0 604.0 603.0 602.0 601.0 600.0 599.0 598.0 597.0 596.0 595.0 594.0 593.0 592.0 591.0 590.0 589.0 588.0 587.0 586.0 584.0 583.0 582.0 581.0 580.0 578.0 577.0 576.0 574.0 573.0 571.0 570.0 569.0 567.0 565.0 564.0 563.0 561.0 559.0 558.0 556.0 554.0 552.0 550.0 548.0 546.0 544.0 542.0 540.0 537.0 535.0 532.0 530.0 527.0 525.0 522.0 520.0 517.0 515.0 512.0 510.0 507.0 505.0 502.0 500.0 498.0 496.0 493.0 491.0 489.0 487.0 485.0 484.0 482.0 480.0 479.0 477.0 476.0 475.0 473.0 471.0 470.0 469.0 468.0 466.0 465.0 5.0 54.0 60.0 66.0 73.0 79.0 85.0 91.0 98.0 104.0 110.0 116.0 122.0 128.0 135.0 141.0 147.0 153.0 159.0 165.0 172.0 178.0 184.0 190.0 196.0 202.0 208.0 214.0 221.0 227.0 233.0 239.0 245.0 251.0 257.0 263.0 269.0 275.0 281.0 287.0 293.0 299.0 305.0 311.0 317.0 323.0 329.0 335.0 341.0 347.0 353.0 359.0 364.0 370.0 376.0 382.0 388.0 394.0 399.0 405.0 411.0 416.0 422.0 428.0 433.0 439.0 445.0 450.0 456.0 461.0 467.0 472.0 478.0 483.0 489.0 494.0 500.0 505.0 511.0 516.0 522.0 528.0 534.0 539.0 545.0 551.0 557.0 563.0 569.0 575.0 580.0 586.0 592.0 598.0 604.0 610.0 616.0 622.0 628.0 634.0 342.0
617.0 616.0 616.0 615.0 615.0 614.0 613.0 612.0 612.0 611.0 610.0 609.0 608.0 607.0 607.0 606.0 605.0 604.0 603.0 602.0 601.0 600.0 599.0 598.0 598.0 596.0 595.0 595.0 594.0 593.0 592.0 591.0 590.0 589.0 588.0 586.0 586.0 584.0 583.0 582.0 581.0 580.0 578.0 577.0 576.0 575.0 573.0 572.0 570.0 569.0 568.0 567.0 565.0 563.0 562.0 560.0 558.0 556.0 554.0 552.0 550.0 548.0 546.0 544.0 542.0 540.0 538.0 535.0 532.0 530.0 528.0 525.0 523.0 521.0 518.0 516.0 513.0 511.0 509.0 507.0 505.0 502.0 500.0 499.0 497.0 495.0 493.0 492.0 490.0 489.0 487.0 486.0 485.0 484.0 482.0 481.0 480.0 479.0 477.0 476.0 5.0 54.0 60.0 67.0 73.0 79.0 85.0 92.0 98.0 104.0 110.0 116.0 122.0 128.0 135.0 141.0 147.0 153.0 159.0 165.0 171.0 177.0 183.0 190.0 196.0 202.0 208.0 214.0 220.0 226.0 232.0 239.0 245.0 251.0 257.0 263.0 269.0 275.0 281.0 287.0 293.0 299.0 305.0 311.0 317.0 323.0 329.0 335.0 341.0 347.0 353.0 359.0 364.0 370.0 376.0 382.0 388.0 394.0 399.0 405.0 411.0 416.0 422.0 428.0 433.0 439.0 445.0 450.0 456.0 461.0 467.0 472.0 478.0 483.0 489.0 494.0 500.0 505.0 511.0 517.0 522.0 528.0 534.0 539.0 545.0 551.0 557.0 563.0 569.0 574.0 580.0 586.0 592.0 598.0 604.0 610.0 616.0 622.0 628.0 634.0 343.0
617.0 617.0 617.0 617.0 616.0 616.0 615.0 614.0 614.0 613.0 613.0 612.0 611.0 610.0 610.0 609.0 608.0 608.0 607.0 606.0 605.0 604.0 604.0 603.0 602.0 601.0 601.0 600.0 599.0 598.0 597.0 597.0 596.0 595.0 594.0 593.0 593.0 592.0 591.0 590.0 589.0 588.0 587.0 586.0 585.0 584.0 582.0 582.0 580.0 579.0 578.0 577.0 576.0 574.0 573.0 571.0 570.0 568.0 566.0 565.0 563.0 561.0 560.0 558.0 556.0 554.0 552.0 550.0 547.0 545.0 543.0 541.0 539.0 537.0 534.0 532.0 530.0 528.0 526.0 524.0 522.0 520.0 518.0 517.0 515.0 513.0 512.0 510.0 509.0 508.0 507.0 506.0 505.0 504.0 503.0 502.0 501.0 500.0 499.0 498.0 5.0 53.0 59.0 65.0 72.0 78.0 84.0 90.0 96.0 102.0 108.0 115.0 121.0 127.0 133.0 139.0 145.0 151.0 157.0 164.0 170.0 176.0 182.0 188.0 194.0 200.0 207.0 213.0 219.0 225.0 231.0 237.0 243.0 249.0 255.0 262.0 268.0 274.0 280.0 286.0 292.0 298.0 304.0 310.0 316.0 322.0 328.0 334.0 340.0 346.0 351.0 357.0 363.0 369.0 375.0 381.0 387.0 393.0 398.0 404.0 410.0 415.0 421.0 427.0 432.0 438.0 444.0 449.0 455.0 460.0 466.0 471.0 477.0 482.0 488.0 493.0 499.0 504.0 510.0 516.0 521.0 527.0 533.0 538.0 544.0 550.0 556.0 562.0 567.0 573.0 579.0 585.0 591.0 597.0 603.0 609.0 615.0 621.0 627.0 633.0 344.0
617.0 619.0 619.0 619.0 618.0 618.0 617.0 617.0 617.0 616.0 616.0 615.0 615.0 614.0 614.0 613.0 612.0 612.0 612.0 611.0 611.0 610.0 609.0 609.0 609.0 608.0 608.0 607.0 607.0 606.0 605.0 605.0 604.0 604.0 603.0 603.0 602.0 602.0 601.0 600.0 600.0 599.0 598.0 598.0 597.0 596.0 595.0 595.0 594.0 593.0 592.0 591.0 590.0 589.0 588.0 587.0 585.0 584.0 583.0 582.0 581.0 579.0 577.0 576.0 574.0 573.0 571.0 569.0 567.0 566.0 564.0 562.0 560.0 558.0 556.0 554.0 553.0 551.0 549.0 547.0 546.0 544.0 542.0 541.0 539.0 538.0 537.0 535.0 535.0 534.0 533.0 532.0 531.0 531.0 530.0 529.0 528.0 528.0 527.0 526.0 5.0 52.0 59.0 65.0 71.0 77.0 83.0 90.0 96.0 102.0 108.0 114.0 120.0 126.0 132.0 138.0 144.0 150.0 156.0 162.0 168.0 174.0 181.0 187.0 193.0 199.0 205.0 211.0 217.0 223.0 229.0 235.0 241.0 247.0 253.0 260.0 266.0 272.0 278.0 284.0 290.0 296.0 302.0 308.0 314.0 320.0 325.0 331.0 337.0 343.0 349.0 355.0 361.0 367.0 373.0 379.0 385.0 391.0 396.0 402.0 408.0 413.0 419.0 425.0 430.0 436.0 442.0 447.0 453.0 458.0 464.0 469.0 475.0 480.0 486.0 491.0 497.0 502.0 508.0 514.0 519.0 525.0 531.0 536.0 542.0 548.0 554.0 560.0 565.0 571.0 577.0 583.0 589.0 595.0 601.0 607.0 613.0 619.0 625.0 631.0 345.0
617.0 620.0 620.0 621.0 621.0 620.0 620.0 620.0 620.0 619.0 619.0 619.0 619.0 618.0 618.0 618.0 618.0 618.0 617.0 617.0 617.0 617.0 616.0 616.0 616.0 616.0 616.0 616.0 615.0 615.0 615.0 615.0 614.0 614.0 614.0 613.0 613.0 613.0 613.0 612.0 612.0 612.0 611.0 611.0 611.0 610.0 610.0 609.0 609.0 608.0 608.0 607.0 607.0 606.0 605.0 605.0 604.0 603.0 602.0 601.0 600.0 599.0 598.0 597.0 596.0 594.0 593.0 592.0 590.0 589.0 587.0 586.0 584.0 583.0 581.0 580.0 578.0 577.0 576.0 574.0 572.0 571.0 570.0 569.0 568.0 567.0 566.0 565.0 564.0 563.0 563.0 562.0 562.0 561.0 561.0 561.0 560.0 560.0 559.0 559.0 5.0 51.0 58.0 64.0 70.0 76.0 82.0 88.0 94.0 100.0 106.0 112.0 118.0 124.0 130.0 136.0 142.0 148.0 154.0 160.0 166.0 172.0 179.0 185.0 191.0 197.0 203.0 209.0 215.0 221.0 227.0 233.0 239.0 245.0 251.0 257.0 263.0 269.0 275.0 281.0 287.0 293.0 299.0 305.0 311.0 317.0 323.0 329.0 335.0 341.0 347.0 353.0 359.0 365.0 371.0 377.0 383.0 389.0 394.0 400.0 406.0 412.0 418.0 423.0 429.0 435.0 441.0 446.0 452.0 458.0 463.0 469.0 475.0 480.0 486.0 492.0 497.0 503.0 508.0 514.0 520.0 526.0 531.0 537.0 543.0 549.0 555.0 561.0 566.0 572.0 578.0 584.0 590.0 596.0 602.0 608.0 614.0 620.0 626.0 632.0 346.0
617.0 622.0 623.0 623.0 623.0 623.0 623.0 624.0 624.0 624.0 624.0 624.0 624.0 624.0 624.0 624.0 624.0 624.0 624.0 624.0 624.0 624.0 625.0 625.0 625.0 625.0 625.0 625.0 625.0 626.0 626.0 626.0 626.0 626.0 626.0 626.0 626.0 626.0 626.0 626.0 626.0 626.0 627.0 627.0 626.0 626.0 626.0 626.0 626.0 626.0 626.0 626.0 626.0 625.0 625.0 625.0 624.0 624.0 624.0 623.0 623.0 622.0 621.0 621.0 620.0 619.0 618.0 617.0 616.0 615.0 614.0 613.0 612.0 611.0 610.0 609.0 608.0 606.0 606.0 604.0 603.0 603.0 602.0 601.0 600.0 599.0 599.0 598.0 598.0 598.0 598.0 597.0 597.0 597.0 597.0 597.0 597.0 597.0 597.0 597.0 5.0 50.0 57.0 63.0 69.0 75.0 81.0 87.0 93.0 99.0 105.0 111.0 117.0 123.0 129.0 135.0 141.0 147.0 153.0 159.0 165.0 171.0 177.0 183.0 189.0 195.0 201.0 207.0 213.0 219.0 225.0 231.0 237.0 243.0 249.0 255.0 261.0 267.0 273.0 279.0 285.0 291.0 297.0 303.0 309.0 315.0 320.0 326.0 332.0 339.0 345.0 351.0 356.0 362.0 368.0 374.0 380.0 386.0 392.0 398.0 404.0 410.0 416.0 421.0 427.0 433.0 439.0 445.0 451.0 457.0 462.0 468.0 474.0 480.0 486.0 491.0 498.0 503.0 509.0 515.0 520.0 527.0 532.0 538.0 544.0 550.0 556.0 562.0 568.0 574.0 580.0 586.0 592.0 598.0 604.0 610.0 615.0 621.0 627.0 633.0 347.0
617.0 624.0 625.0 625.0 626.0 626.0 627.0 627.0 628.0 628.0 628.0 629.0 629.0 629.0 630.0 630.0 630.0 631.0 631.0 632.0 632.0 632.0 633.0 634.0 634.0 634.0 635.0 635.0 636.0 636.0 637.0 637.0 638.0 638.0 639.0 639.0 639.0 640.0 640.0 641.0 641.0 642.0 642.0 643.0 643.0 643.0 644.0 644.0 644.0 644.0 644.0 645.0 645.0 645.0 645.0 646.0 645.0 646.0 646.0 645.0 646.0 645.0 645.0 645.0 644.0 644.0 644.0 643.0 642.0 642.0 641.0 641.0 640.0 640.0 639.0 638.0 637.0 637.0 636.0 635.0 635.0 635.0 634.0 634.0 633.0 633.0 633.0 633.0 633.0 633.0 633.0 633.0 633.0 634.0 634.0 635.0 635.0 636.0 636.0 636.0 5.0 50.0 56.0 62.0 68.0 74.0 80.0 86.0 92.0 98.0 104.0 110.0 116.0 122.0 128.0 134.0 140.0 146.0 152.0 158.0 164.0 170.0 176.0 182.0 188.0 194.0 200.0 206.0 212.0 218.0 224.0 230.0 236.0 242.0 248.0 254.0 259.0 265.0 271.0 277.0 283.0 289.0 295.0 301.0 307.0 313.0 319.0 325.0 331.0 337.0 343.0 349.0 355.0 361.0 367.0 372.0 378.0 384.0 390.0 396.0 402.0 408.0 414.0 420.0 426.0 432.0 438.0 444.0 450.0 455.0 462.0 468.0 474.0 480.0 486.0 491.0 497.0 503.0 509.0 515.0 521.0 527.0 533.0 539.0 545.0 551.0 557.0 563.0 569.0 575.0 581.0 587.0 593.0 599.0 605.0 611.0 617.0 623.0 629.0 635.0 348.0
617.0 627.0 627.0 628.0 629.0 630.0 630.0 631.0 632.0 633.0 633.0 634.0 634.0 635.0 636.0 637.0 637.0 638.0 639.0 640.0 640.0 641.0 642.0 643.0 643.0 644.0 645.0 646.0 647.0 648.0 649.0 649.0 650.0 651.0 652.0 652.0 653.0 654.0 655.0 656.0 657.0 657.0 658.0 659.0 660.0 660.0 661.0 662.0 663.0 663.0 664.0 665.0 665.0 666.0 666.0 667.0 667.0 668.0 668.0 668.0 669.0 669.0 669.0 669.0 669.0 670.0 670.0 670.0 669.0 669.0 669.0 669.0 669.0 668.0 668.0 668.0 668.0 668.0 667.0 667.0 667.0 667.0 667.0 667.0 667.0 667.0 667.0 668.0 668.0 669.0 669.0 670.0 671.0 671.0 672.0 673.0 674.0 675.0 675.0 677.0 5.0 50.0 56.0 62.0 68.0 74.0 80.0 86.0 92.0 98.0 104.0 110.0 116.0 122.0 128.0 134.0 140.0 146.0 152.0 158.0 164.0 170.0 176.0 182.0 188.0 194.0 200.0 206.0 211.0 217.0 223.0 229.0 235.0 242.0 247.0 253.0 259.0 265.0 271.0 277.0 283.0 289.0 295.0 301.0 307.0 312.0 318.0 324.0 330.0 336.0 342.0 348.0 354.0 360.0 366.0 372.0 378.0 384.0 390.0 396.0 402.0 408.0 414.0 420.0 426.0 432.0 438.0 444.0 450.0 456.0 462.0 468.0 474.0 480.0 486.0 492.0 498.0 505.0 510.0 516.0 523.0 529.0 535.0 541.0 546.0 553.0 559.0 565.0 571.0 577.0 583.0 589.0 595.0 601.0 607.0 613.0 618.0 624.0 630.0 636.0 349.0
617.0 629.0 629.0 631.0 631.0 632.0 633.0 635.0 635.0 636.0 637.0 638.0 639.0 640.0 641.0 642.0 643.0 644.0 645.0 646.0 647.0 648.0 649.0 650.0 651.0 652.0 654.0 655.0 656.0 657.0 659.0 660.0 661.0 662.0 663.0 664.0 665.0 667.0 668.0 669.0 670.0 671.0 672.0 674.0 674.0 675.0 677.0 678.0 679.0 680.0 680.0 682.0 683.0 684.0 684.0 685.0 686.0 687.0 688.0 688.0 689.0 690.0 690.0 691.0 691.0 692.0 692.0 693.0 693.0 693.0 693.0 693.0 693.0 694.0 694.0 694.0 694.0 694.0 695.0 695.0 695.0 695.0 696.0 696.0 697.0 697.0 698.0 698.0 699.0 700.0 701.0 702.0 703.0 704.0 705.0 706.0 707.0 709.0 710.0 711.0 5.0 49.0 55.0 61.0 67.0 73.0 79.0 85.0 91.0 97.0 103.0 109.0 115.0 121.0 127.0 133.0 139.0 145.0 151.0 157.0 163.0 169.0 175.0 181.0 187.0 193.0 199.0 205.0 211.0 217.0 223.0 229.0 235.0 241.0 247.0 253.0 259.0 264.0 270.0 276.0 282.0 288.0 294.0 300.0 306.0 312.0 318.0 324.0 329.0 336.0 342.0 347.0 353.0 359.0 365.0 371.0 377.0 383.0 389.0 395.0 402.0 408.0 414.0 420.0 426.0 432.0 438.0 444.0 450.0 456.0 462.0 468.0 475.0 481.0 487.0 493.0 499.0 505.0 511.0 517.0 523.0 529.0 536.0 542.0 548.0 554.0 560.0 566.0 572.0 578.0 584.0 590.0 596.0 602.0 608.0 614.0 619.0 625.0 631.0 637.0 350.0
617.0 630.0 631.0 633.0 634.0 635.0 636.0 637.0 638.0 639.0 641.0 642.0 643.0 644.0 645.0 646.0 648.0 649.0 650.0 651.0 653.0 654.0 655.0 657.0 658.0 660.0 661.0 663.0 664.0 665.0 667.0 668.0 670.0 671.0 672.0 674.0 675.0 677.0 678.0 680.0 681.0 682.0 684.0 685.0 686.0 688.0 689.0 691.0 692.0 693.0 694.0 696.0 697.0 698.0 699.0 701.0 702.0 703.0 704.0 705.0 706.0 707.0 707.0 709.0 709.0 710.0 711.0 711.0 712.0 712.0 713.0 713.0 714.0 714.0 715.0 715.0 716.0 716.0 717.0 717.0 718.0 719.0 719.0 720.0 721.0 722.0 723.0 723.0 725.0 726.0 727.0 728.0 730.0 731.0 732.0 734.0 735.0 737.0 739.0 740.0 5.0 49.0 55.0 61.0 67.0 73.0 79.0 85.0 91.0 97.0 103.0 109.0 115.0 121.0 128.0 134.0 140.0 146.0 152.0 158.0 164.0 170.0 176.0 182.0 187.0 193.0 199.0 205.0 211.0 217.0 223.0 229.0 235.0 241.0 247.0 253.0 259.0 264.0 270.0 276.0 282.0 288.0 294.0 300.0 306.0 312.0 318.0 324.0 330.0 336.0 341.0 347.0 353.0 359.0 365.0 371.0 377.0 383.0 389.0 395.0 402.0 408.0 414.0 420.0 426.0 432.0 438.0 444.0 450.0 456.0 463.0 469.0 475.0 481.0 487.0 493.0 500.0 506.0 512.0 518.0 524.0 530.0 537.0 543.0 549.0 555.0 561.0 567.0 573.0 579.0 585.0 591.0 597.0 603.0 609.0 614.0 620.0 626.0 632.0 637.0 351.0
617.0 631.0 633.0 634.0 635.0 637.0 638.0 639.0 641.0 642.0 643.0 644.0 646.0 647.0 648.0 650.0 651.0 653.0 654.0 655.0 657.0 659.0 660.0 662.0 663.0 665.0 666.0 668.0 670.0 672.0 673.0 675.0 676.0 678.0 679.0 681.0 683.0 685.0 686.0 688.0 690.0 691.0 693.0 694.0 696.0 697.0 699.0 701.0 702.0 704.0 705.0 707.0 708.0 710.0 711.0 712.0 713.0 715.0 716.0 717.0 719.0 720.0 721.0 722.0 723.0 724.0 725.0 726.0 726.0 727.0 728.0 729.0 729.0 730.0 731.0 731.0 732.0 733.0 734.0 734.0 735.0 736.0 737.0 738.0 739.0 740.0 741.0 742.0 744.0 745.0 747.0 748.0 750.0 751.0 753.0 755.0 757.0 759.0 761.0 763.0 5.0 49.0 55.0 61.0 67.0 73.0 79.0 85.0 91.0 97.0 103.0 109.0 115.0 121.0 127.0 133.0 139.0 145.0 151.0 157.0 163.0 169.0 175.0 181.0 187.0 193.0 199.0 205.0 211.0 217.0 223.0 229.0 235.0 241.0 247.0 253.0 258.0 264.0 270.0 276.0 282.0 288.0 294.0 300.0 306.0 312.0 318.0 324.0 330.0 336.0 341.0 347.0 353.0 359.0 365.0 371.0 377.0 384.0 390.0 396.0 402.0 408.0 414.0 420.0 426.0 432.0 438.0 444.0 451.0 456.0 463.0 469.0 475.0 481.0 488.0 494.0 500.0 506.0 513.0 519.0 525.0 531.0 537.0 543.0 549.0 555.0 561.0 568.0 573.0 579.0 585.0 591.0 597.0 603.0 609.0 615.0 621.0 627.0 633.0 638.0 352.0
617.0 632.0 634.0 635.0 636.0 638.0 639.0 641.0 642.0 644.0 645.0 646.0 648.0 649.0 650.0 652.0 654.0 655.0 657.0 658.0 660.0 661.0 663.0 665.0 666.0 668.0 670.0 672.0 674.0 675.0 677.0 679.0 680.0 682.0 684.0 686.0 687.0 689.0 691.0 693.0 694.0 696.0 698.0 700.0 701.0 703.0 705.0 706.0 708.0 710.0 711.0 713.0 715.0 716.0 717.0 719.0 721.0 722.0 723.0 725.0 726.0 727.0 728.0 730.0 731.0 732.0 733.0 734.0 735.0 736.0 737.0 738.0 738.0 739.0 740.0 741.0 742.0 743.0 744.0 744.0 745.0 746.0 747.0 748.0 750.0 751.0 752.0 754.0 755.0 757.0 758.0 760.0 762.0 763.0 765.0 767.0 769.0 771.0 773.0 775.0 5.0 49.0 55.0 61.0 67.0 73.0 79.0 85.0 91.0 97.0 103.0 109.0 115.0 121.0 128.0 134.0 140.0 146.0 152.0 158.0 164.0 170.0 176.0 182.0 187.0 193.0 199.0 205.0 211.0 217.0 223.0 229.0 235.0 241.0 247.0 253.0 258.0 264.0 270.0 276.0 282.0 288.0 294.0 300.0 306.0 312.0 318.0 324.0 330.0 336.0 341.0 347.0 353.0 359.0 365.0 371.0 377.0 383.0 389.0 395.0 402.0 408.0 414.0 420.0 426.0 432.0 438.0 444.0 450.0 456.0 463.0 469.0 475.0 481.0 488.0 494.0 500.0 507.0 513.0 519.0 525.0 531.0 538.0 544.0 550.0 556.0 562.0 568.0 574.0 580.0 586.0 592.0 598.0 604.0 609.0 615.0 621.0 627.0 633.0 638.0 353.0
617.0 632.0 634.0 635.0 637.0 638.0 640.0 641.0 643.0 644.0 646.0 647.0 648.0 650.0 651.0 653.0 654.0 656.0 658.0 659.0 661.0 662.0 664.0 666.0 668.0 669.0 671.0 673.0 675.0 676.0 678.0 680.0 682.0 684.0 685.0 687.0 689.0 691.0 692.0 694.0 696.0 698.0 699.0 701.0 703.0 705.0 706.0 708.0 710.0 712.0 713.0 715.0 717.0 718.0 719.0 721.0 722.0 724.0 725.0 727.0 728.0 730.0 731.0 732.0 733.0 734.0 735.0 736.0 737.0 738.0 739.0 740.0 741.0 742.0 743.0 743.0 744.0 745.0 746.0 747.0 748.0 749.0 750.0 751.0 753.0 754.0 755.0 757.0 758.0 760.0 761.0 763.0 764.0 766.0 768.0 770.0 772.0 774.0 776.0 778.0 5.0 49.0 55.0 61.0 67.0 73.0 79.0 86.0 92.0 98.0 104.0 110.0 116.0 122.0 128.0 134.0 140.0 146.0 152.0 158.0 164.0 170.0 176.0 182.0 187.0 193.0 199.0 205.0 211.0 217.0 223.0 229.0 235.0 241.0 247.0 252.0 258.0 264.0 270.0 276.0 282.0 288.0 294.0 300.0 306.0 311.0 317.0 323.0 329.0 335.0 341.0 347.0 353.0 359.0 365.0 371.0 377.0 383.0 389.0 395.0 401.0 407.0 413.0 420.0 426.0 432.0 438.0 444.0 451.0 457.0 463.0 469.0 475.0 481.0 488.0 494.0 500.0 507.0 513.0 519.0 525.0 531.0 538.0 544.0 550.0 556.0 562.0 568.0 574.0 580.0 586.0 592.0 598.0 604.0 610.0 615.0 621.0 627.0 633.0 638.0 354.0
617.0 632.0 634.0 635.0 637.0 638.0 640.0 641.0 642.0 644.0 645.0 646.0 648.0 649.0 651.0 652.0 654.0 655.0 657.0 658.0 660.0 661.0 663.0 665.0 666.0 668.0 670.0 672.0 673.0 675.0 677.0 678.0 680.0 682.0 684.0 685.0 687.0 689.0 691.0 692.0 694.0 695.0 697.0 699.0 701.0 702.0 704.0 705.0 707.0 709.0 710.0 712.0 714.0 715.0 716.0 718.0 719.0 721.0 722.0 723.0 725.0 726.0 727.0 728.0 730.0 730.0 731.0 732.0 733.0 734.0 735.0 736.0 737.0 737.0 738.0 739.0 740.0 740.0 741.0 742.0 743.0 744.0 745.0 746.0 747.0 748.0 749.0 751.0 752.0 753.0 755.0 757.0 758.0 760.0 762.0 764.0 765.0 767.0 769.0 771.0 5.0 49.0 55.0 61.0 67.0 73.0 79.0 85.0 91.0 97.0 103.0 109.0 115.0 121.0 127.0 133.0 139.0 145.0 151.0 157.0 163.0 169.0 175.0 181.0 187.0 193.0 199.0 204.0 210.0 216.0 222.0 228.0 234.0 240.0 246.0 252.0 258.0 263.0 269.0 275.0 281.0 287.0 293.0 299.0 305.0 311.0 317.0 323.0 329.0 335.0 340.0 346.0 352.0 358.0 364.0 370.0 376.0 383.0 389.0 395.0 401.0 407.0 413.0 419.0 425.0 431.0 438.0 444.0 450.0 456.0 462.0 468.0 475.0 481.0 487.0 494.0 500.0 506.0 512.0 518.0 525.0 531.0 537.0 543.0 549.0 555.0 562.0 568.0 574.0 580.0 586.0 592.0 598.0 604.0 609.0 615.0 621.0 627.0 633.0 638.0 355.0
617.0 632.0 633.0 634.0 636.0 637.0 638.0 640.0 641.0 642.0 644.0 645.0 646.0 648.0 649.0 650.0 652.0 653.0 654.0 656.0 657.0 659.0 660.0 662.0 663.0 665.0 667.0 668.0 670.0 671.0 673.0 674.0 676.0 678.0 679.0 681.0 682.0 684.0 686.0 687.0 689.0 690.0 692.0 693.0 695.0 696.0 698.0 699.0 701.0 702.0 704.0 705.0 707.0 708.0 709.0 711.0 712.0 713.0 714.0 715.0 716.0 718.0 719.0 720.0 721.0 722.0 722.0 723.0 724.0 725.0 725.0 726.0 727.0 727.0 728.0 728.0 729.0 729.0 730.0 731.0 731.0 732.0 733.0 734.0 734.0 735.0 737.0 738.0 739.0 740.0 741.0 743.0 744.0 745.0 747.0 749.0 751.0 752.0 754.0 756.0 5.0 49.0 55.0 61.0 67.0 73.0 79.0 85.0 91.0 97.0 103.0 109.0 115.0 121.0 127.0 133.0 139.0 145.0 151.0 157.0 163.0 169.0 175.0 181.0 186.0 192.0 198.0 204.0 210.0 216.0 222.0 228.0 234.0 240.0 246.0 251.0 257.0 263.0 269.0 275.0 281.0 287.0 292.0 298.0 304.0 310.0 316.0 322.0 328.0 334.0 339.0 345.0 351.0 357.0 363.0 369.0 375.0 382.0 388.0 394.0 400.0 406.0 412.0 418.0 424.0 430.0 436.0 442.0 449.0 455.0 461.0 467.0 474.0 480.0 486.0 492.0 499.0 505.0 511.0 517.0 523.0 530.0 536.0 542.0 548.0 554.0 561.0 567.0 573.0 579.0 585.0 591.0 597.0 603.0 609.0 614.0 620.0 626.0 632.0 638.0 356.0
617.0 630.0 632.0 633.0 634.0 635.0 637.0 638.0 639.0 640.0 641.0 642.0 643.0 645.0 646.0 647.0 648.0 649.0 650.0 652.0 653.0 654.0 656.0 657.0 658.0 660.0 661.0 662.0 664.0 665.0 666.0 668.0 669.0 671.0 672.0 673.0 674.0 676.0 677.0 679.0 680.0 681.0 682.0 684.0 685.0 686.0 688.0 689.0 690.0 691.0 693.0 694.0 695.0 696.0 697.0 698.0 699.0 700.0 701.0 702.0 703.0 704.0 705.0 705.0 706.0 707.0 708.0 708.0 709.0 709.0 709.0 710.0 710.0 710.0 711.0 711.0 711.0 712.0 712.0 712.0 713.0 713.0 714.0 714.0 714.0 715.0 716.0 717.0 718.0 719.0 720.0 721.0 722.0 723.0 724.0 725.0 727.0 728.0 730.0 731.0 5.0 49.0 55.0 61.0 67.0 73.0 78.0 84.0 90.0 96.0 102.0 108.0 114.0 120.0 126.0 132.0 138.0 144.0 150.0 156.0 162.0 168.0 174.0 180.0 185.0 191.0 197.0 203.0 209.0 215.0 221.0 227.0 233.0 238.0 244.0 250.0 256.0 262.0 268.0 274.0 280.0 286.0 291.0 297.0 303.0 309.0 315.0 321.0 327.0 333.0 338.0 344.0 350.0 356.0 362.0 368.0 374.0 380.0 386.0 392.0 398.0 404.0 411.0 417.0 423.0 429.0 435.0 441.0 448.0 454.0 460.0 466.0 472.0 479.0 485.0 491.0 497.0 503.0 510.0 516.0 522.0 528.0 534.0 540.0 547.0 553.0 559.0 565.0 571.0 577.0 583.0 589.0 595.0 601.0 607.0 612.0 618.0 624.0 630.0 636.0 357.0
617.0 629.0 630.0 631.0 632.0 633.0 634.0 635.0 636.0 637.0 638.0 639.0 640.0 640.0 642.0 642.0 643.0 644.0 645.0 646.0 647.0 649.0 649.0 650.0 651.0 653.0 654.0 655.0 656.0 657.0 658.0 659.0 660.0 661.0 663.0 663.0 664.0 666.0 667.0 668.0 669.0 670.0 671.0 672.0 673.0 674.0 675.0 676.0 677.0 678.0 679.0 679.0 680.0 681.0 682.0 683.0 683.0 684.0 685.0 685.0 686.0 687.0 687.0 687.0 688.0 688.0 688.0 689.0 689.0 689.0 689.0 689.0 689.0 689.0 689.0 689.0 689.0 689.0 689.0 689.0 689.0 689.0 690.0 690.0 689.0 690.0 690.0 691.0 692.0 692.0 692.0 693.0 694.0 695.0 696.0 696.0 698.0 698.0 699.0 701.0 5.0 49.0 54.0 60.0 66.0 73.0 78.0 84.0 90.0 96.0 102.0 108.0 114.0 120.0 126.0 132.0 138.0 144.0 149.0 155.0 161.0 167.0 173.0 179.0 185.0 191.0 197.0 203.0 208.0 214.0 220.0 226.0 232.0 238.0 244.0 250.0 255.0 261.0 267.0 273.0 279.0 285.0 291.0 297.0 303.0 309.0 315.0 321.0 326.0 332.0 338.0 344.0 350.0 356.0 362.0 368.0 374.0 380.0 386.0 392.0 398.0 404.0 410.0 416.0 423.0 429.0 435.0 441.0 447.0 453.0 459.0 465.0 471.0 477.0 484.0 490.0 495.0 502.0 508.0 514.0 519.0 526.0 532.0 538.0 544.0 550.0 556.0 562.0 568.0 574.0 580.0 586.0 592.0 598.0 604.0 610.0 616.0 622.0 628.0 633.0 358.0
617.0 627.0 628.0 629.0 630.0 630.0 631.0 632.0 633.0 633.0 634.0 635.0 635.0 636.0 637.0 637.0 638.0 639.0 639.0 640.0 641.0 642.0 642.0 643.0 644.0 645.0 645.0 646.0 647.0 648.0 648.0 649.0 650.0 651.0 652.0 652.0 653.0 654.0 654.0 655.0 656.0 656.0 657.0 658.0 658.0 659.0 660.0 661.0 661.0 662.0 662.0 663.0 663.0 664.0 664.0 664.0 665.0 665.0 665.0 666.0 666.0 666.0 666.0 666.0 666.0 666.0 666.0 666.0 666.0 665.0 665.0 665.0 665.0 664.0 664.0 663.0 663.0 662.0 662.0 662.0 661.0 661.0 661.0 661.0 660.0 660.0 660.0 660.0 661.0 661.0 661.0 661.0 662.0 662.0 663.0 663.0 664.0 665.0 665.0 666.0 5.0 48.0 54.0 60.0 66.0 72.0 78.0 84.0 90.0 96.0 102.0 108.0 114.0 120.0 126.0 132.0 138.0 144.0 150.0 156.0 161.0 167.0 173.0 179.0 185.0 191.0 197.0 203.0 209.0 215.0 221.0 227.0 233.0 239.0 245.0 250.0 256.0 262.0 268.0 274.0 280.0 286.0 292.0 298.0 304.0 310.0 316.0 322.0 328.0 334.0 339.0 345.0 351.0 357.0 363.0 369.0 375.0 381.0 387.0 393.0 399.0 405.0 411.0 417.0 423.0 429.0 435.0 441.0 447.0 453.0 459.0 465.0 470.0 476.0 482.0 488.0 494.0 500.0 506.0 512.0 518.0 524.0 529.0 535.0 541.0 547.0 553.0 559.0 565.0 571.0 577.0 583.0 589.0 595.0 601.0 606.0 612.0 618.0 624.0 630.0 359.0
617.0 625.0 626.0 626.0 627.0 627.0 628.0 628.0 629.0 629.0 629.0 630.0 630.0 630.0 631.0 631.0 632.0 632.0 632.0 633.0 633.0 634.0 634.0 635.0 635.0 635.0 636.0 636.0 637.0 637.0 638.0 638.0 638.0 639.0 639.0 639.0 640.0 640.0 641.0 641.0 641.0 641.0 642.0 642.0 642.0 643.0 643.0 643.0 644.0 643.0 644.0 644.0 644.0 644.0 644.0 644.0 644.0 644.0 644.0 643.0 643.0 643.0 643.0 642.0 642.0 641.0 641.0 640.0 640.0 639.0 638.0 637.0 636.0 636.0 635.0 634.0 633.0 632.0 632.0 631.0 630.0 629.0 629.0 628.0 627.0 627.0 627.0 626.0 626.0 626.0 626.0 626.0 626.0 626.0 627.0 627.0 627.0 627.0 627.0 628.0 5.0 50.0 55.0 61.0 67.0 73.0 79.0 86.0 92.0 97.0 103.0 109.0 115.0 121.0 128.0 134.0 140.0 146.0 152.0 158.0 163.0 169.0 175.0 182.0 188.0 193.0 199.0 205.0 211.0 217.0 223.0 229.0 235.0 241.0 247.0 253.0 259.0 265.0 271.0 277.0 283.0 289.0 295.0 301.0 307.0 313.0 319.0 325.0 331.0 337.0 343.0 349.0 355.0 361.0 367.0 373.0 378.0 384.0 390.0 396.0 402.0 408.0 414.0 420.0 425.0 432.0 437.0 443.0 449.0 454.0 461.0 466.0 472.0 478.0 484.0 489.0 495.0 501.0 507.0 512.0 518.0 524.0 530.0 536.0 542.0 547.0 553.0 560.0 565.0 571.0 577.0 583.0 589.0 595.0 601.0 607.0 613.0 619.0 625.0 631.0 360.0
617.0 623.0 623.0 624.0 624.0 624.0 624.0 625.0 625.0 625.0 625.0 625.0 625.0 625.0 625.0 625.0 625.0 625.0 626.0 626.0 626.0 626.0 626.0 626.0 626.0 626.0 627.0 627.0 627.0 626.0 627.0 627.0 627.0 627.0 627.0 627.0 627.0 627.0 627.0 627.0 627.0 627.0 627.0 626.0 626.0 626.0 626.0 626.0 626.0 626.0 625.0 625.0 625.0 624.0 624.0 624.0 623.0 623.0 622.0 621.0 621.0 620.0 620.0 618.0 618.0 617.0 616.0 615.0 614.0 612.0 611.0 610.0 609.0 608.0 606.0 605.0 604.0 602.0 601.0 600.0 599.0 598.0 597.0 596.0 595.0 595.0 594.0 593.0 593.0 592.0 592.0 592.0 591.0 591.0 591.0 591.0 591.0 591.0 590.0 591.0 5.0 50.0 56.0 62.0 68.0 75.0 80.0 87.0 93.0 99.0 105.0 111.0 117.0 123.0 129.0 135.0 141.0 147.0 153.0 159.0 165.0 171.0 177.0 184.0 190.0 195.0 201.0 207.0 213.0 219.0 226.0 232.0 238.0 244.0 250.0 256.0 262.0 267.0 273.0 279.0 285.0 291.0 297.0 303.0 309.0 315.0 321.0 327.0 333.0 339.0 345.0 351.0 357.0 363.0 369.0 375.0 381.0 386.0 392.0 398.0 404.0 410.0 416.0 422.0 427.0 434.0 439.0 445.0 450.0 456.0 462.0 468.0 473.0 479.0 485.0 490.0 496.0 502.0 508.0 513.0 519.0 525.0 531.0 537.0 542.0 548.0 554.0 560.0 566.0 572.0 578.0 584.0 590.0 596.0 602.0 608.0 614.0 620.0 626.0 631.0 361.0
617.0 621.0 621.0 621.0 621.0 621.0 621.0 621.0 621.0 621.0 621.0 621.0 620.0 620.0 620.0 620.0 620.0 619.0 619.0 619.0 619.0 618.0 618.0 618.0 618.0 617.0 617.0 617.0 617.0 617.0 617.0 616.0 616.0 616.0 615.0 615.0 615.0 614.0 614.0 614.0 613.0 613.0 612.0 612.0 612.0 611.0 610.0 610.0 610.0 609.0 608.0 608.0 607.0 606.0 606.0 604.0 604.0 603.0 602.0 601.0 600.0 599.0 597.0 596.0 595.0 594.0 592.0 591.0 589.0 588.0 586.0 584.0 583.0 581.0 580.0 578.0 576.0 575.0 573.0 572.0 570.0 569.0 568.0 567.0 565.0 564.0 563.0 563.0 562.0 561.0 560.0 560.0 559.0 559.0 558.0 558.0 557.0 557.0 556.0 556.0 5.0 52.0 59.0 65.0 71.0 77.0 83.0 89.0 95.0 101.0 107.0 113.0 119.0 126.0 132.0 138.0 144.0 150.0 156.0 162.0 168.0 174.0 180.0 186.0 192.0 198.0 204.0 210.0 216.0 222.0 229.0 235.0 241.0 247.0 253.0 259.0 265.0 271.0 277.0 283.0 289.0 295.0 300.0 306.0 312.0 318.0 324.0 330.0 336.0 342.0 348.0 354.0 360.0 366.0 372.0 378.0 383.0 389.0 395.0 401.0 407.0 413.0 418.0 424.0 430.0 436.0 441.0 447.0 453.0 458.0 464.0 470.0 475.0 481.0 486.0 492.0 498.0 503.0 509.0 515.0 521.0 526.0 532.0 538.0 543.0 549.0 555.0 561.0 567.0 573.0 579.0 585.0 591.0 597.0 603.0 609.0 615.0 621.0 627.0 633.0 362.0
617.0 619.0 619.0 619.0 619.0 619.0 618.0 618.0 617.0 617.0 617.0 616.0 616.0 615.0 615.0 615.0 614.0 614.0 613.0 613.0 612.0 612.0 611.0 611.0 610.0 610.0 609.0 609.0 608.0 608.0 607.0 607.0 606.0 606.0 605.0 605.0 604.0 603.0 603.0 602.0 601.0 601.0 600.0 599.0 598.0 597.0 597.0 596.0 595.0 594.0 593.0 592.0 591.0 590.0 589.0 588.0 586.0 585.0 584.0 582.0 581.0 580.0 578.0 576.0 575.0 573.0 571.0 570.0 567.0 566.0 564.0 562.0 560.0 558.0 556.0 554.0 552.0 550.0 549.0 547.0 545.0 544.0 542.0 540.0 539.0 538.0 537.0 535.0 534.0 533.0 532.0 531.0 531.0 530.0 529.0 528.0 527.0 527.0 526.0 525.0 5.0 54.0 60.0 66.0 72.0 79.0 85.0 91.0 97.0 103.0 109.0 115.0 121.0 128.0 134.0 140.0 146.0 152.0 158.0 164.0 170.0 176.0 182.0 189.0 195.0 201.0 207.0 213.0 219.0 225.0 231.0 237.0 243.0 249.0 255.0 261.0 267.0 273.0 279.0 285.0 291.0 297.0 303.0 309.0 315.0 321.0 327.0 333.0 339.0 345.0 350.0 356.0 362.0 368.0 374.0 380.0 386.0 391.0 397.0 403.0 409.0 415.0 420.0 426.0 431.0 437.0 443.0 448.0 454.0 460.0 465.0 471.0 476.0 482.0 487.0 493.0 499.0 504.0 510.0 516.0 521.0 527.0 533.0 539.0 544.0 550.0 556.0 562.0 568.0 574.0 579.0 585.0 591.0 597.0 603.0 609.0 615.0 621.0 627.0 633.0 363.0
617.0 618.0 618.0 617.0 617.0 617.0 616.0 615.0 615.0 614.0 614.0 613.0 613.0 612.0 611.0 611.0 610.0 609.0 609.0 608.0 607.0 607.0 606.0 606.0 605.0 604.0 603.0 603.0 602.0 601.0 600.0 600.0 599.0 598.0 597.0 597.0 595.0 595.0 594.0 593.0 592.0 591.0 590.0 589.0 588.0 587.0 586.0 585.0 584.0 583.0 581.0 581.0 579.0 578.0 576.0 575.0 573.0 572.0 570.0 568.0 567.0 565.0 563.0 561.0 559.0 558.0 555.0 553.0 551.0 549.0 547.0 545.0 543.0 541.0 538.0 536.0 534.0 532.0 530.0 528.0 526.0 524.0 523.0 521.0 519.0 518.0 516.0 515.0 514.0 512.0 511.0 510.0 509.0 508.0 507.0 506.0 505.0 504.0 503.0 502.0 5.0 55.0 61.0 67.0 74.0 80.0 86.0 92.0 98.0 104.0 110.0 116.0 122.0 129.0 135.0 141.0 147.0 153.0 159.0 165.0 171.0 178.0 184.0 190.0 196.0 202.0 208.0 214.0 220.0 226.0 232.0 238.0 244.0 250.0 256.0 262.0 268.0 274.0 280.0 286.0 292.0 298.0 304.0 310.0 316.0 322.0 328.0 334.0 340.0 346.0 352.0 358.0 364.0 369.0 375.0 381.0 387.0 392.0 398.0 404.0 409.0 415.0 421.0 426.0 432.0 438.0 443.0 449.0 454.0 460.0 465.0 471.0 476.0 482.0 488.0 493.0 499.0 505.0 510.0 516.0 521.0 527.0 533.0 538.0 544.0 550.0 556.0 562.0 567.0 573.0 579.0 585.0 591.0 597.0 603.0 609.0 615.0 621.0 627.0 633.0 364.0
617.0 617.0 617.0 616.0 616.0 615.0 615.0 614.0 613.0 612.0 612.0 611.0 610.0 610.0 609.0 608.0 607.0 606.0 605.0 605.0 604.0 603.0 602.0 602.0 601.0 600.0 599.0 598.0 598.0 596.0 596.0 595.0 594.0 593.0 592.0 591.0 590.0 589.0 588.0 587.0 586.0 585.0 584.0 583.0 582.0 580.0 579.0 578.0 577.0 575.0 574.0 573.0 571.0 570.0 568.0 566.0 565.0 563.0 561.0 559.0 558.0 556.0 554.0 552.0 549.0 548.0 545.0 543.0 541.0 538.0 536.0 534.0 531.0 529.0 527.0 524.0 522.0 520.0 518.0 516.0 514.0 512.0 510.0 508.0 506.0 505.0 503.0 502.0 500.0 499.0 498.0 496.0 495.0 494.0 493.0 491.0 490.0 489.0 488.0 487.0 5.0 56.0 62.0 68.0 75.0 81.0 87.0 93.0 99.0 105.0 111.0 117.0 123.0 130.0 136.0 142.0 148.0 154.0 160.0 166.0 172.0 179.0 185.0 191.0 197.0 203.0 209.0 215.0 221.0 227.0 233.0 239.0 245.0 251.0 257.0 263.0 269.0 275.0 281.0 287.0 293.0 299.0 305.0 311.0 317.0 323.0 329.0 335.0 341.0 347.0 353.0 359.0 365.0 370.0 376.0 382.0 388.0 393.0 399.0 405.0 410.0 416.0 422.0 428.0 433.0 439.0 444.0 450.0 455.0 461.0 466.0 472.0 477.0 483.0 488.0 494.0 499.0 505.0 511.0 516.0 522.0 528.0 533.0 539.0 545.0 551.0 556.0 562.0 568.0 574.0 580.0 586.0 592.0 598.0 604.0 610.0 616.0 621.0 627.0 633.0 365.0
617.0 617.0 616.0 616.0 615.0 615.0 614.0 613.0 613.0 612.0 611.0 610.0 609.0 608.0 607.0 607.0 606.0 605.0 604.0 603.0 603.0 602.0 601.0 600.0 599.0 599.0 598.0 597.0 596.0 595.0 594.0 593.0 592.0 591.0 590.0 589.0 588.0 587.0 586.0 585.0 584.0 582.0 581.0 580.0 579.0 577.0 576.0 575.0 574.0 572.0 571.0 569.0 568.0 566.0 565.0 563.0 561.0 560.0 558.0 556.0 554.0 552.0 550.0 548.0 545.0 544.0 541.0 539.0 537.0 534.0 532.0 529.0 527.0 525.0 522.0 520.0 518.0 515.0 513.0 511.0 509.0 507.0 505.0 503.0 501.0 500.0 498.0 496.0 495.0 493.0 492.0 491.0 490.0 488.0 487.0 486.0 485.0 484.0 482.0 481.0 5.0 56.0 63.0 69.0 75.0 81.0 87.0 94.0 100.0 106.0 112.0 118.0 124.0 130.0 136.0 142.0 148.0 155.0 161.0 167.0 173.0 179.0 185.0 191.0 197.0 203.0 210.0 216.0 222.0 228.0 234.0 240.0 246.0 252.0 258.0 264.0 270.0 276.0 282.0 288.0 294.0 300.0 306.0 312.0 318.0 323.0 329.0 335.0 341.0 347.0 353.0 359.0 365.0 370.0 376.0 382.0 388.0 394.0 400.0 405.0 411.0 416.0 422.0 428.0 433.0 439.0 444.0 450.0 455.0 461.0 466.0 472.0 477.0 483.0 488.0 494.0 499.0 505.0 510.0 516.0 522.0 527.0 533.0 539.0 544.0 550.0 556.0 562.0 568.0 573.0 579.0 585.0 591.0 597.0 603.0 609.0 615.0 621.0 627.0 633.0 366.0
617.0 617.0 616.0 616.0 615.0 615.0 614.0 613.0 613.0 612.0 611.0 610.0 610.0 609.0 608.0 607.0 606.0 605.0 604.0 603.0 603.0 602.0 601.0 601.0 600.0 599.0 598.0 597.0 596.0 595.0 594.0 593.0 592.0 591.0 590.0 589.0 588.0 587.0 586.0 585.0 584.0 583.0 582.0 581.0 579.0 578.0 577.0 576.0 574.0 573.0 572.0 570.0 569.0 567.0 566.0 564.0 562.0 561.0 559.0 557.0 555.0 553.0 551.0 549.0 547.0 545.0 542.0 540.0 538.0 536.0 533.0 531.0 529.0 526.0 524.0 521.0 519.0 517.0 515.0 513.0 511.0 508.0 507.0 505.0 503.0 501.0 500.0 498.0 497.0 495.0 494.0 493.0 492.0 490.0 489.0 488.0 487.0 486.0 485.0 483.0 5.0 56.0 62.0 68.0 74.0 81.0 87.0 93.0 99.0 105.0 111.0 118.0 124.0 130.0 136.0 142.0 148.0 154.0 161.0 167.0 173.0 179.0 185.0 191.0 197.0 203.0 209.0 215.0 221.0 227.0 234.0 240.0 246.0 252.0 258.0 264.0 270.0 276.0 282.0 288.0 294.0 300.0 306.0 312.0 318.0 324.0 329.0 335.0 341.0 347.0 353.0 359.0 365.0 371.0 377.0 382.0 388.0 394.0 400.0 405.0 411.0 417.0 422.0 428.0 433.0 439.0 444.0 450.0 455.0 461.0 466.0 472.0 477.0 483.0 488.0 494.0 499.0 505.0 511.0 516.0 522.0 527.0 533.0 539.0 544.0 550.0 556.0 562.0 568.0 574.0 580.0 586.0 592.0 598.0 604.0 610.0 616.0 622.0 628.0 633.0 367.0
617.0 617.0 617.0 616.0 616.0 616.0 615.0 614.0 614.0 613.0 612.0 612.0 611.0 610.0 609.0 609.0 608.0 607.0 606.0 606.0 605.0 605.0 604.0 603.0 602.0 601.0 600.0 600.0 599.0 598.0 597.0 596.0 596.0 595.0 594.0 593.0 592.0 591.0 590.0 589.0 589.0 587.0 586.0 585.0 584.0 583.0 582.0 581.0 580.0 578.0 577.0 576.0 575.0 573.0 572.0 570.0 569.0 567.0 566.0 564.0 562.0 560.0 559.0 557.0 555.0 553.0 550.0 548.0 546.0 544.0 542.0 540.0 537.0 535.0 533.0 531.0 529.0 526.0 524.0 522.0 520.0 519.0 517.0 515.0 513.0 512.0 510.0 509.0 507.0 506.0 505.0 504.0 503.0 502.0 501.0 500.0 499.0 498.0 497.0 495.0 5.0 56.0 62.0 68.0 74.0 80.0 86.0 93.0 99.0 105.0 111.0 117.0 123.0 129.0 135.0 141.0 147.0 154.0 160.0 166.0 172.0 178.0 184.0 190.0 196.0 202.0 209.0 215.0 221.0 227.0 233.0 239.0 245.0 251.0 257.0 263.0 269.0 275.0 281.0 287.0 293.0 299.0 305.0 311.0 317.0 323.0 329.0 335.0 341.0 347.0 352.0 358.0 364.0 370.0 376.0 381.0 387.0 393.0 399.0 405.0 410.0 416.0 422.0 427.0 433.0 438.0 444.0 450.0 455.0 461.0 466.0 472.0 477.0 483.0 488.0 494.0 499.0 505.0 510.0 516.0 521.0 527.0 533.0 538.0 544.0 550.0 556.0 561.0 567.0 573.0 579.0 585.0 591.0 597.0 603.0 609.0 615.0 621.0 627.0 633.0 368.0
617.0 618.0 618.0 618.0 618.0 617.0 617.0 616.0 616.0 615.0 615.0 614.0 614.0 613.0 612.0 612.0 611.0 611.0 610.0 609.0 609.0 609.0 608.0 608.0 607.0 606.0 606.0 605.0 604.0 604.0 603.0 603.0 602.0 601.0 600.0 600.0 599.0 599.0 598.0 597.0 596.0 596.0 595.0 594.0 593.0 592.0 591.0 590.0 589.0 589.0 587.0 587.0 585.0 584.0 583.0 582.0 580.0 579.0 578.0 576.0 575.0 573.0 572.0 570.0 569.0 567.0 565.0 563.0 561.0 559.0 557.0 555.0 553.0 551.0 549.0 547.0 545.0 543.0 542.0 540.0 538.0 536.0 535.0 533.0 531.0 530.0 529.0 528.0 526.0 525.0 524.0 523.0 522.0 522.0 521.0 520.0 519.0 518.0 518.0 517.0 5.0 54.0 60.0 66.0 72.0 78.0 84.0 91.0 97.0 103.0 109.0 115.0 121.0 127.0 133.0 139.0 145.0 151.0 157.0 164.0 170.0 176.0 182.0 188.0 194.0 200.0 206.0 212.0 218.0 224.0 230.0 236.0 242.0 248.0 254.0 260.0 267.0 273.0 279.0 285.0 291.0 297.0 303.0 309.0 315.0 321.0 326.0 332.0 338.0 344.0 350.0 356.0 362.0 368.0 374.0 379.0 385.0 391.0 397.0 403.0 408.0 414.0 419.0 425.0 430.0 436.0 442.0 447.0 453.0 459.0 464.0 469.0 475.0 480.0 486.0 491.0 497.0 502.0 508.0 514.0 519.0 525.0 531.0 536.0 542.0 548.0 553.0 559.0 565.0 571.0 577.0 582.0 588.0 594.0 600.0 606.0 612.0 618.0 624.0 630.0 369.0
617.0 620.0 619.0 619.0 619.0 619.0 619.0 619.0 619.0 618.0 618.0 617.0 617.0 617.0 616.0 616.0 616.0 615.0 615.0 614.0 614.0 614.0 613.0 613.0 613.0 613.0 612.0 612.0 611.0 611.0 611.0 610.0 610.0 609.0 609.0 609.0 608.0 608.0 607.0 607.0 607.0 606.0 606.0 605.0 605.0 604.0 603.0 602.0 602.0 601.0 601.0 600.0 599.0 598.0 597.0 597.0 595.0 594.0 594.0 592.0 591.0 590.0 589.0 588.0 586.0 585.0 583.0 582.0 580.0 579.0 577.0 575.0 574.0 572.0 570.0 568.0 567.0 565.0 564.0 562.0 561.0 559.0 558.0 556.0 555.0 554.0 553.0 552.0 551.0 550.0 549.0 548.0 548.0 547.0 547.0 546.0 546.0 545.0 545.0 544.0 5.0 52.0 58.0 64.0 70.0 76.0 82.0 88.0 94.0 100.0 107.0 113.0 119.0 125.0 131.0 137.0 143.0 149.0 155.0 161.0 167.0 173.0 179.0 185.0 191.0 197.0 204.0 210.0 216.0 222.0 228.0 234.0 240.0 246.0 252.0 258.0 264.0 270.0 275.0 282.0 288.0 294.0 300.0 306.0 312.0 317.0 323.0 329.0 335.0 341.0 347.0 353.0 359.0 365.0 371.0 376.0 382.0 388.0 394.0 400.0 406.0 411.0 417.0 423.0 428.0 434.0 440.0 445.0 451.0 457.0 462.0 467.0 473.0 479.0 484.0 490.0 495.0 501.0 507.0 512.0 518.0 523.0 529.0 534.0 540.0 546.0 552.0 557.0 563.0 569.0 575.0 581.0 587.0 593.0 599.0 605.0 611.0 617.0 623.0 629.0 370.0
617.0 621.0 621.0 622.0 622.0 622.0 622.0 622.0 622.0 622.0 622.0 622.0 622.0 621.0 621.0 621.0 621.0 621.0 621.0 621.0 621.0 621.0 621.0 621.0 621.0 621.0 620.0 621.0 621.0 620.0 620.0 620.0 620.0 620.0 620.0 620.0 620.0 620.0 620.0 619.0 619.0 619.0 619.0 619.0 619.0 618.0 618.0 618.0 618.0 617.0 617.0 617.0 616.0 616.0 615.0 615.0 614.0 614.0 613.0 612.0 611.0 611.0 610.0 609.0 608.0 607.0 606.0 605.0 603.0 603.0 601.0 600.0 599.0 597.0 596.0 594.0 593.0 592.0 591.0 590.0 588.0 587.0 586.0 585.0 584.0 583.0 583.0 582.0 581.0 581.0 580.0 580.0 579.0 579.0 579.0 579.0 579.0 578.0 578.0 578.0 5.0 51.0 57.0 63.0 69.0 75.0 81.0 87.0 93.0 99.0 105.0 112.0 118.0 123.0 129.0 135.0 141.0 147.0 153.0 160.0 166.0 172.0 178.0 184.0 190.0 195.0 202.0 208.0 214.0 220.0 226.0 232.0 238.0 244.0 249.0 255.0 261.0 267.0 273.0 279.0 285.0 291.0 297.0 303.0 309.0 315.0 321.0 327.0 333.0 339.0 345.0 351.0 356.0 362.0 368.0 374.0 380.0 386.0 392.0 398.0 404.0 409.0 415.0 421.0 427.0 432.0 439.0 444.0 450.0 456.0 461.0 467.0 473.0 479.0 484.0 490.0 496.0 501.0 507.0 513.0 518.0 524.0 530.0 535.0 541.0 547.0 553.0 559.0 565.0 571.0 577.0 583.0 589.0 595.0 601.0 607.0 613.0 619.0 624.0 630.0 371.0
617.0 623.0 623.0 624.0 624.0 625.0 625.0 625.0 626.0 625.0 626.0 626.0 626.0 626.0 626.0 626.0 627.0 627.0 627.0 627.0 627.0 628.0 628.0 628.0 629.0 629.0 629.0 629.0 630.0 630.0 630.0 630.0 631.0 631.0 631.0 631.0 632.0 632.0 632.0 632.0 632.0 633.0 633.0 633.0 633.0 633.0 633.0 633.0 634.0 633.0 633.0 634.0 634.0 633.0 633.0 633.0 633.0 633.0 632.0 632.0 632.0 632.0 631.0 631.0 630.0 630.0 629.0 628.0 627.0 626.0 626.0 624.0 624.0 623.0 622.0 621.0 620.0 619.0 618.0 617.0 616.0 616.0 615.0 615.0 614.0 613.0 613.0 613.0 612.0 612.0 612.0 612.0 612.0 612.0 612.0 612.0 612.0 612.0 613.0 613.0 5.0 51.0 57.0 63.0 69.0 75.0 81.0 87.0 93.0 99.0 105.0 111.0 116.0 122.0 128.0 134.0 140.0 146.0 152.0 158.0 165.0 171.0 177.0 183.0 189.0 194.0 200.0 206.0 212.0 218.0 224.0 230.0 236.0 242.0 248.0 254.0 260.0 266.0 272.0 278.0 284.0 290.0 295.0 301.0 307.0 313.0 319.0 325.0 331.0 337.0 343.0 349.0 355.0 361.0 367.0 373.0 379.0 384.0 390.0 396.0 402.0 408.0 414.0 420.0 426.0 431.0 438.0 444.0 449.0 455.0 461.0 467.0 473.0 479.0 484.0 490.0 496.0 502.0 508.0 514.0 520.0 526.0 532.0 537.0 543.0 549.0 555.0 561.0 567.0 573.0 579.0 585.0 591.0 597.0 603.0 609.0 615.0 621.0 626.0 632.0 372.0
617.0 625.0 626.0 626.0 627.0 627.0 628.0 628.0 629.0 629.0 630.0 630.0 631.0 631.0 632.0 632.0 633.0 633.0 634.0 634.0 634.0 635.0 636.0 636.0 637.0 638.0 638.0 639.0 639.0 640.0 640.0 641.0 642.0 642.0 643.0 643.0 644.0 644.0 645.0 646.0 646.0 647.0 647.0 648.0 648.0 649.0 649.0 650.0 650.0 650.0 651.0 651.0 652.0 652.0 652.0 652.0 652.0 653.0 653.0 653.0 653.0 653.0 653.0 653.0 653.0 653.0 652.0 652.0 651.0 651.0 651.0 650.0 650.0 649.0 649.0 648.0 648.0 647.0 647.0 646.0 646.0 645.0 645.0 645.0 644.0 644.0 644.0 644.0 644.0 645.0 645.0 645.0 645.0 646.0 646.0 647.0 647.0 648.0 648.0 649.0 5.0 50.0 56.0 62.0 68.0 74.0 80.0 86.0 92.0 98.0 104.0 110.0 116.0 122.0 128.0 134.0 140.0 146.0 152.0 158.0 164.0 170.0 176.0 182.0 188.0 193.0 200.0 205.0 211.0 217.0 223.0 229.0 235.0 241.0 247.0 253.0 259.0 265.0 271.0 277.0 283.0 289.0 294.0 300.0 306.0 312.0 318.0 324.0 330.0 336.0 342.0 348.0 353.0 359.0 365.0 371.0 377.0 383.0 389.0 395.0 401.0 407.0 413.0 419.0 425.0 431.0 437.0 443.0 449.0 455.0 461.0 467.0 473.0 479.0 485.0 491.0 497.0 503.0 509.0 515.0 520.0 527.0 533.0 538.0 544.0 550.0 556.0 562.0 568.0 574.0 580.0 586.0 592.0 598.0 604.0 610.0 616.0 622.0 628.0 633.0 373.0
617.0 627.0 628.0 629.0 630.0 630.0 631.0 632.0 633.0 633.0 634.0 635.0 635.0 636.0 637.0 638.0 638.0 640.0 640.0 641.0 642.0 643.0 644.0 644.0 645.0 646.0 647.0 648.0 649.0 650.0 651.0 652.0 653.0 654.0 654.0 655.0 656.0 657.0 658.0 659.0 660.0 661.0 662.0 662.0 664.0 664.0 665.0 666.0 667.0 667.0 668.0 669.0 670.0 670.0 671.0 671.0 672.0 673.0 673.0 674.0 674.0 674.0 675.0 675.0 675.0 676.0 675.0 676.0 676.0 676.0 676.0 675.0 675.0 675.0 675.0 675.0 675.0 675.0 675.0 674.0 675.0 674.0 674.0 675.0 675.0 675.0 675.0 676.0 676.0 677.0 678.0 678.0 679.0 679.0 680.0 681.0 682.0 683.0 684.0 685.0 5.0 49.0 55.0 61.0 67.0 73.0 79.0 86.0 92.0 98.0 104.0 110.0 115.0 121.0 127.0 133.0 139.0 145.0 151.0 157.0 163.0 169.0 175.0 181.0 187.0 193.0 199.0 205.0 211.0 217.0 223.0 229.0 235.0 241.0 246.0 252.0 258.0 264.0 270.0 276.0 282.0 288.0 293.0 299.0 305.0 311.0 317.0 323.0 329.0 335.0 341.0 347.0 353.0 359.0 365.0 371.0 377.0 383.0 389.0 395.0 401.0 407.0 413.0 419.0 425.0 430.0 437.0 443.0 449.0 455.0 461.0 467.0 473.0 479.0 485.0 491.0 497.0 504.0 510.0 516.0 521.0 528.0 534.0 540.0 546.0 552.0 558.0 564.0 570.0 576.0 582.0 588.0 594.0 600.0 606.0 612.0 618.0 624.0 629.0 635.0 374.0
617.0 629.0 630.0 631.0 632.0 633.0 634.0 635.0 636.0 637.0 638.0 639.0 640.0 641.0 641.0 643.0 644.0 645.0 646.0 647.0 648.0 649.0 650.0 651.0 652.0 654.0 655.0 656.0 657.0 658.0 660.0 661.0 662.0 663.0 664.0 665.0 667.0 668.0 669.0 670.0 672.0 673.0 674.0 675.0 676.0 677.0 679.0 679.0 681.0 682.0 683.0 684.0 685.0 686.0 687.0 687.0 688.0 689.0 690.0 691.0 692.0 692.0 693.0 694.0 694.0 695.0 695.0 695.0 696.0 696.0 696.0 697.0 696.0 697.0 697.0 697.0 697.0 697.0 698.0 698.0 698.0 698.0 699.0 700.0 700.0 701.0 701.0 702.0 703.0 704.0 705.0 705.0 707.0 708.0 709.0 710.0 712.0 713.0 714.0 716.0 5.0 50.0 56.0 62.0 68.0 74.0 80.0 86.0 92.0 98.0 104.0 110.0 116.0 122.0 128.0 134.0 139.0 145.0 151.0 157.0 163.0 169.0 175.0 181.0 187.0 193.0 199.0 205.0 211.0 217.0 223.0 229.0 235.0 241.0 247.0 252.0 258.0 264.0 270.0 276.0 282.0 288.0 294.0 300.0 306.0 312.0 317.0 323.0 329.0 335.0 341.0 347.0 353.0 359.0 365.0 371.0 377.0 383.0 389.0 395.0 401.0 407.0 413.0 419.0 425.0 431.0 437.0 443.0 449.0 456.0 462.0 468.0 474.0 480.0 486.0 492.0 498.0 505.0 511.0 517.0 523.0 529.0 535.0 541.0 547.0 553.0 559.0 566.0 572.0 578.0 583.0 589.0 595.0 601.0 607.0 613.0 619.0 625.0 630.0 636.0 375.0
617.0 630.0 631.0 632.0 634.0 635.0 636.0 637.0 638.0 640.0 641.0 642.0 643.0 644.0 645.0 646.0 648.0 649.0 650.0 651.0 653.0 654.0 655.0 656.0 658.0 659.0 661.0 662.0 664.0 665.0 667.0 668.0 669.0 671.0 672.0 673.0 675.0 676.0 678.0 679.0 681.0 682.0 683.0 685.0 686.0 687.0 689.0 690.0 691.0 693.0 694.0 695.0 697.0 698.0 699.0 700.0 701.0 702.0 704.0 704.0 705.0 706.0 707.0 708.0 709.0 710.0 710.0 711.0 711.0 712.0 712.0 713.0 713.0 714.0 714.0 715.0 715.0 716.0 716.0 717.0 717.0 718.0 718.0 719.0 720.0 721.0 722.0 723.0 724.0 725.0 726.0 727.0 729.0 730.0 731.0 733.0 735.0 736.0 738.0 739.0 5.0 50.0 56.0 62.0 68.0 74.0 80.0 86.0 92.0 98.0 104.0 110.0 116.0 122.0 128.0 134.0 140.0 146.0 152.0 158.0 164.0 170.0 176.0 182.0 188.0 194.0 200.0 205.0 211.0 217.0 223.0 229.0 235.0 241.0 247.0 253.0 259.0 265.0 270.0 276.0 282.0 288.0 294.0 300.0 306.0 312.0 318.0 324.0 330.0 335.0 341.0 347.0 353.0 359.0 365.0 371.0 377.0 383.0 389.0 395.0 401.0 407.0 413.0 419.0 425.0 432.0 438.0 444.0 450.0 456.0 462.0 468.0 475.0 481.0 487.0 493.0 499.0 506.0 512.0 518.0 524.0 530.0 536.0 542.0 548.0 554.0 560.0 567.0 573.0 579.0 584.0 590.0 596.0 602.0 608.0 614.0 620.0 626.0 631.0 637.0 376.0
617.0 631.0 632.0 633.0 635.0 636.0 637.0 639.0 640.0 641.0 642.0 644.0 645.0 646.0 647.0 649.0 650.0 652.0 653.0 654.0 656.0 657.0 659.0 660.0 662.0 663.0 665.0 666.0 668.0 670.0 671.0 673.0 674.0 676.0 677.0 679.0 680.0 682.0 683.0 685.0 687.0 688.0 690.0 691.0 693.0 694.0 696.0 697.0 699.0 700.0 702.0 703.0 705.0 706.0 707.0 709.0 709.0 711.0 712.0 713.0 715.0 715.0 716.0 718.0 718.0 719.0 720.0 721.0 722.0 723.0 723.0 724.0 724.0 725.0 726.0 726.0 727.0 727.0 728.0 729.0 729.0 730.0 731.0 732.0 733.0 734.0 735.0 736.0 737.0 739.0 740.0 742.0 743.0 744.0 746.0 748.0 750.0 751.0 753.0 755.0 5.0 50.0 56.0 62.0 68.0 74.0 80.0 86.0 92.0 98.0 104.0 110.0 116.0 122.0 128.0 134.0 140.0 146.0 152.0 158.0 164.0 170.0 176.0 182.0 188.0 194.0 200.0 206.0 211.0 217.0 223.0 229.0 235.0 241.0 247.0 253.0 259.0 265.0 271.0 277.0 282.0 288.0 294.0 300.0 306.0 312.0 318.0 324.0 330.0 336.0 342.0 348.0 354.0 359.0 365.0 371.0 377.0 383.0 389.0 395.0 401.0 407.0 414.0 420.0 426.0 432.0 438.0 444.0 450.0 456.0 463.0 469.0 475.0 482.0 488.0 494.0 500.0 506.0 512.0 518.0 524.0 531.0 537.0 543.0 549.0 555.0 561.0 567.0 573.0 579.0 585.0 591.0 597.0 603.0 609.0 615.0 620.0 626.0 632.0 638.0 377.0
617.0 632.0 633.0 634.0 636.0 637.0 638.0 640.0 641.0 642.0 644.0 645.0 646.0 647.0 649.0 650.0 652.0 653.0 655.0 656.0 657.0 659.0 660.0 662.0 664.0 665.0 667.0 668.0 670.0 672.0 673.0 675.0 677.0 678.0 680.0 681.0 683.0 685.0 686.0 688.0 690.0 691.0 693.0 694.0 696.0 697.0 699.0 701.0 702.0 704.0 705.0 707.0 708.0 709.0 711.0 712.0 714.0 715.0 717.0 717.0 719.0 720.0 721.0 722.0 723.0 724.0 725.0 726.0 727.0 727.0 728.0 729.0 729.0 730.0 731.0 732.0 732.0 733.0 733.0 734.0 735.0 736.0 737.0 738.0 739.0 740.0 741.0 742.0 744.0 745.0 746.0 748.0 750.0 751.0 753.0 754.0 756.0 758.0 760.0 762.0 5.0 50.0 56.0 62.0 68.0 74.0 80.0 86.0 92.0 98.0 104.0 110.0 116.0 122.0 128.0 134.0 140.0 146.0 152.0 158.0 164.0 170.0 176.0 182.0 188.0 194.0 199.0 205.0 211.0 217.0 223.0 229.0 235.0 241.0 247.0 253.0 259.0 265.0 270.0 276.0 282.0 288.0 294.0 300.0 306.0 312.0 318.0 324.0 330.0 335.0 341.0 347.0 353.0 359.0 365.0 371.0 377.0 383.0 389.0 395.0 401.0 407.0 414.0 420.0 426.0 432.0 438.0 444.0 450.0 456.0 463.0 469.0 475.0 482.0 488.0 494.0 500.0 507.0 513.0 519.0 525.0 531.0 537.0 543.0 550.0 556.0 562.0 568.0 574.0 580.0 586.0 592.0 598.0 604.0 610.0 615.0 621.0 627.0 633.0 638.0 378.0
617.0 632.0 633.0 634.0 636.0 637.0 638.0 640.0 641.0 642.0 644.0 645.0 646.0 648.0 649.0 650.0 652.0 653.0 655.0 656.0 657.0 659.0 661.0 662.0 664.0 665.0 667.0 668.0 670.0 672.0 673.0 675.0 676.0 678.0 679.0 681.0 683.0 684.0 686.0 688.0 689.0 691.0 693.0 694.0 696.0 697.0 699.0 701.0 702.0 703.0 705.0 706.0 708.0 709.0 711.0 712.0 713.0 714.0 716.0 717.0 718.0 719.0 720.0 721.0 722.0 723.0 724.0 725.0 726.0 727.0 728.0 728.0 729.0 729.0 730.0 731.0 731.0 732.0 733.0 733.0 734.0 735.0 736.0 737.0 738.0 739.0 740.0 741.0 742.0 744.0 745.0 747.0 748.0 749.0 751.0 753.0 755.0 757.0 759.0 760.0 5.0 50.0 56.0 62.0 68.0 74.0 80.0 86.0 92.0 98.0 104.0 110.0 116.0 122.0 128.0 134.0 140.0 146.0 152.0 158.0 164.0 170.0 176.0 182.0 188.0 193.0 199.0 205.0 211.0 217.0 223.0 229.0 235.0 241.0 246.0 252.0 258.0 264.0 270.0 276.0 282.0 288.0 294.0 299.0 305.0 311.0 317.0 323.0 329.0 335.0 341.0 347.0 353.0 359.0 365.0 371.0 377.0 383.0 389.0 395.0 401.0 407.0 413.0 419.0 425.0 431.0 438.0 444.0 450.0 456.0 462.0 469.0 475.0 481.0 487.0 494.0 500.0 506.0 512.0 519.0 525.0 531.0 537.0 543.0 549.0 555.0 561.0 568.0 574.0 580.0 586.0 591.0 597.0 603.0 609.0 615.0 621.0 627.0 633.0 638.0 379.0
617.0 631.0 632.0 634.0 635.0 636.0 638.0 639.0 640.0 642.0 643.0 644.0 645.0 647.0 648.0 649.0 651.0 652.0 653.0 654.0 656.0 658.0 659.0 660.0 662.0 663.0 665.0 666.0 668.0 669.0 671.0 673.0 674.0 676.0 677.0 678.0 680.0 682.0 683.0 685.0 686.0 688.0 689.0 691.0 692.0 694.0 695.0 697.0 698.0 700.0 701.0 702.0 704.0 705.0 707.0 708.0 709.0 710.0 712.0 712.0 714.0 715.0 715.0 716.0 718.0 719.0 719.0 720.0 721.0 721.0 722.0 722.0 723.0 724.0 724.0 725.0 725.0 726.0 727.0 727.0 727.0 728.0 729.0 730.0 731.0 732.0 732.0 734.0 735.0 736.0 737.0 739.0 740.0 741.0 743.0 744.0 746.0 748.0 750.0 751.0 5.0 49.0 55.0 61.0 67.0 73.0 79.0 85.0 91.0 97.0 103.0 109.0 115.0 121.0 127.0 133.0 139.0 145.0 151.0 157.0 163.0 169.0 175.0 181.0 186.0 192.0 198.0 204.0 210.0 216.0 222.0 228.0 233.0 239.0 245.0 251.0 257.0 263.0 269.0 275.0 280.0 286.0 292.0 298.0 304.0 310.0 316.0 322.0 328.0 333.0 339.0 345.0 351.0 357.0 363.0 369.0 375.0 381.0 387.0 393.0 399.0 405.0 412.0 418.0 424.0 430.0 436.0 442.0 449.0 455.0 461.0 467.0 474.0 480.0 486.0 492.0 499.0 505.0 511.0 518.0 524.0 530.0 536.0 542.0 548.0 554.0 560.0 567.0 573.0 579.0 585.0 591.0 597.0 602.0 608.0 614.0 620.0 626.0 632.0 637.0 380.0
617.0 630.0 631.0 633.0 634.0 635.0 636.0 637.0 639.0 640.0 641.0 642.0 643.0 644.0 645.0 647.0 648.0 649.0 650.0 651.0 653.0 654.0 655.0 657.0 658.0 659.0 661.0 662.0 663.0 665.0 666.0 668.0 669.0 670.0 672.0 673.0 674.0 676.0 677.0 678.0 680.0 681.0 683.0 684.0 685.0 687.0 688.0 689.0 690.0 692.0 693.0 694.0 695.0 696.0 698.0 699.0 700.0 700.0 702.0 702.0 704.0 704.0 705.0 706.0 707.0 708.0 708.0 709.0 709.0 710.0 710.0 710.0 711.0 711.0 711.0 712.0 712.0 712.0 713.0 713.0 714.0 714.0 714.0 715.0 715.0 716.0 717.0 718.0 719.0 720.0 721.0 722.0 723.0 724.0 725.0 727.0 728.0 729.0 731.0 733.0 5.0 48.0 54.0 60.0 66.0 72.0 78.0 84.0 90.0 96.0 102.0 108.0 114.0 120.0 126.0 132.0 138.0 144.0 150.0 156.0 162.0 168.0 174.0 180.0 186.0 191.0 197.0 203.0 209.0 215.0 221.0 227.0 233.0 238.0 244.0 250.0 256.0 262.0 268.0 274.0 280.0 286.0 292.0 297.0 303.0 309.0 315.0 321.0 327.0 333.0 339.0 345.0 351.0 357.0 363.0 369.0 375.0 381.0 387.0 393.0 399.0 405.0 411.0 417.0 423.0 429.0 436.0 442.0 448.0 454.0 460.0 467.0 473.0 479.0 486.0 492.0 498.0 504.0 510.0 517.0 523.0 529.0 535.0 542.0 548.0 554.0 560.0 566.0 572.0 578.0 584.0 590.0 596.0 602.0 608.0 614.0 620.0 626.0 632.0 637.0 381.0
617.0 629.0 630.0 631.0 632.0 633.0 634.0 635.0 636.0 637.0 638.0 639.0 640.0 641.0 642.0 643.0 644.0 645.0 646.0 647.0 648.0 649.0 650.0 651.0 653.0 654.0 655.0 656.0 657.0 658.0 659.0 661.0 661.0 663.0 664.0 665.0 666.0 667.0 669.0 669.0 671.0 672.0 673.0 674.0 675.0 676.0 677.0 678.0 679.0 680.0 681.0 682.0 683.0 684.0 685.0 685.0 686.0 687.0 688.0 688.0 689.0 690.0 690.0 691.0 691.0 692.0 692.0 692.0 693.0 693.0 693.0 693.0 693.0 693.0 693.0 693.0 693.0 693.0 693.0 693.0 694.0 693.0 693.0 694.0 694.0 695.0 695.0 696.0 696.0 697.0 697.0 698.0 699.0 700.0 701.0 702.0 703.0 704.0 705.0 707.0 5.0 48.0 54.0 60.0 66.0 72.0 78.0 84.0 90.0 96.0 102.0 108.0 114.0 120.0 126.0 132.0 138.0 144.0 150.0 155.0 161.0 167.0 173.0 179.0 185.0 191.0 197.0 202.0 208.0 214.0 220.0 226.0 232.0 238.0 244.0 250.0 256.0 262.0 267.0 273.0 279.0 285.0 291.0 297.0 303.0 309.0 315.0 321.0 327.0 333.0 339.0 345.0 351.0 357.0 363.0 369.0 374.0 380.0 386.0 392.0 398.0 405.0 411.0 417.0 423.0 429.0 435.0 441.0 447.0 454.0 460.0 466.0 472.0 478.0 484.0 491.0 497.0 503.0 509.0 515.0 521.0 527.0 533.0 540.0 546.0 552.0 558.0 564.0 570.0 576.0 582.0 588.0 594.0 600.0 606.0 612.0 618.0 624.0 630.0 635.0 382.0
617.0 627.0 628.0 629.0 630.0 631.0 632.0 632.0 633.0 634.0 635.0 635.0 636.0 637.0 637.0 638.0 639.0 640.0 641.0 641.0 642.0 643.0 644.0 645.0 646.0 646.0 647.0 648.0 649.0 650.0 650.0 652.0 652.0 653.0 654.0 655.0 655.0 657.0 658.0 658.0 659.0 660.0 661.0 661.0 662.0 663.0 663.0 664.0 665.0 666.0 666.0 667.0 667.0 668.0 669.0 669.0 669.0 670.0 670.0 670.0 671.0 671.0 671.0 672.0 672.0 672.0 672.0 672.0 672.0 671.0 671.0 671.0 671.0 671.0 670.0 670.0 669.0 669.0 669.0 669.0 669.0 668.0 668.0 668.0 668.0 668.0 668.0 668.0 668.0 669.0 669.0 669.0 670.0 671.0 671.0 672.0 672.0 673.0 674.0 675.0 5.0 48.0 54.0 60.0 66.0 72.0 78.0 84.0 90.0 96.0 102.0 108.0 113.0 119.0 125.0 131.0 137.0 143.0 150.0 156.0 162.0 167.0 173.0 179.0 185.0 191.0 197.0 203.0 209.0 215.0 221.0 227.0 233.0 239.0 244.0 250.0 256.0 262.0 268.0 274.0 280.0 286.0 292.0 298.0 304.0 310.0 316.0 322.0 328.0 334.0 340.0 346.0 352.0 358.0 364.0 370.0 376.0 382.0 388.0 394.0 400.0 406.0 412.0 418.0 424.0 430.0 436.0 442.0 448.0 454.0 460.0 466.0 472.0 478.0 484.0 490.0 496.0 502.0 508.0 514.0 520.0 526.0 532.0 538.0 544.0 550.0 556.0 562.0 568.0 574.0 580.0 586.0 592.0 598.0 604.0 610.0 616.0 622.0 628.0 633.0 383.0
617.0 626.0 626.0 627.0 628.0 628.0 629.0 629.0 630.0 630.0 631.0 631.0 632.0 632.0 633.0 633.0 633.0 634.0 634.0 635.0 635.0 636.0 636.0 637.0 638.0 638.0 639.0 639.0 640.0 640.0 641.0 641.0 642.0 642.0 643.0 643.0 644.0 644.0 645.0 645.0 646.0 646.0 647.0 647.0 647.0 648.0 648.0 649.0 649.0 649.0 649.0 650.0 650.0 650.0 651.0 650.0 650.0 650.0 650.0 650.0 650.0 650.0 650.0 650.0 649.0 649.0 648.0 648.0 647.0 647.0 646.0 646.0 645.0 644.0 644.0 643.0 642.0 641.0 641.0 640.0 640.0 639.0 638.0 638.0 638.0 637.0 637.0 637.0 637.0 637.0 636.0 637.0 637.0 637.0 637.0 638.0 638.0 639.0 639.0 640.0 5.0 49.0 54.0 60.0 66.0 72.0 78.0 85.0 91.0 97.0 103.0 109.0 114.0 120.0 127.0 133.0 139.0 145.0 151.0 157.0 163.0 169.0 175.0 181.0 187.0 193.0 199.0 205.0 211.0 217.0 223.0 229.0 235.0 241.0 247.0 253.0 259.0 265.0 271.0 277.0 283.0 289.0 295.0 301.0 307.0 313.0 319.0 325.0 331.0 337.0 343.0 349.0 355.0 361.0 367.0 373.0 379.0 385.0 391.0 396.0 402.0 408.0 414.0 420.0 426.0 432.0 438.0 444.0 450.0 456.0 462.0 467.0 473.0 479.0 485.0 491.0 497.0 502.0 508.0 514.0 520.0 526.0 532.0 538.0 544.0 550.0 556.0 562.0 568.0 573.0 579.0 585.0 591.0 597.0 603.0 609.0 615.0 621.0 627.0 633.0 384.0
617.0 624.0 624.0 625.0 625.0 625.0 626.0 626.0 626.0 627.0 627.0 627.0 627.0 627.0 628.0 628.0 628.0 628.0 628.0 628.0 629.0 629.0 629.0 629.0 630.0 630.0 630.0 630.0 630.0 631.0 631.0 631.0 631.0 631.0 631.0 632.0 632.0 632.0 632.0 632.0 632.0 633.0 633.0 633.0 633.0 633.0 633.0 633.0 633.0 633.0 632.0 633.0 632.0 632.0 632.0 632.0 631.0 631.0 631.0 630.0 630.0 629.0 628.0 628.0 627.0 626.0 625.0 624.0 623.0 622.0 621.0 620.0 619.0 618.0 617.0 616.0 615.0 614.0 613.0 612.0 611.0 610.0 609.0 608.0 608.0 607.0 606.0 606.0 605.0 605.0 605.0 605.0 605.0 605.0 604.0 604.0 605.0 605.0 605.0 605.0 5.0 50.0 56.0 62.0 68.0 74.0 80.0 86.0 92.0 98.0 104.0 111.0 116.0 122.0 129.0 135.0 141.0 147.0 153.0 159.0 165.0 171.0 177.0 183.0 189.0 195.0 201.0 207.0 213.0 219.0 225.0 231.0 237.0 243.0 249.0 255.0 261.0 268.0 274.0 280.0 286.0 292.0 298.0 304.0 310.0 316.0 321.0 327.0 333.0 339.0 345.0 351.0 357.0 363.0 369.0 375.0 381.0 387.0 393.0 399.0 405.0 411.0 416.0 422.0 428.0 434.0 440.0 445.0 451.0 457.0 463.0 468.0 474.0 480.0 486.0 491.0 497.0 503.0 509.0 515.0 520.0 526.0 532.0 538.0 544.0 549.0 556.0 561.0 567.0 573.0 579.0 585.0 591.0 597.0 603.0 609.0 615.0 621.0 627.0 633.0 385.0
617.0 622.0 623.0 622.0 623.0 623.0 623.0 623.0 623.0 623.0 623.0 623.0 622.0 623.0 623.0 622.0 623.0 622.0 622.0 622.0 622.0 622.0 622.0 622.0 622.0 622.0 622.0 622.0 622.0 621.0 622.0 621.0 621.0 621.0 621.0 621.0 620.0 621.0 621.0 620.0 620.0 620.0 620.0 619.0 619.0 619.0 618.0 618.0 617.0 617.0 617.0 616.0 616.0 615.0 615.0 614.0 613.0 613.0 612.0 611.0 610.0 609.0 608.0 607.0 606.0 605.0 604.0 602.0 601.0 599.0 598.0 597.0 595.0 594.0 592.0 591.0 590.0 588.0 587.0 586.0 584.0 583.0 582.0 581.0 580.0 579.0 578.0 577.0 577.0 576.0 575.0 575.0 574.0 574.0 574.0 573.0 573.0 573.0 573.0 572.0 5.0 52.0 58.0 64.0 70.0 76.0 82.0 88.0 94.0 100.0 106.0 112.0 119.0 125.0 131.0 137.0 143.0 149.0 155.0 161.0 167.0 173.0 179.0 185.0 191.0 197.0 204.0 210.0 216.0 222.0 228.0 234.0 240.0 246.0 252.0 258.0 264.0 270.0 276.0 282.0 288.0 294.0 300.0 306.0 312.0 318.0 323.0 329.0 335.0 341.0 347.0 353.0 359.0 365.0 371.0 377.0 383.0 389.0 394.0 400.0 406.0 412.0 418.0 423.0 429.0 435.0 441.0 446.0 452.0 458.0 464.0 469.0 475.0 480.0 486.0 492.0 497.0 503.0 509.0 514.0 520.0 526.0 531.0 537.0 543.0 549.0 555.0 561.0 567.0 572.0 578.0 584.0 590.0 596.0 602.0 608.0 614.0 620.0 626.0 632.0 386.0
617.0 621.0 621.0 620.0 621.0 620.0 620.0 620.0 620.0 620.0 620.0 619.0 619.0 619.0 618.0 618.0 618.0 617.0 617.0 617.0 616.0 616.0 616.0 615.0 615.0 615.0 615.0 614.0 614.0 613.0 613.0 613.0 612.0 612.0 611.0 611.0 610.0 610.0 610.0 609.0 609.0 608.0 608.0 607.0 607.0 606.0 605.0 605.0 604.0 603.0 602.0 602.0 601.0 600.0 599.0 598.0 597.0 596.0 595.0 594.0 593.0 591.0 590.0 588.0 587.0 586.0 584.0 582.0 581.0 579.0 577.0 576.0 574.0 572.0 570.0 569.0 567.0 565.0 564.0 562.0 560.0 559.0 557.0 556.0 555.0 554.0 553.0 552.0 551.0 550.0 549.0 548.0 547.0 547.0 546.0 545.0 545.0 544.0 544.0 543.0 5.0 52.0 58.0 64.0 70.0 77.0 83.0 89.0 95.0 101.0 107.0 113.0 119.0 125.0 132.0 138.0 144.0 150.0 156.0 162.0 168.0 174.0 180.0 186.0 193.0 198.0 205.0 211.0 217.0 223.0 229.0 235.0 241.0 247.0 253.0 259.0 265.0 271.0 277.0 283.0 289.0 295.0 301.0 307.0 313.0 319.0 325.0 331.0 337.0 343.0 349.0 355.0 361.0 366.0 372.0 378.0 384.0 390.0 396.0 402.0 408.0 413.0 419.0 425.0 430.0 436.0 442.0 447.0 453.0 459.0 465.0 470.0 476.0 481.0 487.0 492.0 498.0 503.0 509.0 515.0 521.0 527.0 532.0 538.0 544.0 549.0 555.0 561.0 567.0 573.0 579.0 585.0 591.0 597.0 603.0 609.0 615.0 621.0 627.0 633.0 387.0
617.0 619.0 619.0 619.0 619.0 618.0 618.0 618.0 617.0 617.0 616.0 616.0 615.0 615.0 615.0 614.0 614.0 613.0 613.0 612.0 611.0 611.0 610.0 610.0 609.0 609.0 608.0 608.0 607.0 607.0 606.0 606.0 605.0 604.0 603.0 603.0 602.0 602.0 601.0 600.0 600.0 599.0 598.0 597.0 597.0 595.0 595.0 594.0 593.0 592.0 591.0 590.0 589.0 587.0 586.0 585.0 584.0 583.0 581.0 579.0 578.0 577.0 575.0 573.0 571.0 570.0 568.0 566.0 564.0 562.0 560.0 558.0 556.0 554.0 552.0 550.0 548.0 546.0 544.0 543.0 541.0 539.0 537.0 536.0 535.0 533.0 532.0 531.0 530.0 528.0 527.0 527.0 526.0 525.0 524.0 523.0 522.0 521.0 521.0 520.0 5.0 53.0 60.0 66.0 72.0 78.0 84.0 90.0 96.0 103.0 109.0 115.0 121.0 127.0 133.0 139.0 145.0 151.0 158.0 164.0 170.0 176.0 182.0 188.0 194.0 200.0 207.0 213.0 219.0 225.0 231.0 237.0 243.0 249.0 255.0 261.0 267.0 273.0 279.0 285.0 291.0 297.0 303.0 309.0 315.0 321.0 327.0 333.0 339.0 345.0 351.0 357.0 363.0 368.0 374.0 380.0 386.0 392.0 397.0 403.0 409.0 415.0 421.0 426.0 432.0 438.0 443.0 449.0 454.0 460.0 466.0 471.0 477.0 482.0 488.0 493.0 499.0 505.0 510.0 516.0 522.0 527.0 533.0 539.0 544.0 550.0 556.0 562.0 568.0 573.0 579.0 585.0 591.0 597.0 603.0 609.0 615.0 621.0 627.0 633.0 388.0
617.0 618.0 618.0 618.0 617.0 617.0 617.0 616.0 615.0 615.0 614.0 613.0 613.0 612.0 612.0 611.0 611.0 610.0 609.0 609.0 608.0 607.0 607.0 606.0 605.0 605.0 604.0 603.0 603.0 602.0 601.0 601.0 600.0 599.0 598.0 597.0 596.0 596.0 595.0 594.0 593.0 592.0 591.0 590.0 589.0 588.0 587.0 586.0 585.0 584.0 583.0 581.0 580.0 579.0 577.0 576.0 574.0 573.0 572.0 570.0 568.0 567.0 565.0 563.0 561.0 559.0 557.0 555.0 553.0 551.0 548.0 547.0 544.0 542.0 540.0 538.0 536.0 534.0 531.0 530.0 528.0 526.0 524.0 523.0 521.0 520.0 518.0 516.0 515.0 514.0 513.0 512.0 511.0 509.0 509.0 508.0 507.0 506.0 505.0 504.0 5.0 54.0 60.0 66.0 73.0 79.0 85.0 91.0 97.0 103.0 110.0 116.0 122.0 128.0 134.0 140.0 146.0 152.0 159.0 165.0 171.0 177.0 183.0 189.0 196.0 202.0 208.0 214.0 220.0 226.0 232.0 238.0 244.0 250.0 256.0 262.0 268.0 274.0 280.0 286.0 292.0 298.0 304.0 310.0 316.0 322.0 328.0 334.0 340.0 346.0 352.0 358.0 364.0 369.0 375.0 381.0 387.0 393.0 398.0 404.0 410.0 415.0 421.0 427.0 432.0 438.0 444.0 449.0 455.0 460.0 466.0 471.0 477.0 482.0 488.0 494.0 499.0 505.0 510.0 516.0 522.0 528.0 533.0 539.0 545.0 550.0 556.0 562.0 568.0 574.0 580.0 586.0 592.0 598.0 604.0 610.0 616.0 622.0 628.0 634.0 389.0
617.0 618.0 618.0 617.0 617.0 616.0 616.0 615.0 614.0 614.0 613.0 612.0 612.0 611.0 610.0 610.0 609.0 608.0 608.0 607.0 606.0 605.0 605.0 604.0 603.0 603.0 602.0 601.0 600.0 600.0 599.0 598.0 597.0 596.0 595.0 594.0 594.0 593.0 592.0 591.0 590.0 589.0 588.0 587.0 586.0 584.0 584.0 583.0 581.0 580.0 579.0 577.0 576.0 575.0 573.0 572.0 570.0 569.0 567.0 565.0 563.0 562.0 560.0 558.0 556.0 554.0 551.0 550.0 547.0 545.0 543.0 541.0 538.0 536.0 534.0 532.0 529.0 528.0 525.0 523.0 522.0 519.0 517.0 516.0 514.0 513.0 511.0 510.0 508.0 507.0 506.0 505.0 504.0 502.0 501.0 500.0 499.0 498.0 497.0 496.0 5.0 55.0 61.0 67.0 73.0 80.0 86.0 92.0 98.0 104.0 110.0 116.0 122.0 129.0 135.0 141.0 147.0 153.0 159.0 165.0 171.0 177.0 183.0 190.0 196.0 202.0 208.0 214.0 220.0 226.0 232.0 238.0 244.0 250.0 256.0 263.0 269.0 275.0 281.0 287.0 293.0 299.0 305.0 311.0 317.0 322.0 328.0 334.0 340.0 346.0 352.0 358.0 364.0 370.0 375.0 381.0 387.0 393.0 398.0 404.0 410.0 415.0 421.0 427.0 432.0 438.0 443.0 449.0 455.0 460.0 466.0 471.0 477.0 482.0 488.0 493.0 499.0 504.0 510.0 516.0 521.0 527.0 532.0 538.0 544.0 550.0 555.0 561.0 567.0 573.0 579.0 585.0 591.0 597.0 603.0 609.0 615.0 621.0 627.0 633.0 390.0
617.0 617.0 617.0 617.0 617.0 616.0 616.0 615.0 615.0 614.0 613.0 612.0 612.0 611.0 611.0 610.0 609.0 608.0 608.0 607.0 606.0 606.0 605.0 604.0 603.0 603.0 602.0 601.0 601.0 600.0 599.0 598.0 598.0 597.0 596.0 595.0 594.0 594.0 593.0 591.0 590.0 590.0 589.0 588.0 587.0 585.0 584.0 583.0 582.0 581.0 580.0 578.0 577.0 576.0 574.0 573.0 571.0 570.0 568.0 566.0 565.0 563.0 561.0 559.0 557.0 555.0 553.0 551.0 548.0 547.0 544.0 542.0 540.0 538.0 536.0 534.0 531.0 529.0 527.0 525.0 524.0 521.0 519.0 518.0 516.0 515.0 513.0 512.0 510.0 509.0 508.0 507.0 506.0 504.0 504.0 503.0 502.0 501.0 499.0 499.0 5.0 54.0 61.0 67.0 73.0 79.0 85.0 92.0 98.0 104.0 110.0 116.0 122.0 128.0 134.0 140.0 147.0 153.0 159.0 165.0 171.0 177.0 183.0 189.0 196.0 202.0 208.0 214.0 220.0 226.0 232.0 238.0 244.0 250.0 256.0 262.0 268.0 274.0 280.0 286.0 292.0 298.0 304.0 310.0 316.0 322.0 328.0 334.0 340.0 346.0 352.0 358.0 364.0 370.0 375.0 381.0 387.0 393.0 398.0 404.0 410.0 415.0 421.0 427.0 432.0 438.0 444.0 449.0 455.0 460.0 466.0 471.0 477.0 482.0 488.0 493.0 499.0 504.0 510.0 515.0 521.0 527.0 532.0 538.0 544.0 549.0 555.0 561.0 567.0 573.0 579.0 585.0 591.0 597.0 603.0 609.0 615.0 621.0 627.0 633.0 391.0
617.0 618.0 618.0 618.0 617.0 617.0 616.0 616.0 616.0 615.0 614.0 614.0 613.0 613.0 612.0 611.0 611.0 610.0 609.0 609.0 608.0 608.0 607.0 606.0 606.0 605.0 605.0 604.0 603.0 603.0 602.0 601.0 600.0 600.0 599.0 598.0 597.0 597.0 596.0 595.0 594.0 593.0 593.0 592.0 591.0 590.0 589.0 588.0 587.0 586.0 584.0 583.0 582.0 581.0 580.0 578.0 577.0 576.0 574.0 572.0 571.0 569.0 568.0 566.0 564.0 562.0 560.0 558.0 556.0 554.0 552.0 550.0 548.0 546.0 544.0 542.0 540.0 538.0 536.0 534.0 532.0 530.0 528.0 527.0 525.0 524.0 522.0 521.0 520.0 519.0 517.0 516.0 515.0 515.0 514.0 513.0 512.0 511.0 510.0 509.0 5.0 54.0 60.0 66.0 73.0 79.0 85.0 91.0 97.0 103.0 109.0 116.0 122.0 128.0 134.0 140.0 146.0 152.0 158.0 164.0 171.0 177.0 183.0 189.0 195.0 201.0 207.0 213.0 219.0 225.0 231.0 237.0 243.0 249.0 256.0 262.0 268.0 274.0 280.0 286.0 292.0 298.0 304.0 310.0 316.0 322.0 328.0 334.0 339.0 345.0 351.0 357.0 363.0 369.0 375.0 380.0 386.0 392.0 397.0 403.0 409.0 415.0 420.0 426.0 432.0 437.0 443.0 448.0 454.0 459.0 465.0 470.0 476.0 481.0 487.0 492.0 498.0 503.0 509.0 515.0 520.0 526.0 532.0 538.0 543.0 549.0 555.0 561.0 566.0 572.0 578.0 584.0 590.0 596.0 602.0 608.0 614.0 620.0 626.0 632.0 392.0
617.0 619.0 619.0 619.0 618.0 618.0 618.0 617.0 617.0 617.0 616.0 616.0 615.0 615.0 615.0 614.0 613.0 613.0 613.0 612.0 612.0 611.0 611.0 610.0 610.0 609.0 609.0 608.0 608.0 608.0 607.0 607.0 606.0 605.0 605.0 604.0 604.0 603.0 603.0 602.0 601.0 600.0 600.0 599.0 598.0 598.0 597.0 596.0 595.0 594.0 593.0 593.0 592.0 591.0 590.0 589.0 587.0 586.0 585.0 583.0 582.0 581.0 579.0 578.0 576.0 574.0 573.0 571.0 569.0 567.0 566.0 564.0 562.0 560.0 558.0 556.0 554.0 553.0 551.0 549.0 547.0 546.0 544.0 542.0 541.0 540.0 539.0 537.0 536.0 535.0 534.0 533.0 533.0 532.0 531.0 531.0 530.0 529.0 529.0 528.0 5.0 52.0 59.0 65.0 71.0 77.0 83.0 89.0 95.0 101.0 108.0 114.0 120.0 126.0 132.0 138.0 144.0 150.0 156.0 163.0 169.0 175.0 181.0 187.0 193.0 199.0 205.0 211.0 217.0 223.0 229.0 235.0 241.0 247.0 254.0 260.0 266.0 272.0 278.0 284.0 290.0 296.0 302.0 308.0 314.0 320.0 326.0 332.0 338.0 343.0 349.0 355.0 361.0 367.0 373.0 378.0 384.0 390.0 396.0 402.0 407.0 413.0 419.0 425.0 430.0 436.0 441.0 447.0 453.0 458.0 464.0 469.0 475.0 480.0 486.0 491.0 497.0 502.0 508.0 513.0 519.0 524.0 530.0 536.0 541.0 547.0 553.0 559.0 565.0 570.0 576.0 582.0 588.0 594.0 600.0 606.0 612.0 618.0 624.0 630.0 393.0
617.0 620.0 620.0 620.0 620.0 620.0 620.0 620.0 620.0 619.0 619.0 619.0 618.0 618.0 618.0 618.0 617.0 617.0 617.0 617.0 616.0 616.0 616.0 615.0 615.0 615.0 615.0 615.0 614.0 614.0 614.0 614.0 613.0 613.0 612.0 612.0 612.0 612.0 611.0 611.0 610.0 610.0 610.0 609.0 609.0 608.0 607.0 607.0 606.0 606.0 605.0 604.0 604.0 603.0 602.0 602.0 601.0 600.0 599.0 598.0 597.0 595.0 594.0 593.0 592.0 591.0 589.0 587.0 586.0 585.0 583.0 582.0 580.0 578.0 576.0 575.0 574.0 572.0 570.0 569.0 567.0 566.0 565.0 563.0 562.0 561.0 560.0 559.0 558.0 558.0 557.0 556.0 556.0 555.0 555.0 554.0 554.0 553.0 553.0 553.0 5.0 52.0 58.0 64.0 70.0 76.0 82.0 88.0 94.0 100.0 106.0 112.0 119.0 125.0 131.0 137.0 143.0 149.0 155.0 161.0 167.0 173.0 179.0 185.0 191.0 197.0 204.0 210.0 216.0 222.0 228.0 234.0 240.0 246.0 252.0 258.0 264.0 270.0 276.0 282.0 288.0 294.0 300.0 306.0 312.0 318.0 324.0 330.0 336.0 342.0 348.0 354.0 360.0 366.0 371.0 377.0 383.0 389.0 395.0 401.0 406.0 412.0 418.0 424.0 429.0 435.0 441.0 446.0 452.0 458.0 463.0 469.0 474.0 480.0 485.0 491.0 497.0 502.0 508.0 513.0 519.0 525.0 530.0 536.0 541.0 547.0 553.0 559.0 565.0 571.0 577.0 583.0 588.0 594.0 600.0 606.0 612.0 618.0 624.0 630.0 394.0
617.0 622.0 622.0 622.0 622.0 622.0 622.0 623.0 622.0 622.0 622.0 622.0 622.0 622.0 622.0 622.0 622.0 622.0 622.0 622.0 622.0 622.0 622.0 622.0 622.0 622.0 622.0 622.0 622.0 622.0 622.0 622.0 622.0 622.0 621.0 622.0 622.0 622.0 622.0 621.0 621.0 621.0 621.0 621.0 621.0 621.0 620.0 620.0 620.0 620.0 619.0 619.0 618.0 618.0 618.0 617.0 617.0 616.0 616.0 615.0 614.0 613.0 612.0 612.0 611.0 610.0 609.0 607.0 607.0 605.0 604.0 603.0 601.0 600.0 599.0 598.0 596.0 595.0 594.0 593.0 592.0 590.0 590.0 588.0 588.0 587.0 586.0 586.0 585.0 584.0 584.0 584.0 583.0 583.0 583.0 583.0 583.0 582.0 582.0 582.0 5.0 51.0 57.0 63.0 69.0 75.0 81.0 87.0 93.0 99.0 105.0 111.0 118.0 124.0 130.0 136.0 142.0 148.0 154.0 160.0 166.0 172.0 178.0 184.0 190.0 196.0 202.0 208.0 214.0 220.0 226.0 232.0 238.0 244.0 250.0 256.0 262.0 268.0 274.0 280.0 286.0 292.0 298.0 304.0 310.0 316.0 322.0 328.0 334.0 340.0 346.0 352.0 358.0 364.0 369.0 375.0 381.0 387.0 393.0 399.0 405.0 411.0 417.0 423.0 428.0 434.0 440.0 446.0 452.0 457.0 463.0 468.0 474.0 480.0 486.0 491.0 497.0 503.0 508.0 514.0 520.0 526.0 531.0 537.0 543.0 549.0 555.0 561.0 566.0 572.0 578.0 584.0 590.0 596.0 602.0 608.0 614.0 620.0 626.0 632.0 395.0
617.0 623.0 624.0 624.0 625.0 625.0 625.0 625.0 626.0 626.0 626.0 626.0 626.0 627.0 627.0 627.0 627.0 627.0 628.0 628.0 628.0 628.0 628.0 629.0 629.0 629.0 630.0 630.0 630.0 630.0 631.0 631.0 631.0 631.0 632.0 632.0 632.0 633.0 633.0 633.0 633.0 634.0 634.0 634.0 634.0 634.0 634.0 634.0 634.0 634.0 634.0 634.0 634.0 634.0 634.0 634.0 634.0 633.0 633.0 633.0 633.0 632.0 632.0 631.0 631.0 630.0 630.0 629.0 628.0 627.0 626.0 625.0 624.0 624.0 623.0 622.0 621.0 620.0 619.0 618.0 617.0 617.0 616.0 615.0 615.0 614.0 614.0 614.0 613.0 613.0 613.0 613.0 613.0 613.0 613.0 613.0 613.0 613.0 614.0 614.0 5.0 51.0 56.0 62.0 68.0 74.0 80.0 86.0 92.0 98.0 104.0 110.0 117.0 123.0 129.0 135.0 141.0 146.0 152.0 158.0 164.0 170.0 176.0 182.0 188.0 194.0 200.0 206.0 212.0 218.0 224.0 230.0 236.0 242.0 248.0 254.0 260.0 266.0 272.0 278.0 284.0 290.0 296.0 302.0 308.0 313.0 319.0 325.0 331.0 337.0 343.0 349.0 355.0 361.0 367.0 373.0 379.0 385.0 391.0 397.0 402.0 408.0 414.0 420.0 426.0 432.0 438.0 444.0 450.0 456.0 461.0 467.0 473.0 479.0 485.0 491.0 496.0 502.0 508.0 514.0 520.0 526.0 532.0 538.0 543.0 549.0 555.0 561.0 567.0 573.0 579.0 585.0 591.0 597.0 603.0 609.0 615.0 621.0 627.0 633.0 396.0
617.0 625.0 626.0 626.0 627.0 627.0 628.0 628.0 629.0 629.0 629.0 630.0 630.0 631.0 631.0 632.0 632.0 633.0 633.0 634.0 634.0 635.0 635.0 636.0 636.0 637.0 638.0 638.0 639.0 639.0 640.0 640.0 641.0 642.0 642.0 642.0 643.0 644.0 644.0 645.0 645.0 646.0 646.0 647.0 647.0 648.0 648.0 649.0 649.0 649.0 649.0 650.0 650.0 651.0 651.0 651.0 651.0 651.0 651.0 651.0 651.0 651.0 651.0 651.0 651.0 651.0 650.0 650.0 650.0 649.0 649.0 648.0 647.0 647.0 646.0 646.0 645.0 645.0 644.0 644.0 643.0 643.0 643.0 642.0 642.0 642.0 642.0 642.0 642.0 642.0 642.0 642.0 643.0 643.0 643.0 644.0 644.0 645.0 646.0 646.0 5.0 50.0 56.0 62.0 68.0 74.0 80.0 86.0 92.0 98.0 104.0 110.0 116.0 122.0 128.0 134.0 140.0 146.0 152.0 158.0 164.0 170.0 176.0 182.0 188.0 193.0 199.0 205.0 211.0 217.0 223.0 229.0 235.0 241.0 247.0 253.0 259.0 265.0 271.0 276.0 282.0 288.0 294.0 300.0 306.0 312.0 318.0 324.0 330.0 336.0 342.0 348.0 354.0 360.0 366.0 372.0 378.0 384.0 390.0 396.0 401.0 407.0 413.0 419.0 425.0 431.0 437.0 443.0 449.0 455.0 461.0 467.0 473.0 479.0 485.0 491.0 497.0 503.0 509.0 515.0 521.0 527.0 533.0 539.0 545.0 551.0 557.0 563.0 569.0 575.0 581.0 587.0 593.0 599.0 605.0 611.0 616.0 622.0 628.0 634.0 397.0
617.0 626.0 627.0 628.0 629.0 630.0 630.0 631.0 632.0 632.0 633.0 634.0 634.0 635.0 636.0 636.0 637.0 638.0 638.0 639.0 640.0 641.0 641.0 642.0 643.0 644.0 645.0 646.0 647.0 648.0 648.0 649.0 650.0 651.0 652.0 652.0 653.0 654.0 655.0 656.0 657.0 658.0 658.0 659.0 660.0 661.0 661.0 662.0 663.0 663.0 664.0 665.0 666.0 666.0 666.0 667.0 668.0 668.0 668.0 669.0 669.0 669.0 670.0 670.0 670.0 670.0 670.0 670.0 670.0 670.0 670.0 669.0 669.0 669.0 669.0 668.0 668.0 668.0 668.0 668.0 667.0 668.0 668.0 667.0 667.0 668.0 668.0 668.0 668.0 669.0 670.0 670.0 671.0 671.0 672.0 673.0 674.0 675.0 676.0 677.0 5.0 49.0 55.0 61.0 67.0 73.0 79.0 85.0 91.0 97.0 103.0 109.0 115.0 121.0 127.0 133.0 139.0 145.0 151.0 157.0 163.0 169.0 175.0 181.0 187.0 193.0 199.0 205.0 211.0 217.0 223.0 229.0 234.0 240.0 246.0 252.0 258.0 264.0 270.0 276.0 282.0 288.0 294.0 300.0 306.0 312.0 317.0 323.0 329.0 335.0 341.0 347.0 353.0 359.0 365.0 371.0 377.0 383.0 389.0 395.0 401.0 407.0 413.0 419.0 425.0 431.0 437.0 443.0 449.0 455.0 461.0 467.0 473.0 479.0 485.0 492.0 498.0 504.0 510.0 516.0 522.0 528.0 534.0 540.0 546.0 552.0 558.0 564.0 570.0 576.0 582.0 588.0 594.0 600.0 606.0 612.0 618.0 624.0 630.0 635.0 398.0
617.0 628.0 629.0 630.0 631.0 632.0 633.0 634.0 635.0 636.0 636.0 637.0 638.0 639.0 640.0 641.0 642.0 643.0 644.0 644.0 646.0 647.0 648.0 649.0 650.0 651.0 652.0 653.0 654.0 655.0 656.0 658.0 658.0 660.0 661.0 662.0 663.0 664.0 665.0 666.0 667.0 669.0 669.0 670.0 671.0 672.0 673.0 675.0 675.0 676.0 677.0 678.0 679.0 680.0 681.0 682.0 682.0 683.0 684.0 684.0 685.0 686.0 686.0 687.0 687.0 688.0 688.0 688.0 688.0 688.0 689.0 689.0 689.0 689.0 689.0 689.0 689.0 689.0 689.0 689.0 689.0 690.0 690.0 690.0 691.0 691.0 692.0 692.0 693.0 694.0 695.0 696.0 696.0 697.0 698.0 699.0 700.0 702.0 703.0 704.0 5.0 50.0 56.0 62.0 67.0 73.0 79.0 86.0 92.0 98.0 104.0 110.0 116.0 122.0 128.0 134.0 140.0 146.0 151.0 157.0 163.0 169.0 175.0 181.0 187.0 193.0 199.0 205.0 211.0 217.0 223.0 229.0 235.0 240.0 246.0 252.0 258.0 264.0 270.0 276.0 282.0 288.0 294.0 300.0 306.0 311.0 317.0 323.0 329.0 335.0 341.0 347.0 353.0 359.0 365.0 371.0 377.0 383.0 389.0 395.0 401.0 407.0 413.0 419.0 425.0 431.0 437.0 443.0 449.0 455.0 461.0 467.0 474.0 480.0 486.0 492.0 498.0 504.0 511.0 517.0 523.0 529.0 535.0 541.0 547.0 553.0 559.0 565.0 571.0 577.0 583.0 589.0 595.0 601.0 607.0 613.0 619.0 625.0 631.0 636.0 399.0
617.0 629.0 630.0 632.0 633.0 634.0 635.0 636.0 637.0 638.0 639.0 640.0 641.0 643.0 643.0 644.0 645.0 646.0 648.0 649.0 650.0 651.0 653.0 654.0 655.0 656.0 657.0 659.0 660.0 661.0 662.0 664.0 665.0 667.0 668.0 669.0 670.0 672.0 673.0 674.0 676.0 677.0 678.0 679.0 681.0 682.0 683.0 684.0 685.0 687.0 688.0 689.0 690.0 691.0 692.0 693.0 694.0 695.0 696.0 697.0 698.0 699.0 699.0 700.0 701.0 702.0 702.0 703.0 703.0 703.0 704.0 704.0 704.0 705.0 705.0 705.0 706.0 706.0 706.0 706.0 707.0 707.0 708.0 709.0 709.0 710.0 710.0 711.0 712.0 713.0 714.0 716.0 717.0 718.0 719.0 720.0 722.0 723.0 725.0 726.0 5.0 50.0 56.0 62.0 68.0 74.0 80.0 86.0 92.0 98.0 104.0 110.0 116.0 122.0 128.0 134.0 140.0 146.0 152.0 158.0 164.0 170.0 175.0 181.0 187.0 193.0 199.0 205.0 211.0 217.0 223.0 229.0 235.0 241.0 247.0 252.0 258.0 264.0 270.0 276.0 282.0 288.0 294.0 300.0 305.0 311.0 317.0 323.0 329.0 335.0 341.0 347.0 353.0 359.0 365.0 371.0 377.0 383.0 389.0 395.0 401.0 407.0 413.0 419.0 425.0 431.0 437.0 443.0 450.0 456.0 462.0 468.0 474.0 480.0 487.0 493.0 499.0 505.0 511.0 517.0 524.0 529.0 536.0 542.0 548.0 554.0 560.0 566.0 572.0 578.0 584.0 590.0 596.0 602.0 608.0 614.0 619.0 625.0 631.0 637.0 400.0
617.0 630.0 632.0 633.0 634.0 635.0 636.0 637.0 638.0 640.0 641.0 642.0 643.0 644.0 646.0 646.0 648.0 649.0 650.0 652.0 653.0 654.0 656.0 657.0 659.0 660.0 661.0 663.0 664.0 666.0 667.0 669.0 670.0 671.0 673.0 674.0 676.0 677.0 679.0 680.0 681.0 683.0 684.0 685.0 687.0 688.0 690.0 691.0 692.0 694.0 695.0 696.0 697.0 699.0 700.0 701.0 702.0 703.0 705.0 705.0 706.0 707.0 708.0 709.0 710.0 711.0 712.0 712.0 713.0 713.0 714.0 714.0 715.0 715.0 716.0 716.0 717.0 717.0 717.0 718.0 719.0 719.0 720.0 721.0 721.0 722.0 723.0 724.0 725.0 726.0 728.0 729.0 730.0 732.0 733.0 734.0 736.0 737.0 739.0 741.0 5.0 50.0 56.0 62.0 68.0 74.0 80.0 86.0 92.0 98.0 104.0 110.0 116.0 122.0 128.0 134.0 140.0 146.0 152.0 158.0 164.0 170.0 176.0 182.0 188.0 194.0 199.0 205.0 211.0 217.0 223.0 229.0 235.0 241.0 247.0 252.0 258.0 264.0 270.0 276.0 282.0 288.0 294.0 300.0 306.0 312.0 317.0 323.0 329.0 335.0 341.0 347.0 353.0 359.0 365.0 371.0 377.0 383.0 389.0 395.0 401.0 407.0 413.0 419.0 425.0 431.0 437.0 444.0 450.0 456.0 462.0 468.0 475.0 481.0 487.0 493.0 500.0 506.0 512.0 518.0 524.0 530.0 537.0 543.0 549.0 555.0 561.0 567.0 573.0 579.0 585.0 591.0 597.0 603.0 608.0 614.0 620.0 626.0 632.0 637.0 401.0
617.0 631.0 632.0 633.0 635.0 636.0 637.0 638.0 639.0 641.0 642.0 643.0 644.0 646.0 647.0 648.0 649.0 650.0 652.0 653.0 655.0 656.0 657.0 659.0 660.0 662.0 663.0 665.0 666.0 668.0 669.0 671.0 672.0 674.0 675.0 676.0 678.0 680.0 681.0 683.0 684.0 686.0 687.0 688.0 690.0 691.0 693.0 694.0 695.0 697.0 698.0 700.0 701.0 702.0 704.0 705.0 706.0 707.0 709.0 709.0 710.0 712.0 713.0 713.0 714.0 716.0 716.0 717.0 717.0 718.0 719.0 719.0 720.0 720.0 721.0 721.0 722.0 722.0 723.0 723.0 724.0 725.0 726.0 726.0 727.0 728.0 729.0 730.0 731.0 733.0 734.0 735.0 736.0 738.0 739.0 741.0 742.0 744.0 746.0 748.0 5.0 50.0 56.0 62.0 68.0 74.0 80.0 86.0 92.0 98.0 104.0 110.0 116.0 122.0 128.0 134.0 140.0 146.0 151.0 158.0 164.0 170.0 175.0 181.0 187.0 193.0 199.0 205.0 211.0 217.0 223.0 229.0 235.0 240.0 246.0 252.0 258.0 264.0 270.0 276.0 282.0 288.0 294.0 300.0 305.0 311.0 317.0 323.0 329.0 335.0 341.0 347.0 353.0 359.0 365.0 371.0 377.0 383.0 389.0 395.0 401.0 407.0 413.0 419.0 425.0 431.0 437.0 443.0 450.0 456.0 462.0 468.0 475.0 481.0 487.0 493.0 499.0 505.0 512.0 518.0 524.0 530.0 536.0 542.0 549.0 555.0 561.0 567.0 573.0 579.0 585.0 591.0 597.0 603.0 609.0 614.0 620.0 626.0 632.0 637.0 402.0
617.0 630.0 632.0 633.0 634.0 636.0 637.0 638.0 639.0 641.0 642.0 643.0 644.0 646.0 647.0 648.0 649.0 651.0 652.0 653.0 655.0 656.0 657.0 659.0 661.0 662.0 663.0 665.0 666.0 668.0 669.0 671.0 672.0 674.0 675.0 677.0 678.0 680.0 681.0 683.0 684.0 686.0 687.0 689.0 690.0 692.0 693.0 695.0 696.0 697.0 698.0 700.0 701.0 703.0 704.0 705.0 706.0 707.0 709.0 710.0 711.0 712.0 713.0 714.0 715.0 716.0 716.0 717.0 718.0 718.0 719.0 719.0 720.0 721.0 721.0 721.0 722.0 723.0 723.0 724.0 724.0 725.0 726.0 726.0 727.0 728.0 729.0 730.0 731.0 732.0 734.0 735.0 736.0 738.0 739.0 741.0 742.0 744.0 746.0 748.0 5.0 49.0 55.0 61.0 67.0 73.0 79.0 85.0 91.0 97.0 103.0 109.0 115.0 121.0 127.0 133.0 139.0 145.0 151.0 157.0 163.0 169.0 175.0 181.0 187.0 193.0 198.0 204.0 210.0 216.0 222.0 228.0 234.0 240.0 246.0 252.0 257.0 263.0 269.0 275.0 281.0 287.0 293.0 299.0 305.0 310.0 316.0 322.0 328.0 334.0 340.0 346.0 352.0 358.0 364.0 370.0 376.0 382.0 388.0 394.0 400.0 406.0 412.0 418.0 424.0 430.0 436.0 443.0 449.0 455.0 461.0 467.0 474.0 480.0 486.0 493.0 499.0 505.0 511.0 518.0 524.0 530.0 536.0 542.0 549.0 555.0 561.0 567.0 573.0 579.0 585.0 591.0 597.0 603.0 608.0 614.0 620.0 626.0 632.0 637.0 403.0
617.0 630.0 632.0 633.0 634.0 635.0 636.0 637.0 639.0 640.0 641.0 642.0 644.0 645.0 646.0 647.0 648.0 650.0 651.0 652.0 654.0 655.0 656.0 657.0 659.0 660.0 662.0 663.0 665.0 666.0 667.0 669.0 670.0 672.0 673.0 675.0 676.0 677.0 679.0 680.0 682.0 683.0 684.0 686.0 687.0 689.0 690.0 691.0 693.0 694.0 695.0 697.0 698.0 699.0 700.0 701.0 702.0 704.0 705.0 706.0 707.0 708.0 709.0 710.0 710.0 711.0 712.0 713.0 713.0 714.0 714.0 714.0 715.0 716.0 716.0 716.0 716.0 717.0 718.0 718.0 718.0 719.0 720.0 721.0 721.0 722.0 723.0 724.0 725.0 726.0 727.0 728.0 729.0 731.0 732.0 733.0 735.0 736.0 738.0 740.0 5.0 48.0 54.0 60.0 66.0 72.0 78.0 84.0 90.0 96.0 102.0 108.0 114.0 120.0 126.0 132.0 138.0 144.0 150.0 156.0 162.0 168.0 174.0 180.0 186.0 192.0 198.0 204.0 209.0 215.0 221.0 227.0 233.0 239.0 245.0 251.0 257.0 262.0 268.0 274.0 280.0 286.0 292.0 298.0 304.0 310.0 315.0 321.0 327.0 333.0 339.0 345.0 351.0 357.0 363.0 369.0 375.0 381.0 387.0 393.0 399.0 405.0 412.0 418.0 424.0 430.0 436.0 442.0 449.0 455.0 461.0 467.0 473.0 479.0 486.0 492.0 498.0 505.0 511.0 517.0 524.0 530.0 536.0 542.0 548.0 554.0 560.0 566.0 573.0 579.0 585.0 591.0 597.0 603.0 608.0 614.0 620.0 626.0 632.0 637.0 404.0
617.0 629.0 631.0 632.0 633.0 634.0 635.0 636.0 637.0 639.0 640.0 641.0 642.0 643.0 644.0 645.0 646.0 647.0 648.0 650.0 651.0 652.0 653.0 654.0 656.0 657.0 658.0 659.0 661.0 662.0 663.0 665.0 666.0 667.0 668.0 670.0 671.0 673.0 674.0 675.0 676.0 678.0 679.0 680.0 681.0 683.0 684.0 685.0 686.0 687.0 688.0 690.0 691.0 692.0 693.0 694.0 695.0 696.0 697.0 697.0 698.0 699.0 700.0 701.0 701.0 702.0 703.0 703.0 703.0 704.0 704.0 704.0 705.0 705.0 705.0 705.0 706.0 706.0 706.0 706.0 707.0 707.0 708.0 708.0 708.0 709.0 710.0 711.0 711.0 712.0 713.0 714.0 715.0 716.0 717.0 719.0 720.0 721.0 723.0 724.0 5.0 48.0 54.0 60.0 66.0 72.0 78.0 84.0 90.0 96.0 102.0 108.0 114.0 120.0 126.0 132.0 138.0 143.0 149.0 155.0 161.0 167.0 173.0 179.0 185.0 191.0 197.0 203.0 208.0 214.0 220.0 226.0 232.0 238.0 244.0 250.0 256.0 261.0 267.0 273.0 279.0 285.0 291.0 297.0 303.0 309.0 315.0 321.0 326.0 332.0 338.0 344.0 350.0 356.0 362.0 368.0 374.0 380.0 386.0 392.0 398.0 404.0 411.0 417.0 423.0 429.0 435.0 442.0 448.0 454.0 460.0 466.0 473.0 479.0 485.0 491.0 497.0 504.0 510.0 516.0 523.0 529.0 535.0 541.0 547.0 553.0 559.0 565.0 572.0 578.0 584.0 590.0 596.0 602.0 608.0 613.0 619.0 625.0 631.0 637.0 405.0
617.0 628.0 630.0 631.0 632.0 633.0 634.0 635.0 636.0 636.0 637.0 638.0 639.0 640.0 641.0 642.0 643.0 644.0 645.0 646.0 647.0 648.0 649.0 650.0 651.0 652.0 653.0 654.0 655.0 656.0 657.0 658.0 659.0 661.0 661.0 663.0 664.0 665.0 666.0 667.0 668.0 669.0 670.0 671.0 672.0 673.0 674.0 675.0 676.0 677.0 678.0 679.0 680.0 680.0 681.0 682.0 683.0 683.0 684.0 685.0 685.0 686.0 687.0 687.0 687.0 688.0 688.0 688.0 688.0 688.0 688.0 688.0 689.0 689.0 689.0 688.0 688.0 689.0 689.0 688.0 688.0 689.0 689.0 689.0 689.0 690.0 690.0 690.0 691.0 691.0 692.0 693.0 693.0 694.0 695.0 696.0 697.0 698.0 699.0 701.0 5.0 48.0 54.0 60.0 66.0 72.0 78.0 84.0 90.0 96.0 102.0 107.0 113.0 119.0 125.0 131.0 137.0 143.0 149.0 155.0 161.0 167.0 173.0 179.0 185.0 191.0 197.0 203.0 208.0 214.0 220.0 226.0 232.0 238.0 244.0 250.0 256.0 262.0 267.0 273.0 279.0 285.0 291.0 297.0 303.0 309.0 315.0 321.0 327.0 333.0 339.0 344.0 350.0 356.0 362.0 368.0 374.0 381.0 387.0 393.0 399.0 405.0 411.0 417.0 423.0 429.0 435.0 442.0 448.0 454.0 460.0 466.0 472.0 478.0 484.0 491.0 497.0 503.0 509.0 515.0 521.0 527.0 534.0 540.0 546.0 552.0 558.0 564.0 570.0 576.0 582.0 588.0 594.0 600.0 606.0 612.0 618.0 624.0 630.0 636.0 406.0
617.0 627.0 628.0 629.0 630.0 631.0 631.0 632.0 633.0 634.0 634.0 635.0 636.0 636.0 637.0 638.0 638.0 639.0 640.0 641.0 641.0 642.0 643.0 644.0 645.0 645.0 646.0 647.0 648.0 649.0 649.0 651.0 651.0 652.0 653.0 654.0 654.0 655.0 656.0 657.0 657.0 658.0 659.0 660.0 660.0 661.0 662.0 663.0 663.0 664.0 665.0 665.0 666.0 666.0 667.0 667.0 667.0 668.0 669.0 669.0 669.0 669.0 670.0 670.0 670.0 670.0 670.0 670.0 670.0 669.0 669.0 669.0 669.0 668.0 668.0 668.0 667.0 667.0 667.0 666.0 666.0 666.0 666.0 665.0 665.0 665.0 665.0 666.0 666.0 666.0 666.0 667.0 667.0 668.0 668.0 669.0 670.0 670.0 671.0 672.0 5.0 48.0 54.0 60.0 66.0 72.0 78.0 83.0 89.0 95.0 101.0 107.0 113.0 119.0 125.0 131.0 137.0 143.0 149.0 155.0 161.0 167.0 173.0 179.0 185.0 190.0 196.0 202.0 208.0 214.0 220.0 226.0 232.0 238.0 244.0 250.0 256.0 262.0 267.0 273.0 279.0 285.0 291.0 297.0 303.0 309.0 315.0 321.0 327.0 333.0 339.0 345.0 351.0 357.0 363.0 369.0 375.0 381.0 387.0 393.0 399.0 405.0 411.0 417.0 423.0 429.0 435.0 441.0 447.0 453.0 459.0 465.0 471.0 477.0 483.0 489.0 495.0 501.0 507.0 513.0 519.0 525.0 531.0 537.0 543.0 549.0 555.0 561.0 567.0 573.0 579.0 585.0 591.0 597.0 603.0 609.0 615.0 621.0 627.0 632.0 407.0
617.0 626.0 626.0 627.0 627.0 628.0 629.0 629.0 629.0 630.0 631.0 631.0 631.0 632.0 633.0 633.0 633.0 634.0 634.0 635.0 635.0 636.0 636.0 637.0 638.0 638.0 639.0 639.0 640.0 640.0 641.0 641.0 642.0 642.0 643.0 643.0 644.0 644.0 645.0 645.0 646.0 646.0 647.0 647.0 647.0 648.0 648.0 649.0 649.0 649.0 649.0 650.0 650.0 650.0 650.0 650.0 651.0 651.0 651.0 651.0 650.0 651.0 651.0 650.0 650.0 649.0 649.0 649.0 648.0 648.0 647.0 646.0 646.0 645.0 644.0 644.0 643.0 642.0 642.0 641.0 640.0 640.0 639.0 639.0 638.0 638.0 638.0 638.0 637.0 637.0 637.0 637.0 637.0 638.0 638.0 638.0 639.0 639.0 640.0 640.0 5.0 49.0 54.0 60.0 66.0 72.0 78.0 84.0 90.0 96.0 102.0 108.0 114.0 120.0 126.0 132.0 138.0 144.0 150.0 156.0 162.0 168.0 174.0 180.0 186.0 192.0 198.0 204.0 210.0 216.0 222.0 228.0 234.0 240.0 246.0 252.0 258.0 264.0 269.0 275.0 281.0 287.0 293.0 299.0 305.0 311.0 317.0 323.0 329.0 335.0 341.0 347.0 353.0 359.0 365.0 371.0 377.0 383.0 389.0 395.0 401.0 406.0 412.0 418.0 424.0 430.0 436.0 442.0 448.0 454.0 459.0 465.0 471.0 477.0 483.0 489.0 494.0 500.0 506.0 512.0 518.0 523.0 530.0 535.0 541.0 547.0 553.0 559.0 565.0 571.0 577.0 583.0 589.0 595.0 601.0 606.0 612.0 618.0 624.0 630.0 408.0
617.0 624.0 624.0 625.0 625.0 626.0 626.0 626.0 627.0 627.0 627.0 627.0 627.0 628.0 628.0 628.0 628.0 628.0 629.0 629.0 629.0 629.0 630.0 630.0 630.0 631.0 631.0 631.0 631.0 632.0 632.0 632.0 632.0 632.0 633.0 633.0 633.0 633.0 633.0 634.0 634.0 634.0 634.0 634.0 634.0 635.0 634.0 634.0 634.0 635.0 634.0 634.0 634.0 634.0 634.0 634.0 633.0 633.0 633.0 632.0 632.0 632.0 631.0 630.0 629.0 629.0 628.0 627.0 626.0 626.0 624.0 623.0 622.0 621.0 620.0 619.0 618.0 617.0 616.0 615.0 614.0 613.0 612.0 612.0 611.0 610.0 610.0 609.0 609.0 609.0 608.0 608.0 608.0 608.0 608.0 608.0 608.0 608.0 608.0 609.0 5.0 50.0 55.0 61.0 67.0 73.0 79.0 86.0 92.0 98.0 104.0 109.0 115.0 121.0 127.0 134.0 140.0 146.0 152.0 158.0 164.0 170.0 176.0 182.0 188.0 194.0 200.0 206.0 212.0 218.0 224.0 230.0 236.0 242.0 248.0 254.0 260.0 266.0 272.0 278.0 284.0 290.0 296.0 302.0 308.0 314.0 320.0 326.0 332.0 338.0 344.0 349.0 355.0 361.0 367.0 373.0 379.0 385.0 391.0 397.0 403.0 409.0 415.0 420.0 426.0 432.0 438.0 444.0 449.0 455.0 461.0 467.0 472.0 478.0 484.0 490.0 495.0 501.0 507.0 512.0 519.0 524.0 530.0 536.0 541.0 547.0 553.0 559.0 565.0 571.0 577.0 583.0 589.0 595.0 601.0 607.0 613.0 619.0 625.0 630.0 409.0
617.0 622.0 623.0 623.0 623.0 624.0 624.0 624.0 624.0 624.0 624.0 623.0 624.0 624.0 624.0 624.0 624.0 624.0 624.0 624.0 623.0 624.0 623.0 624.0 624.0 624.0 624.0 624.0 624.0 624.0 623.0 624.0 623.0 623.0 623.0 623.0 623.0 623.0 623.0 623.0 623.0 622.0 622.0 622.0 622.0 622.0 622.0 621.0 621.0 621.0 620.0 620.0 619.0 619.0 618.0 618.0 617.0 617.0 616.0 615.0 614.0 614.0 613.0 612.0 611.0 610.0 609.0 607.0 606.0 605.0 604.0 602.0 601.0 600.0 598.0 597.0 595.0 594.0 593.0 592.0 590.0 589.0 588.0 587.0 586.0 585.0 584.0 584.0 583.0 582.0 582.0 581.0 581.0 581.0 580.0 580.0 580.0 580.0 580.0 579.0 5.0 50.0 56.0 62.0 68.0 75.0 81.0 87.0 93.0 99.0 105.0 111.0 117.0 123.0 129.0 135.0 141.0 147.0 153.0 159.0 165.0 171.0 177.0 184.0 190.0 195.0 202.0 208.0 214.0 220.0 226.0 232.0 238.0 244.0 250.0 256.0 262.0 268.0 274.0 280.0 286.0 292.0 298.0 304.0 310.0 316.0 322.0 328.0 334.0 340.0 345.0 351.0 357.0 363.0 369.0 375.0 381.0 387.0 393.0 399.0 404.0 410.0 416.0 422.0 428.0 433.0 439.0 445.0 450.0 456.0 462.0 468.0 473.0 479.0 484.0 490.0 496.0 502.0 507.0 513.0 519.0 524.0 530.0 536.0 542.0 548.0 553.0 559.0 565.0 571.0 577.0 583.0 589.0 595.0 601.0 607.0 613.0 619.0 625.0 631.0 410.0
617.0 621.0 621.0 621.0 621.0 621.0 621.0 621.0 621.0 621.0 621.0 620.0 620.0 620.0 620.0 619.0 619.0 619.0 619.0 618.0 618.0 618.0 618.0 618.0 617.0 617.0 617.0 616.0 617.0 616.0 616.0 616.0 615.0 615.0 615.0 614.0 614.0 613.0 613.0 613.0 612.0 612.0 611.0 611.0 610.0 610.0 610.0 609.0 608.0 608.0 607.0 606.0 606.0 605.0 604.0 603.0 602.0 601.0 600.0 599.0 598.0 597.0 596.0 594.0 593.0 592.0 590.0 589.0 587.0 586.0 584.0 583.0 581.0 579.0 578.0 576.0 574.0 573.0 571.0 570.0 568.0 567.0 565.0 564.0 563.0 562.0 561.0 560.0 559.0 558.0 557.0 557.0 556.0 556.0 555.0 554.0 554.0 553.0 553.0 553.0 5.0 52.0 58.0 64.0 70.0 76.0 82.0 89.0 95.0 101.0 107.0 113.0 119.0 125.0 131.0 137.0 144.0 149.0 156.0 162.0 168.0 174.0 180.0 186.0 192.0 198.0 204.0 210.0 216.0 222.0 228.0 234.0 240.0 246.0 252.0 259.0 265.0 271.0 277.0 283.0 289.0 295.0 301.0 307.0 313.0 318.0 324.0 330.0 336.0 342.0 348.0 354.0 360.0 366.0 372.0 377.0 383.0 389.0 395.0 401.0 407.0 412.0 418.0 424.0 430.0 435.0 441.0 447.0 452.0 458.0 463.0 469.0 475.0 480.0 486.0 491.0 497.0 503.0 508.0 514.0 520.0 525.0 531.0 537.0 543.0 548.0 554.0 560.0 566.0 572.0 578.0 583.0 589.0 595.0 601.0 607.0 613.0 619.0 625.0 631.0 411.0
617.0 620.0 620.0 620.0 620.0 620.0 620.0 619.0 619.0 618.0 618.0 618.0 617.0 617.0 616.0 616.0 616.0 615.0 615.0 614.0 614.0 613.0 613.0 613.0 612.0 612.0 611.0 611.0 611.0 610.0 610.0 609.0 609.0 608.0 608.0 607.0 606.0 606.0 605.0 605.0 604.0 603.0 603.0 602.0 601.0 601.0 600.0 599.0 598.0 598.0 596.0 596.0 595.0 594.0 593.0 591.0 590.0 589.0 588.0 586.0 585.0 584.0 582.0 581.0 579.0 577.0 576.0 574.0 572.0 571.0 569.0 567.0 565.0 563.0 561.0 559.0 557.0 556.0 554.0 552.0 551.0 549.0 547.0 546.0 544.0 543.0 542.0 541.0 540.0 538.0 538.0 537.0 536.0 535.0 534.0 534.0 533.0 532.0 532.0 531.0 5.0 52.0 58.0 64.0 70.0 77.0 83.0 89.0 95.0 101.0 107.0 114.0 120.0 126.0 132.0 138.0 144.0 150.0 156.0 163.0 169.0 175.0 181.0 187.0 193.0 199.0 205.0 211.0 217.0 223.0 229.0 235.0 242.0 248.0 254.0 260.0 266.0 272.0 278.0 284.0 290.0 296.0 302.0 308.0 314.0 320.0 326.0 332.0 338.0 344.0 350.0 356.0 362.0 367.0 373.0 379.0 385.0 391.0 396.0 402.0 408.0 414.0 420.0 425.0 431.0 436.0 442.0 448.0 453.0 459.0 464.0 470.0 476.0 481.0 487.0 492.0 498.0 504.0 509.0 515.0 521.0 526.0 532.0 538.0 544.0 549.0 555.0 561.0 567.0 573.0 579.0 585.0 591.0 597.0 603.0 608.0 614.0 620.0 626.0 632.0 412.0
617.0 619.0 619.0 619.0 619.0 619.0 618.0 617.0 617.0 617.0 616.0 616.0 616.0 615.0 614.0 613.0 613.0 613.0 612.0 612.0 611.0 610.0 610.0 609.0 609.0 608.0 608.0 607.0 607.0 606.0 605.0 605.0 604.0 603.0 603.0 602.0 601.0 600.0 600.0 599.0 598.0 598.0 597.0 596.0 595.0 594.0 594.0 592.0 591.0 590.0 589.0 588.0 587.0 586.0 585.0 583.0 582.0 581.0 579.0 578.0 576.0 575.0 573.0 571.0 569.0 567.0 566.0 564.0 562.0 560.0 558.0 556.0 554.0 552.0 550.0 547.0 546.0 544.0 542.0 540.0 538.0 536.0 535.0 533.0 531.0 530.0 529.0 527.0 526.0 525.0 524.0 523.0 522.0 521.0 520.0 520.0 518.0 518.0 517.0 516.0 5.0 52.0 58.0 65.0 71.0 77.0 83.0 89.0 96.0 102.0 108.0 114.0 120.0 126.0 133.0 139.0 145.0 151.0 157.0 163.0 169.0 175.0 181.0 188.0 194.0 200.0 206.0 212.0 218.0 224.0 230.0 236.0 242.0 248.0 254.0 261.0 267.0 273.0 279.0 285.0 291.0 297.0 303.0 309.0 315.0 321.0 327.0 333.0 339.0 345.0 351.0 357.0 362.0 368.0 374.0 380.0 386.0 391.0 397.0 403.0 409.0 414.0 420.0 426.0 432.0 437.0 443.0 449.0 454.0 460.0 465.0 471.0 476.0 482.0 487.0 493.0 499.0 504.0 510.0 515.0 521.0 527.0 532.0 538.0 544.0 550.0 555.0 561.0 567.0 573.0 579.0 585.0 591.0 597.0 603.0 609.0 615.0 621.0 627.0 633.0 413.0
617.0 618.0 618.0 618.0 618.0 618.0 617.0 616.0 616.0 616.0 615.0 615.0 614.0 613.0 613.0 612.0 611.0 611.0 610.0 610.0 609.0 608.0 608.0 607.0 607.0 606.0 605.0 605.0 604.0 604.0 603.0 602.0 601.0 600.0 600.0 599.0 598.0 598.0 597.0 596.0 595.0 594.0 593.0 592.0 591.0 591.0 590.0 589.0 587.0 586.0 585.0 584.0 583.0 581.0 580.0 579.0 577.0 576.0 575.0 573.0 571.0 570.0 568.0 566.0 564.0 562.0 560.0 558.0 556.0 554.0 552.0 550.0 548.0 546.0 544.0 541.0 539.0 538.0 535.0 534.0 531.0 530.0 528.0 526.0 525.0 524.0 522.0 520.0 519.0 518.0 517.0 516.0 515.0 514.0 513.0 512.0 511.0 510.0 509.0 508.0 5.0 54.0 60.0 66.0 72.0 79.0 85.0 91.0 97.0 103.0 109.0 115.0 121.0 127.0 134.0 140.0 146.0 152.0 158.0 164.0 170.0 176.0 182.0 189.0 195.0 201.0 207.0 213.0 219.0 225.0 231.0 237.0 243.0 250.0 256.0 262.0 268.0 274.0 280.0 286.0 292.0 298.0 304.0 310.0 316.0 322.0 327.0 333.0 339.0 345.0 351.0 357.0 363.0 369.0 375.0 380.0 386.0 392.0 398.0 404.0 409.0 415.0 421.0 426.0 432.0 437.0 443.0 449.0 454.0 460.0 465.0 471.0 476.0 482.0 487.0 493.0 498.0 504.0 509.0 515.0 521.0 526.0 532.0 538.0 544.0 549.0 555.0 561.0 567.0 573.0 579.0 584.0 590.0 596.0 602.0 608.0 614.0 620.0 626.0 632.0 414.0
617.0 618.0 618.0 618.0 618.0 618.0 617.0 616.0 616.0 615.0 615.0 614.0 614.0 613.0 612.0 612.0 611.0 611.0 610.0 610.0 609.0 608.0 607.0 607.0 606.0 606.0 605.0 604.0 604.0 603.0 603.0 602.0 601.0 600.0 600.0 599.0 598.0 597.0 597.0 596.0 595.0 594.0 593.0 592.0 591.0 591.0 590.0 589.0 588.0 586.0 585.0 584.0 583.0 582.0 581.0 579.0 578.0 576.0 575.0 573.0 571.0 570.0 568.0 566.0 564.0 562.0 561.0 559.0 556.0 554.0 552.0 550.0 548.0 546.0 544.0 542.0 540.0 538.0 536.0 534.0 532.0 530.0 528.0 527.0 525.0 524.0 522.0 521.0 520.0 519.0 517.0 516.0 515.0 515.0 514.0 512.0 511.0 510.0 510.0 509.0 5.0 53.0 60.0 66.0 72.0 78.0 84.0 91.0 97.0 103.0 109.0 115.0 121.0 127.0 134.0 140.0 146.0 152.0 158.0 164.0 170.0 177.0 183.0 189.0 195.0 201.0 207.0 213.0 219.0 225.0 232.0 238.0 244.0 250.0 256.0 262.0 268.0 274.0 280.0 286.0 292.0 298.0 304.0 310.0 316.0 322.0 328.0 334.0 340.0 346.0 352.0 358.0 363.0 369.0 375.0 381.0 387.0 392.0 398.0 404.0 409.0 415.0 421.0 426.0 432.0 438.0 443.0 449.0 454.0 460.0 465.0 471.0 476.0 482.0 487.0 493.0 499.0 504.0 510.0 515.0 521.0 527.0 532.0 538.0 544.0 550.0 555.0 561.0 567.0 573.0 579.0 585.0 591.0 597.0 603.0 609.0 615.0 621.0 627.0 633.0 415.0
617.0 618.0 618.0 618.0 618.0 618.0 618.0 617.0 617.0 616.0 616.0 615.0 615.0 614.0 613.0 613.0 612.0 612.0 611.0 611.0 610.0 609.0 609.0 608.0 608.0 608.0 607.0 606.0 606.0 605.0 604.0 604.0 603.0 602.0 602.0 601.0 600.0 600.0 599.0 598.0 598.0 597.0 596.0 595.0 594.0 594.0 593.0 592.0 591.0 589.0 588.0 587.0 586.0 585.0 584.0 583.0 582.0 580.0 579.0 577.0 576.0 574.0 572.0 571.0 569.0 567.0 566.0 563.0 561.0 560.0 558.0 556.0 554.0 551.0 549.0 547.0 545.0 544.0 542.0 540.0 538.0 536.0 534.0 533.0 531.0 530.0 528.0 527.0 526.0 525.0 524.0 523.0 522.0 521.0 521.0 520.0 518.0 518.0 517.0 516.0 5.0 53.0 60.0 66.0 72.0 78.0 84.0 91.0 97.0 103.0 109.0 115.0 121.0 127.0 133.0 139.0 145.0 151.0 157.0 164.0 170.0 176.0 182.0 188.0 194.0 200.0 206.0 212.0 219.0 225.0 231.0 237.0 243.0 249.0 255.0 261.0 267.0 273.0 279.0 285.0 291.0 297.0 303.0 309.0 315.0 321.0 327.0 333.0 339.0 345.0 351.0 357.0 363.0 368.0 374.0 380.0 386.0 392.0 397.0 403.0 409.0 415.0 421.0 426.0 432.0 437.0 443.0 448.0 454.0 459.0 465.0 471.0 476.0 482.0 487.0 493.0 498.0 504.0 509.0 515.0 520.0 526.0 532.0 537.0 543.0 549.0 555.0 561.0 567.0 573.0 579.0 584.0 590.0 596.0 602.0 608.0 614.0 620.0 626.0 632.0 416.0
617.0 619.0 619.0 619.0 619.0 619.0 619.0 618.0 618.0 618.0 617.0 617.0 616.0 616.0 615.0 615.0 614.0 614.0 614.0 613.0 613.0 612.0 612.0 612.0 611.0 611.0 610.0 610.0 609.0 609.0 608.0 608.0 607.0 607.0 606.0 606.0 605.0 605.0 604.0 604.0 603.0 602.0 602.0 601.0 600.0 600.0 599.0 598.0 597.0 596.0 595.0 594.0 594.0 593.0 592.0 591.0 590.0 588.0 587.0 586.0 585.0 583.0 582.0 580.0 579.0 577.0 576.0 574.0 572.0 570.0 569.0 566.0 565.0 563.0 561.0 559.0 557.0 555.0 554.0 552.0 550.0 548.0 547.0 546.0 544.0 543.0 542.0 540.0 540.0 539.0 538.0 537.0 536.0 535.0 535.0 534.0 533.0 533.0 532.0 532.0 5.0 53.0 59.0 65.0 71.0 77.0 83.0 90.0 96.0 102.0 108.0 114.0 120.0 126.0 132.0 138.0 144.0 150.0 156.0 162.0 168.0 175.0 181.0 187.0 193.0 199.0 205.0 211.0 217.0 223.0 229.0 235.0 242.0 248.0 254.0 260.0 266.0 272.0 278.0 284.0 290.0 296.0 302.0 308.0 314.0 320.0 326.0 332.0 338.0 344.0 350.0 356.0 361.0 367.0 373.0 379.0 385.0 390.0 396.0 402.0 408.0 413.0 419.0 425.0 430.0 436.0 441.0 447.0 453.0 458.0 464.0 469.0 475.0 480.0 486.0 491.0 497.0 502.0 508.0 513.0 519.0 524.0 530.0 536.0 542.0 547.0 553.0 559.0 565.0 571.0 577.0 582.0 588.0 594.0 600.0 606.0 612.0 618.0 624.0 630.0 417.0
617.0 620.0 620.0 620.0 620.0 620.0 620.0 620.0 620.0 620.0 619.0 619.0 619.0 619.0 618.0 618.0 617.0 617.0 617.0 617.0 617.0 616.0 616.0 616.0 615.0 615.0 615.0 615.0 614.0 614.0 614.0 614.0 613.0 613.0 612.0 612.0 612.0 612.0 611.0 611.0 611.0 610.0 610.0 609.0 608.0 608.0 608.0 607.0 607.0 606.0 605.0 604.0 604.0 603.0 602.0 602.0 601.0 600.0 599.0 598.0 597.0 596.0 595.0 593.0 592.0 590.0 589.0 588.0 586.0 585.0 583.0 581.0 580.0 578.0 577.0 575.0 573.0 572.0 570.0 569.0 567.0 566.0 564.0 563.0 562.0 561.0 560.0 559.0 558.0 557.0 557.0 556.0 555.0 555.0 554.0 554.0 553.0 553.0 552.0 552.0 5.0 52.0 58.0 64.0 70.0 76.0 82.0 88.0 95.0 101.0 107.0 113.0 119.0 125.0 131.0 137.0 143.0 149.0 155.0 161.0 167.0 173.0 179.0 185.0 191.0 197.0 204.0 210.0 216.0 222.0 228.0 234.0 240.0 246.0 252.0 258.0 264.0 270.0 276.0 282.0 288.0 294.0 300.0 306.0 312.0 318.0 324.0 330.0 336.0 342.0 348.0 354.0 360.0 366.0 372.0 378.0 384.0 389.0 395.0 401.0 407.0 413.0 418.0 424.0 430.0 435.0 441.0 446.0 452.0 458.0 463.0 469.0 475.0 480.0 486.0 491.0 497.0 502.0 508.0 513.0 519.0 525.0 530.0 536.0 542.0 548.0 553.0 559.0 565.0 571.0 577.0 583.0 588.0 594.0 600.0 606.0 612.0 618.0 624.0 631.0 418.0
617.0 622.0 622.0 622.0 622.0 622.0 622.0 622.0 622.0 622.0 622.0 622.0 622.0 622.0 622.0 622.0 621.0 621.0 621.0 621.0 621.0 621.0 621.0 621.0 621.0 621.0 621.0 621.0 621.0 621.0 621.0 621.0 620.0 620.0 620.0 620.0 620.0 620.0 620.0 620.0 620.0 619.0 619.0 619.0 619.0 619.0 618.0 618.0 618.0 617.0 617.0 617.0 616.0 616.0 615.0 615.0 614.0 613.0 613.0 612.0 611.0 610.0 610.0 608.0 608.0 607.0 605.0 604.0 603.0 602.0 600.0 599.0 598.0 596.0 595.0 594.0 592.0 591.0 590.0 589.0 588.0 586.0 585.0 584.0 583.0 582.0 582.0 581.0 580.0 580.0 579.0 579.0 578.0 578.0 578.0 578.0 577.0 577.0 577.0 577.0 5.0 52.0 58.0 64.0 70.0 76.0 82.0 88.0 94.0 100.0 106.0 112.0 118.0 124.0 130.0 136.0 142.0 148.0 154.0 160.0 166.0 172.0 178.0 184.0 190.0 196.0 203.0 209.0 215.0 221.0 227.0 233.0 239.0 245.0 251.0 257.0 263.0 269.0 275.0 281.0 287.0 293.0 299.0 305.0 311.0 317.0 323.0 329.0 335.0 341.0 347.0 353.0 358.0 364.0 370.0 376.0 382.0 388.0 394.0 400.0 406.0 412.0 418.0 423.0 429.0 435.0 441.0 446.0 452.0 458.0 463.0 469.0 475.0 480.0 486.0 492.0 497.0 503.0 509.0 514.0 520.0 526.0 532.0 537.0 543.0 549.0 555.0 561.0 567.0 572.0 578.0 584.0 590.0 596.0 602.0 608.0 614.0 620.0 626.0 632.0 419.0
617.0 623.0 623.0 624.0 624.0 624.0 625.0 624.0 625.0 625.0 625.0 625.0 625.0 625.0 626.0 626.0 626.0 626.0 626.0 626.0 626.0 626.0 627.0 627.0 627.0 627.0 628.0 628.0 628.0 628.0 628.0 629.0 628.0 629.0 629.0 629.0 629.0 629.0 630.0 630.0 630.0 630.0 630.0 630.0 630.0 630.0 630.0 630.0 630.0 630.0 630.0 630.0 630.0 630.0 629.0 629.0 629.0 628.0 628.0 628.0 627.0 627.0 626.0 625.0 625.0 624.0 624.0 623.0 622.0 621.0 620.0 619.0 618.0 617.0 616.0 615.0 614.0 613.0 612.0 611.0 610.0 609.0 608.0 607.0 607.0 606.0 606.0 605.0 605.0 604.0 604.0 604.0 604.0 604.0 604.0 604.0 604.0 604.0 604.0 604.0 5.0 50.0 57.0 63.0 69.0 75.0 81.0 87.0 93.0 99.0 105.0 111.0 117.0 123.0 129.0 135.0 141.0 147.0 153.0 159.0 165.0 171.0 177.0 183.0 189.0 195.0 201.0 207.0 213.0 219.0 225.0 231.0 237.0 243.0 249.0 255.0 261.0 267.0 273.0 279.0 284.0 290.0 296.0 302.0 308.0 314.0 320.0 326.0 332.0 338.0 344.0 350.0 356.0 362.0 368.0 374.0 380.0 386.0 392.0 398.0 404.0 410.0 416.0 421.0 428.0 433.0 439.0 445.0 451.0 457.0 462.0 468.0 474.0 480.0 486.0 491.0 497.0 503.0 509.0 514.0 520.0 526.0 532.0 538.0 544.0 550.0 556.0 562.0 568.0 574.0 580.0 585.0 591.0 597.0 603.0 609.0 615.0 621.0 627.0 633.0 420.0
617.0 624.0 625.0 626.0 626.0 627.0 627.0 627.0 628.0 628.0 628.0 629.0 629.0 629.0 630.0 630.0 630.0 631.0 631.0 631.0 632.0 632.0 633.0 633.0 634.0 634.0 635.0 635.0 635.0 636.0 637.0 637.0 637.0 638.0 638.0 639.0 639.0 639.0 640.0 640.0 641.0 641.0 642.0 642.0 642.0 643.0 643.0 643.0 644.0 644.0 644.0 644.0 644.0 644.0 644.0 645.0 645.0 645.0 645.0 645.0 645.0 644.0 644.0 644.0 644.0 643.0 643.0 642.0 642.0 641.0 640.0 640.0 639.0 638.0 638.0 637.0 636.0 636.0 635.0 634.0 634.0 633.0 632.0 632.0 632.0 631.0 631.0 631.0 631.0 631.0 631.0 631.0 631.0 631.0 632.0 632.0 632.0 633.0 633.0 634.0 5.0 50.0 56.0 62.0 68.0 74.0 80.0 86.0 92.0 98.0 104.0 110.0 116.0 122.0 128.0 134.0 140.0 146.0 151.0 157.0 164.0 170.0 176.0 182.0 188.0 194.0 200.0 205.0 211.0 217.0 223.0 229.0 235.0 241.0 247.0 253.0 259.0 265.0 271.0 277.0 283.0 289.0 295.0 301.0 307.0 312.0 318.0 324.0 330.0 336.0 342.0 348.0 354.0 360.0 366.0 372.0 378.0 384.0 390.0 396.0 402.0 408.0 414.0 420.0 426.0 432.0 438.0 444.0 450.0 456.0 462.0 467.0 474.0 479.0 485.0 492.0 497.0 503.0 509.0 515.0 521.0 527.0 533.0 539.0 545.0 551.0 557.0 563.0 569.0 575.0 581.0 587.0 593.0 599.0 605.0 611.0 617.0 623.0 629.0 634.0 421.0
617.0 626.0 627.0 628.0 628.0 629.0 629.0 630.0 630.0 631.0 631.0 632.0 633.0 633.0 634.0 634.0 635.0 636.0 636.0 637.0 637.0 638.0 639.0 640.0 640.0 641.0 642.0 642.0 643.0 644.0 644.0 645.0 646.0 647.0 647.0 648.0 649.0 649.0 650.0 651.0 651.0 652.0 653.0 653.0 654.0 655.0 655.0 656.0 657.0 657.0 657.0 658.0 658.0 659.0 659.0 660.0 660.0 660.0 661.0 661.0 661.0 661.0 661.0 661.0 661.0 661.0 661.0 661.0 661.0 660.0 660.0 660.0 659.0 659.0 659.0 658.0 658.0 657.0 657.0 657.0 657.0 656.0 656.0 656.0 656.0 656.0 656.0 656.0 656.0 656.0 657.0 657.0 657.0 658.0 659.0 659.0 660.0 661.0 661.0 662.0 5.0 50.0 56.0 62.0 68.0 74.0 80.0 85.0 91.0 97.0 103.0 109.0 115.0 122.0 128.0 134.0 140.0 145.0 151.0 157.0 163.0 169.0 175.0 181.0 187.0 193.0 199.0 205.0 211.0 217.0 223.0 229.0 235.0 241.0 247.0 253.0 258.0 264.0 270.0 276.0 282.0 288.0 294.0 300.0 306.0 312.0 318.0 324.0 330.0 336.0 342.0 348.0 354.0 360.0 366.0 372.0 378.0 384.0 390.0 396.0 401.0 407.0 413.0 419.0 426.0 432.0 438.0 444.0 450.0 456.0 462.0 468.0 474.0 480.0 486.0 492.0 498.0 504.0 510.0 516.0 522.0 528.0 534.0 540.0 546.0 552.0 558.0 564.0 570.0 576.0 582.0 589.0 594.0 600.0 606.0 612.0 618.0 624.0 630.0 635.0 422.0
617.0 627.0 628.0 629.0 630.0 631.0 631.0 632.0 633.0 634.0 634.0 635.0 636.0 637.0 638.0 638.0 639.0 640.0 641.0 642.0 642.0 644.0 644.0 645.0 646.0 647.0 648.0 649.0 650.0 651.0 652.0 653.0 654.0 654.0 656.0 656.0 657.0 658.0 659.0 660.0 661.0 662.0 663.0 664.0 665.0 666.0 667.0 667.0 668.0 669.0 670.0 670.0 671.0 672.0 673.0 673.0 674.0 675.0 675.0 676.0 676.0 676.0 677.0 677.0 678.0 678.0 678.0 678.0 678.0 678.0 678.0 678.0 678.0 678.0 678.0 678.0 677.0 677.0 677.0 677.0 677.0 677.0 677.0 677.0 678.0 678.0 678.0 679.0 679.0 680.0 680.0 681.0 682.0 682.0 684.0 684.0 685.0 686.0 687.0 688.0 5.0 49.0 55.0 61.0 67.0 73.0 79.0 85.0 91.0 97.0 103.0 109.0 115.0 121.0 127.0 133.0 139.0 145.0 151.0 157.0 163.0 169.0 175.0 181.0 187.0 193.0 199.0 204.0 210.0 216.0 222.0 228.0 234.0 240.0 246.0 252.0 258.0 264.0 270.0 276.0 282.0 288.0 293.0 299.0 305.0 311.0 317.0 323.0 329.0 335.0 341.0 347.0 353.0 359.0 365.0 371.0 377.0 383.0 389.0 395.0 401.0 407.0 413.0 419.0 425.0 431.0 437.0 443.0 449.0 455.0 461.0 467.0 474.0 479.0 486.0 492.0 498.0 504.0 510.0 516.0 522.0 528.0 535.0 541.0 547.0 553.0 559.0 565.0 571.0 577.0 583.0 589.0 595.0 601.0 607.0 613.0 619.0 625.0 630.0 636.0 423.0
617.0 628.0 630.0 631.0 631.0 633.0 633.0 634.0 635.0 636.0 637.0 638.0 639.0 640.0 641.0 642.0 643.0 644.0 645.0 646.0 647.0 648.0 649.0 650.0 651.0 652.0 653.0 655.0 656.0 657.0 658.0 659.0 660.0 661.0 663.0 664.0 665.0 666.0 667.0 668.0 670.0 670.0 672.0 673.0 674.0 675.0 676.0 677.0 678.0 679.0 680.0 681.0 682.0 683.0 684.0 685.0 686.0 686.0 687.0 688.0 689.0 689.0 690.0 690.0 691.0 691.0 692.0 692.0 693.0 692.0 693.0 693.0 693.0 693.0 693.0 694.0 693.0 694.0 694.0 694.0 694.0 694.0 695.0 695.0 696.0 696.0 697.0 697.0 698.0 699.0 700.0 701.0 702.0 703.0 704.0 705.0 706.0 708.0 709.0 710.0 5.0 49.0 56.0 62.0 68.0 74.0 79.0 85.0 91.0 97.0 103.0 109.0 115.0 121.0 127.0 133.0 139.0 145.0 151.0 157.0 163.0 169.0 175.0 181.0 187.0 193.0 199.0 205.0 211.0 217.0 223.0 229.0 235.0 240.0 246.0 252.0 258.0 264.0 270.0 276.0 282.0 288.0 293.0 299.0 305.0 311.0 317.0 323.0 329.0 335.0 341.0 347.0 353.0 359.0 365.0 371.0 377.0 383.0 389.0 395.0 401.0 407.0 413.0 419.0 425.0 431.0 437.0 443.0 449.0 455.0 461.0 468.0 474.0 480.0 486.0 493.0 499.0 504.0 511.0 517.0 523.0 529.0 535.0 542.0 548.0 554.0 560.0 566.0 572.0 578.0 584.0 590.0 596.0 602.0 608.0 613.0 619.0 625.0 631.0 636.0 424.0
617.0 629.0 630.0 632.0 632.0 634.0 635.0 636.0 637.0 638.0 639.0 640.0 641.0 642.0 643.0 644.0 645.0 646.0 647.0 648.0 650.0 651.0 652.0 653.0 655.0 656.0 657.0 659.0 660.0 661.0 663.0 664.0 665.0 666.0 668.0 669.0 670.0 671.0 673.0 674.0 675.0 677.0 678.0 679.0 681.0 682.0 683.0 684.0 685.0 687.0 688.0 689.0 690.0 691.0 692.0 693.0 694.0 695.0 696.0 697.0 698.0 698.0 699.0 700.0 701.0 701.0 702.0 702.0 703.0 703.0 704.0 704.0 704.0 705.0 705.0 705.0 705.0 706.0 706.0 706.0 707.0 707.0 708.0 708.0 709.0 710.0 710.0 711.0 712.0 713.0 714.0 715.0 716.0 717.0 719.0 720.0 721.0 723.0 724.0 726.0 5.0 49.0 55.0 61.0 67.0 73.0 79.0 85.0 91.0 97.0 103.0 109.0 115.0 121.0 127.0 133.0 139.0 145.0 151.0 157.0 163.0 169.0 175.0 181.0 187.0 193.0 199.0 204.0 210.0 216.0 222.0 228.0 234.0 240.0 246.0 252.0 258.0 264.0 270.0 275.0 281.0 287.0 293.0 299.0 305.0 311.0 317.0 323.0 329.0 335.0 341.0 347.0 353.0 359.0 365.0 371.0 377.0 383.0 389.0 395.0 401.0 407.0 413.0 418.0 425.0 431.0 437.0 443.0 449.0 455.0 462.0 468.0 474.0 480.0 486.0 493.0 499.0 505.0 511.0 517.0 523.0 530.0 536.0 542.0 548.0 554.0 560.0 566.0 572.0 578.0 584.0 591.0 596.0 602.0 608.0 614.0 620.0 626.0 632.0 637.0 425.0
617.0 630.0 631.0 632.0 633.0 635.0 636.0 637.0 638.0 639.0 640.0 641.0 643.0 643.0 644.0 646.0 647.0 648.0 649.0 650.0 652.0 653.0 654.0 656.0 657.0 659.0 660.0 661.0 662.0 664.0 665.0 667.0 668.0 669.0 671.0 672.0 673.0 675.0 676.0 677.0 679.0 680.0 682.0 683.0 685.0 686.0 687.0 689.0 690.0 691.0 692.0 693.0 695.0 696.0 697.0 698.0 699.0 700.0 701.0 702.0 703.0 704.0 705.0 706.0 706.0 707.0 708.0 709.0 709.0 710.0 710.0 710.0 711.0 711.0 712.0 712.0 712.0 713.0 713.0 714.0 714.0 715.0 715.0 716.0 717.0 718.0 718.0 719.0 721.0 721.0 722.0 724.0 725.0 726.0 728.0 729.0 731.0 732.0 734.0 735.0 5.0 49.0 55.0 61.0 67.0 73.0 79.0 85.0 91.0 97.0 103.0 109.0 115.0 121.0 127.0 133.0 139.0 145.0 151.0 157.0 163.0 169.0 175.0 181.0 187.0 193.0 199.0 205.0 210.0 216.0 222.0 228.0 234.0 240.0 246.0 252.0 257.0 263.0 269.0 275.0 281.0 287.0 293.0 299.0 305.0 310.0 316.0 322.0 328.0 334.0 340.0 346.0 352.0 358.0 364.0 370.0 376.0 382.0 388.0 394.0 400.0 406.0 412.0 418.0 424.0 430.0 437.0 443.0 449.0 455.0 461.0 468.0 474.0 480.0 486.0 493.0 499.0 505.0 511.0 518.0 524.0 530.0 536.0 542.0 548.0 554.0 560.0 567.0 573.0 579.0 585.0 591.0 597.0 603.0 608.0 614.0 620.0 626.0 632.0 637.0 426.0
617.0 630.0 631.0 633.0 634.0 635.0 636.0 637.0 638.0 640.0 641.0 642.0 643.0 644.0 645.0 646.0 648.0 649.0 650.0 651.0 652.0 654.0 655.0 656.0 658.0 659.0 661.0 662.0 663.0 665.0 666.0 668.0 669.0 671.0 672.0 673.0 674.0 676.0 677.0 679.0 680.0 681.0 683.0 684.0 686.0 687.0 688.0 690.0 691.0 692.0 693.0 695.0 696.0 697.0 698.0 699.0 701.0 702.0 703.0 704.0 705.0 705.0 706.0 707.0 708.0 709.0 709.0 710.0 711.0 711.0 712.0 712.0 713.0 713.0 714.0 714.0 714.0 715.0 715.0 716.0 716.0 717.0 717.0 718.0 719.0 719.0 720.0 721.0 722.0 723.0 724.0 726.0 727.0 728.0 730.0 731.0 733.0 734.0 736.0 738.0 5.0 50.0 55.0 61.0 67.0 73.0 79.0 85.0 91.0 97.0 103.0 109.0 115.0 121.0 127.0 133.0 139.0 145.0 151.0 157.0 163.0 169.0 175.0 181.0 186.0 192.0 198.0 204.0 210.0 216.0 222.0 228.0 234.0 240.0 246.0 252.0 257.0 263.0 269.0 275.0 281.0 287.0 293.0 299.0 305.0 310.0 316.0 322.0 328.0 334.0 340.0 346.0 352.0 358.0 364.0 370.0 376.0 382.0 388.0 394.0 400.0 406.0 412.0 418.0 424.0 430.0 437.0 443.0 449.0 455.0 461.0 468.0 474.0 480.0 486.0 493.0 499.0 505.0 511.0 517.0 524.0 530.0 536.0 542.0 549.0 555.0 561.0 567.0 573.0 579.0 585.0 591.0 597.0 603.0 608.0 614.0 620.0 626.0 632.0 637.0 427.0
617.0 630.0 631.0 632.0 634.0 635.0 636.0 637.0 638.0 639.0 640.0 641.0 642.0 643.0 645.0 646.0 647.0 648.0 650.0 651.0 652.0 653.0 654.0 656.0 657.0 658.0 660.0 661.0 662.0 664.0 665.0 667.0 668.0 669.0 670.0 672.0 673.0 674.0 676.0 677.0 679.0 680.0 681.0 682.0 684.0 685.0 686.0 688.0 689.0 690.0 691.0 693.0 694.0 695.0 696.0 697.0 698.0 699.0 700.0 701.0 702.0 703.0 704.0 704.0 705.0 706.0 707.0 707.0 708.0 708.0 709.0 709.0 710.0 710.0 710.0 710.0 711.0 711.0 712.0 712.0 713.0 713.0 713.0 714.0 715.0 715.0 716.0 717.0 718.0 719.0 720.0 721.0 722.0 723.0 725.0 726.0 728.0 729.0 730.0 732.0 5.0 49.0 55.0 61.0 67.0 73.0 79.0 85.0 91.0 97.0 103.0 109.0 115.0 121.0 127.0 133.0 139.0 145.0 151.0 157.0 163.0 169.0 175.0 180.0 186.0 192.0 198.0 204.0 210.0 216.0 222.0 228.0 234.0 239.0 245.0 251.0 257.0 263.0 269.0 275.0 281.0 287.0 292.0 298.0 304.0 310.0 316.0 322.0 328.0 334.0 340.0 346.0 351.0 357.0 363.0 369.0 375.0 381.0 387.0 393.0 400.0 406.0 412.0 418.0 424.0 430.0 436.0 442.0 449.0 455.0 461.0 467.0 474.0 480.0 486.0 492.0 499.0 505.0 511.0 517.0 523.0 530.0 536.0 542.0 548.0 554.0 560.0 566.0 573.0 579.0 585.0 591.0 597.0 603.0 608.0 614.0 620.0 626.0 632.0 637.0 428.0
617.0 629.0 631.0 632.0 633.0 634.0 635.0 636.0 637.0 638.0 639.0 640.0 641.0 642.0 643.0 644.0 646.0 647.0 648.0 649.0 650.0 651.0 652.0 653.0 655.0 656.0 657.0 658.0 659.0 661.0 662.0 663.0 665.0 666.0 667.0 668.0 669.0 671.0 672.0 673.0 675.0 676.0 677.0 678.0 679.0 681.0 682.0 683.0 684.0 686.0 686.0 687.0 688.0 690.0 691.0 691.0 693.0 694.0 694.0 695.0 696.0 697.0 697.0 698.0 699.0 699.0 700.0 700.0 701.0 701.0 701.0 702.0 702.0 702.0 702.0 702.0 703.0 703.0 703.0 703.0 704.0 704.0 704.0 705.0 705.0 706.0 706.0 707.0 708.0 709.0 709.0 710.0 712.0 712.0 714.0 715.0 716.0 718.0 719.0 721.0 5.0 49.0 55.0 61.0 67.0 73.0 78.0 84.0 90.0 96.0 102.0 108.0 114.0 120.0 126.0 132.0 138.0 144.0 150.0 156.0 162.0 168.0 174.0 179.0 185.0 191.0 197.0 203.0 209.0 215.0 221.0 227.0 232.0 238.0 244.0 250.0 256.0 262.0 268.0 274.0 279.0 285.0 291.0 297.0 303.0 309.0 315.0 321.0 327.0 333.0 339.0 345.0 350.0 356.0 362.0 368.0 374.0 380.0 386.0 392.0 399.0 405.0 411.0 417.0 423.0 429.0 435.0 442.0 448.0 454.0 460.0 466.0 473.0 479.0 485.0 491.0 498.0 504.0 510.0 516.0 522.0 529.0 535.0 541.0 547.0 553.0 560.0 566.0 572.0 578.0 584.0 590.0 596.0 602.0 608.0 613.0 619.0 625.0 631.0 637.0 429.0
617.0 629.0 630.0 631.0 632.0 633.0 634.0 634.0 635.0 636.0 637.0 638.0 639.0 640.0 641.0 642.0 643.0 644.0 645.0 646.0 647.0 648.0 649.0 650.0 651.0 652.0 653.0 654.0 655.0 656.0 657.0 658.0 660.0 661.0 662.0 663.0 664.0 665.0 666.0 667.0 668.0 669.0 670.0 671.0 672.0 673.0 674.0 675.0 676.0 678.0 678.0 679.0 680.0 681.0 682.0 682.0 683.0 684.0 684.0 685.0 686.0 687.0 687.0 687.0 688.0 688.0 689.0 689.0 689.0 689.0 689.0 689.0 689.0 689.0 689.0 689.0 689.0 689.0 690.0 689.0 690.0 690.0 690.0 690.0 690.0 690.0 691.0 691.0 692.0 693.0 693.0 694.0 695.0 696.0 697.0 698.0 699.0 700.0 701.0 702.0 5.0 49.0 54.0 60.0 66.0 72.0 78.0 84.0 90.0 96.0 102.0 108.0 114.0 120.0 126.0 132.0 138.0 144.0 150.0 156.0 162.0 168.0 174.0 179.0 185.0 191.0 197.0 203.0 209.0 215.0 221.0 226.0 232.0 238.0 244.0 250.0 256.0 262.0 268.0 273.0 279.0 285.0 291.0 297.0 303.0 309.0 315.0 321.0 327.0 333.0 339.0 345.0 351.0 357.0 363.0 369.0 375.0 381.0 387.0 393.0 399.0 405.0 411.0 417.0 423.0 429.0 435.0 442.0 448.0 454.0 460.0 466.0 473.0 479.0 485.0 491.0 497.0 503.0 510.0 516.0 522.0 528.0 534.0 540.0 546.0 552.0 559.0 565.0 571.0 577.0 583.0 589.0 595.0 601.0 607.0 613.0 619.0 625.0 631.0 636.0 430.0
617.0 628.0 629.0 629.0 630.0 631.0 632.0 633.0 634.0 634.0 635.0 636.0 636.0 637.0 638.0 639.0 640.0 640.0 641.0 642.0 643.0 644.0 644.0 645.0 646.0 647.0 648.0 649.0 650.0 651.0 652.0 652.0 653.0 654.0 655.0 656.0 657.0 657.0 658.0 659.0 660.0 661.0 662.0 662.0 664.0 664.0 665.0 666.0 667.0 667.0 668.0 669.0 669.0 670.0 670.0 671.0 672.0 672.0 672.0 673.0 673.0 673.0 674.0 674.0 674.0 674.0 674.0 674.0 674.0 674.0 674.0 674.0 673.0 673.0 673.0 672.0 672.0 672.0 671.0 671.0 671.0 671.0 671.0 671.0 671.0 671.0 671.0 671.0 672.0 672.0 672.0 673.0 674.0 674.0 675.0 676.0 677.0 678.0 678.0 680.0 5.0 49.0 55.0 61.0 67.0 73.0 79.0 85.0 91.0 97.0 103.0 109.0 114.0 120.0 126.0 132.0 138.0 144.0 150.0 156.0 162.0 168.0 174.0 180.0 186.0 192.0 197.0 203.0 209.0 215.0 221.0 227.0 233.0 239.0 245.0 251.0 257.0 263.0 269.0 275.0 280.0 286.0 292.0 298.0 304.0 310.0 316.0 322.0 328.0 334.0 340.0 346.0 352.0 358.0 364.0 370.0 376.0 382.0 388.0 394.0 401.0 407.0 413.0 419.0 425.0 431.0 437.0 443.0 449.0 455.0 461.0 467.0 473.0 479.0 485.0 491.0 497.0 504.0 510.0 515.0 521.0 528.0 534.0 540.0 546.0 552.0 558.0 564.0 570.0 576.0 582.0 588.0 594.0 600.0 606.0 612.0 618.0 624.0 630.0 635.0 431.0
617.0 626.0 627.0 628.0 628.0 629.0 630.0 630.0 631.0 631.0 632.0 632.0 633.0 634.0 634.0 635.0 636.0 636.0 637.0 637.0 638.0 638.0 639.0 640.0 640.0 641.0 642.0 642.0 643.0 643.0 644.0 645.0 645.0 646.0 646.0 647.0 648.0 649.0 649.0 650.0 650.0 651.0 651.0 652.0 653.0 653.0 654.0 654.0 655.0 655.0 655.0 656.0 656.0 656.0 657.0 657.0 657.0 658.0 658.0 658.0 658.0 658.0 658.0 658.0 658.0 657.0 657.0 657.0 656.0 656.0 656.0 655.0 655.0 654.0 653.0 653.0 652.0 651.0 651.0 650.0 650.0 649.0 649.0 649.0 648.0 648.0 648.0 648.0 648.0 648.0 648.0 649.0 649.0 649.0 650.0 650.0 651.0 652.0 652.0 653.0 5.0 48.0 54.0 60.0 66.0 72.0 78.0 84.0 90.0 96.0 102.0 108.0 114.0 120.0 126.0 132.0 138.0 144.0 150.0 156.0 162.0 168.0 174.0 180.0 186.0 191.0 197.0 203.0 209.0 215.0 221.0 227.0 233.0 239.0 245.0 251.0 257.0 263.0 269.0 275.0 281.0 287.0 293.0 299.0 305.0 311.0 317.0 323.0 329.0 335.0 341.0 347.0 353.0 359.0 365.0 370.0 376.0 382.0 388.0 394.0 401.0 407.0 413.0 419.0 424.0 430.0 436.0 442.0 448.0 454.0 460.0 466.0 472.0 478.0 484.0 489.0 495.0 501.0 507.0 513.0 519.0 525.0 531.0 537.0 542.0 548.0 555.0 560.0 566.0 572.0 579.0 585.0 590.0 596.0 602.0 608.0 614.0 620.0 626.0 632.0 432.0
617.0 625.0 625.0 626.0 626.0 627.0 628.0 628.0 628.0 629.0 629.0 629.0 629.0 630.0 630.0 631.0 631.0 631.0 632.0 632.0 632.0 633.0 633.0 633.0 634.0 634.0 635.0 635.0 636.0 636.0 636.0 637.0 637.0 637.0 638.0 638.0 639.0 639.0 639.0 640.0 640.0 640.0 640.0 640.0 641.0 641.0 641.0 641.0 642.0 642.0 642.0 642.0 642.0 642.0 642.0 642.0 642.0 642.0 642.0 642.0 641.0 641.0 641.0 640.0 640.0 639.0 639.0 638.0 637.0 636.0 636.0 635.0 634.0 633.0 632.0 631.0 630.0 629.0 628.0 627.0 627.0 626.0 625.0 625.0 624.0 624.0 623.0 623.0 623.0 622.0 622.0 623.0 622.0 623.0 623.0 623.0 624.0 624.0 624.0 625.0 5.0 50.0 56.0 62.0 68.0 74.0 80.0 86.0 92.0 98.0 104.0 110.0 116.0 122.0 128.0 134.0 140.0 146.0 152.0 158.0 164.0 170.0 176.0 182.0 188.0 194.0 200.0 206.0 212.0 218.0 224.0 230.0 236.0 242.0 248.0 254.0 260.0 266.0 272.0 278.0 284.0 290.0 296.0 302.0 308.0 314.0 320.0 326.0 332.0 338.0 344.0 350.0 356.0 362.0 368.0 373.0 379.0 385.0 391.0 397.0 403.0 409.0 415.0 421.0 426.0 432.0 438.0 444.0 450.0 456.0 462.0 467.0 473.0 479.0 484.0 490.0 496.0 502.0 508.0 513.0 519.0 525.0 531.0 536.0 542.0 548.0 554.0 560.0 566.0 572.0 578.0 584.0 590.0 596.0 601.0 607.0 613.0 619.0 626.0 631.0 433.0
617.0 623.0 624.0 624.0 625.0 625.0 625.0 626.0 626.0 626.0 626.0 626.0 626.0 626.0 626.0 627.0 627.0 627.0 627.0 627.0 627.0 627.0 627.0 628.0 628.0 628.0 628.0 628.0 629.0 628.0 629.0 629.0 629.0 629.0 629.0 629.0 630.0 630.0 630.0 630.0 630.0 630.0 630.0 630.0 630.0 630.0 630.0 630.0 630.0 629.0 629.0 629.0 629.0 628.0 628.0 628.0 627.0 627.0 627.0 626.0 625.0 625.0 624.0 623.0 622.0 622.0 621.0 620.0 618.0 617.0 617.0 615.0 614.0 613.0 612.0 610.0 609.0 608.0 607.0 606.0 605.0 604.0 603.0 602.0 601.0 600.0 600.0 599.0 599.0 598.0 598.0 598.0 598.0 598.0 597.0 598.0 598.0 597.0 598.0 598.0 5.0 51.0 57.0 63.0 69.0 75.0 81.0 87.0 93.0 99.0 105.0 111.0 117.0 123.0 129.0 135.0 141.0 147.0 154.0 160.0 166.0 172.0 178.0 184.0 190.0 196.0 202.0 208.0 214.0 220.0 226.0 232.0 238.0 244.0 250.0 256.0 262.0 268.0 274.0 280.0 286.0 292.0 298.0 304.0 310.0 316.0 322.0 328.0 334.0 340.0 346.0 352.0 358.0 364.0 370.0 376.0 382.0 387.0 393.0 399.0 405.0 411.0 417.0 423.0 428.0 434.0 440.0 446.0 451.0 457.0 463.0 469.0 474.0 480.0 486.0 491.0 497.0 503.0 508.0 514.0 520.0 525.0 532.0 537.0 543.0 549.0 555.0 561.0 567.0 573.0 579.0 584.0 590.0 596.0 602.0 608.0 614.0 620.0 626.0 632.0 434.0
617.0 622.0 622.0 623.0 623.0 623.0 623.0 623.0 623.0 623.0 623.0 623.0 623.0 623.0 623.0 623.0 623.0 622.0 622.0 622.0 622.0 622.0 622.0 622.0 622.0 622.0 622.0 622.0 622.0 621.0 622.0 622.0 621.0 621.0 621.0 621.0 621.0 621.0 620.0 620.0 620.0 620.0 620.0 619.0 619.0 619.0 618.0 618.0 618.0 617.0 617.0 616.0 616.0 615.0 614.0 614.0 613.0 613.0 612.0 611.0 610.0 609.0 608.0 607.0 606.0 605.0 604.0 602.0 601.0 600.0 598.0 597.0 595.0 594.0 592.0 591.0 589.0 588.0 587.0 585.0 584.0 583.0 581.0 580.0 579.0 578.0 578.0 577.0 576.0 575.0 575.0 575.0 574.0 574.0 573.0 573.0 573.0 572.0 572.0 572.0 5.0 51.0 57.0 64.0 70.0 76.0 82.0 88.0 94.0 100.0 106.0 112.0 118.0 124.0 130.0 137.0 143.0 149.0 155.0 161.0 167.0 173.0 179.0 185.0 191.0 197.0 203.0 209.0 215.0 221.0 227.0 233.0 239.0 246.0 252.0 258.0 264.0 270.0 276.0 282.0 288.0 294.0 300.0 306.0 312.0 317.0 323.0 329.0 335.0 342.0 347.0 353.0 359.0 365.0 371.0 377.0 383.0 389.0 395.0 400.0 406.0 412.0 418.0 424.0 429.0 435.0 441.0 446.0 452.0 458.0 464.0 469.0 475.0 480.0 486.0 492.0 497.0 503.0 509.0 514.0 520.0 525.0 531.0 537.0 543.0 549.0 554.0 560.0 566.0 572.0 578.0 584.0 590.0 596.0 602.0 608.0 614.0 620.0 626.0 632.0 435.0
617.0 621.0 621.0 621.0 621.0 621.0 621.0 621.0 621.0 621.0 620.0 620.0 620.0 619.0 619.0 619.0 619.0 619.0 618.0 618.0 618.0 618.0 617.0 617.0 617.0 617.0 617.0 616.0 616.0 616.0 615.0 615.0 615.0 614.0 614.0 614.0 613.0 613.0 612.0 612.0 611.0 611.0 611.0 610.0 610.0 609.0 609.0 608.0 608.0 607.0 606.0 605.0 605.0 604.0 603.0 602.0 601.0 600.0 599.0 598.0 597.0 596.0 595.0 593.0 592.0 591.0 589.0 587.0 586.0 584.0 583.0 581.0 579.0 577.0 576.0 574.0 572.0 570.0 569.0 567.0 566.0 565.0 563.0 562.0 561.0 559.0 559.0 557.0 557.0 556.0 555.0 554.0 554.0 553.0 553.0 552.0 552.0 551.0 551.0 550.0 5.0 52.0 59.0 65.0 71.0 77.0 83.0 90.0 96.0 102.0 108.0 114.0 120.0 126.0 132.0 138.0 144.0 150.0 156.0 162.0 168.0 175.0 181.0 187.0 193.0 199.0 205.0 211.0 217.0 223.0 229.0 235.0 241.0 248.0 253.0 259.0 266.0 272.0 278.0 284.0 290.0 296.0 302.0 308.0 314.0 319.0 325.0 331.0 337.0 343.0 349.0 355.0 361.0 367.0 373.0 379.0 384.0 390.0 396.0 402.0 408.0 414.0 419.0 425.0 431.0 436.0 442.0 447.0 453.0 459.0 465.0 470.0 476.0 481.0 487.0 492.0 498.0 503.0 509.0 515.0 521.0 526.0 532.0 538.0 543.0 549.0 555.0 561.0 567.0 572.0 578.0 584.0 590.0 596.0 602.0 608.0 614.0 620.0 626.0 632.0 436.0
617.0 620.0 620.0 620.0 620.0 620.0 620.0 619.0 619.0 619.0 618.0 618.0 617.0 617.0 617.0 616.0 616.0 616.0 615.0 615.0 614.0 614.0 614.0 613.0 613.0 613.0 612.0 612.0 611.0 611.0 611.0 610.0 609.0 609.0 608.0 608.0 608.0 607.0 606.0 606.0 605.0 605.0 604.0 603.0 603.0 602.0 601.0 600.0 600.0 599.0 598.0 597.0 596.0 595.0 594.0 593.0 592.0 591.0 589.0 588.0 587.0 585.0 584.0 582.0 581.0 579.0 578.0 576.0 574.0 572.0 570.0 569.0 566.0 565.0 563.0 561.0 559.0 557.0 556.0 554.0 552.0 551.0 549.0 548.0 546.0 545.0 544.0 543.0 541.0 541.0 540.0 539.0 538.0 537.0 536.0 536.0 535.0 535.0 534.0 533.0 5.0 53.0 59.0 66.0 72.0 78.0 84.0 90.0 96.0 102.0 108.0 115.0 121.0 127.0 133.0 139.0 145.0 151.0 157.0 163.0 169.0 176.0 182.0 188.0 194.0 200.0 206.0 212.0 218.0 224.0 230.0 236.0 242.0 249.0 255.0 261.0 267.0 273.0 279.0 285.0 291.0 297.0 303.0 309.0 315.0 320.0 326.0 332.0 338.0 344.0 350.0 356.0 362.0 368.0 374.0 379.0 385.0 391.0 397.0 403.0 408.0 414.0 420.0 425.0 431.0 437.0 442.0 448.0 454.0 459.0 465.0 470.0 476.0 481.0 487.0 492.0 498.0 503.0 509.0 514.0 520.0 526.0 532.0 537.0 543.0 549.0 555.0 561.0 566.0 572.0 578.0 584.0 590.0 596.0 602.0 608.0 614.0 620.0 626.0 632.0 437.0
617.0 619.0 619.0 619.0 619.0 619.0 619.0 618.0 618.0 617.0 617.0 617.0 616.0 615.0 615.0 614.0 614.0 614.0 613.0 613.0 612.0 612.0 611.0 611.0 610.0 610.0 609.0 609.0 608.0 608.0 607.0 607.0 606.0 605.0 605.0 604.0 604.0 603.0 602.0 602.0 601.0 600.0 599.0 599.0 598.0 597.0 596.0 595.0 595.0 593.0 592.0 592.0 590.0 589.0 588.0 587.0 586.0 584.0 583.0 582.0 580.0 579.0 577.0 575.0 574.0 572.0 570.0 568.0 566.0 564.0 563.0 561.0 558.0 557.0 554.0 553.0 551.0 549.0 547.0 545.0 543.0 542.0 540.0 538.0 537.0 536.0 535.0 533.0 532.0 531.0 530.0 529.0 528.0 527.0 526.0 526.0 525.0 524.0 523.0 523.0 5.0 54.0 60.0 67.0 73.0 79.0 85.0 91.0 97.0 103.0 109.0 116.0 122.0 128.0 134.0 140.0 146.0 152.0 158.0 164.0 170.0 177.0 183.0 189.0 195.0 201.0 207.0 213.0 219.0 225.0 231.0 237.0 243.0 250.0 256.0 262.0 268.0 274.0 280.0 286.0 292.0 298.0 304.0 310.0 316.0 321.0 327.0 333.0 339.0 345.0 351.0 357.0 363.0 369.0 375.0 380.0 386.0 392.0 398.0 404.0 409.0 415.0 421.0 426.0 432.0 437.0 443.0 449.0 454.0 460.0 465.0 471.0 476.0 482.0 488.0 493.0 499.0 504.0 510.0 515.0 521.0 526.0 532.0 538.0 543.0 549.0 555.0 561.0 567.0 572.0 578.0 584.0 590.0 596.0 602.0 608.0 614.0 620.0 626.0 632.0 438.0
617.0 619.0 619.0 619.0 619.0 618.0 618.0 618.0 617.0 617.0 616.0 616.0 615.0 615.0 615.0 614.0 614.0 613.0 612.0 612.0 611.0 611.0 610.0 610.0 609.0 609.0 608.0 608.0 607.0 607.0 606.0 605.0 604.0 604.0 603.0 603.0 602.0 602.0 601.0 600.0 599.0 598.0 598.0 597.0 596.0 595.0 594.0 593.0 593.0 591.0 590.0 589.0 588.0 587.0 586.0 585.0 584.0 582.0 581.0 579.0 578.0 576.0 575.0 573.0 571.0 569.0 568.0 566.0 564.0 561.0 560.0 558.0 556.0 554.0 551.0 549.0 547.0 545.0 544.0 542.0 540.0 539.0 537.0 535.0 534.0 532.0 531.0 530.0 528.0 527.0 526.0 525.0 524.0 524.0 523.0 522.0 521.0 520.0 519.0 519.0 5.0 54.0 60.0 66.0 72.0 79.0 85.0 91.0 97.0 103.0 109.0 116.0 122.0 128.0 134.0 140.0 146.0 152.0 158.0 164.0 170.0 177.0 182.0 189.0 195.0 201.0 207.0 213.0 219.0 225.0 231.0 237.0 243.0 250.0 256.0 262.0 268.0 274.0 280.0 286.0 292.0 298.0 304.0 310.0 316.0 322.0 328.0 334.0 340.0 346.0 351.0 357.0 363.0 369.0 375.0 381.0 387.0 392.0 398.0 404.0 409.0 415.0 421.0 426.0 432.0 438.0 443.0 449.0 455.0 460.0 466.0 471.0 477.0 482.0 488.0 493.0 499.0 504.0 510.0 515.0 521.0 526.0 532.0 538.0 544.0 549.0 555.0 561.0 567.0 572.0 579.0 584.0 590.0 596.0 602.0 608.0 614.0 620.0 626.0 632.0 439.0
617.0 619.0 619.0 619.0 619.0 618.0 618.0 618.0 618.0 617.0 617.0 616.0 615.0 615.0 615.0 614.0 614.0 613.0 612.0 612.0 612.0 611.0 611.0 610.0 610.0 609.0 609.0 608.0 607.0 607.0 607.0 606.0 605.0 605.0 604.0 603.0 603.0 602.0 602.0 601.0 600.0 599.0 599.0 598.0 597.0 596.0 596.0 595.0 594.0 593.0 592.0 591.0 590.0 589.0 588.0 586.0 585.0 584.0 582.0 581.0 580.0 578.0 577.0 575.0 573.0 571.0 570.0 568.0 566.0 564.0 562.0 560.0 558.0 556.0 554.0 552.0 550.0 548.0 546.0 545.0 543.0 541.0 539.0 538.0 537.0 535.0 534.0 533.0 532.0 531.0 530.0 529.0 528.0 527.0 526.0 526.0 525.0 524.0 523.0 523.0 5.0 54.0 60.0 67.0 73.0 79.0 85.0 91.0 98.0 104.0 110.0 116.0 122.0 128.0 134.0 140.0 146.0 152.0 158.0 164.0 170.0 177.0 183.0 189.0 195.0 201.0 207.0 213.0 219.0 225.0 231.0 237.0 243.0 250.0 256.0 262.0 268.0 274.0 280.0 286.0 292.0 298.0 304.0 310.0 316.0 322.0 328.0 334.0 340.0 346.0 352.0 358.0 363.0 369.0 375.0 381.0 387.0 393.0 398.0 404.0 410.0 415.0 421.0 427.0 432.0 438.0 444.0 449.0 455.0 460.0 466.0 471.0 477.0 482.0 488.0 493.0 499.0 504.0 510.0 515.0 521.0 527.0 532.0 538.0 544.0 550.0 556.0 561.0 567.0 573.0 579.0 585.0 591.0 597.0 603.0 609.0 615.0 621.0 627.0 633.0 440.0
617.0 620.0 620.0 619.0 619.0 619.0 619.0 619.0 619.0 618.0 618.0 617.0 617.0 616.0 616.0 616.0 615.0 615.0 614.0 614.0 614.0 613.0 613.0 612.0 612.0 612.0 611.0 610.0 610.0 610.0 609.0 609.0 608.0 608.0 607.0 607.0 606.0 606.0 605.0 605.0 604.0 603.0 603.0 602.0 602.0 601.0 600.0 599.0 599.0 598.0 597.0 596.0 595.0 594.0 593.0 592.0 591.0 590.0 589.0 587.0 586.0 585.0 583.0 582.0 580.0 579.0 577.0 575.0 574.0 572.0 570.0 568.0 566.0 564.0 563.0 561.0 559.0 557.0 555.0 554.0 552.0 550.0 549.0 547.0 546.0 545.0 544.0 543.0 541.0 540.0 540.0 539.0 538.0 537.0 537.0 536.0 535.0 535.0 534.0 534.0 5.0 53.0 59.0 66.0 72.0 78.0 84.0 90.0 96.0 102.0 108.0 114.0 120.0 126.0 132.0 138.0 145.0 151.0 157.0 163.0 169.0 175.0 181.0 187.0 193.0 200.0 206.0 212.0 218.0 224.0 230.0 236.0 242.0 248.0 254.0 260.0 266.0 272.0 278.0 285.0 291.0 297.0 303.0 309.0 315.0 320.0 326.0 332.0 338.0 344.0 350.0 356.0 362.0 368.0 374.0 380.0 385.0 391.0 397.0 403.0 408.0 414.0 420.0 425.0 431.0 436.0 442.0 448.0 453.0 459.0 465.0 470.0 476.0 481.0 487.0 492.0 498.0 503.0 509.0 514.0 520.0 525.0 531.0 537.0 542.0 548.0 554.0 559.0 565.0 571.0 577.0 583.0 589.0 595.0 601.0 607.0 613.0 619.0 625.0 631.0 441.0
617.0 620.0 620.0 621.0 620.0 620.0 620.0 620.0 620.0 620.0 619.0 619.0 619.0 618.0 618.0 618.0 618.0 617.0 617.0 617.0 616.0 616.0 616.0 615.0 615.0 615.0 615.0 614.0 614.0 614.0 614.0 613.0 613.0 612.0 612.0 612.0 611.0 611.0 611.0 610.0 609.0 609.0 609.0 608.0 608.0 607.0 607.0 606.0 605.0 605.0 604.0 603.0 603.0 602.0 601.0 600.0 599.0 598.0 597.0 596.0 595.0 594.0 593.0 592.0 590.0 589.0 587.0 586.0 584.0 583.0 581.0 579.0 578.0 576.0 574.0 573.0 571.0 569.0 567.0 566.0 564.0 563.0 561.0 560.0 559.0 558.0 557.0 556.0 555.0 554.0 553.0 553.0 552.0 552.0 551.0 551.0 550.0 550.0 549.0 549.0 5.0 53.0 59.0 65.0 71.0 77.0 83.0 89.0 96.0 102.0 108.0 114.0 120.0 126.0 132.0 138.0 144.0 150.0 156.0 162.0 168.0 174.0 180.0 186.0 192.0 198.0 204.0 211.0 217.0 223.0 229.0 235.0 241.0 247.0 253.0 259.0 265.0 271.0 277.0 283.0 289.0 295.0 301.0 307.0 313.0 319.0 325.0 331.0 337.0 343.0 348.0 354.0 360.0 366.0 372.0 378.0 384.0 389.0 395.0 401.0 407.0 412.0 418.0 424.0 429.0 435.0 441.0 446.0 452.0 457.0 463.0 468.0 474.0 479.0 485.0 490.0 496.0 501.0 507.0 512.0 518.0 523.0 529.0 535.0 541.0 546.0 552.0 558.0 564.0 570.0 576.0 581.0 587.0 593.0 599.0 605.0 611.0 617.0 623.0 629.0 442.0
617.0 621.0 621.0 622.0 622.0 622.0 622.0 622.0 622.0 621.0 621.0 621.0 621.0 621.0 621.0 621.0 621.0 621.0 620.0 620.0 620.0 620.0 620.0 619.0 620.0 619.0 619.0 619.0 619.0 619.0 619.0 619.0 618.0 618.0 618.0 618.0 618.0 618.0 618.0 617.0 617.0 617.0 616.0 616.0 616.0 615.0 615.0 615.0 614.0 614.0 613.0 613.0 612.0 612.0 611.0 611.0 610.0 609.0 609.0 608.0 607.0 606.0 605.0 604.0 603.0 602.0 600.0 599.0 598.0 596.0 595.0 593.0 592.0 590.0 589.0 587.0 586.0 584.0 583.0 582.0 580.0 579.0 578.0 576.0 576.0 575.0 574.0 573.0 572.0 572.0 571.0 571.0 571.0 571.0 570.0 570.0 569.0 569.0 569.0 569.0 5.0 52.0 58.0 64.0 70.0 76.0 83.0 89.0 95.0 101.0 107.0 113.0 119.0 125.0 131.0 137.0 143.0 149.0 155.0 161.0 167.0 173.0 179.0 185.0 191.0 197.0 203.0 210.0 216.0 222.0 228.0 234.0 240.0 246.0 252.0 258.0 264.0 270.0 276.0 282.0 288.0 294.0 300.0 306.0 312.0 318.0 324.0 330.0 336.0 342.0 348.0 354.0 360.0 366.0 372.0 378.0 383.0 389.0 395.0 401.0 407.0 412.0 418.0 424.0 429.0 435.0 441.0 446.0 452.0 458.0 464.0 469.0 475.0 480.0 486.0 491.0 497.0 502.0 508.0 513.0 519.0 525.0 530.0 536.0 542.0 548.0 553.0 559.0 565.0 571.0 577.0 583.0 589.0 595.0 601.0 607.0 613.0 619.0 625.0 631.0 443.0
617.0 622.0 623.0 623.0 623.0 624.0 624.0 624.0 624.0 624.0 624.0 624.0 624.0 624.0 624.0 624.0 624.0 624.0 624.0 624.0 624.0 625.0 625.0 624.0 625.0 625.0 625.0 625.0 625.0 625.0 625.0 626.0 625.0 625.0 625.0 626.0 625.0 626.0 626.0 626.0 626.0 625.0 626.0 625.0 626.0 625.0 625.0 625.0 625.0 625.0 624.0 625.0 624.0 624.0 623.0 623.0 623.0 622.0 622.0 621.0 621.0 620.0 619.0 619.0 617.0 617.0 616.0 615.0 614.0 613.0 612.0 610.0 609.0 608.0 607.0 606.0 604.0 603.0 602.0 601.0 600.0 599.0 598.0 597.0 596.0 596.0 595.0 595.0 594.0 594.0 593.0 593.0 593.0 593.0 593.0 592.0 592.0 592.0 593.0 593.0 5.0 51.0 57.0 63.0 69.0 75.0 81.0 87.0 94.0 100.0 106.0 112.0 118.0 124.0 130.0 136.0 142.0 148.0 154.0 160.0 166.0 172.0 178.0 184.0 190.0 196.0 202.0 208.0 214.0 220.0 226.0 232.0 238.0 244.0 250.0 256.0 262.0 268.0 274.0 280.0 286.0 292.0 298.0 303.0 309.0 315.0 321.0 327.0 333.0 339.0 345.0 351.0 357.0 363.0 369.0 375.0 381.0 387.0 393.0 399.0 405.0 410.0 416.0 422.0 428.0 434.0 440.0 445.0 451.0 457.0 463.0 468.0 474.0 479.0 485.0 491.0 497.0 502.0 508.0 514.0 519.0 525.0 531.0 536.0 542.0 548.0 554.0 560.0 566.0 572.0 578.0 583.0 590.0 596.0 601.0 607.0 613.0 619.0 625.0 631.0 444.0
617.0 624.0 624.0 625.0 625.0 626.0 626.0 626.0 626.0 627.0 627.0 627.0 627.0 627.0 628.0 628.0 628.0 628.0 628.0 629.0 629.0 629.0 630.0 630.0 631.0 631.0 631.0 631.0 632.0 632.0 632.0 633.0 633.0 633.0 633.0 634.0 634.0 634.0 635.0 635.0 635.0 635.0 636.0 636.0 636.0 636.0 637.0 636.0 637.0 637.0 637.0 637.0 637.0 637.0 637.0 637.0 637.0 637.0 637.0 636.0 636.0 636.0 635.0 635.0 634.0 634.0 633.0 632.0 631.0 631.0 630.0 629.0 628.0 627.0 626.0 625.0 625.0 624.0 623.0 622.0 621.0 620.0 620.0 619.0 619.0 618.0 618.0 618.0 617.0 617.0 617.0 617.0 617.0 617.0 617.0 617.0 618.0 618.0 618.0 619.0 5.0 50.0 56.0 62.0 68.0 74.0 80.0 86.0 92.0 98.0 104.0 110.0 116.0 122.0 128.0 134.0 140.0 146.0 152.0 158.0 164.0 170.0 176.0 182.0 188.0 194.0 200.0 206.0 212.0 218.0 224.0 230.0 236.0 242.0 248.0 254.0 260.0 266.0 272.0 278.0 284.0 289.0 295.0 301.0 307.0 313.0 319.0 325.0 331.0 337.0 343.0 349.0 355.0 361.0 367.0 373.0 379.0 385.0 391.0 397.0 403.0 408.0 414.0 420.0 426.0 432.0 438.0 444.0 450.0 456.0 462.0 467.0 473.0 479.0 485.0 491.0 497.0 502.0 508.0 514.0 520.0 526.0 531.0 537.0 543.0 549.0 555.0 561.0 567.0 573.0 579.0 585.0 591.0 597.0 603.0 609.0 615.0 621.0 627.0 632.0 445.0
617.0 625.0 626.0 626.0 627.0 627.0 628.0 628.0 629.0 629.0 629.0 630.0 631.0 631.0 631.0 632.0 632.0 633.0 633.0 634.0 634.0 635.0 635.0 636.0 636.0 637.0 637.0 638.0 638.0 639.0 639.0 640.0 641.0 641.0 642.0 642.0 643.0 643.0 644.0 645.0 645.0 646.0 646.0 646.0 647.0 647.0 648.0 648.0 648.0 649.0 649.0 650.0 650.0 650.0 650.0 651.0 651.0 651.0 651.0 651.0 651.0 651.0 651.0 651.0 651.0 650.0 650.0 650.0 649.0 649.0 648.0 648.0 647.0 647.0 646.0 645.0 645.0 644.0 644.0 643.0 642.0 642.0 642.0 641.0 641.0 641.0 641.0 641.0 641.0 641.0 641.0 641.0 642.0 642.0 643.0 643.0 643.0 644.0 644.0 645.0 5.0 50.0 56.0 62.0 67.0 73.0 79.0 85.0 92.0 98.0 104.0 110.0 116.0 122.0 128.0 133.0 139.0 145.0 151.0 157.0 163.0 169.0 175.0 181.0 187.0 193.0 199.0 205.0 211.0 217.0 223.0 229.0 235.0 241.0 247.0 253.0 259.0 264.0 270.0 276.0 282.0 288.0 294.0 300.0 306.0 312.0 318.0 324.0 330.0 336.0 342.0 348.0 354.0 359.0 365.0 371.0 377.0 383.0 389.0 395.0 401.0 407.0 413.0 419.0 425.0 431.0 437.0 443.0 449.0 455.0 461.0 467.0 473.0 479.0 485.0 491.0 497.0 503.0 509.0 515.0 521.0 527.0 533.0 539.0 544.0 551.0 557.0 562.0 568.0 574.0 581.0 587.0 593.0 598.0 604.0 610.0 616.0 622.0 628.0 634.0 446.0
617.0 626.0 627.0 628.0 628.0 629.0 630.0 631.0 631.0 632.0 632.0 633.0 634.0 634.0 635.0 635.0 636.0 637.0 637.0 638.0 639.0 640.0 640.0 641.0 642.0 642.0 643.0 644.0 645.0 646.0 646.0 647.0 648.0 649.0 650.0 650.0 651.0 652.0 653.0 653.0 654.0 655.0 656.0 656.0 657.0 658.0 658.0 659.0 660.0 660.0 661.0 661.0 662.0 663.0 663.0 664.0 664.0 664.0 665.0 665.0 665.0 665.0 666.0 666.0 666.0 666.0 666.0 666.0 666.0 665.0 665.0 665.0 665.0 664.0 664.0 664.0 663.0 663.0 663.0 662.0 662.0 662.0 662.0 662.0 662.0 662.0 662.0 662.0 662.0 663.0 663.0 664.0 664.0 665.0 666.0 666.0 667.0 668.0 669.0 670.0 5.0 49.0 55.0 61.0 67.0 73.0 79.0 85.0 91.0 97.0 103.0 109.0 115.0 121.0 127.0 133.0 139.0 145.0 151.0 157.0 163.0 169.0 174.0 180.0 186.0 193.0 199.0 205.0 210.0 216.0 222.0 228.0 234.0 240.0 246.0 252.0 258.0 263.0 269.0 275.0 281.0 287.0 293.0 299.0 305.0 311.0 317.0 322.0 329.0 335.0 341.0 347.0 353.0 358.0 364.0 370.0 376.0 382.0 388.0 394.0 400.0 406.0 412.0 418.0 424.0 430.0 437.0 442.0 448.0 454.0 460.0 467.0 473.0 479.0 485.0 491.0 497.0 503.0 509.0 515.0 521.0 527.0 533.0 539.0 545.0 551.0 557.0 563.0 569.0 575.0 582.0 588.0 593.0 599.0 605.0 611.0 617.0 623.0 629.0 635.0 447.0
617.0 627.0 628.0 629.0 630.0 631.0 632.0 633.0 633.0 634.0 635.0 636.0 636.0 637.0 638.0 639.0 639.0 640.0 641.0 642.0 643.0 644.0 645.0 646.0 647.0 647.0 649.0 649.0 651.0 651.0 652.0 654.0 654.0 655.0 656.0 657.0 658.0 659.0 660.0 661.0 662.0 663.0 664.0 665.0 666.0 667.0 668.0 668.0 669.0 670.0 671.0 672.0 673.0 674.0 674.0 675.0 676.0 676.0 677.0 677.0 678.0 678.0 679.0 679.0 679.0 679.0 680.0 680.0 680.0 680.0 680.0 680.0 680.0 680.0 680.0 680.0 680.0 680.0 679.0 679.0 679.0 679.0 680.0 680.0 680.0 680.0 681.0 681.0 681.0 682.0 683.0 684.0 684.0 685.0 686.0 687.0 688.0 689.0 690.0 691.0 5.0 49.0 55.0 61.0 67.0 73.0 79.0 85.0 91.0 97.0 103.0 109.0 115.0 121.0 127.0 133.0 139.0 145.0 151.0 156.0 162.0 168.0 174.0 180.0 186.0 192.0 198.0 204.0 210.0 216.0 222.0 228.0 234.0 240.0 246.0 252.0 257.0 263.0 269.0 275.0 281.0 287.0 293.0 299.0 305.0 311.0 316.0 322.0 328.0 334.0 340.0 346.0 352.0 358.0 364.0 370.0 376.0 382.0 388.0 394.0 400.0 406.0 412.0 418.0 424.0 430.0 436.0 442.0 449.0 455.0 461.0 467.0 473.0 479.0 485.0 492.0 498.0 503.0 510.0 516.0 522.0 528.0 534.0 540.0 546.0 552.0 558.0 564.0 570.0 577.0 583.0 589.0 595.0 600.0 606.0 612.0 618.0 624.0 630.0 636.0 448.0
617.0 628.0 629.0 630.0 631.0 633.0 633.0 634.0 635.0 636.0 637.0 638.0 639.0 640.0 641.0 641.0 642.0 644.0 644.0 645.0 647.0 648.0 649.0 650.0 651.0 652.0 653.0 654.0 655.0 656.0 657.0 659.0 660.0 661.0 662.0 663.0 664.0 665.0 667.0 668.0 669.0 670.0 671.0 672.0 673.0 674.0 675.0 676.0 677.0 678.0 679.0 680.0 681.0 682.0 683.0 684.0 685.0 686.0 687.0 687.0 688.0 688.0 689.0 690.0 690.0 690.0 691.0 691.0 691.0 692.0 692.0 692.0 692.0 692.0 692.0 692.0 693.0 693.0 693.0 693.0 693.0 693.0 694.0 694.0 695.0 695.0 696.0 696.0 697.0 698.0 698.0 699.0 700.0 701.0 703.0 703.0 705.0 706.0 707.0 709.0 5.0 49.0 55.0 61.0 67.0 73.0 79.0 85.0 91.0 97.0 103.0 109.0 115.0 121.0 127.0 133.0 139.0 145.0 151.0 157.0 163.0 169.0 175.0 181.0 187.0 193.0 198.0 204.0 210.0 216.0 222.0 228.0 234.0 240.0 246.0 252.0 258.0 263.0 269.0 275.0 281.0 287.0 293.0 299.0 305.0 311.0 316.0 322.0 328.0 334.0 340.0 346.0 352.0 358.0 364.0 370.0 376.0 382.0 388.0 394.0 400.0 406.0 412.0 418.0 424.0 430.0 437.0 442.0 449.0 455.0 461.0 467.0 474.0 480.0 486.0 492.0 498.0 504.0 511.0 517.0 523.0 529.0 535.0 541.0 547.0 554.0 559.0 565.0 571.0 578.0 584.0 590.0 596.0 601.0 607.0 613.0 619.0 625.0 631.0 636.0 449.0
617.0 629.0 630.0 631.0 632.0 633.0 634.0 635.0 636.0 637.0 638.0 639.0 640.0 641.0 642.0 643.0 644.0 646.0 646.0 647.0 649.0 650.0 651.0 652.0 653.0 655.0 656.0 657.0 658.0 660.0 660.0 662.0 663.0 665.0 666.0 667.0 668.0 670.0 671.0 672.0 673.0 674.0 675.0 677.0 678.0 679.0 680.0 682.0 683.0 684.0 685.0 686.0 687.0 688.0 689.0 690.0 691.0 692.0 693.0 694.0 694.0 695.0 696.0 697.0 697.0 698.0 698.0 699.0 699.0 700.0 700.0 700.0 701.0 701.0 701.0 701.0 702.0 702.0 702.0 702.0 702.0 703.0 703.0 704.0 704.0 705.0 706.0 706.0 707.0 708.0 709.0 710.0 711.0 712.0 714.0 715.0 716.0 718.0 719.0 721.0 5.0 49.0 55.0 61.0 67.0 73.0 79.0 85.0 91.0 97.0 103.0 109.0 115.0 121.0 127.0 133.0 139.0 145.0 151.0 157.0 162.0 168.0 174.0 180.0 186.0 192.0 198.0 204.0 210.0 216.0 222.0 227.0 233.0 239.0 245.0 251.0 257.0 263.0 269.0 275.0 281.0 287.0 293.0 299.0 305.0 311.0 316.0 322.0 328.0 334.0 340.0 346.0 352.0 358.0 364.0 370.0 376.0 382.0 388.0 394.0 400.0 406.0 412.0 418.0 424.0 430.0 436.0 443.0 449.0 455.0 461.0 467.0 474.0 480.0 486.0 492.0 499.0 504.0 511.0 517.0 523.0 530.0 536.0 542.0 548.0 554.0 560.0 566.0 572.0 578.0 584.0 590.0 596.0 602.0 608.0 614.0 620.0 626.0 632.0 637.0 450.0
617.0 629.0 630.0 631.0 632.0 634.0 635.0 636.0 637.0 638.0 639.0 640.0 641.0 642.0 643.0 644.0 645.0 647.0 647.0 648.0 650.0 651.0 652.0 654.0 655.0 656.0 657.0 658.0 660.0 661.0 662.0 664.0 665.0 667.0 667.0 669.0 670.0 671.0 673.0 674.0 675.0 677.0 678.0 679.0 680.0 682.0 683.0 684.0 685.0 687.0 688.0 689.0 690.0 691.0 692.0 693.0 695.0 695.0 696.0 697.0 698.0 699.0 700.0 701.0 701.0 701.0 702.0 703.0 703.0 704.0 704.0 704.0 705.0 705.0 705.0 706.0 706.0 706.0 706.0 707.0 707.0 708.0 708.0 709.0 709.0 710.0 711.0 712.0 713.0 714.0 714.0 715.0 717.0 718.0 719.0 720.0 722.0 724.0 725.0 726.0 5.0 48.0 54.0 60.0 66.0 72.0 78.0 84.0 90.0 96.0 102.0 108.0 114.0 120.0 126.0 132.0 138.0 144.0 150.0 156.0 162.0 168.0 174.0 180.0 186.0 192.0 198.0 204.0 210.0 216.0 221.0 227.0 233.0 239.0 245.0 251.0 257.0 263.0 269.0 275.0 280.0 286.0 292.0 298.0 304.0 310.0 316.0 322.0 328.0 334.0 340.0 346.0 352.0 357.0 363.0 369.0 375.0 381.0 387.0 393.0 400.0 406.0 412.0 418.0 424.0 430.0 436.0 442.0 449.0 455.0 461.0 467.0 474.0 480.0 486.0 492.0 499.0 505.0 511.0 517.0 523.0 530.0 536.0 542.0 548.0 554.0 560.0 566.0 572.0 579.0 585.0 591.0 597.0 602.0 608.0 614.0 620.0 626.0 632.0 637.0 451.0
617.0 629.0 630.0 632.0 633.0 634.0 635.0 636.0 637.0 638.0 639.0 640.0 641.0 642.0 643.0 644.0 646.0 647.0 648.0 649.0 650.0 651.0 653.0 654.0 655.0 656.0 657.0 659.0 660.0 661.0 662.0 664.0 665.0 667.0 668.0 669.0 670.0 672.0 673.0 674.0 676.0 677.0 678.0 680.0 681.0 682.0 683.0 685.0 686.0 687.0 688.0 689.0 690.0 691.0 693.0 694.0 695.0 696.0 697.0 697.0 698.0 699.0 700.0 701.0 701.0 702.0 702.0 703.0 703.0 704.0 704.0 704.0 705.0 705.0 705.0 706.0 706.0 706.0 706.0 707.0 707.0 707.0 708.0 709.0 709.0 710.0 711.0 711.0 712.0 713.0 714.0 715.0 716.0 718.0 719.0 720.0 721.0 723.0 724.0 726.0 5.0 49.0 55.0 61.0 67.0 72.0 78.0 84.0 90.0 96.0 102.0 108.0 114.0 120.0 126.0 132.0 138.0 144.0 150.0 156.0 162.0 168.0 174.0 180.0 186.0 192.0 198.0 204.0 209.0 215.0 221.0 227.0 233.0 239.0 245.0 251.0 257.0 263.0 268.0 274.0 280.0 286.0 292.0 298.0 304.0 310.0 316.0 322.0 328.0 333.0 339.0 345.0 351.0 357.0 363.0 369.0 375.0 381.0 387.0 393.0 399.0 405.0 411.0 417.0 424.0 430.0 436.0 442.0 448.0 454.0 461.0 467.0 473.0 479.0 486.0 492.0 498.0 504.0 511.0 517.0 523.0 530.0 536.0 542.0 548.0 554.0 560.0 566.0 572.0 578.0 584.0 590.0 596.0 602.0 608.0 614.0 620.0 626.0 632.0 637.0 452.0
617.0 629.0 630.0 631.0 632.0 634.0 635.0 635.0 637.0 638.0 638.0 640.0 641.0 642.0 643.0 643.0 645.0 646.0 647.0 648.0 649.0 650.0 651.0 652.0 654.0 655.0 656.0 657.0 659.0 660.0 661.0 662.0 663.0 665.0 666.0 667.0 668.0 669.0 671.0 672.0 673.0 674.0 676.0 677.0 678.0 679.0 680.0 682.0 682.0 684.0 685.0 686.0 687.0 688.0 689.0 690.0 691.0 692.0 692.0 693.0 694.0 695.0 696.0 696.0 697.0 697.0 698.0 698.0 699.0 699.0 699.0 699.0 700.0 700.0 700.0 700.0 701.0 701.0 701.0 701.0 701.0 702.0 702.0 702.0 703.0 703.0 704.0 705.0 706.0 706.0 707.0 708.0 709.0 710.0 711.0 712.0 714.0 715.0 716.0 718.0 5.0 49.0 55.0 61.0 67.0 72.0 78.0 84.0 90.0 96.0 102.0 108.0 114.0 120.0 126.0 132.0 138.0 144.0 150.0 156.0 162.0 168.0 173.0 179.0 185.0 191.0 197.0 203.0 209.0 215.0 221.0 226.0 232.0 238.0 244.0 250.0 256.0 262.0 268.0 274.0 280.0 285.0 291.0 297.0 303.0 309.0 315.0 321.0 327.0 333.0 339.0 344.0 350.0 356.0 362.0 368.0 374.0 380.0 386.0 392.0 399.0 405.0 411.0 417.0 423.0 429.0 435.0 441.0 448.0 454.0 460.0 466.0 472.0 479.0 485.0 491.0 498.0 504.0 510.0 516.0 522.0 529.0 535.0 541.0 547.0 553.0 559.0 566.0 572.0 578.0 584.0 590.0 596.0 601.0 607.0 613.0 619.0 625.0 631.0 637.0 453.0
617.0 628.0 629.0 631.0 632.0 633.0 633.0 634.0 635.0 636.0 637.0 638.0 639.0 640.0 641.0 642.0 643.0 644.0 645.0 646.0 647.0 648.0 649.0 650.0 651.0 652.0 653.0 654.0 656.0 657.0 658.0 659.0 660.0 661.0 662.0 664.0 665.0 666.0 667.0 668.0 669.0 670.0 671.0 672.0 674.0 674.0 675.0 677.0 677.0 678.0 679.0 680.0 681.0 682.0 683.0 684.0 685.0 686.0 686.0 687.0 687.0 688.0 689.0 689.0 689.0 690.0 690.0 691.0 691.0 691.0 691.0 691.0 692.0 692.0 692.0 692.0 692.0 692.0 692.0 692.0 692.0 692.0 693.0 693.0 693.0 693.0 694.0 694.0 695.0 696.0 696.0 697.0 698.0 699.0 700.0 701.0 702.0 703.0 704.0 706.0 5.0 48.0 54.0 60.0 66.0 72.0 78.0 84.0 90.0 96.0 102.0 108.0 113.0 119.0 125.0 131.0 137.0 143.0 149.0 155.0 161.0 167.0 173.0 179.0 185.0 191.0 197.0 203.0 208.0 214.0 220.0 226.0 232.0 238.0 244.0 250.0 256.0 261.0 267.0 273.0 279.0 285.0 291.0 297.0 302.0 308.0 314.0 320.0 326.0 332.0 338.0 344.0 350.0 356.0 362.0 368.0 374.0 380.0 386.0 392.0 398.0 404.0 410.0 416.0 423.0 429.0 435.0 441.0 447.0 453.0 460.0 466.0 472.0 478.0 485.0 491.0 497.0 503.0 509.0 516.0 522.0 528.0 534.0 541.0 547.0 553.0 559.0 565.0 571.0 577.0 583.0 589.0 595.0 601.0 607.0 613.0 619.0 625.0 631.0 636.0 454.0
617.0 628.0 629.0 630.0 631.0 632.0 632.0 633.0 634.0 635.0 636.0 637.0 637.0 638.0 639.0 640.0 640.0 642.0 642.0 643.0 644.0 645.0 646.0 647.0 648.0 649.0 650.0 651.0 652.0 653.0 654.0 655.0 656.0 657.0 657.0 659.0 660.0 660.0 661.0 662.0 663.0 664.0 665.0 666.0 667.0 668.0 669.0 670.0 670.0 671.0 672.0 673.0 674.0 674.0 675.0 676.0 676.0 677.0 678.0 678.0 678.0 679.0 679.0 680.0 680.0 680.0 680.0 681.0 680.0 681.0 681.0 680.0 680.0 680.0 680.0 680.0 680.0 680.0 679.0 679.0 679.0 679.0 679.0 679.0 679.0 680.0 680.0 680.0 681.0 681.0 681.0 682.0 683.0 684.0 684.0 685.0 686.0 687.0 688.0 689.0 5.0 48.0 54.0 60.0 66.0 72.0 78.0 84.0 90.0 96.0 102.0 108.0 114.0 120.0 126.0 132.0 138.0 144.0 150.0 156.0 162.0 167.0 173.0 179.0 185.0 191.0 197.0 203.0 209.0 214.0 220.0 226.0 232.0 238.0 244.0 250.0 256.0 262.0 268.0 274.0 280.0 286.0 292.0 297.0 303.0 309.0 315.0 321.0 327.0 333.0 339.0 345.0 351.0 357.0 363.0 369.0 375.0 381.0 387.0 393.0 399.0 405.0 411.0 417.0 423.0 429.0 436.0 442.0 448.0 454.0 460.0 466.0 472.0 478.0 485.0 491.0 497.0 503.0 509.0 515.0 521.0 528.0 534.0 540.0 546.0 552.0 558.0 564.0 570.0 576.0 582.0 588.0 594.0 600.0 606.0 612.0 618.0 624.0 630.0 636.0 455.0
617.0 627.0 628.0 629.0 629.0 630.0 631.0 632.0 632.0 633.0 633.0 634.0 635.0 636.0 636.0 637.0 637.0 638.0 639.0 639.0 640.0 641.0 642.0 643.0 643.0 644.0 645.0 646.0 647.0 647.0 648.0 649.0 650.0 650.0 651.0 652.0 653.0 653.0 654.0 655.0 656.0 656.0 657.0 658.0 659.0 659.0 660.0 661.0 661.0 662.0 662.0 663.0 663.0 664.0 664.0 665.0 665.0 666.0 666.0 666.0 666.0 667.0 667.0 667.0 667.0 667.0 667.0 667.0 667.0 666.0 666.0 665.0 665.0 665.0 664.0 664.0 664.0 663.0 663.0 662.0 662.0 662.0 662.0 661.0 662.0 662.0 662.0 662.0 662.0 662.0 662.0 663.0 663.0 664.0 664.0 665.0 665.0 666.0 667.0 668.0 5.0 49.0 55.0 61.0 67.0 72.0 78.0 84.0 90.0 96.0 102.0 108.0 114.0 120.0 126.0 132.0 138.0 144.0 150.0 156.0 162.0 168.0 174.0 180.0 186.0 192.0 198.0 204.0 209.0 215.0 221.0 227.0 233.0 239.0 245.0 251.0 257.0 262.0 268.0 274.0 280.0 286.0 293.0 298.0 304.0 310.0 316.0 322.0 328.0 334.0 340.0 346.0 352.0 358.0 364.0 370.0 376.0 382.0 388.0 394.0 401.0 407.0 413.0 418.0 424.0 430.0 437.0 443.0 449.0 455.0 461.0 467.0 473.0 479.0 485.0 491.0 497.0 503.0 509.0 515.0 521.0 527.0 533.0 539.0 545.0 551.0 557.0 563.0 569.0 575.0 581.0 587.0 593.0 599.0 605.0 611.0 617.0 623.0 629.0 635.0 456.0
617.0 626.0 626.0 627.0 628.0 629.0 629.0 630.0 630.0 631.0 631.0 632.0 632.0 633.0 633.0 634.0 634.0 634.0 635.0 635.0 636.0 637.0 637.0 638.0 639.0 639.0 640.0 640.0 641.0 641.0 642.0 642.0 643.0 644.0 644.0 645.0 645.0 646.0 646.0 647.0 647.0 648.0 648.0 649.0 649.0 650.0 650.0 651.0 651.0 651.0 652.0 652.0 652.0 652.0 652.0 653.0 653.0 653.0 653.0 653.0 653.0 653.0 653.0 653.0 653.0 652.0 652.0 652.0 651.0 651.0 650.0 649.0 649.0 648.0 648.0 647.0 646.0 645.0 645.0 644.0 644.0 643.0 643.0 642.0 642.0 642.0 641.0 641.0 641.0 641.0 641.0 641.0 641.0 642.0 642.0 643.0 643.0 644.0 644.0 645.0 5.0 49.0 55.0 61.0 67.0 73.0 79.0 85.0 91.0 97.0 103.0 109.0 115.0 121.0 127.0 133.0 139.0 145.0 151.0 157.0 163.0 169.0 174.0 180.0 186.0 192.0 198.0 204.0 210.0 216.0 222.0 228.0 234.0 240.0 246.0 252.0 258.0 264.0 269.0 275.0 281.0 287.0 294.0 299.0 305.0 311.0 317.0 323.0 329.0 335.0 341.0 347.0 353.0 359.0 365.0 371.0 377.0 383.0 389.0 395.0 401.0 407.0 413.0 419.0 425.0 431.0 437.0 443.0 449.0 454.0 460.0 466.0 472.0 478.0 484.0 490.0 495.0 501.0 507.0 513.0 519.0 525.0 531.0 537.0 542.0 548.0 554.0 560.0 566.0 572.0 578.0 584.0 590.0 596.0 602.0 608.0 614.0 620.0 626.0 632.0 457.0
617.0 625.0 625.0 626.0 626.0 627.0 627.0 627.0 628.0 628.0 628.0 629.0 629.0 629.0 630.0 630.0 630.0 630.0 631.0 631.0 631.0 632.0 632.0 633.0 633.0 633.0 634.0 634.0 634.0 635.0 635.0 635.0 636.0 636.0 637.0 637.0 637.0 637.0 638.0 638.0 638.0 639.0 639.0 639.0 639.0 639.0 640.0 640.0 640.0 640.0 640.0 640.0 640.0 640.0 640.0 640.0 640.0 640.0 640.0 639.0 639.0 639.0 638.0 638.0 637.0 637.0 636.0 635.0 635.0 634.0 633.0 632.0 631.0 630.0 629.0 628.0 627.0 626.0 625.0 625.0 624.0 623.0 622.0 621.0 621.0 620.0 620.0 620.0 619.0 619.0 619.0 619.0 619.0 619.0 619.0 619.0 619.0 619.0 620.0 620.0 5.0 50.0 56.0 62.0 68.0 74.0 80.0 86.0 92.0 98.0 104.0 110.0 116.0 122.0 128.0 134.0 140.0 146.0 152.0 158.0 164.0 170.0 176.0 182.0 188.0 194.0 200.0 206.0 212.0 218.0 224.0 230.0 236.0 242.0 248.0 254.0 260.0 266.0 272.0 278.0 284.0 290.0 296.0 302.0 308.0 314.0 320.0 325.0 331.0 337.0 343.0 349.0 355.0 361.0 367.0 373.0 379.0 385.0 391.0 397.0 403.0 409.0 415.0 420.0 426.0 432.0 438.0 443.0 449.0 455.0 461.0 466.0 472.0 478.0 484.0 490.0 495.0 501.0 507.0 513.0 518.0 524.0 530.0 536.0 541.0 547.0 553.0 559.0 565.0 571.0 577.0 583.0 589.0 594.0 600.0 606.0 612.0 618.0 624.0 630.0 458.0
617.0 623.0 624.0 624.0 624.0 625.0 625.0 625.0 625.0 626.0 625.0 626.0 626.0 626.0 626.0 626.0 626.0 626.0 627.0 627.0 627.0 627.0 627.0 627.0 627.0 627.0 628.0 628.0 628.0 628.0 628.0 628.0 628.0 629.0 629.0 629.0 629.0 629.0 629.0 629.0 629.0 629.0 629.0 629.0 629.0 629.0 629.0 629.0 628.0 629.0 628.0 628.0 628.0 627.0 627.0 627.0 626.0 626.0 626.0 625.0 625.0 624.0 623.0 622.0 621.0 621.0 620.0 619.0 618.0 617.0 616.0 614.0 613.0 612.0 610.0 609.0 608.0 607.0 606.0 605.0 603.0 603.0 601.0 601.0 600.0 599.0 598.0 598.0 597.0 597.0 597.0 596.0 596.0 596.0 596.0 595.0 596.0 595.0 596.0 596.0 5.0 50.0 56.0 63.0 68.0 74.0 80.0 86.0 92.0 98.0 105.0 111.0 117.0 123.0 129.0 135.0 141.0 147.0 153.0 159.0 165.0 171.0 177.0 183.0 189.0 195.0 201.0 207.0 213.0 219.0 225.0 231.0 237.0 243.0 249.0 255.0 261.0 267.0 273.0 279.0 285.0 291.0 297.0 303.0 309.0 315.0 321.0 327.0 333.0 339.0 345.0 351.0 357.0 363.0 369.0 374.0 380.0 386.0 392.0 398.0 404.0 410.0 416.0 421.0 427.0 433.0 439.0 444.0 450.0 456.0 461.0 467.0 473.0 478.0 484.0 490.0 495.0 501.0 507.0 512.0 518.0 524.0 530.0 535.0 541.0 547.0 553.0 559.0 565.0 570.0 576.0 582.0 588.0 594.0 600.0 606.0 612.0 618.0 624.0 630.0 459.0
617.0 622.0 622.0 622.0 623.0 623.0 623.0 623.0 623.0 623.0 623.0 623.0 623.0 623.0 623.0 623.0 623.0 623.0 623.0 622.0 623.0 622.0 622.0 622.0 622.0 622.0 622.0 622.0 622.0 622.0 622.0 622.0 622.0 622.0 621.0 622.0 621.0 621.0 621.0 621.0 621.0 621.0 620.0 620.0 620.0 620.0 619.0 619.0 618.0 618.0 618.0 617.0 617.0 616.0 616.0 615.0 614.0 614.0 613.0 612.0 612.0 610.0 610.0 608.0 608.0 606.0 605.0 604.0 603.0 601.0 600.0 598.0 597.0 595.0 594.0 592.0 591.0 590.0 588.0 587.0 585.0 584.0 583.0 582.0 581.0 580.0 579.0 578.0 578.0 577.0 577.0 576.0 575.0 575.0 575.0 574.0 574.0 574.0 574.0 574.0 5.0 51.0 57.0 63.0 69.0 75.0 81.0 87.0 93.0 99.0 106.0 112.0 118.0 124.0 130.0 136.0 142.0 148.0 154.0 160.0 166.0 172.0 178.0 184.0 190.0 196.0 202.0 208.0 215.0 221.0 227.0 233.0 239.0 245.0 251.0 257.0 263.0 269.0 275.0 281.0 287.0 293.0 299.0 305.0 311.0 317.0 323.0 328.0 334.0 340.0 346.0 352.0 358.0 364.0 370.0 376.0 382.0 388.0 394.0 400.0 405.0 411.0 417.0 422.0 428.0 434.0 440.0 445.0 451.0 457.0 462.0 468.0 473.0 479.0 485.0 490.0 496.0 502.0 507.0 513.0 518.0 524.0 530.0 536.0 541.0 547.0 553.0 559.0 565.0 571.0 576.0 582.0 588.0 594.0 600.0 606.0 612.0 618.0 624.0 630.0 460.0
617.0 621.0 621.0 621.0 621.0 621.0 622.0 621.0 621.0 621.0 621.0 621.0 621.0 620.0 620.0 620.0 620.0 619.0 619.0 619.0 619.0 619.0 618.0 618.0 618.0 618.0 618.0 617.0 617.0 617.0 617.0 616.0 616.0 616.0 615.0 615.0 615.0 614.0 614.0 614.0 613.0 613.0 613.0 612.0 612.0 611.0 611.0 610.0 610.0 609.0 609.0 608.0 607.0 606.0 606.0 605.0 604.0 603.0 602.0 601.0 600.0 599.0 598.0 596.0 595.0 594.0 592.0 591.0 589.0 588.0 586.0 584.0 582.0 581.0 579.0 578.0 576.0 574.0 573.0 571.0 570.0 568.0 567.0 566.0 564.0 563.0 563.0 561.0 561.0 560.0 559.0 559.0 558.0 557.0 557.0 556.0 556.0 555.0 555.0 554.0 5.0 52.0 58.0 65.0 71.0 77.0 83.0 89.0 95.0 101.0 107.0 113.0 120.0 126.0 132.0 138.0 144.0 150.0 156.0 162.0 168.0 174.0 180.0 186.0 192.0 198.0 204.0 210.0 217.0 223.0 229.0 235.0 241.0 247.0 253.0 259.0 265.0 271.0 277.0 283.0 289.0 295.0 301.0 307.0 313.0 319.0 325.0 331.0 337.0 343.0 349.0 355.0 361.0 367.0 372.0 378.0 384.0 390.0 396.0 402.0 407.0 413.0 419.0 424.0 430.0 436.0 442.0 447.0 453.0 458.0 464.0 469.0 475.0 481.0 486.0 492.0 497.0 503.0 509.0 514.0 520.0 525.0 531.0 537.0 542.0 548.0 554.0 560.0 566.0 572.0 577.0 583.0 589.0 595.0 601.0 607.0 613.0 619.0 625.0 631.0 461.0
617.0 620.0 620.0 620.0 620.0 620.0 620.0 620.0 620.0 620.0 619.0 619.0 619.0 618.0 618.0 618.0 617.0 617.0 617.0 616.0 616.0 616.0 615.0 615.0 615.0 614.0 614.0 614.0 613.0 613.0 613.0 612.0 612.0 611.0 611.0 611.0 610.0 609.0 609.0 608.0 608.0 607.0 607.0 606.0 606.0 605.0 604.0 604.0 603.0 602.0 601.0 600.0 599.0 599.0 598.0 597.0 596.0 595.0 594.0 592.0 591.0 590.0 589.0 587.0 585.0 584.0 582.0 581.0 579.0 577.0 575.0 573.0 572.0 570.0 568.0 566.0 564.0 563.0 561.0 559.0 557.0 556.0 555.0 553.0 552.0 551.0 550.0 548.0 548.0 547.0 546.0 545.0 544.0 543.0 543.0 542.0 541.0 541.0 540.0 540.0 5.0 53.0 59.0 65.0 71.0 77.0 84.0 90.0 96.0 102.0 108.0 114.0 121.0 127.0 133.0 139.0 145.0 151.0 157.0 163.0 169.0 175.0 181.0 187.0 193.0 200.0 206.0 212.0 218.0 224.0 230.0 236.0 242.0 248.0 254.0 260.0 266.0 272.0 278.0 284.0 290.0 296.0 302.0 309.0 315.0 321.0 327.0 332.0 338.0 344.0 350.0 356.0 362.0 368.0 374.0 380.0 385.0 391.0 397.0 403.0 409.0 414.0 420.0 426.0 431.0 437.0 443.0 448.0 454.0 459.0 465.0 470.0 476.0 482.0 487.0 493.0 498.0 504.0 510.0 515.0 521.0 526.0 532.0 538.0 543.0 549.0 555.0 561.0 567.0 573.0 579.0 584.0 590.0 596.0 602.0 608.0 614.0 620.0 626.0 632.0 462.0
617.0 620.0 620.0 620.0 620.0 620.0 619.0 619.0 619.0 619.0 618.0 618.0 617.0 617.0 617.0 616.0 616.0 615.0 615.0 614.0 614.0 614.0 613.0 613.0 612.0 612.0 612.0 611.0 611.0 610.0 610.0 609.0 609.0 608.0 608.0 607.0 607.0 606.0 605.0 605.0 604.0 603.0 603.0 602.0 601.0 601.0 600.0 599.0 598.0 598.0 597.0 595.0 594.0 594.0 593.0 591.0 590.0 589.0 588.0 587.0 585.0 584.0 582.0 581.0 579.0 577.0 576.0 574.0 572.0 570.0 568.0 566.0 564.0 563.0 561.0 559.0 557.0 555.0 553.0 551.0 550.0 548.0 547.0 545.0 544.0 542.0 541.0 540.0 539.0 538.0 537.0 536.0 535.0 534.0 534.0 533.0 532.0 532.0 531.0 530.0 5.0 53.0 59.0 66.0 72.0 78.0 84.0 90.0 96.0 102.0 109.0 115.0 121.0 127.0 133.0 139.0 145.0 151.0 157.0 164.0 170.0 176.0 182.0 188.0 194.0 200.0 206.0 212.0 219.0 225.0 231.0 237.0 243.0 249.0 255.0 261.0 267.0 273.0 279.0 285.0 291.0 297.0 303.0 309.0 315.0 321.0 327.0 333.0 339.0 345.0 351.0 357.0 363.0 369.0 374.0 380.0 386.0 392.0 398.0 404.0 409.0 415.0 421.0 426.0 432.0 438.0 443.0 449.0 454.0 460.0 465.0 471.0 477.0 482.0 488.0 493.0 499.0 504.0 510.0 516.0 521.0 527.0 533.0 538.0 544.0 550.0 556.0 561.0 567.0 573.0 579.0 585.0 591.0 597.0 603.0 609.0 615.0 621.0 627.0 633.0 463.0
617.0 620.0 620.0 619.0 619.0 619.0 619.0 619.0 618.0 618.0 617.0 617.0 617.0 616.0 616.0 615.0 615.0 615.0 614.0 614.0 613.0 613.0 612.0 612.0 611.0 611.0 611.0 610.0 610.0 609.0 609.0 608.0 607.0 607.0 606.0 606.0 605.0 604.0 604.0 603.0 603.0 602.0 601.0 600.0 600.0 599.0 598.0 597.0 596.0 596.0 595.0 594.0 593.0 592.0 591.0 589.0 588.0 587.0 586.0 584.0 583.0 581.0 580.0 578.0 577.0 575.0 573.0 571.0 569.0 567.0 565.0 563.0 562.0 560.0 558.0 556.0 554.0 552.0 550.0 548.0 547.0 545.0 544.0 542.0 541.0 539.0 538.0 537.0 536.0 535.0 534.0 533.0 532.0 531.0 530.0 529.0 529.0 528.0 527.0 527.0 5.0 53.0 59.0 65.0 71.0 77.0 84.0 90.0 96.0 102.0 108.0 114.0 121.0 127.0 133.0 139.0 145.0 151.0 157.0 164.0 170.0 176.0 182.0 188.0 194.0 200.0 206.0 212.0 218.0 224.0 230.0 236.0 243.0 249.0 255.0 261.0 267.0 273.0 279.0 285.0 291.0 297.0 303.0 309.0 315.0 321.0 327.0 333.0 339.0 345.0 351.0 357.0 363.0 369.0 374.0 380.0 386.0 392.0 398.0 403.0 409.0 415.0 420.0 426.0 432.0 437.0 443.0 449.0 454.0 460.0 465.0 471.0 477.0 482.0 488.0 493.0 499.0 504.0 510.0 515.0 521.0 526.0 532.0 538.0 543.0 549.0 555.0 561.0 567.0 573.0 578.0 584.0 590.0 596.0 602.0 608.0 614.0 620.0 626.0 632.0 464.0
617.0 620.0 620.0 620.0 620.0 619.0 619.0 619.0 618.0 618.0 618.0 617.0 617.0 617.0 616.0 616.0 615.0 615.0 614.0 614.0 613.0 613.0 612.0 612.0 612.0 611.0 611.0 610.0 610.0 609.0 609.0 608.0 608.0 607.0 607.0 606.0 606.0 605.0 604.0 604.0 603.0 602.0 602.0 601.0 600.0 600.0 599.0 598.0 597.0 596.0 596.0 595.0 594.0 593.0 592.0 590.0 589.0 588.0 587.0 585.0 584.0 583.0 581.0 580.0 578.0 576.0 575.0 573.0 571.0 569.0 567.0 565.0 563.0 561.0 559.0 557.0 555.0 553.0 552.0 550.0 548.0 547.0 545.0 544.0 542.0 541.0 540.0 539.0 538.0 537.0 536.0 535.0 534.0 533.0 532.0 531.0 531.0 530.0 530.0 529.0 5.0 53.0 59.0 65.0 71.0 77.0 83.0 90.0 96.0 102.0 108.0 114.0 120.0 126.0 133.0 139.0 145.0 151.0 157.0 163.0 169.0 175.0 181.0 187.0 194.0 200.0 206.0 212.0 218.0 224.0 230.0 236.0 242.0 248.0 254.0 260.0 266.0 273.0 279.0 285.0 291.0 297.0 303.0 309.0 315.0 321.0 327.0 333.0 339.0 345.0 350.0 356.0 362.0 368.0 374.0 380.0 386.0 391.0 397.0 403.0 409.0 414.0 420.0 426.0 431.0 437.0 443.0 448.0 454.0 459.0 465.0 470.0 476.0 481.0 487.0 492.0 498.0 503.0 509.0 514.0 520.0 526.0 531.0 537.0 543.0 548.0 554.0 560.0 566.0 572.0 578.0 584.0 590.0 596.0 602.0 608.0 614.0 620.0 626.0 632.0 465.0
617.0 620.0 620.0 620.0 620.0 620.0 620.0 620.0 619.0 619.0 618.0 618.0 618.0 617.0 617.0 617.0 616.0 616.0 615.0 615.0 615.0 614.0 614.0 614.0 613.0 613.0 612.0 612.0 612.0 611.0 611.0 610.0 610.0 609.0 609.0 608.0 608.0 607.0 607.0 606.0 606.0 605.0 604.0 604.0 603.0 603.0 602.0 601.0 601.0 600.0 599.0 598.0 597.0 596.0 596.0 594.0 593.0 592.0 591.0 590.0 589.0 587.0 586.0 584.0 583.0 581.0 580.0 578.0 576.0 574.0 573.0 571.0 569.0 567.0 565.0 563.0 562.0 560.0 558.0 556.0 555.0 553.0 552.0 550.0 549.0 548.0 546.0 545.0 545.0 544.0 543.0 542.0 541.0 541.0 540.0 539.0 539.0 538.0 538.0 537.0 5.0 52.0 58.0 64.0 70.0 77.0 83.0 89.0 95.0 101.0 107.0 113.0 120.0 126.0 132.0 138.0 144.0 150.0 156.0 162.0 168.0 174.0 180.0 186.0 193.0 199.0 205.0 211.0 217.0 223.0 229.0 235.0 242.0 248.0 254.0 260.0 266.0 272.0 278.0 284.0 290.0 296.0 302.0 308.0 314.0 320.0 326.0 332.0 338.0 344.0 350.0 356.0 361.0 367.0 373.0 379.0 385.0 391.0 397.0 402.0 408.0 414.0 419.0 425.0 431.0 437.0 442.0 448.0 453.0 459.0 464.0 470.0 475.0 481.0 486.0 492.0 497.0 503.0 509.0 514.0 520.0 525.0 531.0 537.0 542.0 548.0 554.0 560.0 565.0 571.0 577.0 583.0 589.0 595.0 601.0 607.0 613.0 619.0 625.0 631.0 466.0
617.0 620.0 621.0 621.0 621.0 620.0 621.0 621.0 620.0 620.0 620.0 620.0 619.0 619.0 618.0 618.0 618.0 618.0 617.0 617.0 617.0 617.0 616.0 616.0 616.0 615.0 615.0 615.0 615.0 614.0 614.0 614.0 614.0 613.0 613.0 612.0 612.0 612.0 612.0 611.0 610.0 610.0 609.0 609.0 609.0 608.0 608.0 607.0 607.0 606.0 605.0 605.0 604.0 603.0 602.0 601.0 600.0 599.0 598.0 597.0 596.0 595.0 594.0 593.0 591.0 590.0 589.0 587.0 585.0 584.0 582.0 580.0 579.0 577.0 575.0 574.0 572.0 570.0 569.0 567.0 566.0 564.0 563.0 562.0 560.0 559.0 558.0 557.0 556.0 556.0 555.0 554.0 554.0 553.0 552.0 552.0 552.0 551.0 551.0 550.0 5.0 51.0 57.0 63.0 69.0 76.0 82.0 88.0 94.0 100.0 106.0 112.0 118.0 124.0 130.0 137.0 143.0 149.0 155.0 161.0 167.0 173.0 179.0 185.0 191.0 197.0 203.0 209.0 215.0 221.0 227.0 233.0 240.0 246.0 252.0 258.0 264.0 270.0 276.0 282.0 288.0 294.0 300.0 306.0 312.0 318.0 324.0 330.0 336.0 342.0 348.0 354.0 360.0 366.0 371.0 377.0 383.0 389.0 395.0 400.0 406.0 412.0 417.0 423.0 429.0 435.0 440.0 446.0 451.0 457.0 463.0 468.0 474.0 479.0 485.0 490.0 496.0 501.0 507.0 512.0 518.0 523.0 529.0 535.0 540.0 546.0 552.0 558.0 563.0 569.0 575.0 581.0 587.0 593.0 599.0 605.0 611.0 617.0 623.0 629.0 467.0
617.0 621.0 621.0 622.0 622.0 621.0 622.0 622.0 622.0 621.0 621.0 621.0 621.0 621.0 621.0 621.0 620.0 620.0 620.0 620.0 620.0 620.0 619.0 619.0 619.0 619.0 619.0 619.0 619.0 619.0 619.0 618.0 618.0 618.0 618.0 618.0 618.0 618.0 617.0 617.0 617.0 616.0 616.0 616.0 616.0 615.0 615.0 614.0 614.0 614.0 613.0 613.0 612.0 612.0 611.0 610.0 610.0 609.0 608.0 607.0 606.0 606.0 605.0 604.0 602.0 601.0 600.0 599.0 597.0 596.0 595.0 593.0 592.0 590.0 589.0 587.0 586.0 584.0 583.0 581.0 580.0 579.0 578.0 577.0 575.0 574.0 574.0 573.0 572.0 572.0 571.0 570.0 570.0 569.0 569.0 569.0 569.0 568.0 568.0 568.0 5.0 50.0 56.0 62.0 68.0 74.0 80.0 86.0 92.0 98.0 105.0 111.0 117.0 123.0 129.0 135.0 141.0 147.0 153.0 159.0 165.0 171.0 177.0 183.0 189.0 195.0 201.0 208.0 214.0 220.0 226.0 232.0 238.0 244.0 250.0 256.0 262.0 268.0 274.0 280.0 286.0 292.0 298.0 304.0 310.0 316.0 322.0 328.0 334.0 340.0 346.0 352.0 358.0 364.0 369.0 375.0 381.0 387.0 393.0 399.0 405.0 411.0 416.0 422.0 428.0 433.0 439.0 445.0 450.0 456.0 462.0 467.0 473.0 478.0 484.0 489.0 495.0 500.0 506.0 512.0 517.0 523.0 529.0 534.0 540.0 546.0 552.0 558.0 563.0 569.0 575.0 581.0 587.0 593.0 599.0 605.0 611.0 617.0 623.0 629.0 468.0
617.0 622.0 622.0 623.0 623.0 623.0 623.0 624.0 624.0 623.0 624.0 624.0 624.0 624.0 623.0 623.0 624.0 623.0 624.0 624.0 624.0 624.0 624.0 624.0 624.0 624.0 624.0 624.0 624.0 624.0 624.0 624.0 625.0 624.0 625.0 624.0 625.0 625.0 625.0 624.0 625.0 624.0 625.0 624.0 624.0 624.0 624.0 624.0 624.0 624.0 623.0 623.0 623.0 623.0 622.0 622.0 621.0 621.0 620.0 620.0 619.0 618.0 618.0 617.0 616.0 615.0 614.0 613.0 612.0 611.0 610.0 609.0 607.0 606.0 605.0 604.0 603.0 601.0 600.0 599.0 598.0 597.0 596.0 595.0 594.0 593.0 593.0 592.0 591.0 591.0 590.0 590.0 590.0 590.0 589.0 589.0 589.0 589.0 589.0 589.0 5.0 49.0 55.0 61.0 67.0 73.0 79.0 85.0 91.0 97.0 103.0 109.0 116.0 122.0 128.0 134.0 140.0 146.0 152.0 158.0 164.0 170.0 176.0 182.0 188.0 194.0 200.0 206.0 212.0 218.0 224.0 230.0 236.0 242.0 248.0 254.0 260.0 266.0 272.0 278.0 284.0 290.0 296.0 302.0 308.0 314.0 320.0 326.0 332.0 338.0 344.0 350.0 356.0 362.0 368.0 374.0 380.0 386.0 392.0 398.0 404.0 409.0 415.0 421.0 427.0 433.0 438.0 444.0 450.0 456.0 461.0 467.0 473.0 478.0 484.0 490.0 495.0 501.0 507.0 512.0 518.0 524.0 530.0 535.0 541.0 547.0 553.0 559.0 565.0 571.0 576.0 582.0 588.0 594.0 600.0 606.0 612.0 618.0 624.0 630.0 469.0
617.0 623.0 624.0 624.0 624.0 625.0 625.0 626.0 626.0 626.0 626.0 626.0 626.0 627.0 627.0 627.0 627.0 627.0 628.0 628.0 628.0 628.0 629.0 629.0 629.0 629.0 630.0 630.0 630.0 630.0 631.0 631.0 631.0 632.0 632.0 632.0 632.0 632.0 633.0 633.0 633.0 633.0 633.0 634.0 634.0 634.0 634.0 634.0 634.0 634.0 634.0 634.0 634.0 634.0 634.0 634.0 634.0 633.0 633.0 633.0 632.0 632.0 632.0 631.0 631.0 630.0 629.0 628.0 628.0 627.0 626.0 625.0 624.0 623.0 622.0 621.0 620.0 619.0 618.0 618.0 617.0 616.0 615.0 615.0 614.0 613.0 613.0 612.0 612.0 612.0 612.0 611.0 612.0 611.0 612.0 612.0 612.0 612.0 612.0 613.0 5.0 49.0 55.0 61.0 67.0 73.0 79.0 85.0 91.0 97.0 103.0 109.0 115.0 121.0 127.0 133.0 139.0 145.0 151.0 157.0 163.0 169.0 175.0 181.0 187.0 193.0 199.0 205.0 211.0 217.0 223.0 229.0 235.0 241.0 247.0 253.0 259.0 265.0 271.0 277.0 283.0 289.0 295.0 301.0 307.0 313.0 319.0 325.0 331.0 337.0 342.0 348.0 354.0 360.0 366.0 372.0 378.0 384.0 390.0 396.0 402.0 408.0 414.0 420.0 426.0 432.0 437.0 443.0 449.0 455.0 461.0 466.0 472.0 478.0 484.0 490.0 495.0 501.0 507.0 513.0 519.0 524.0 530.0 536.0 542.0 548.0 554.0 560.0 566.0 572.0 577.0 583.0 589.0 595.0 601.0 607.0 613.0 619.0 625.0 631.0 470.0
617.0 625.0 625.0 626.0 626.0 627.0 627.0 628.0 628.0 628.0 629.0 629.0 629.0 630.0 630.0 631.0 631.0 631.0 632.0 632.0 633.0 633.0 634.0 634.0 635.0 635.0 636.0 636.0 637.0 637.0 637.0 637.0 638.0 639.0 639.0 639.0 640.0 640.0 641.0 641.0 642.0 642.0 643.0 643.0 644.0 644.0 644.0 645.0 645.0 645.0 645.0 645.0 646.0 646.0 646.0 646.0 646.0 646.0 646.0 646.0 646.0 646.0 646.0 646.0 645.0 645.0 645.0 644.0 644.0 643.0 643.0 642.0 641.0 641.0 640.0 639.0 639.0 638.0 637.0 636.0 636.0 635.0 635.0 634.0 634.0 634.0 633.0 633.0 633.0 633.0 633.0 633.0 634.0 634.0 634.0 634.0 635.0 635.0 636.0 636.0 5.0 49.0 55.0 61.0 67.0 73.0 79.0 85.0 91.0 97.0 102.0 108.0 114.0 120.0 126.0 133.0 139.0 145.0 151.0 157.0 163.0 169.0 175.0 180.0 186.0 192.0 198.0 204.0 210.0 216.0 222.0 228.0 234.0 240.0 246.0 252.0 258.0 264.0 270.0 276.0 282.0 288.0 294.0 300.0 306.0 312.0 318.0 323.0 329.0 335.0 341.0 347.0 353.0 359.0 365.0 371.0 377.0 383.0 389.0 395.0 401.0 407.0 413.0 419.0 425.0 431.0 437.0 443.0 449.0 455.0 460.0 466.0 472.0 478.0 484.0 490.0 496.0 502.0 508.0 514.0 520.0 526.0 532.0 538.0 543.0 549.0 555.0 561.0 567.0 573.0 579.0 585.0 591.0 597.0 603.0 609.0 615.0 621.0 627.0 633.0 471.0
617.0 626.0 626.0 627.0 628.0 629.0 629.0 629.0 630.0 631.0 631.0 632.0 632.0 633.0 633.0 634.0 635.0 635.0 636.0 636.0 637.0 637.0 639.0 639.0 640.0 640.0 641.0 642.0 643.0 643.0 644.0 644.0 645.0 646.0 646.0 647.0 648.0 649.0 649.0 650.0 651.0 651.0 652.0 653.0 653.0 654.0 654.0 655.0 656.0 656.0 657.0 657.0 658.0 658.0 658.0 659.0 659.0 659.0 659.0 660.0 660.0 660.0 660.0 660.0 660.0 660.0 660.0 660.0 659.0 659.0 659.0 659.0 658.0 658.0 657.0 657.0 656.0 656.0 655.0 655.0 655.0 654.0 654.0 654.0 654.0 654.0 654.0 654.0 654.0 655.0 655.0 655.0 656.0 656.0 657.0 657.0 658.0 658.0 659.0 660.0 5.0 49.0 55.0 61.0 67.0 73.0 79.0 85.0 91.0 97.0 103.0 109.0 115.0 121.0 127.0 133.0 139.0 145.0 151.0 157.0 163.0 168.0 174.0 180.0 186.0 192.0 198.0 204.0 210.0 216.0 222.0 228.0 234.0 240.0 246.0 252.0 257.0 264.0 269.0 275.0 281.0 287.0 293.0 299.0 305.0 311.0 317.0 323.0 329.0 335.0 340.0 346.0 352.0 358.0 364.0 370.0 376.0 382.0 388.0 394.0 400.0 406.0 412.0 418.0 425.0 431.0 436.0 442.0 449.0 455.0 461.0 467.0 473.0 479.0 485.0 491.0 497.0 503.0 509.0 515.0 521.0 527.0 533.0 539.0 545.0 551.0 557.0 563.0 569.0 575.0 581.0 587.0 593.0 599.0 605.0 611.0 617.0 623.0 629.0 635.0 472.0
617.0 627.0 627.0 628.0 629.0 630.0 631.0 631.0 632.0 633.0 634.0 634.0 635.0 636.0 636.0 637.0 638.0 638.0 639.0 640.0 641.0 642.0 643.0 644.0 644.0 645.0 646.0 647.0 648.0 648.0 650.0 650.0 651.0 652.0 653.0 654.0 655.0 656.0 656.0 657.0 658.0 659.0 660.0 661.0 662.0 663.0 663.0 664.0 665.0 666.0 666.0 667.0 668.0 668.0 669.0 669.0 670.0 670.0 671.0 671.0 672.0 672.0 672.0 673.0 673.0 673.0 673.0 673.0 673.0 673.0 673.0 673.0 672.0 672.0 672.0 672.0 672.0 672.0 671.0 671.0 671.0 671.0 671.0 671.0 671.0 671.0 672.0 672.0 672.0 673.0 673.0 674.0 675.0 675.0 676.0 677.0 678.0 678.0 680.0 681.0 5.0 49.0 55.0 61.0 67.0 73.0 79.0 85.0 91.0 97.0 103.0 109.0 115.0 121.0 127.0 133.0 139.0 145.0 151.0 157.0 163.0 168.0 174.0 180.0 186.0 192.0 198.0 204.0 210.0 216.0 222.0 227.0 233.0 239.0 245.0 251.0 257.0 263.0 269.0 275.0 281.0 287.0 293.0 299.0 305.0 310.0 316.0 322.0 328.0 334.0 340.0 346.0 352.0 358.0 364.0 370.0 376.0 382.0 388.0 394.0 400.0 406.0 412.0 418.0 424.0 430.0 436.0 442.0 448.0 454.0 460.0 466.0 473.0 479.0 485.0 491.0 497.0 503.0 509.0 515.0 522.0 528.0 534.0 540.0 546.0 552.0 558.0 564.0 570.0 576.0 582.0 588.0 594.0 600.0 606.0 611.0 617.0 623.0 629.0 635.0 473.0
617.0 628.0 628.0 629.0 631.0 632.0 632.0 633.0 634.0 635.0 636.0 636.0 637.0 638.0 639.0 640.0 641.0 641.0 642.0 643.0 644.0 645.0 646.0 647.0 648.0 649.0 650.0 651.0 652.0 653.0 654.0 655.0 656.0 657.0 658.0 659.0 661.0 661.0 662.0 664.0 664.0 666.0 667.0 667.0 669.0 670.0 670.0 672.0 672.0 673.0 674.0 675.0 676.0 677.0 678.0 678.0 679.0 679.0 680.0 681.0 681.0 682.0 682.0 683.0 683.0 683.0 684.0 684.0 684.0 684.0 684.0 684.0 684.0 684.0 684.0 684.0 685.0 684.0 684.0 684.0 684.0 685.0 684.0 685.0 685.0 686.0 686.0 686.0 687.0 688.0 688.0 689.0 690.0 691.0 692.0 693.0 694.0 695.0 696.0 697.0 5.0 49.0 55.0 61.0 67.0 73.0 79.0 85.0 91.0 97.0 103.0 109.0 115.0 121.0 127.0 133.0 139.0 145.0 151.0 157.0 163.0 169.0 175.0 180.0 186.0 192.0 198.0 204.0 210.0 216.0 222.0 228.0 233.0 239.0 245.0 251.0 257.0 263.0 269.0 275.0 281.0 287.0 293.0 299.0 305.0 310.0 316.0 322.0 328.0 334.0 340.0 346.0 352.0 358.0 364.0 370.0 376.0 382.0 388.0 394.0 400.0 406.0 412.0 418.0 424.0 430.0 436.0 442.0 448.0 454.0 460.0 467.0 473.0 479.0 485.0 491.0 497.0 503.0 509.0 516.0 522.0 528.0 534.0 540.0 547.0 553.0 559.0 565.0 571.0 577.0 583.0 589.0 595.0 601.0 607.0 612.0 618.0 624.0 630.0 636.0 474.0
617.0 628.0 629.0 630.0 632.0 633.0 633.0 634.0 635.0 636.0 637.0 638.0 638.0 640.0 641.0 642.0 642.0 643.0 644.0 645.0 647.0 647.0 649.0 650.0 651.0 652.0 653.0 654.0 655.0 656.0 657.0 659.0 660.0 661.0 662.0 663.0 665.0 666.0 666.0 668.0 669.0 670.0 671.0 672.0 674.0 674.0 675.0 677.0 678.0 679.0 680.0 681.0 682.0 682.0 683.0 684.0 685.0 686.0 687.0 687.0 688.0 689.0 690.0 690.0 690.0 691.0 692.0 691.0 692.0 692.0 692.0 692.0 693.0 693.0 693.0 693.0 693.0 693.0 693.0 694.0 693.0 694.0 694.0 695.0 695.0 696.0 696.0 697.0 697.0 698.0 699.0 700.0 701.0 702.0 703.0 704.0 705.0 706.0 707.0 709.0 5.0 49.0 55.0 61.0 67.0 73.0 79.0 85.0 91.0 97.0 103.0 109.0 115.0 121.0 127.0 133.0 139.0 145.0 151.0 157.0 163.0 169.0 175.0 181.0 186.0 192.0 198.0 204.0 210.0 216.0 222.0 228.0 233.0 239.0 245.0 251.0 257.0 263.0 269.0 274.0 280.0 286.0 292.0 298.0 304.0 310.0 316.0 322.0 328.0 334.0 339.0 345.0 351.0 357.0 363.0 369.0 375.0 381.0 387.0 393.0 399.0 405.0 411.0 417.0 424.0 430.0 436.0 442.0 448.0 454.0 460.0 467.0 473.0 479.0 485.0 491.0 498.0 504.0 510.0 516.0 522.0 528.0 534.0 540.0 547.0 553.0 559.0 565.0 571.0 577.0 583.0 589.0 595.0 601.0 607.0 613.0 618.0 624.0 630.0 636.0 475.0
617.0 629.0 630.0 631.0 632.0 633.0 634.0 635.0 636.0 637.0 638.0 639.0 640.0 641.0 642.0 643.0 644.0 644.0 645.0 647.0 648.0 649.0 650.0 651.0 652.0 653.0 655.0 656.0 657.0 658.0 659.0 661.0 662.0 663.0 664.0 665.0 667.0 668.0 669.0 670.0 671.0 673.0 674.0 675.0 676.0 677.0 678.0 680.0 680.0 681.0 683.0 684.0 685.0 686.0 687.0 688.0 688.0 689.0 690.0 691.0 692.0 693.0 693.0 693.0 694.0 695.0 695.0 695.0 696.0 696.0 696.0 697.0 697.0 697.0 698.0 697.0 698.0 698.0 698.0 699.0 698.0 699.0 699.0 700.0 700.0 701.0 701.0 702.0 703.0 703.0 704.0 705.0 707.0 707.0 708.0 710.0 711.0 712.0 714.0 715.0 5.0 50.0 56.0 61.0 67.0 73.0 79.0 85.0 91.0 97.0 103.0 109.0 115.0 121.0 127.0 133.0 139.0 145.0 151.0 157.0 163.0 169.0 175.0 181.0 186.0 192.0 198.0 204.0 210.0 216.0 222.0 228.0 233.0 239.0 245.0 251.0 257.0 263.0 269.0 274.0 280.0 286.0 292.0 298.0 304.0 310.0 316.0 321.0 327.0 333.0 339.0 345.0 351.0 357.0 363.0 369.0 375.0 381.0 387.0 393.0 399.0 405.0 411.0 417.0 423.0 429.0 436.0 442.0 448.0 454.0 460.0 466.0 473.0 479.0 485.0 491.0 498.0 504.0 510.0 516.0 523.0 529.0 535.0 541.0 547.0 553.0 559.0 565.0 571.0 577.0 583.0 589.0 595.0 601.0 607.0 613.0 618.0 624.0 630.0 636.0 476.0
617.0 629.0 630.0 631.0 632.0 633.0 634.0 635.0 636.0 637.0 638.0 639.0 640.0 641.0 642.0 643.0 644.0 645.0 646.0 647.0 648.0 649.0 650.0 652.0 653.0 654.0 655.0 656.0 657.0 658.0 660.0 661.0 662.0 663.0 664.0 665.0 667.0 668.0 669.0 671.0 671.0 673.0 674.0 675.0 676.0 677.0 678.0 680.0 681.0 682.0 683.0 684.0 685.0 686.0 687.0 688.0 689.0 689.0 690.0 691.0 692.0 693.0 693.0 694.0 694.0 695.0 695.0 696.0 696.0 696.0 697.0 697.0 697.0 697.0 698.0 698.0 698.0 698.0 698.0 699.0 699.0 699.0 699.0 700.0 700.0 701.0 702.0 702.0 703.0 704.0 704.0 705.0 707.0 708.0 709.0 710.0 711.0 712.0 714.0 715.0 5.0 49.0 55.0 61.0 67.0 73.0 79.0 85.0 91.0 96.0 102.0 108.0 114.0 120.0 126.0 132.0 138.0 144.0 150.0 156.0 162.0 168.0 174.0 180.0 186.0 192.0 198.0 203.0 209.0 215.0 221.0 227.0 233.0 239.0 245.0 251.0 256.0 262.0 268.0 274.0 280.0 286.0 292.0 298.0 304.0 310.0 315.0 321.0 327.0 333.0 339.0 345.0 351.0 357.0 363.0 369.0 375.0 381.0 387.0 393.0 399.0 405.0 411.0 417.0 423.0 429.0 435.0 442.0 448.0 454.0 460.0 466.0 473.0 479.0 485.0 491.0 498.0 504.0 510.0 516.0 523.0 529.0 535.0 541.0 547.0 554.0 560.0 566.0 572.0 578.0 584.0 590.0 596.0 602.0 608.0 613.0 619.0 625.0 631.0 637.0 477.0
617.0 629.0 630.0 631.0 632.0 633.0 634.0 635.0 636.0 636.0 637.0 638.0 639.0 640.0 641.0 642.0 643.0 644.0 645.0 646.0 647.0 648.0 649.0 651.0 651.0 653.0 654.0 655.0 656.0 657.0 658.0 659.0 660.0 662.0 663.0 664.0 665.0 666.0 668.0 669.0 670.0 671.0 672.0 673.0 674.0 675.0 676.0 677.0 678.0 680.0 681.0 682.0 682.0 683.0 684.0 685.0 686.0 687.0 687.0 688.0 689.0 689.0 690.0 691.0 691.0 692.0 692.0 692.0 693.0 693.0 693.0 693.0 693.0 693.0 694.0 694.0 694.0 694.0 694.0 694.0 694.0 695.0 695.0 695.0 696.0 696.0 697.0 697.0 698.0 699.0 699.0 700.0 701.0 702.0 703.0 704.0 705.0 707.0 708.0 710.0 5.0 49.0 55.0 61.0 67.0 73.0 79.0 85.0 90.0 96.0 102.0 108.0 114.0 120.0 126.0 132.0 138.0 144.0 150.0 156.0 162.0 168.0 174.0 180.0 186.0 192.0 198.0 203.0 209.0 215.0 221.0 227.0 233.0 239.0 245.0 251.0 256.0 262.0 268.0 274.0 280.0 286.0 292.0 298.0 304.0 309.0 315.0 321.0 327.0 333.0 339.0 345.0 351.0 357.0 363.0 369.0 375.0 381.0 387.0 393.0 399.0 405.0 411.0 417.0 423.0 429.0 435.0 442.0 448.0 454.0 460.0 467.0 473.0 479.0 485.0 492.0 498.0 504.0 510.0 517.0 523.0 529.0 535.0 541.0 548.0 554.0 560.0 566.0 572.0 578.0 584.0 590.0 596.0 602.0 608.0 613.0 619.0 625.0 631.0 637.0 478.0
617.0 628.0 629.0 630.0 631.0 632.0 633.0 634.0 635.0 636.0 636.0 637.0 638.0 639.0 640.0 641.0 642.0 642.0 643.0 645.0 645.0 646.0 647.0 649.0 650.0 650.0 651.0 652.0 654.0 655.0 656.0 657.0 658.0 659.0 660.0 661.0 662.0 663.0 664.0 666.0 667.0 667.0 669.0 669.0 671.0 671.0 672.0 673.0 674.0 675.0 676.0 677.0 678.0 678.0 679.0 680.0 681.0 681.0 682.0 683.0 684.0 684.0 685.0 685.0 685.0 686.0 686.0 686.0 686.0 686.0 686.0 687.0 687.0 686.0 686.0 686.0 687.0 686.0 687.0 687.0 686.0 687.0 687.0 687.0 687.0 688.0 688.0 688.0 689.0 690.0 690.0 691.0 692.0 692.0 693.0 694.0 695.0 697.0 698.0 699.0 5.0 48.0 54.0 60.0 66.0 72.0 78.0 84.0 90.0 96.0 102.0 108.0 114.0 120.0 126.0 132.0 138.0 144.0 150.0 156.0 161.0 167.0 173.0 179.0 185.0 191.0 197.0 203.0 209.0 214.0 220.0 226.0 232.0 238.0 244.0 250.0 256.0 261.0 267.0 273.0 279.0 285.0 291.0 297.0 303.0 309.0 315.0 320.0 326.0 332.0 338.0 344.0 350.0 356.0 362.0 368.0 374.0 380.0 386.0 392.0 398.0 405.0 411.0 417.0 423.0 429.0 435.0 442.0 448.0 454.0 460.0 466.0 472.0 479.0 485.0 491.0 497.0 503.0 509.0 516.0 522.0 528.0 534.0 541.0 547.0 553.0 559.0 565.0 571.0 577.0 583.0 589.0 595.0 601.0 607.0 613.0 619.0 625.0 631.0 636.0 479.0
617.0 627.0 628.0 629.0 630.0 631.0 632.0 633.0 633.0 634.0 635.0 636.0 637.0 637.0 638.0 639.0 640.0 640.0 641.0 642.0 643.0 643.0 644.0 646.0 646.0 647.0 648.0 649.0 650.0 651.0 652.0 653.0 654.0 655.0 655.0 656.0 657.0 658.0 659.0 660.0 661.0 662.0 663.0 664.0 664.0 665.0 666.0 667.0 667.0 668.0 669.0 670.0 670.0 671.0 672.0 672.0 673.0 673.0 674.0 674.0 675.0 675.0 676.0 676.0 676.0 676.0 676.0 677.0 676.0 676.0 676.0 676.0 676.0 675.0 676.0 675.0 675.0 675.0 675.0 675.0 674.0 675.0 674.0 674.0 675.0 675.0 675.0 675.0 675.0 676.0 676.0 677.0 678.0 678.0 679.0 679.0 680.0 681.0 682.0 684.0 5.0 48.0 54.0 60.0 66.0 72.0 78.0 84.0 90.0 96.0 102.0 108.0 114.0 120.0 126.0 132.0 138.0 143.0 149.0 155.0 161.0 167.0 173.0 179.0 185.0 191.0 197.0 203.0 208.0 214.0 220.0 226.0 232.0 238.0 244.0 250.0 256.0 261.0 267.0 273.0 279.0 285.0 291.0 297.0 303.0 309.0 315.0 321.0 327.0 333.0 339.0 345.0 351.0 357.0 363.0 369.0 375.0 381.0 387.0 393.0 399.0 405.0 411.0 417.0 423.0 429.0 435.0 442.0 448.0 454.0 460.0 466.0 472.0 478.0 484.0 491.0 497.0 503.0 509.0 515.0 521.0 528.0 533.0 540.0 546.0 552.0 558.0 564.0 570.0 576.0 582.0 588.0 594.0 600.0 606.0 612.0 618.0 624.0 630.0 636.0 480.0
617.0 627.0 627.0 628.0 629.0 630.0 630.0 631.0 632.0 632.0 633.0 634.0 634.0 635.0 636.0 636.0 637.0 637.0 638.0 639.0 640.0 640.0 641.0 642.0 642.0 643.0 644.0 644.0 645.0 646.0 647.0 648.0 648.0 649.0 650.0 650.0 651.0 652.0 653.0 654.0 654.0 655.0 656.0 656.0 657.0 657.0 658.0 659.0 659.0 660.0 661.0 661.0 661.0 662.0 662.0 662.0 663.0 663.0 663.0 664.0 664.0 664.0 664.0 664.0 664.0 664.0 664.0 664.0 664.0 663.0 663.0 663.0 662.0 662.0 661.0 661.0 660.0 660.0 659.0 659.0 659.0 659.0 658.0 658.0 658.0 658.0 658.0 658.0 658.0 659.0 659.0 659.0 660.0 660.0 661.0 661.0 662.0 663.0 663.0 664.0 5.0 49.0 55.0 60.0 66.0 72.0 78.0 84.0 90.0 96.0 102.0 108.0 114.0 120.0 126.0 132.0 138.0 144.0 150.0 156.0 162.0 168.0 174.0 180.0 185.0 191.0 197.0 203.0 209.0 215.0 221.0 227.0 233.0 239.0 245.0 251.0 257.0 262.0 268.0 274.0 280.0 286.0 292.0 299.0 305.0 310.0 316.0 322.0 328.0 334.0 340.0 346.0 352.0 358.0 364.0 370.0 377.0 383.0 389.0 395.0 401.0 407.0 413.0 419.0 425.0 431.0 437.0 443.0 449.0 455.0 461.0 467.0 473.0 479.0 485.0 491.0 497.0 503.0 509.0 515.0 521.0 527.0 533.0 539.0 545.0 551.0 557.0 563.0 569.0 575.0 581.0 587.0 593.0 599.0 605.0 611.0 617.0 623.0 629.0 635.0 481.0
617.0 626.0 626.0 627.0 627.0 628.0 629.0 629.0 630.0 630.0 631.0 631.0 632.0 632.0 633.0 633.0 634.0 634.0 634.0 635.0 635.0 636.0 636.0 637.0 637.0 638.0 638.0 639.0 640.0 640.0 641.0 641.0 642.0 642.0 643.0 643.0 644.0 644.0 645.0 646.0 646.0 647.0 647.0 647.0 648.0 648.0 649.0 649.0 649.0 650.0 650.0 650.0 650.0 651.0 651.0 651.0 651.0 651.0 651.0 651.0 652.0 651.0 651.0 651.0 651.0 650.0 650.0 650.0 649.0 648.0 648.0 647.0 646.0 645.0 645.0 644.0 644.0 643.0 642.0 641.0 641.0 641.0 640.0 639.0 639.0 639.0 639.0 638.0 638.0 638.0 638.0 638.0 639.0 639.0 639.0 640.0 640.0 641.0 641.0 642.0 5.0 49.0 55.0 61.0 67.0 73.0 79.0 85.0 91.0 97.0 103.0 109.0 115.0 121.0 127.0 133.0 139.0 145.0 151.0 157.0 163.0 169.0 175.0 181.0 186.0 192.0 198.0 204.0 210.0 216.0 222.0 228.0 234.0 240.0 246.0 252.0 258.0 264.0 270.0 276.0 282.0 288.0 294.0 300.0 306.0 312.0 318.0 324.0 330.0 336.0 342.0 347.0 353.0 359.0 365.0 371.0 378.0 384.0 390.0 395.0 401.0 407.0 413.0 419.0 425.0 431.0 437.0 443.0 449.0 455.0 461.0 466.0 472.0 478.0 484.0 490.0 496.0 501.0 508.0 513.0 519.0 525.0 531.0 537.0 543.0 549.0 554.0 560.0 567.0 573.0 578.0 584.0 590.0 596.0 602.0 608.0 614.0 620.0 626.0 632.0 482.0
617.0 625.0 625.0 626.0 626.0 627.0 627.0 627.0 628.0 628.0 628.0 629.0 629.0 629.0 630.0 630.0 630.0 630.0 631.0 631.0 631.0 632.0 632.0 633.0 633.0 633.0 633.0 634.0 634.0 635.0 635.0 635.0 636.0 636.0 636.0 637.0 637.0 637.0 638.0 638.0 638.0 638.0 639.0 639.0 639.0 639.0 640.0 640.0 640.0 640.0 640.0 640.0 640.0 640.0 640.0 640.0 640.0 639.0 639.0 639.0 639.0 639.0 638.0 637.0 637.0 636.0 636.0 635.0 634.0 633.0 632.0 632.0 631.0 630.0 629.0 628.0 627.0 626.0 625.0 624.0 623.0 623.0 622.0 621.0 621.0 620.0 620.0 619.0 619.0 619.0 619.0 618.0 619.0 619.0 619.0 619.0 620.0 620.0 620.0 620.0 5.0 51.0 57.0 63.0 69.0 74.0 80.0 86.0 92.0 98.0 104.0 110.0 116.0 122.0 128.0 134.0 140.0 146.0 152.0 158.0 164.0 170.0 176.0 182.0 188.0 194.0 200.0 206.0 212.0 218.0 224.0 230.0 236.0 242.0 248.0 254.0 260.0 266.0 272.0 278.0 284.0 290.0 296.0 302.0 308.0 314.0 320.0 326.0 332.0 338.0 344.0 349.0 355.0 361.0 367.0 373.0 379.0 385.0 391.0 397.0 403.0 409.0 415.0 420.0 426.0 432.0 438.0 444.0 450.0 455.0 461.0 467.0 473.0 478.0 484.0 490.0 496.0 501.0 507.0 513.0 519.0 524.0 530.0 536.0 542.0 548.0 553.0 559.0 565.0 571.0 577.0 583.0 589.0 595.0 601.0 607.0 613.0 619.0 625.0 631.0 483.0
617.0 623.0 624.0 624.0 625.0 625.0 625.0 626.0 626.0 626.0 626.0 626.0 626.0 626.0 626.0 627.0 627.0 627.0 627.0 627.0 627.0 628.0 628.0 628.0 628.0 628.0 628.0 628.0 629.0 629.0 629.0 629.0 629.0 629.0 629.0 630.0 630.0 629.0 630.0 630.0 630.0 630.0 630.0 630.0 630.0 630.0 630.0 630.0 630.0 630.0 629.0 630.0 629.0 629.0 629.0 628.0 628.0 628.0 627.0 626.0 626.0 625.0 625.0 624.0 623.0 623.0 622.0 621.0 620.0 618.0 617.0 616.0 615.0 614.0 613.0 612.0 610.0 609.0 608.0 607.0 606.0 605.0 604.0 603.0 602.0 602.0 601.0 600.0 600.0 599.0 599.0 599.0 599.0 599.0 598.0 598.0 598.0 599.0 599.0 599.0 5.0 52.0 58.0 64.0 70.0 76.0 82.0 88.0 94.0 100.0 106.0 112.0 118.0 124.0 130.0 136.0 142.0 148.0 154.0 160.0 166.0 172.0 178.0 184.0 190.0 196.0 202.0 208.0 214.0 220.0 226.0 232.0 238.0 244.0 250.0 256.0 262.0 268.0 274.0 280.0 286.0 292.0 298.0 304.0 310.0 316.0 322.0 328.0 333.0 339.0 345.0 351.0 357.0 363.0 369.0 375.0 381.0 387.0 393.0 399.0 404.0 410.0 416.0 422.0 427.0 433.0 439.0 445.0 451.0 456.0 462.0 467.0 473.0 479.0 484.0 490.0 496.0 502.0 507.0 513.0 518.0 524.0 530.0 536.0 542.0 547.0 553.0 559.0 565.0 571.0 576.0 582.0 588.0 594.0 600.0 606.0 612.0 618.0 624.0 630.0 484.0
617.0 622.0 623.0 623.0 623.0 624.0 624.0 624.0 624.0 624.0 623.0 624.0 624.0 624.0 624.0 623.0 624.0 624.0 623.0 623.0 623.0 623.0 623.0 623.0 624.0 623.0 623.0 623.0 623.0 623.0 623.0 623.0 623.0 623.0 623.0 623.0 623.0 622.0 623.0 623.0 622.0 622.0 622.0 622.0 622.0 621.0 621.0 621.0 621.0 620.0 620.0 619.0 619.0 618.0 618.0 617.0 617.0 616.0 615.0 615.0 614.0 613.0 612.0 611.0 610.0 609.0 608.0 607.0 605.0 604.0 603.0 601.0 600.0 598.0 597.0 596.0 594.0 593.0 592.0 590.0 589.0 588.0 587.0 585.0 585.0 584.0 583.0 582.0 581.0 581.0 580.0 580.0 580.0 579.0 579.0 579.0 578.0 579.0 578.0 578.0 5.0 52.0 58.0 64.0 70.0 76.0 82.0 88.0 94.0 100.0 107.0 113.0 119.0 125.0 131.0 137.0 143.0 149.0 155.0 161.0 167.0 173.0 179.0 185.0 191.0 197.0 203.0 209.0 215.0 221.0 227.0 233.0 239.0 245.0 251.0 257.0 263.0 269.0 275.0 281.0 287.0 293.0 299.0 305.0 311.0 317.0 323.0 329.0 335.0 341.0 347.0 353.0 359.0 365.0 370.0 376.0 382.0 388.0 394.0 400.0 405.0 411.0 417.0 423.0 428.0 434.0 440.0 445.0 451.0 457.0 462.0 468.0 474.0 479.0 485.0 490.0 496.0 502.0 507.0 513.0 519.0 524.0 530.0 536.0 542.0 547.0 553.0 559.0 565.0 571.0 576.0 582.0 588.0 594.0 600.0 606.0 612.0 618.0 624.0 630.0 485.0
617.0 621.0 622.0 622.0 622.0 622.0 622.0 622.0 622.0 622.0 622.0 622.0 621.0 621.0 621.0 621.0 621.0 621.0 620.0 620.0 620.0 620.0 620.0 620.0 619.0 619.0 619.0 619.0 619.0 618.0 618.0 618.0 618.0 618.0 617.0 617.0 617.0 616.0 617.0 616.0 616.0 616.0 615.0 615.0 614.0 614.0 613.0 613.0 612.0 612.0 611.0 611.0 610.0 609.0 609.0 608.0 607.0 606.0 605.0 604.0 604.0 602.0 601.0 600.0 599.0 598.0 596.0 595.0 593.0 592.0 590.0 589.0 587.0 585.0 584.0 582.0 580.0 579.0 577.0 576.0 575.0 573.0 572.0 571.0 570.0 569.0 568.0 567.0 566.0 565.0 564.0 564.0 564.0 563.0 562.0 562.0 562.0 561.0 561.0 561.0 5.0 52.0 59.0 65.0 71.0 77.0 83.0 89.0 95.0 101.0 107.0 113.0 119.0 125.0 132.0 138.0 144.0 150.0 156.0 162.0 168.0 174.0 180.0 186.0 192.0 198.0 204.0 210.0 216.0 222.0 229.0 235.0 241.0 247.0 253.0 259.0 265.0 271.0 277.0 283.0 289.0 295.0 301.0 307.0 313.0 319.0 325.0 330.0 336.0 342.0 348.0 354.0 360.0 366.0 372.0 378.0 384.0 390.0 396.0 401.0 407.0 413.0 419.0 424.0 430.0 435.0 441.0 447.0 452.0 458.0 463.0 469.0 475.0 480.0 486.0 491.0 497.0 502.0 508.0 514.0 519.0 525.0 530.0 536.0 542.0 548.0 554.0 560.0 565.0 571.0 577.0 583.0 589.0 595.0 601.0 607.0 613.0 619.0 625.0 631.0 486.0
617.0 621.0 621.0 621.0 621.0 621.0 621.0 621.0 620.0 620.0 620.0 620.0 620.0 619.0 619.0 619.0 619.0 618.0 618.0 618.0 617.0 617.0 617.0 617.0 616.0 616.0 616.0 615.0 615.0 615.0 615.0 614.0 614.0 614.0 613.0 613.0 612.0 612.0 612.0 611.0 611.0 610.0 610.0 609.0 609.0 608.0 607.0 607.0 606.0 606.0 605.0 604.0 603.0 603.0 602.0 601.0 600.0 599.0 598.0 597.0 596.0 594.0 593.0 592.0 590.0 589.0 587.0 586.0 584.0 583.0 581.0 579.0 577.0 575.0 574.0 572.0 570.0 568.0 567.0 565.0 564.0 562.0 561.0 560.0 558.0 557.0 556.0 555.0 554.0 553.0 552.0 552.0 551.0 550.0 550.0 549.0 549.0 548.0 548.0 547.0 5.0 53.0 59.0 65.0 71.0 77.0 83.0 90.0 96.0 102.0 108.0 114.0 120.0 126.0 132.0 138.0 144.0 150.0 156.0 162.0 168.0 175.0 181.0 187.0 193.0 199.0 205.0 211.0 217.0 223.0 229.0 235.0 241.0 248.0 254.0 260.0 266.0 272.0 278.0 284.0 290.0 296.0 302.0 308.0 314.0 320.0 325.0 331.0 337.0 343.0 349.0 355.0 361.0 367.0 373.0 378.0 384.0 390.0 396.0 402.0 407.0 413.0 419.0 425.0 430.0 436.0 442.0 447.0 453.0 458.0 464.0 469.0 475.0 480.0 486.0 491.0 497.0 503.0 508.0 514.0 519.0 525.0 531.0 536.0 542.0 548.0 553.0 559.0 565.0 571.0 577.0 583.0 589.0 595.0 601.0 607.0 613.0 619.0 625.0 631.0 487.0
617.0 620.0 620.0 620.0 620.0 620.0 620.0 620.0 620.0 619.0 619.0 619.0 618.0 618.0 618.0 617.0 617.0 617.0 616.0 616.0 616.0 615.0 615.0 615.0 614.0 614.0 614.0 613.0 613.0 612.0 612.0 612.0 611.0 611.0 610.0 610.0 610.0 609.0 608.0 608.0 607.0 607.0 606.0 606.0 605.0 604.0 604.0 603.0 602.0 602.0 601.0 600.0 599.0 598.0 597.0 596.0 596.0 594.0 593.0 592.0 591.0 589.0 588.0 586.0 585.0 583.0 582.0 580.0 578.0 577.0 575.0 573.0 571.0 569.0 567.0 566.0 564.0 562.0 560.0 559.0 557.0 556.0 554.0 553.0 551.0 550.0 549.0 548.0 547.0 546.0 545.0 544.0 544.0 543.0 543.0 542.0 541.0 540.0 540.0 539.0 5.0 53.0 60.0 66.0 72.0 78.0 84.0 90.0 96.0 102.0 108.0 114.0 121.0 127.0 133.0 139.0 145.0 151.0 157.0 163.0 169.0 176.0 182.0 188.0 194.0 200.0 206.0 212.0 218.0 224.0 230.0 236.0 242.0 248.0 254.0 260.0 266.0 272.0 278.0 284.0 290.0 296.0 302.0 308.0 314.0 320.0 326.0 332.0 338.0 344.0 350.0 356.0 362.0 368.0 373.0 379.0 385.0 391.0 397.0 402.0 408.0 414.0 420.0 425.0 431.0 436.0 442.0 448.0 454.0 459.0 465.0 470.0 476.0 481.0 486.0 492.0 498.0 503.0 509.0 514.0 520.0 525.0 531.0 537.0 543.0 548.0 554.0 560.0 565.0 571.0 577.0 583.0 589.0 595.0 601.0 607.0 613.0 619.0 625.0 631.0 488.0
617.0 620.0 620.0 620.0 620.0 620.0 620.0 620.0 619.0 619.0 619.0 618.0 618.0 617.0 617.0 617.0 617.0 616.0 616.0 615.0 615.0 615.0 614.0 614.0 614.0 613.0 613.0 612.0 612.0 611.0 611.0 611.0 610.0 610.0 609.0 609.0 609.0 608.0 607.0 607.0 606.0 605.0 605.0 604.0 604.0 603.0 602.0 601.0 601.0 600.0 599.0 598.0 598.0 597.0 596.0 594.0 594.0 592.0 591.0 590.0 589.0 588.0 586.0 584.0 583.0 581.0 580.0 578.0 576.0 574.0 572.0 571.0 569.0 567.0 565.0 563.0 561.0 560.0 558.0 556.0 555.0 553.0 551.0 550.0 549.0 547.0 546.0 545.0 544.0 543.0 542.0 541.0 541.0 540.0 539.0 539.0 538.0 537.0 537.0 536.0 5.0 53.0 59.0 65.0 71.0 78.0 84.0 90.0 96.0 102.0 108.0 114.0 120.0 126.0 133.0 139.0 145.0 151.0 157.0 163.0 169.0 175.0 181.0 187.0 193.0 199.0 206.0 212.0 218.0 224.0 230.0 236.0 242.0 248.0 254.0 260.0 266.0 272.0 278.0 284.0 290.0 296.0 302.0 308.0 314.0 320.0 326.0 332.0 338.0 344.0 350.0 356.0 362.0 368.0 373.0 379.0 385.0 391.0 397.0 402.0 408.0 414.0 419.0 425.0 431.0 436.0 442.0 447.0 453.0 458.0 464.0 470.0 475.0 481.0 486.0 492.0 497.0 503.0 508.0 514.0 520.0 525.0 531.0 537.0 542.0 548.0 554.0 560.0 565.0 571.0 577.0 583.0 589.0 595.0 601.0 607.0 613.0 619.0 625.0 631.0 489.0
617.0 620.0 620.0 620.0 620.0 620.0 620.0 620.0 619.0 619.0 619.0 618.0 618.0 618.0 617.0 617.0 617.0 616.0 616.0 616.0 615.0 615.0 615.0 614.0 614.0 614.0 613.0 613.0 613.0 612.0 612.0 611.0 611.0 610.0 610.0 609.0 609.0 608.0 608.0 608.0 607.0 607.0 606.0 606.0 605.0 604.0 603.0 603.0 602.0 601.0 600.0 600.0 599.0 598.0 597.0 596.0 595.0 594.0 593.0 592.0 590.0 589.0 588.0 586.0 585.0 583.0 582.0 580.0 578.0 576.0 575.0 573.0 571.0 569.0 568.0 566.0 564.0 562.0 560.0 558.0 557.0 555.0 554.0 553.0 551.0 550.0 549.0 548.0 547.0 546.0 545.0 544.0 543.0 543.0 542.0 542.0 541.0 540.0 540.0 539.0 5.0 52.0 58.0 64.0 71.0 77.0 83.0 89.0 95.0 101.0 107.0 114.0 120.0 126.0 132.0 138.0 144.0 150.0 156.0 162.0 168.0 174.0 181.0 187.0 193.0 199.0 205.0 211.0 217.0 223.0 229.0 235.0 241.0 247.0 253.0 259.0 265.0 272.0 278.0 284.0 290.0 296.0 302.0 308.0 314.0 320.0 325.0 331.0 337.0 343.0 349.0 355.0 361.0 367.0 373.0 378.0 384.0 390.0 396.0 402.0 408.0 414.0 419.0 425.0 430.0 436.0 442.0 447.0 453.0 458.0 464.0 469.0 475.0 480.0 486.0 491.0 497.0 502.0 508.0 513.0 519.0 525.0 530.0 536.0 541.0 547.0 553.0 559.0 565.0 570.0 576.0 582.0 588.0 594.0 600.0 606.0 612.0 618.0 624.0 630.0 490.0
617.0 620.0 620.0 620.0 620.0 620.0 620.0 620.0 620.0 620.0 619.0 619.0 619.0 618.0 618.0 618.0 618.0 618.0 617.0 617.0 616.0 616.0 616.0 616.0 616.0 615.0 615.0 614.0 614.0 614.0 614.0 613.0 613.0 612.0 612.0 612.0 612.0 611.0 610.0 610.0 610.0 609.0 609.0 608.0 607.0 607.0 607.0 606.0 605.0 604.0 604.0 603.0 603.0 602.0 601.0 600.0 599.0 598.0 597.0 596.0 595.0 594.0 592.0 591.0 590.0 588.0 587.0 585.0 584.0 582.0 581.0 579.0 577.0 575.0 573.0 572.0 570.0 568.0 566.0 565.0 564.0 562.0 560.0 559.0 558.0 557.0 555.0 555.0 553.0 553.0 552.0 551.0 551.0 550.0 549.0 549.0 548.0 548.0 547.0 547.0 5.0 51.0 58.0 64.0 70.0 76.0 82.0 88.0 94.0 100.0 106.0 113.0 119.0 125.0 131.0 137.0 143.0 149.0 155.0 161.0 167.0 173.0 179.0 186.0 192.0 198.0 204.0 210.0 216.0 222.0 228.0 234.0 240.0 246.0 252.0 258.0 264.0 270.0 276.0 282.0 288.0 294.0 300.0 306.0 312.0 318.0 324.0 330.0 336.0 342.0 348.0 354.0 360.0 366.0 371.0 377.0 383.0 389.0 395.0 400.0 406.0 412.0 417.0 423.0 429.0 434.0 440.0 445.0 451.0 456.0 462.0 467.0 473.0 478.0 484.0 489.0 495.0 500.0 506.0 512.0 517.0 523.0 528.0 534.0 540.0 545.0 551.0 557.0 563.0 568.0 574.0 580.0 586.0 592.0 598.0 604.0 610.0 616.0 622.0 628.0 491.0
617.0 621.0 621.0 621.0 621.0 621.0 621.0 621.0 621.0 621.0 621.0 621.0 621.0 620.0 620.0 620.0 620.0 619.0 619.0 619.0 619.0 619.0 618.0 618.0 618.0 618.0 618.0 617.0 617.0 617.0 617.0 617.0 616.0 616.0 616.0 615.0 615.0 615.0 614.0 614.0 614.0 613.0 613.0 613.0 612.0 612.0 612.0 611.0 611.0 610.0 609.0 609.0 608.0 608.0 607.0 606.0 605.0 605.0 604.0 603.0 602.0 601.0 600.0 599.0 598.0 596.0 595.0 594.0 592.0 591.0 589.0 587.0 586.0 584.0 583.0 581.0 579.0 578.0 577.0 575.0 574.0 572.0 571.0 570.0 569.0 568.0 566.0 566.0 565.0 564.0 563.0 563.0 562.0 562.0 561.0 561.0 560.0 560.0 559.0 559.0 5.0 51.0 57.0 63.0 69.0 75.0 81.0 87.0 93.0 99.0 105.0 111.0 118.0 124.0 130.0 136.0 142.0 148.0 154.0 160.0 166.0 172.0 178.0 184.0 190.0 196.0 202.0 208.0 214.0 220.0 226.0 232.0 238.0 245.0 251.0 257.0 263.0 269.0 275.0 281.0 287.0 293.0 299.0 305.0 311.0 317.0 323.0 329.0 335.0 340.0 346.0 352.0 358.0 364.0 370.0 376.0 381.0 387.0 393.0 399.0 405.0 410.0 416.0 422.0 427.0 433.0 439.0 444.0 450.0 455.0 461.0 466.0 472.0 477.0 483.0 488.0 494.0 499.0 505.0 510.0 516.0 522.0 527.0 533.0 539.0 544.0 550.0 556.0 562.0 567.0 573.0 579.0 585.0 591.0 597.0 603.0 609.0 615.0 621.0 627.0 492.0
617.0 621.0 622.0 622.0 622.0 622.0 622.0 622.0 622.0 622.0 622.0 622.0 622.0 622.0 622.0 622.0 622.0 622.0 622.0 622.0 621.0 621.0 622.0 621.0 621.0 622.0 621.0 621.0 621.0 621.0 621.0 621.0 621.0 621.0 621.0 621.0 621.0 620.0 620.0 620.0 620.0 619.0 620.0 619.0 619.0 619.0 619.0 618.0 618.0 617.0 617.0 617.0 616.0 616.0 615.0 615.0 614.0 614.0 613.0 613.0 611.0 611.0 610.0 609.0 608.0 607.0 606.0 605.0 603.0 602.0 601.0 600.0 598.0 597.0 595.0 594.0 593.0 591.0 590.0 589.0 588.0 586.0 585.0 584.0 583.0 582.0 581.0 581.0 580.0 579.0 579.0 579.0 578.0 577.0 577.0 577.0 577.0 576.0 576.0 576.0 5.0 50.0 56.0 62.0 68.0 74.0 80.0 86.0 92.0 98.0 104.0 110.0 116.0 122.0 128.0 134.0 140.0 146.0 152.0 158.0 164.0 170.0 176.0 183.0 189.0 195.0 201.0 207.0 213.0 219.0 225.0 231.0 237.0 243.0 249.0 255.0 261.0 267.0 273.0 279.0 285.0 291.0 297.0 303.0 309.0 315.0 321.0 327.0 333.0 339.0 345.0 351.0 357.0 363.0 369.0 375.0 380.0 386.0 392.0 398.0 404.0 410.0 415.0 421.0 427.0 432.0 438.0 444.0 450.0 455.0 461.0 466.0 472.0 478.0 483.0 489.0 494.0 500.0 505.0 511.0 516.0 522.0 528.0 533.0 539.0 545.0 551.0 557.0 563.0 568.0 574.0 580.0 586.0 592.0 598.0 604.0 610.0 616.0 622.0 628.0 493.0
617.0 623.0 623.0 623.0 623.0 624.0 624.0 624.0 624.0 624.0 624.0 624.0 625.0 624.0 624.0 625.0 625.0 625.0 625.0 625.0 625.0 625.0 625.0 625.0 625.0 626.0 626.0 626.0 626.0 626.0 626.0 626.0 626.0 626.0 626.0 626.0 626.0 627.0 627.0 627.0 627.0 627.0 627.0 627.0 626.0 626.0 626.0 626.0 626.0 626.0 626.0 626.0 626.0 625.0 625.0 625.0 624.0 624.0 624.0 623.0 622.0 622.0 621.0 621.0 620.0 619.0 618.0 617.0 616.0 615.0 614.0 613.0 612.0 611.0 609.0 608.0 607.0 606.0 605.0 604.0 603.0 602.0 601.0 600.0 599.0 598.0 598.0 597.0 597.0 596.0 596.0 596.0 595.0 595.0 595.0 595.0 595.0 595.0 594.0 595.0 5.0 50.0 55.0 62.0 68.0 74.0 79.0 85.0 91.0 97.0 103.0 109.0 116.0 122.0 128.0 134.0 140.0 146.0 152.0 157.0 163.0 169.0 175.0 182.0 188.0 194.0 200.0 206.0 212.0 217.0 223.0 229.0 235.0 241.0 247.0 253.0 259.0 265.0 271.0 277.0 283.0 289.0 295.0 301.0 307.0 313.0 319.0 325.0 331.0 337.0 343.0 349.0 355.0 361.0 367.0 373.0 378.0 384.0 390.0 396.0 402.0 408.0 414.0 420.0 425.0 431.0 437.0 443.0 449.0 454.0 460.0 465.0 471.0 477.0 482.0 488.0 494.0 499.0 505.0 511.0 516.0 522.0 528.0 533.0 539.0 545.0 551.0 557.0 563.0 568.0 574.0 580.0 586.0 592.0 598.0 604.0 610.0 616.0 622.0 628.0 494.0
617.0 624.0 624.0 625.0 625.0 625.0 626.0 626.0 626.0 626.0 627.0 627.0 627.0 627.0 627.0 628.0 628.0 628.0 629.0 628.0 629.0 629.0 629.0 630.0 630.0 631.0 631.0 631.0 631.0 632.0 632.0 632.0 632.0 632.0 633.0 633.0 634.0 634.0 634.0 634.0 635.0 634.0 635.0 635.0 635.0 635.0 636.0 635.0 636.0 636.0 636.0 636.0 636.0 636.0 636.0 635.0 636.0 635.0 636.0 635.0 635.0 634.0 634.0 634.0 633.0 633.0 632.0 631.0 631.0 629.0 629.0 628.0 627.0 626.0 625.0 624.0 623.0 622.0 622.0 621.0 620.0 619.0 618.0 618.0 617.0 617.0 616.0 616.0 615.0 616.0 615.0 615.0 615.0 615.0 615.0 615.0 615.0 615.0 616.0 616.0 5.0 49.0 55.0 61.0 67.0 73.0 79.0 85.0 91.0 97.0 103.0 109.0 115.0 121.0 127.0 133.0 139.0 145.0 151.0 157.0 163.0 169.0 175.0 181.0 187.0 193.0 199.0 205.0 211.0 217.0 223.0 229.0 234.0 240.0 246.0 252.0 258.0 264.0 270.0 276.0 282.0 288.0 294.0 300.0 306.0 312.0 318.0 324.0 330.0 336.0 342.0 348.0 354.0 360.0 366.0 371.0 377.0 383.0 389.0 395.0 401.0 407.0 413.0 419.0 425.0 431.0 437.0 442.0 448.0 454.0 460.0 465.0 471.0 477.0 483.0 489.0 495.0 500.0 506.0 512.0 518.0 524.0 529.0 535.0 541.0 547.0 553.0 559.0 565.0 570.0 576.0 582.0 589.0 595.0 600.0 606.0 612.0 618.0 624.0 630.0 495.0
617.0 625.0 625.0 626.0 626.0 627.0 627.0 628.0 628.0 628.0 629.0 629.0 630.0 630.0 630.0 631.0 631.0 631.0 632.0 632.0 633.0 633.0 634.0 634.0 635.0 635.0 636.0 636.0 637.0 637.0 638.0 638.0 639.0 639.0 639.0 640.0 641.0 641.0 641.0 642.0 642.0 643.0 643.0 643.0 644.0 644.0 645.0 645.0 645.0 645.0 646.0 646.0 646.0 646.0 647.0 647.0 647.0 647.0 647.0 647.0 647.0 647.0 647.0 647.0 646.0 646.0 646.0 645.0 645.0 644.0 644.0 643.0 642.0 642.0 641.0 640.0 640.0 639.0 638.0 638.0 637.0 636.0 636.0 636.0 635.0 635.0 635.0 635.0 634.0 635.0 635.0 635.0 635.0 635.0 635.0 635.0 636.0 636.0 637.0 637.0 5.0 49.0 55.0 61.0 67.0 72.0 78.0 84.0 90.0 96.0 102.0 108.0 114.0 120.0 126.0 132.0 138.0 144.0 150.0 156.0 162.0 168.0 174.0 180.0 186.0 192.0 198.0 204.0 210.0 216.0 222.0 228.0 233.0 239.0 245.0 251.0 257.0 263.0 269.0 275.0 281.0 287.0 292.0 298.0 304.0 310.0 316.0 322.0 328.0 334.0 340.0 346.0 352.0 358.0 364.0 370.0 376.0 382.0 388.0 394.0 400.0 406.0 412.0 418.0 424.0 430.0 436.0 441.0 448.0 454.0 459.0 465.0 471.0 477.0 483.0 489.0 495.0 500.0 506.0 512.0 518.0 524.0 530.0 536.0 542.0 548.0 554.0 560.0 566.0 572.0 578.0 584.0 590.0 596.0 602.0 608.0 614.0 620.0 625.0 631.0 496.0
617.0 626.0 626.0 627.0 628.0 628.0 629.0 630.0 630.0 631.0 631.0 632.0 632.0 633.0 633.0 634.0 634.0 635.0 636.0 636.0 637.0 637.0 638.0 639.0 639.0 640.0 640.0 641.0 642.0 643.0 643.0 644.0 645.0 645.0 646.0 647.0 647.0 648.0 649.0 650.0 650.0 651.0 651.0 652.0 652.0 653.0 654.0 654.0 655.0 655.0 655.0 656.0 656.0 657.0 657.0 658.0 658.0 658.0 659.0 659.0 659.0 659.0 659.0 659.0 659.0 659.0 659.0 659.0 659.0 658.0 658.0 657.0 657.0 656.0 656.0 656.0 655.0 655.0 654.0 654.0 654.0 653.0 653.0 653.0 653.0 653.0 652.0 653.0 653.0 653.0 653.0 654.0 654.0 654.0 655.0 655.0 656.0 657.0 657.0 658.0 5.0 49.0 55.0 61.0 67.0 73.0 79.0 85.0 91.0 97.0 103.0 109.0 115.0 121.0 127.0 133.0 139.0 144.0 150.0 156.0 162.0 168.0 174.0 180.0 186.0 192.0 198.0 204.0 209.0 215.0 221.0 227.0 233.0 239.0 245.0 251.0 257.0 263.0 269.0 275.0 281.0 287.0 292.0 298.0 304.0 310.0 316.0 322.0 328.0 334.0 340.0 346.0 352.0 358.0 364.0 370.0 376.0 382.0 388.0 394.0 400.0 406.0 412.0 418.0 423.0 430.0 436.0 442.0 448.0 454.0 460.0 466.0 472.0 478.0 484.0 490.0 496.0 502.0 508.0 514.0 520.0 526.0 532.0 538.0 544.0 550.0 556.0 562.0 568.0 574.0 580.0 586.0 592.0 598.0 604.0 610.0 616.0 622.0 627.0 633.0 497.0
617.0 627.0 627.0 628.0 629.0 630.0 630.0 631.0 632.0 633.0 633.0 634.0 635.0 635.0 636.0 637.0 637.0 638.0 639.0 639.0 640.0 641.0 642.0 643.0 643.0 644.0 645.0 646.0 647.0 648.0 648.0 649.0 650.0 651.0 652.0 653.0 654.0 654.0 655.0 656.0 657.0 658.0 658.0 659.0 660.0 661.0 661.0 662.0 663.0 664.0 664.0 665.0 666.0 666.0 667.0 667.0 668.0 668.0 669.0 669.0 669.0 670.0 670.0 671.0 670.0 671.0 671.0 671.0 671.0 671.0 671.0 670.0 670.0 670.0 670.0 669.0 669.0 669.0 669.0 668.0 668.0 668.0 668.0 668.0 668.0 668.0 669.0 669.0 669.0 669.0 670.0 670.0 671.0 672.0 673.0 673.0 674.0 675.0 676.0 677.0 5.0 49.0 55.0 61.0 67.0 72.0 78.0 84.0 90.0 96.0 102.0 108.0 114.0 120.0 126.0 132.0 138.0 144.0 150.0 156.0 162.0 168.0 174.0 180.0 186.0 192.0 198.0 204.0 209.0 215.0 221.0 227.0 233.0 239.0 245.0 251.0 257.0 263.0 269.0 274.0 280.0 286.0 292.0 298.0 304.0 310.0 316.0 322.0 328.0 334.0 340.0 346.0 352.0 358.0 363.0 369.0 375.0 381.0 387.0 393.0 399.0 405.0 411.0 417.0 423.0 430.0 436.0 442.0 448.0 454.0 460.0 466.0 472.0 478.0 484.0 490.0 497.0 503.0 509.0 515.0 521.0 527.0 533.0 539.0 545.0 551.0 557.0 564.0 570.0 575.0 581.0 587.0 594.0 600.0 605.0 611.0 617.0 623.0 629.0 635.0 498.0
617.0 627.0 628.0 629.0 630.0 631.0 632.0 632.0 633.0 634.0 635.0 635.0 636.0 637.0 638.0 639.0 640.0 640.0 641.0 642.0 643.0 644.0 645.0 646.0 647.0 647.0 649.0 649.0 650.0 651.0 652.0 654.0 654.0 655.0 656.0 657.0 658.0 659.0 660.0 661.0 662.0 663.0 664.0 665.0 666.0 667.0 668.0 668.0 669.0 670.0 671.0 672.0 673.0 673.0 674.0 675.0 675.0 676.0 677.0 677.0 678.0 678.0 679.0 679.0 679.0 680.0 680.0 680.0 680.0 680.0 680.0 680.0 680.0 680.0 680.0 680.0 680.0 680.0 680.0 680.0 680.0 680.0 680.0 680.0 680.0 680.0 681.0 682.0 682.0 682.0 683.0 684.0 684.0 686.0 686.0 687.0 688.0 689.0 690.0 691.0 5.0 48.0 54.0 60.0 66.0 72.0 78.0 84.0 90.0 96.0 102.0 108.0 114.0 120.0 126.0 132.0 138.0 144.0 150.0 156.0 162.0 168.0 174.0 179.0 185.0 191.0 197.0 203.0 209.0 215.0 221.0 227.0 233.0 239.0 245.0 251.0 256.0 262.0 268.0 274.0 280.0 286.0 292.0 298.0 304.0 309.0 315.0 321.0 327.0 333.0 339.0 345.0 351.0 357.0 363.0 369.0 375.0 381.0 387.0 393.0 399.0 405.0 411.0 417.0 423.0 429.0 436.0 442.0 448.0 454.0 460.0 466.0 472.0 478.0 485.0 491.0 497.0 503.0 509.0 515.0 522.0 528.0 534.0 540.0 546.0 552.0 558.0 565.0 571.0 577.0 583.0 588.0 595.0 601.0 606.0 612.0 618.0 624.0 630.0 636.0 499.0
617.0 628.0 629.0 630.0 631.0 631.0 633.0 633.0 634.0 635.0 636.0 637.0 638.0 638.0 639.0 640.0 641.0 642.0 643.0 644.0 645.0 646.0 647.0 648.0 649.0 650.0 651.0 652.0 653.0 654.0 655.0 656.0 657.0 658.0 659.0 661.0 661.0 663.0 664.0 665.0 666.0 667.0 668.0 669.0 670.0 671.0 672.0 673.0 674.0 675.0 676.0 677.0 678.0 678.0 679.0 680.0 681.0 681.0 682.0 683.0 684.0 684.0 685.0 685.0 686.0 686.0 686.0 686.0 687.0 687.0 687.0 687.0 687.0 687.0 687.0 687.0 687.0 687.0 687.0 687.0 687.0 688.0 688.0 688.0 689.0 689.0 689.0 690.0 690.0 691.0 692.0 692.0 693.0 695.0 695.0 696.0 698.0 699.0 700.0 701.0 5.0 49.0 55.0 61.0 67.0 73.0 78.0 84.0 90.0 96.0 102.0 109.0 115.0 121.0 127.0 133.0 139.0 144.0 150.0 156.0 162.0 168.0 174.0 180.0 186.0 192.0 198.0 204.0 209.0 215.0 221.0 227.0 233.0 239.0 245.0 251.0 257.0 262.0 268.0 274.0 280.0 286.0 292.0 298.0 304.0 310.0 315.0 321.0 327.0 333.0 339.0 345.0 351.0 357.0 363.0 369.0 375.0 381.0 387.0 393.0 399.0 405.0 411.0 417.0 423.0 430.0 436.0 442.0 448.0 454.0 460.0 467.0 473.0 479.0 485.0 491.0 498.0 504.0 510.0 516.0 522.0 529.0 535.0 541.0 547.0 553.0 559.0 565.0 571.0 577.0 583.0 589.0 595.0 601.0 607.0 613.0 619.0 624.0 630.0 636.0 500.0
617.0 628.0 629.0 630.0 631.0 632.0 633.0 634.0 635.0 636.0 637.0 637.0 638.0 639.0 640.0 641.0 642.0 643.0 644.0 645.0 646.0 647.0 648.0 649.0 650.0 651.0 652.0 653.0 654.0 655.0 657.0 658.0 659.0 660.0 661.0 662.0 663.0 664.0 665.0 667.0 668.0 669.0 670.0 671.0 672.0 673.0 674.0 675.0 676.0 677.0 678.0 679.0 680.0 681.0 681.0 682.0 683.0 684.0 685.0 685.0 686.0 687.0 687.0 688.0 688.0 689.0 689.0 689.0 690.0 690.0 690.0 690.0 690.0 690.0 691.0 690.0 691.0 691.0 691.0 691.0 691.0 691.0 691.0 692.0 692.0 692.0 693.0 694.0 694.0 695.0 696.0 696.0 697.0 699.0 699.0 700.0 702.0 703.0 704.0 706.0 5.0 49.0 55.0 61.0 67.0 73.0 78.0 84.0 90.0 96.0 102.0 108.0 114.0 120.0 126.0 132.0 138.0 144.0 150.0 156.0 162.0 168.0 174.0 180.0 186.0 192.0 197.0 203.0 209.0 215.0 221.0 227.0 233.0 239.0 244.0 250.0 256.0 262.0 268.0 274.0 280.0 286.0 292.0 298.0 304.0 309.0 315.0 321.0 327.0 333.0 339.0 345.0 351.0 357.0 363.0 369.0 375.0 381.0 387.0 393.0 399.0 405.0 411.0 417.0 423.0 429.0 436.0 442.0 448.0 454.0 460.0 467.0 473.0 479.0 485.0 491.0 498.0 504.0 510.0 516.0 523.0 529.0 535.0 541.0 547.0 553.0 560.0 566.0 572.0 578.0 584.0 590.0 596.0 602.0 608.0 614.0 619.0 625.0 631.0 637.0 501.0
617.0 628.0 629.0 630.0 631.0 632.0 633.0 634.0 635.0 636.0 637.0 638.0 639.0 639.0 640.0 641.0 642.0 643.0 644.0 645.0 646.0 647.0 648.0 649.0 650.0 651.0 652.0 653.0 654.0 655.0 657.0 658.0 659.0 660.0 661.0 662.0 663.0 664.0 665.0 666.0 667.0 669.0 669.0 670.0 672.0 673.0 674.0 675.0 676.0 677.0 678.0 679.0 680.0 680.0 681.0 682.0 683.0 684.0 684.0 685.0 686.0 686.0 687.0 687.0 688.0 688.0 688.0 689.0 689.0 689.0 689.0 690.0 690.0 690.0 690.0 690.0 690.0 690.0 690.0 690.0 690.0 690.0 690.0 691.0 691.0 691.0 692.0 693.0 693.0 694.0 695.0 695.0 696.0 698.0 698.0 699.0 701.0 702.0 703.0 704.0 5.0 49.0 55.0 61.0 67.0 73.0 79.0 85.0 91.0 97.0 103.0 109.0 115.0 121.0 127.0 133.0 139.0 145.0 151.0 157.0 163.0 168.0 174.0 180.0 186.0 192.0 198.0 204.0 210.0 215.0 221.0 227.0 233.0 239.0 245.0 251.0 257.0 262.0 268.0 274.0 280.0 286.0 292.0 298.0 304.0 310.0 315.0 321.0 327.0 333.0 339.0 345.0 351.0 357.0 363.0 369.0 375.0 381.0 387.0 393.0 399.0 405.0 411.0 417.0 424.0 430.0 436.0 442.0 448.0 454.0 461.0 467.0 473.0 479.0 486.0 492.0 498.0 504.0 510.0 516.0 523.0 529.0 535.0 541.0 547.0 554.0 560.0 566.0 572.0 578.0 584.0 590.0 596.0 602.0 608.0 614.0 619.0 625.0 631.0 637.0 502.0
617.0 628.0 629.0 630.0 631.0 632.0 633.0 633.0 634.0 635.0 636.0 637.0 638.0 639.0 639.0 640.0 641.0 642.0 643.0 644.0 645.0 646.0 647.0 648.0 649.0 650.0 651.0 652.0 653.0 654.0 655.0 656.0 657.0 658.0 659.0 660.0 661.0 662.0 663.0 665.0 666.0 667.0 667.0 668.0 669.0 670.0 671.0 672.0 673.0 674.0 675.0 676.0 677.0 678.0 678.0 679.0 680.0 681.0 681.0 682.0 682.0 683.0 683.0 684.0 684.0 684.0 685.0 685.0 685.0 685.0 685.0 686.0 686.0 686.0 685.0 685.0 685.0 685.0 686.0 685.0 685.0 685.0 685.0 686.0 686.0 686.0 687.0 687.0 688.0 688.0 689.0 690.0 691.0 692.0 692.0 693.0 695.0 696.0 697.0 698.0 5.0 49.0 55.0 61.0 67.0 73.0 78.0 84.0 90.0 96.0 102.0 108.0 114.0 120.0 126.0 132.0 138.0 144.0 150.0 156.0 162.0 168.0 174.0 179.0 185.0 191.0 197.0 203.0 209.0 215.0 221.0 227.0 233.0 238.0 244.0 250.0 256.0 262.0 268.0 274.0 280.0 286.0 291.0 297.0 303.0 309.0 315.0 321.0 327.0 333.0 339.0 345.0 351.0 357.0 363.0 369.0 375.0 381.0 387.0 393.0 399.0 405.0 411.0 417.0 423.0 429.0 435.0 442.0 448.0 454.0 460.0 466.0 472.0 479.0 485.0 491.0 497.0 504.0 510.0 516.0 522.0 529.0 535.0 541.0 547.0 553.0 559.0 566.0 572.0 578.0 584.0 589.0 596.0 602.0 607.0 613.0 619.0 625.0 631.0 637.0 503.0
617.0 627.0 628.0 629.0 630.0 631.0 632.0 633.0 633.0 634.0 635.0 636.0 637.0 637.0 638.0 639.0 640.0 641.0 641.0 642.0 643.0 644.0 645.0 646.0 646.0 647.0 649.0 650.0 650.0 651.0 653.0 653.0 654.0 655.0 656.0 657.0 658.0 659.0 660.0 661.0 662.0 663.0 663.0 664.0 665.0 666.0 667.0 668.0 668.0 669.0 670.0 671.0 671.0 672.0 673.0 673.0 674.0 675.0 675.0 675.0 676.0 677.0 677.0 677.0 678.0 678.0 678.0 678.0 678.0 678.0 678.0 678.0 678.0 678.0 677.0 677.0 677.0 677.0 677.0 676.0 676.0 676.0 676.0 677.0 676.0 677.0 677.0 677.0 678.0 678.0 679.0 679.0 680.0 681.0 681.0 682.0 683.0 684.0 685.0 686.0 5.0 49.0 55.0 60.0 66.0 72.0 78.0 84.0 90.0 96.0 102.0 108.0 114.0 120.0 126.0 132.0 138.0 144.0 150.0 156.0 162.0 167.0 173.0 179.0 185.0 191.0 197.0 203.0 209.0 214.0 220.0 226.0 232.0 238.0 244.0 250.0 256.0 261.0 267.0 273.0 279.0 285.0 291.0 297.0 303.0 309.0 315.0 321.0 327.0 333.0 339.0 345.0 351.0 357.0 363.0 369.0 375.0 381.0 387.0 393.0 399.0 405.0 411.0 417.0 423.0 429.0 435.0 441.0 448.0 454.0 460.0 466.0 472.0 478.0 485.0 491.0 497.0 503.0 509.0 515.0 522.0 528.0 534.0 540.0 546.0 552.0 558.0 564.0 570.0 576.0 582.0 588.0 594.0 600.0 606.0 612.0 618.0 624.0 630.0 636.0 504.0
617.0 627.0 628.0 629.0 630.0 630.0 631.0 632.0 632.0 633.0 634.0 634.0 635.0 635.0 636.0 637.0 638.0 638.0 639.0 640.0 641.0 641.0 642.0 643.0 644.0 644.0 645.0 646.0 647.0 648.0 649.0 649.0 650.0 651.0 652.0 652.0 653.0 654.0 655.0 656.0 657.0 657.0 658.0 659.0 659.0 660.0 661.0 662.0 662.0 663.0 664.0 664.0 665.0 665.0 666.0 666.0 667.0 667.0 667.0 668.0 668.0 668.0 669.0 669.0 669.0 669.0 669.0 669.0 669.0 668.0 668.0 668.0 668.0 667.0 667.0 667.0 666.0 666.0 666.0 665.0 665.0 665.0 665.0 665.0 665.0 664.0 665.0 665.0 665.0 665.0 666.0 666.0 666.0 667.0 668.0 668.0 669.0 670.0 671.0 671.0 5.0 49.0 55.0 61.0 67.0 73.0 79.0 84.0 90.0 96.0 102.0 108.0 114.0 120.0 126.0 132.0 138.0 144.0 150.0 156.0 162.0 168.0 174.0 180.0 186.0 191.0 197.0 203.0 209.0 215.0 221.0 227.0 233.0 238.0 244.0 250.0 256.0 262.0 268.0 274.0 280.0 286.0 291.0 297.0 303.0 309.0 315.0 321.0 327.0 333.0 339.0 345.0 351.0 357.0 363.0 369.0 375.0 381.0 387.0 393.0 399.0 405.0 411.0 417.0 423.0 429.0 435.0 441.0 447.0 454.0 460.0 466.0 472.0 478.0 484.0 490.0 496.0 502.0 508.0 514.0 520.0 526.0 532.0 538.0 544.0 550.0 557.0 563.0 569.0 575.0 581.0 587.0 593.0 599.0 605.0 610.0 616.0 622.0 628.0 634.0 505.0
617.0 626.0 627.0 628.0 629.0 629.0 630.0 630.0 631.0 631.0 632.0 632.0 633.0 633.0 634.0 634.0 635.0 635.0 636.0 637.0 637.0 638.0 639.0 639.0 640.0 641.0 641.0 642.0 643.0 643.0 644.0 645.0 645.0 646.0 646.0 647.0 648.0 648.0 649.0 650.0 651.0 651.0 651.0 652.0 653.0 653.0 654.0 654.0 655.0 655.0 656.0 656.0 656.0 657.0 657.0 657.0 657.0 658.0 658.0 658.0 658.0 658.0 658.0 658.0 658.0 658.0 657.0 657.0 657.0 657.0 656.0 656.0 655.0 655.0 654.0 653.0 653.0 652.0 652.0 651.0 651.0 650.0 650.0 650.0 650.0 649.0 649.0 649.0 650.0 649.0 650.0 650.0 650.0 650.0 651.0 651.0 652.0 652.0 653.0 654.0 5.0 49.0 55.0 61.0 67.0 73.0 79.0 85.0 91.0 97.0 103.0 109.0 115.0 121.0 127.0 133.0 139.0 144.0 150.0 156.0 162.0 168.0 174.0 180.0 186.0 192.0 198.0 204.0 210.0 216.0 222.0 228.0 234.0 239.0 245.0 251.0 257.0 263.0 269.0 275.0 281.0 287.0 293.0 298.0 304.0 310.0 316.0 322.0 328.0 334.0 340.0 346.0 353.0 359.0 365.0 371.0 377.0 383.0 389.0 395.0 401.0 407.0 413.0 418.0 425.0 431.0 437.0 443.0 449.0 455.0 461.0 467.0 472.0 478.0 485.0 490.0 496.0 502.0 508.0 514.0 520.0 526.0 532.0 538.0 544.0 550.0 556.0 562.0 568.0 574.0 580.0 586.0 592.0 598.0 604.0 610.0 616.0 622.0 628.0 634.0 506.0
617.0 625.0 626.0 626.0 627.0 627.0 628.0 629.0 629.0 629.0 630.0 630.0 631.0 631.0 631.0 632.0 632.0 632.0 633.0 634.0 634.0 634.0 635.0 635.0 636.0 636.0 637.0 637.0 638.0 638.0 639.0 639.0 640.0 640.0 641.0 641.0 642.0 642.0 643.0 643.0 643.0 643.0 644.0 644.0 645.0 645.0 645.0 646.0 646.0 646.0 646.0 647.0 647.0 647.0 647.0 647.0 647.0 647.0 647.0 647.0 647.0 647.0 647.0 646.0 646.0 646.0 645.0 645.0 644.0 643.0 643.0 642.0 641.0 640.0 640.0 639.0 638.0 637.0 637.0 636.0 635.0 634.0 634.0 633.0 633.0 632.0 632.0 632.0 632.0 632.0 632.0 632.0 632.0 632.0 632.0 632.0 633.0 633.0 634.0 634.0 5.0 50.0 56.0 62.0 68.0 74.0 79.0 85.0 91.0 97.0 103.0 109.0 115.0 121.0 127.0 133.0 139.0 145.0 151.0 157.0 163.0 169.0 175.0 181.0 187.0 193.0 198.0 204.0 210.0 216.0 222.0 228.0 234.0 240.0 246.0 252.0 258.0 264.0 270.0 276.0 282.0 288.0 294.0 300.0 306.0 312.0 318.0 324.0 330.0 336.0 342.0 348.0 354.0 360.0 366.0 372.0 378.0 384.0 390.0 396.0 402.0 407.0 413.0 419.0 425.0 431.0 437.0 443.0 449.0 455.0 460.0 467.0 472.0 478.0 484.0 490.0 495.0 501.0 507.0 513.0 519.0 525.0 530.0 536.0 542.0 548.0 554.0 560.0 566.0 572.0 578.0 584.0 590.0 596.0 602.0 608.0 614.0 619.0 625.0 631.0 507.0
617.0 624.0 625.0 625.0 626.0 626.0 627.0 627.0 627.0 627.0 628.0 628.0 628.0 628.0 628.0 629.0 629.0 629.0 630.0 630.0 630.0 630.0 631.0 631.0 631.0 632.0 632.0 632.0 633.0 633.0 633.0 633.0 634.0 634.0 634.0 635.0 635.0 635.0 636.0 636.0 636.0 636.0 636.0 636.0 636.0 637.0 637.0 637.0 637.0 637.0 637.0 637.0 637.0 637.0 637.0 637.0 636.0 636.0 636.0 635.0 635.0 635.0 634.0 634.0 633.0 632.0 632.0 631.0 630.0 629.0 628.0 627.0 627.0 625.0 624.0 623.0 622.0 621.0 620.0 619.0 618.0 617.0 617.0 616.0 615.0 615.0 614.0 614.0 613.0 613.0 613.0 613.0 613.0 613.0 613.0 613.0 613.0 613.0 614.0 614.0 5.0 50.0 56.0 61.0 67.0 74.0 80.0 86.0 92.0 97.0 103.0 109.0 115.0 122.0 128.0 134.0 140.0 146.0 152.0 158.0 164.0 170.0 176.0 182.0 188.0 194.0 200.0 206.0 212.0 218.0 224.0 230.0 236.0 242.0 248.0 254.0 260.0 266.0 272.0 278.0 284.0 290.0 296.0 302.0 308.0 314.0 320.0 326.0 332.0 338.0 344.0 350.0 356.0 362.0 368.0 374.0 380.0 386.0 392.0 398.0 404.0 409.0 415.0 421.0 427.0 432.0 439.0 445.0 450.0 456.0 462.0 468.0 473.0 479.0 485.0 490.0 496.0 502.0 507.0 513.0 519.0 525.0 530.0 536.0 542.0 548.0 554.0 560.0 566.0 572.0 578.0 584.0 590.0 596.0 602.0 608.0 614.0 620.0 626.0 631.0 508.0
617.0 623.0 624.0 624.0 624.0 625.0 625.0 625.0 625.0 626.0 625.0 626.0 626.0 626.0 626.0 626.0 626.0 626.0 626.0 626.0 627.0 627.0 627.0 627.0 627.0 627.0 627.0 627.0 628.0 628.0 628.0 628.0 628.0 628.0 628.0 628.0 628.0 628.0 628.0 629.0 628.0 628.0 629.0 628.0 628.0 628.0 628.0 628.0 628.0 628.0 628.0 627.0 627.0 627.0 627.0 626.0 626.0 625.0 625.0 624.0 624.0 623.0 622.0 622.0 621.0 620.0 619.0 618.0 617.0 616.0 614.0 613.0 612.0 611.0 610.0 608.0 607.0 606.0 605.0 604.0 602.0 601.0 600.0 599.0 599.0 598.0 597.0 597.0 596.0 596.0 595.0 595.0 595.0 595.0 595.0 595.0 595.0 595.0 595.0 595.0 5.0 50.0 56.0 62.0 68.0 74.0 80.0 86.0 93.0 98.0 104.0 110.0 117.0 123.0 129.0 135.0 141.0 147.0 153.0 159.0 165.0 171.0 177.0 183.0 189.0 195.0 201.0 207.0 213.0 219.0 225.0 231.0 237.0 244.0 250.0 256.0 262.0 268.0 274.0 280.0 286.0 292.0 298.0 304.0 310.0 316.0 322.0 328.0 334.0 340.0 346.0 352.0 358.0 364.0 370.0 376.0 381.0 387.0 393.0 399.0 405.0 411.0 417.0 422.0 428.0 434.0 440.0 446.0 451.0 457.0 463.0 468.0 474.0 480.0 485.0 491.0 497.0 502.0 508.0 513.0 519.0 525.0 531.0 537.0 543.0 548.0 554.0 560.0 566.0 572.0 578.0 584.0 590.0 596.0 602.0 608.0 614.0 620.0 626.0 632.0 509.0
617.0 622.0 622.0 623.0 623.0 623.0 624.0 624.0 624.0 624.0 624.0 624.0 624.0 623.0 623.0 623.0 623.0 623.0 623.0 623.0 623.0 623.0 623.0 623.0 623.0 623.0 623.0 623.0 623.0 623.0 623.0 623.0 623.0 623.0 623.0 623.0 622.0 623.0 622.0 622.0 622.0 622.0 622.0 621.0 621.0 621.0 621.0 621.0 620.0 620.0 619.0 619.0 619.0 618.0 618.0 617.0 616.0 616.0 615.0 614.0 614.0 613.0 612.0 611.0 610.0 608.0 608.0 606.0 605.0 603.0 602.0 601.0 600.0 598.0 597.0 595.0 594.0 592.0 591.0 590.0 588.0 587.0 586.0 585.0 584.0 583.0 582.0 581.0 581.0 580.0 580.0 579.0 579.0 579.0 578.0 578.0 578.0 578.0 577.0 577.0 5.0 50.0 57.0 62.0 68.0 75.0 81.0 87.0 93.0 99.0 105.0 111.0 117.0 123.0 129.0 135.0 142.0 148.0 154.0 160.0 166.0 172.0 178.0 184.0 190.0 196.0 202.0 208.0 214.0 220.0 226.0 232.0 238.0 245.0 251.0 257.0 263.0 269.0 275.0 281.0 287.0 293.0 299.0 305.0 311.0 317.0 323.0 329.0 335.0 341.0 347.0 353.0 359.0 365.0 371.0 377.0 382.0 388.0 394.0 400.0 406.0 412.0 418.0 424.0 429.0 435.0 441.0 446.0 452.0 458.0 463.0 469.0 474.0 480.0 486.0 491.0 497.0 502.0 508.0 514.0 520.0 525.0 531.0 537.0 542.0 548.0 554.0 560.0 566.0 572.0 578.0 584.0 590.0 596.0 602.0 608.0 614.0 619.0 625.0 631.0 510.0
617.0 622.0 622.0 622.0 622.0 622.0 622.0 622.0 622.0 622.0 622.0 622.0 622.0 621.0 621.0 621.0 621.0 621.0 621.0 621.0 621.0 620.0 620.0 620.0 620.0 620.0 620.0 619.0 620.0 619.0 619.0 619.0 619.0 618.0 618.0 618.0 618.0 618.0 617.0 617.0 617.0 616.0 616.0 616.0 615.0 615.0 614.0 614.0 614.0 613.0 613.0 612.0 612.0 611.0 610.0 610.0 609.0 608.0 607.0 606.0 605.0 604.0 603.0 602.0 601.0 599.0 598.0 596.0 595.0 593.0 592.0 590.0 589.0 587.0 586.0 584.0 583.0 581.0 580.0 578.0 576.0 575.0 574.0 573.0 571.0 571.0 569.0 569.0 568.0 567.0 567.0 566.0 565.0 565.0 564.0 564.0 564.0 563.0 563.0 563.0 5.0 51.0 57.0 63.0 69.0 75.0 81.0 87.0 93.0 99.0 105.0 111.0 117.0 124.0 130.0 136.0 142.0 148.0 154.0 160.0 166.0 173.0 179.0 185.0 191.0 197.0 203.0 209.0 215.0 221.0 227.0 233.0 239.0 245.0 252.0 258.0 264.0 270.0 276.0 282.0 288.0 294.0 300.0 306.0 312.0 318.0 324.0 330.0 336.0 342.0 348.0 353.0 359.0 365.0 371.0 377.0 383.0 389.0 395.0 401.0 406.0 412.0 418.0 424.0 429.0 435.0 440.0 446.0 452.0 457.0 463.0 469.0 474.0 480.0 485.0 491.0 496.0 502.0 508.0 513.0 519.0 524.0 530.0 536.0 542.0 547.0 553.0 559.0 565.0 571.0 577.0 583.0 589.0 595.0 601.0 606.0 612.0 618.0 624.0 630.0 511.0
617.0 621.0 621.0 621.0 622.0 621.0 621.0 621.0 621.0 621.0 621.0 620.0 620.0 620.0 620.0 619.0 619.0 619.0 619.0 619.0 618.0 618.0 618.0 618.0 618.0 617.0 617.0 617.0 617.0 616.0 616.0 616.0 616.0 615.0 615.0 614.0 614.0 614.0 613.0 613.0 612.0 612.0 612.0 611.0 611.0 610.0 610.0 609.0 609.0 608.0 607.0 607.0 606.0 605.0 604.0 604.0 603.0 601.0 601.0 600.0 598.0 597.0 596.0 595.0 593.0 592.0 591.0 589.0 587.0 586.0 584.0 582.0 581.0 579.0 578.0 576.0 574.0 572.0 571.0 569.0 568.0 566.0 565.0 564.0 562.0 561.0 560.0 559.0 558.0 557.0 557.0 556.0 555.0 555.0 554.0 554.0 553.0 553.0 552.0 552.0 5.0 51.0 57.0 63.0 69.0 76.0 82.0 88.0 94.0 100.0 106.0 112.0 118.0 125.0 131.0 136.0 143.0 149.0 155.0 161.0 167.0 173.0 179.0 186.0 192.0 198.0 204.0 210.0 216.0 222.0 228.0 234.0 240.0 246.0 253.0 259.0 265.0 271.0 277.0 283.0 289.0 295.0 301.0 307.0 313.0 319.0 325.0 331.0 337.0 343.0 349.0 354.0 360.0 366.0 372.0 378.0 384.0 390.0 396.0 401.0 407.0 413.0 418.0 424.0 430.0 435.0 441.0 447.0 453.0 458.0 464.0 469.0 475.0 480.0 486.0 491.0 497.0 502.0 508.0 514.0 519.0 525.0 530.0 536.0 542.0 548.0 554.0 559.0 565.0 571.0 577.0 583.0 589.0 595.0 601.0 607.0 613.0 619.0 625.0 631.0 512.0
617.0 621.0 621.0 621.0 621.0 621.0 621.0 621.0 620.0 620.0 620.0 620.0 619.0 619.0 619.0 618.0 618.0 618.0 618.0 617.0 617.0 617.0 617.0 616.0 616.0 616.0 615.0 615.0 615.0 614.0 614.0 614.0 613.0 613.0 613.0 612.0 612.0 611.0 611.0 611.0 610.0 610.0 609.0 608.0 608.0 607.0 607.0 606.0 605.0 605.0 604.0 604.0 603.0 602.0 601.0 600.0 599.0 598.0 597.0 596.0 595.0 593.0 592.0 591.0 589.0 588.0 586.0 585.0 583.0 581.0 580.0 578.0 576.0 574.0 573.0 571.0 569.0 567.0 566.0 564.0 562.0 561.0 560.0 558.0 557.0 556.0 554.0 553.0 553.0 551.0 551.0 550.0 550.0 549.0 548.0 548.0 547.0 547.0 546.0 546.0 5.0 52.0 58.0 64.0 70.0 76.0 82.0 88.0 95.0 101.0 107.0 113.0 119.0 125.0 131.0 137.0 144.0 150.0 156.0 162.0 168.0 174.0 180.0 186.0 192.0 198.0 204.0 210.0 216.0 222.0 228.0 234.0 241.0 247.0 253.0 259.0 265.0 271.0 277.0 283.0 289.0 295.0 301.0 307.0 313.0 319.0 325.0 331.0 337.0 343.0 349.0 355.0 361.0 366.0 372.0 378.0 384.0 390.0 396.0 401.0 407.0 413.0 419.0 425.0 430.0 436.0 441.0 447.0 453.0 458.0 464.0 469.0 475.0 480.0 486.0 491.0 497.0 502.0 508.0 513.0 519.0 525.0 530.0 536.0 542.0 547.0 553.0 559.0 565.0 571.0 577.0 583.0 589.0 595.0 600.0 606.0 612.0 619.0 625.0 631.0 513.0
617.0 621.0 621.0 621.0 621.0 621.0 620.0 620.0 620.0 620.0 620.0 620.0 619.0 619.0 618.0 618.0 618.0 618.0 617.0 617.0 617.0 616.0 616.0 616.0 615.0 615.0 615.0 614.0 614.0 614.0 613.0 613.0 613.0 612.0 612.0 612.0 611.0 611.0 610.0 610.0 609.0 609.0 609.0 608.0 607.0 607.0 606.0 606.0 605.0 604.0 603.0 603.0 602.0 601.0 600.0 599.0 598.0 597.0 596.0 595.0 594.0 592.0 591.0 590.0 588.0 587.0 585.0 584.0 582.0 580.0 579.0 577.0 575.0 573.0 571.0 570.0 568.0 566.0 564.0 563.0 561.0 560.0 558.0 557.0 555.0 554.0 553.0 552.0 551.0 550.0 549.0 549.0 548.0 547.0 547.0 546.0 546.0 545.0 545.0 544.0 5.0 51.0 58.0 64.0 70.0 76.0 82.0 88.0 94.0 100.0 107.0 113.0 119.0 125.0 131.0 137.0 143.0 149.0 155.0 161.0 167.0 174.0 180.0 186.0 192.0 198.0 204.0 210.0 216.0 222.0 228.0 234.0 240.0 247.0 253.0 259.0 265.0 271.0 277.0 283.0 289.0 295.0 301.0 307.0 313.0 319.0 325.0 331.0 337.0 343.0 349.0 355.0 361.0 367.0 372.0 378.0 384.0 390.0 396.0 402.0 407.0 413.0 419.0 424.0 430.0 436.0 441.0 447.0 452.0 458.0 464.0 469.0 475.0 480.0 486.0 491.0 497.0 502.0 508.0 513.0 519.0 524.0 530.0 536.0 542.0 547.0 553.0 559.0 565.0 571.0 577.0 583.0 589.0 594.0 600.0 606.0 612.0 618.0 624.0 630.0 514.0
617.0 621.0 621.0 621.0 621.0 621.0 621.0 621.0 620.0 620.0 620.0 620.0 619.0 619.0 619.0 618.0 618.0 618.0 617.0 617.0 617.0 617.0 617.0 616.0 616.0 616.0 616.0 615.0 615.0 614.0 614.0 614.0 613.0 613.0 613.0 612.0 612.0 612.0 611.0 611.0 610.0 610.0 610.0 609.0 608.0 608.0 607.0 607.0 606.0 605.0 605.0 604.0 603.0 603.0 602.0 601.0 600.0 599.0 598.0 597.0 596.0 594.0 593.0 592.0 590.0 589.0 587.0 586.0 584.0 583.0 581.0 579.0 577.0 575.0 574.0 572.0 570.0 569.0 567.0 565.0 564.0 562.0 561.0 560.0 558.0 557.0 556.0 555.0 554.0 553.0 553.0 552.0 551.0 551.0 550.0 550.0 549.0 549.0 548.0 548.0 5.0 51.0 57.0 64.0 70.0 76.0 82.0 88.0 94.0 100.0 106.0 113.0 119.0 125.0 131.0 137.0 143.0 149.0 155.0 162.0 168.0 174.0 180.0 186.0 192.0 198.0 204.0 211.0 217.0 223.0 229.0 235.0 241.0 247.0 253.0 259.0 265.0 271.0 277.0 283.0 289.0 295.0 301.0 307.0 313.0 319.0 325.0 331.0 337.0 343.0 349.0 355.0 361.0 367.0 372.0 378.0 384.0 390.0 396.0 402.0 408.0 413.0 419.0 425.0 430.0 436.0 442.0 447.0 453.0 459.0 464.0 470.0 475.0 481.0 486.0 492.0 497.0 503.0 508.0 514.0 519.0 525.0 531.0 536.0 542.0 548.0 554.0 559.0 565.0 571.0 577.0 583.0 589.0 595.0 601.0 607.0 613.0 619.0 625.0 631.0 515.0
617.0 621.0 621.0 621.0 621.0 621.0 621.0 621.0 621.0 621.0 620.0 620.0 620.0 620.0 620.0 619.0 619.0 619.0 619.0 619.0 619.0 618.0 618.0 618.0 617.0 617.0 617.0 617.0 617.0 616.0 616.0 616.0 616.0 615.0 615.0 615.0 614.0 614.0 614.0 614.0 613.0 613.0 612.0 612.0 611.0 611.0 610.0 610.0 610.0 609.0 608.0 608.0 607.0 606.0 606.0 605.0 604.0 603.0 602.0 601.0 600.0 599.0 598.0 597.0 596.0 594.0 593.0 592.0 590.0 588.0 587.0 585.0 584.0 582.0 580.0 579.0 577.0 575.0 574.0 572.0 570.0 569.0 568.0 567.0 565.0 564.0 563.0 562.0 562.0 561.0 560.0 559.0 559.0 558.0 558.0 557.0 557.0 557.0 556.0 556.0 5.0 51.0 57.0 63.0 69.0 75.0 81.0 88.0 94.0 100.0 106.0 112.0 118.0 124.0 130.0 136.0 142.0 148.0 154.0 161.0 167.0 173.0 179.0 185.0 191.0 197.0 203.0 209.0 215.0 221.0 227.0 233.0 239.0 245.0 252.0 258.0 264.0 270.0 276.0 282.0 288.0 294.0 300.0 306.0 312.0 318.0 324.0 330.0 336.0 342.0 348.0 354.0 360.0 365.0 371.0 377.0 383.0 389.0 395.0 400.0 406.0 412.0 418.0 423.0 429.0 435.0 440.0 446.0 451.0 457.0 462.0 468.0 473.0 479.0 484.0 490.0 495.0 501.0 506.0 512.0 517.0 523.0 529.0 534.0 540.0 546.0 552.0 557.0 563.0 569.0 575.0 581.0 587.0 593.0 598.0 604.0 610.0 617.0 623.0 629.0 516.0
617.0 622.0 622.0 622.0 622.0 622.0 622.0 622.0 622.0 622.0 621.0 622.0 622.0 621.0 621.0 621.0 621.0 621.0 621.0 621.0 621.0 620.0 621.0 620.0 620.0 620.0 620.0 620.0 620.0 620.0 619.0 619.0 619.0 619.0 619.0 618.0 618.0 618.0 618.0 618.0 618.0 617.0 617.0 617.0 616.0 616.0 616.0 616.0 615.0 614.0 614.0 613.0 613.0 612.0 612.0 611.0 611.0 610.0 609.0 608.0 607.0 606.0 605.0 604.0 603.0 602.0 601.0 600.0 598.0 597.0 596.0 594.0 592.0 591.0 590.0 588.0 586.0 585.0 584.0 582.0 581.0 580.0 578.0 577.0 576.0 575.0 574.0 574.0 573.0 572.0 572.0 571.0 571.0 570.0 570.0 570.0 569.0 569.0 569.0 569.0 5.0 51.0 57.0 63.0 69.0 76.0 82.0 88.0 94.0 100.0 106.0 112.0 118.0 124.0 130.0 136.0 142.0 148.0 154.0 160.0 166.0 172.0 178.0 185.0 191.0 197.0 203.0 209.0 215.0 221.0 227.0 233.0 239.0 245.0 251.0 257.0 263.0 269.0 276.0 282.0 288.0 294.0 300.0 305.0 312.0 318.0 324.0 330.0 336.0 342.0 348.0 353.0 359.0 365.0 371.0 377.0 383.0 389.0 394.0 400.0 406.0 412.0 418.0 423.0 429.0 435.0 440.0 446.0 451.0 457.0 462.0 468.0 474.0 479.0 485.0 490.0 496.0 502.0 507.0 513.0 518.0 523.0 529.0 535.0 541.0 546.0 552.0 558.0 564.0 570.0 576.0 582.0 588.0 594.0 600.0 606.0 612.0 618.0 624.0 629.0 517.0
617.0 622.0 622.0 622.0 623.0 623.0 623.0 623.0 623.0 623.0 623.0 623.0 623.0 623.0 623.0 623.0 623.0 623.0 623.0 623.0 623.0 623.0 623.0 623.0 623.0 623.0 623.0 623.0 623.0 624.0 624.0 623.0 624.0 623.0 623.0 623.0 623.0 623.0 623.0 623.0 623.0 623.0 623.0 623.0 623.0 623.0 622.0 622.0 622.0 622.0 621.0 621.0 621.0 620.0 620.0 619.0 619.0 618.0 618.0 617.0 617.0 616.0 615.0 614.0 613.0 612.0 611.0 610.0 609.0 608.0 607.0 605.0 604.0 603.0 601.0 600.0 599.0 598.0 596.0 595.0 594.0 593.0 592.0 591.0 590.0 589.0 588.0 587.0 587.0 586.0 586.0 586.0 586.0 585.0 585.0 585.0 585.0 584.0 584.0 585.0 5.0 50.0 56.0 62.0 68.0 74.0 81.0 87.0 93.0 99.0 105.0 111.0 117.0 123.0 129.0 135.0 141.0 147.0 153.0 159.0 165.0 171.0 177.0 183.0 189.0 195.0 201.0 208.0 214.0 220.0 226.0 232.0 238.0 244.0 250.0 256.0 262.0 268.0 274.0 280.0 286.0 292.0 298.0 304.0 310.0 316.0 322.0 328.0 334.0 340.0 346.0 352.0 358.0 364.0 370.0 376.0 382.0 388.0 394.0 400.0 405.0 411.0 417.0 423.0 429.0 434.0 440.0 446.0 452.0 457.0 463.0 468.0 474.0 480.0 485.0 491.0 496.0 502.0 508.0 514.0 519.0 525.0 530.0 536.0 542.0 548.0 554.0 559.0 565.0 571.0 577.0 583.0 589.0 595.0 601.0 607.0 613.0 619.0 625.0 631.0 518.0
617.0 623.0 623.0 623.0 624.0 624.0 625.0 625.0 625.0 625.0 625.0 625.0 626.0 626.0 626.0 626.0 626.0 626.0 626.0 626.0 627.0 627.0 627.0 627.0 627.0 627.0 628.0 628.0 628.0 628.0 628.0 629.0 629.0 629.0 629.0 629.0 629.0 630.0 630.0 630.0 630.0 630.0 630.0 630.0 630.0 630.0 630.0 630.0 630.0 630.0 630.0 630.0 630.0 630.0 629.0 629.0 629.0 628.0 628.0 628.0 628.0 627.0 626.0 626.0 625.0 624.0 623.0 622.0 622.0 620.0 620.0 619.0 617.0 616.0 615.0 614.0 613.0 612.0 611.0 610.0 609.0 608.0 607.0 606.0 606.0 605.0 605.0 604.0 604.0 603.0 603.0 603.0 603.0 603.0 603.0 603.0 603.0 603.0 603.0 603.0 5.0 50.0 56.0 62.0 68.0 74.0 80.0 86.0 92.0 98.0 104.0 110.0 116.0 122.0 128.0 134.0 140.0 146.0 152.0 158.0 164.0 170.0 176.0 183.0 189.0 195.0 201.0 207.0 213.0 219.0 225.0 231.0 237.0 243.0 249.0 255.0 261.0 267.0 273.0 279.0 285.0 291.0 297.0 303.0 309.0 315.0 321.0 327.0 333.0 339.0 345.0 351.0 357.0 363.0 369.0 375.0 381.0 387.0 393.0 398.0 404.0 410.0 416.0 422.0 428.0 434.0 440.0 445.0 451.0 457.0 463.0 468.0 474.0 480.0 486.0 491.0 497.0 503.0 508.0 514.0 520.0 526.0 532.0 537.0 543.0 549.0 555.0 561.0 567.0 573.0 579.0 585.0 591.0 597.0 603.0 609.0 615.0 621.0 627.0 632.0 519.0
617.0 624.0 625.0 625.0 625.0 626.0 626.0 626.0 627.0 627.0 627.0 628.0 628.0 628.0 628.0 629.0 629.0 629.0 629.0 630.0 630.0 630.0 631.0 631.0 631.0 632.0 632.0 632.0 633.0 633.0 633.0 634.0 634.0 635.0 635.0 635.0 635.0 636.0 636.0 636.0 637.0 637.0 637.0 638.0 638.0 638.0 638.0 639.0 639.0 639.0 639.0 639.0 639.0 639.0 639.0 639.0 639.0 639.0 639.0 639.0 638.0 638.0 637.0 637.0 637.0 636.0 636.0 635.0 634.0 634.0 633.0 632.0 631.0 630.0 629.0 628.0 628.0 627.0 626.0 625.0 624.0 624.0 623.0 622.0 622.0 622.0 621.0 621.0 621.0 620.0 620.0 620.0 620.0 621.0 620.0 621.0 621.0 621.0 622.0 622.0 5.0 50.0 56.0 62.0 68.0 74.0 80.0 86.0 92.0 98.0 103.0 110.0 116.0 122.0 128.0 134.0 140.0 146.0 152.0 158.0 164.0 170.0 176.0 181.0 187.0 194.0 200.0 206.0 212.0 217.0 223.0 229.0 235.0 241.0 247.0 253.0 259.0 265.0 271.0 277.0 283.0 289.0 295.0 301.0 307.0 313.0 319.0 325.0 331.0 337.0 343.0 349.0 355.0 361.0 367.0 373.0 379.0 385.0 391.0 397.0 402.0 409.0 415.0 420.0 426.0 432.0 438.0 444.0 450.0 456.0 462.0 467.0 473.0 479.0 485.0 491.0 497.0 503.0 508.0 514.0 520.0 526.0 532.0 538.0 543.0 549.0 555.0 561.0 567.0 573.0 579.0 585.0 591.0 597.0 603.0 609.0 615.0 621.0 627.0 632.0 520.0
617.0 625.0 626.0 626.0 626.0 627.0 628.0 628.0 629.0 629.0 629.0 630.0 630.0 631.0 631.0 631.0 632.0 632.0 633.0 633.0 633.0 634.0 634.0 635.0 636.0 636.0 637.0 637.0 638.0 638.0 639.0 639.0 640.0 640.0 640.0 641.0 642.0 642.0 643.0 643.0 644.0 644.0 645.0 645.0 645.0 646.0 646.0 647.0 647.0 648.0 648.0 648.0 648.0 648.0 649.0 649.0 649.0 649.0 649.0 649.0 649.0 649.0 649.0 649.0 648.0 648.0 648.0 647.0 647.0 647.0 646.0 645.0 645.0 644.0 643.0 643.0 642.0 642.0 641.0 640.0 640.0 639.0 639.0 638.0 638.0 638.0 638.0 637.0 638.0 637.0 638.0 638.0 638.0 638.0 638.0 639.0 639.0 640.0 640.0 641.0 5.0 49.0 55.0 61.0 67.0 73.0 79.0 85.0 91.0 97.0 103.0 109.0 115.0 121.0 127.0 133.0 139.0 145.0 151.0 157.0 163.0 169.0 175.0 181.0 187.0 193.0 199.0 205.0 211.0 216.0 222.0 228.0 234.0 240.0 246.0 252.0 258.0 264.0 270.0 276.0 282.0 288.0 294.0 300.0 306.0 312.0 318.0 324.0 330.0 336.0 341.0 347.0 353.0 359.0 365.0 371.0 377.0 383.0 390.0 395.0 401.0 408.0 414.0 419.0 425.0 431.0 438.0 443.0 449.0 455.0 461.0 467.0 473.0 479.0 485.0 491.0 497.0 503.0 509.0 515.0 521.0 526.0 533.0 539.0 544.0 550.0 556.0 562.0 568.0 574.0 580.0 587.0 593.0 598.0 604.0 610.0 616.0 622.0 628.0 634.0 521.0
617.0 626.0 627.0 627.0 628.0 628.0 629.0 630.0 630.0 631.0 631.0 632.0 632.0 633.0 633.0 634.0 634.0 635.0 636.0 636.0 637.0 637.0 638.0 638.0 639.0 640.0 641.0 642.0 642.0 643.0 644.0 644.0 645.0 646.0 646.0 647.0 647.0 648.0 649.0 650.0 650.0 651.0 652.0 652.0 653.0 653.0 654.0 655.0 655.0 655.0 656.0 656.0 657.0 657.0 658.0 658.0 658.0 659.0 659.0 659.0 659.0 660.0 659.0 660.0 659.0 660.0 659.0 659.0 659.0 659.0 658.0 658.0 657.0 657.0 656.0 656.0 656.0 655.0 655.0 654.0 654.0 653.0 653.0 653.0 653.0 653.0 653.0 653.0 653.0 653.0 654.0 654.0 654.0 655.0 655.0 656.0 657.0 657.0 658.0 659.0 5.0 49.0 55.0 61.0 67.0 73.0 79.0 85.0 91.0 97.0 103.0 109.0 115.0 121.0 127.0 133.0 139.0 144.0 150.0 156.0 162.0 168.0 174.0 180.0 186.0 192.0 198.0 204.0 210.0 216.0 222.0 228.0 234.0 240.0 246.0 252.0 258.0 263.0 269.0 275.0 281.0 287.0 293.0 299.0 305.0 311.0 317.0 323.0 329.0 335.0 341.0 347.0 353.0 359.0 365.0 371.0 377.0 383.0 389.0 395.0 401.0 407.0 413.0 419.0 425.0 431.0 437.0 443.0 449.0 455.0 461.0 467.0 473.0 479.0 485.0 491.0 497.0 503.0 509.0 515.0 521.0 527.0 534.0 540.0 546.0 552.0 557.0 563.0 570.0 576.0 582.0 588.0 594.0 600.0 605.0 611.0 617.0 623.0 629.0 635.0 522.0
617.0 626.0 628.0 628.0 629.0 630.0 630.0 631.0 632.0 632.0 633.0 634.0 634.0 635.0 636.0 636.0 637.0 638.0 638.0 639.0 640.0 640.0 641.0 642.0 643.0 644.0 645.0 645.0 646.0 647.0 648.0 649.0 650.0 650.0 651.0 652.0 653.0 654.0 654.0 655.0 656.0 657.0 658.0 658.0 659.0 660.0 661.0 661.0 662.0 663.0 663.0 664.0 664.0 665.0 666.0 666.0 666.0 667.0 667.0 668.0 668.0 668.0 668.0 669.0 669.0 669.0 669.0 669.0 669.0 669.0 669.0 669.0 668.0 668.0 668.0 667.0 667.0 667.0 666.0 666.0 666.0 666.0 666.0 666.0 666.0 666.0 666.0 666.0 667.0 667.0 668.0 668.0 669.0 669.0 670.0 671.0 672.0 672.0 673.0 675.0 5.0 49.0 55.0 61.0 67.0 73.0 79.0 85.0 91.0 97.0 103.0 109.0 115.0 121.0 127.0 133.0 139.0 145.0 151.0 156.0 162.0 168.0 174.0 180.0 186.0 192.0 198.0 204.0 210.0 215.0 221.0 227.0 233.0 239.0 245.0 251.0 257.0 263.0 269.0 275.0 281.0 287.0 293.0 299.0 305.0 311.0 316.0 322.0 328.0 334.0 340.0 346.0 352.0 358.0 364.0 370.0 376.0 382.0 388.0 394.0 400.0 406.0 412.0 418.0 424.0 430.0 437.0 443.0 449.0 455.0 461.0 467.0 473.0 479.0 485.0 491.0 498.0 504.0 510.0 516.0 522.0 528.0 534.0 540.0 547.0 553.0 559.0 564.0 571.0 577.0 583.0 589.0 595.0 601.0 606.0 612.0 618.0 624.0 630.0 636.0 523.0
617.0 627.0 628.0 629.0 630.0 631.0 632.0 632.0 633.0 634.0 635.0 635.0 636.0 637.0 638.0 638.0 639.0 640.0 641.0 641.0 642.0 643.0 644.0 645.0 646.0 647.0 648.0 648.0 649.0 650.0 651.0 652.0 653.0 654.0 655.0 656.0 657.0 658.0 659.0 660.0 661.0 662.0 663.0 663.0 664.0 665.0 666.0 667.0 668.0 668.0 669.0 670.0 671.0 671.0 672.0 673.0 673.0 673.0 674.0 675.0 675.0 676.0 676.0 677.0 676.0 677.0 677.0 677.0 677.0 677.0 677.0 677.0 677.0 677.0 676.0 677.0 676.0 676.0 676.0 676.0 676.0 676.0 676.0 676.0 676.0 677.0 677.0 677.0 678.0 678.0 679.0 679.0 680.0 681.0 682.0 683.0 684.0 685.0 685.0 687.0 5.0 50.0 56.0 62.0 68.0 74.0 80.0 85.0 91.0 97.0 103.0 109.0 115.0 121.0 127.0 133.0 139.0 145.0 151.0 157.0 163.0 169.0 175.0 181.0 187.0 193.0 198.0 204.0 210.0 216.0 222.0 228.0 234.0 240.0 246.0 252.0 258.0 263.0 269.0 275.0 281.0 287.0 293.0 299.0 305.0 311.0 317.0 323.0 329.0 334.0 340.0 346.0 352.0 358.0 364.0 370.0 376.0 382.0 388.0 394.0 400.0 406.0 412.0 418.0 424.0 431.0 437.0 443.0 449.0 455.0 461.0 467.0 473.0 480.0 486.0 492.0 498.0 504.0 511.0 517.0 523.0 529.0 535.0 541.0 547.0 553.0 559.0 565.0 571.0 577.0 583.0 589.0 595.0 601.0 607.0 613.0 619.0 625.0 631.0 637.0 524.0
617.0 627.0 629.0 630.0 631.0 631.0 632.0 633.0 634.0 634.0 635.0 636.0 637.0 638.0 639.0 639.0 640.0 641.0 642.0 643.0 644.0 645.0 645.0 646.0 647.0 648.0 650.0 650.0 651.0 653.0 654.0 655.0 656.0 656.0 657.0 659.0 659.0 661.0 661.0 663.0 664.0 665.0 666.0 667.0 667.0 669.0 669.0 670.0 671.0 672.0 673.0 674.0 675.0 675.0 676.0 677.0 678.0 678.0 679.0 679.0 680.0 681.0 681.0 681.0 681.0 682.0 682.0 682.0 682.0 682.0 683.0 683.0 683.0 682.0 683.0 683.0 683.0 682.0 682.0 682.0 683.0 682.0 683.0 683.0 683.0 684.0 684.0 684.0 685.0 685.0 686.0 687.0 688.0 689.0 689.0 690.0 691.0 693.0 693.0 695.0 5.0 49.0 55.0 61.0 67.0 73.0 79.0 85.0 91.0 97.0 103.0 109.0 115.0 121.0 127.0 133.0 139.0 145.0 151.0 157.0 163.0 169.0 175.0 180.0 186.0 192.0 198.0 204.0 210.0 216.0 222.0 227.0 233.0 239.0 245.0 251.0 257.0 263.0 269.0 274.0 280.0 286.0 292.0 298.0 304.0 310.0 316.0 322.0 328.0 334.0 339.0 345.0 351.0 357.0 363.0 369.0 375.0 381.0 388.0 394.0 399.0 406.0 412.0 417.0 424.0 430.0 436.0 442.0 448.0 454.0 461.0 467.0 473.0 479.0 486.0 492.0 498.0 504.0 510.0 516.0 522.0 529.0 535.0 541.0 547.0 553.0 559.0 565.0 572.0 578.0 584.0 590.0 596.0 601.0 607.0 613.0 619.0 625.0 631.0 636.0 525.0
617.0 628.0 629.0 630.0 631.0 632.0 632.0 633.0 634.0 635.0 636.0 637.0 637.0 638.0 639.0 640.0 641.0 642.0 643.0 643.0 644.0 645.0 646.0 647.0 649.0 650.0 651.0 652.0 652.0 654.0 655.0 656.0 657.0 658.0 659.0 660.0 661.0 662.0 663.0 664.0 665.0 666.0 667.0 668.0 669.0 670.0 671.0 672.0 673.0 674.0 675.0 676.0 677.0 677.0 678.0 679.0 680.0 680.0 681.0 682.0 682.0 683.0 683.0 684.0 684.0 684.0 684.0 685.0 685.0 685.0 686.0 686.0 685.0 685.0 685.0 685.0 685.0 685.0 685.0 685.0 686.0 686.0 686.0 686.0 686.0 687.0 687.0 687.0 688.0 689.0 689.0 690.0 691.0 692.0 693.0 694.0 695.0 696.0 697.0 699.0 5.0 49.0 55.0 61.0 67.0 73.0 79.0 85.0 91.0 97.0 103.0 109.0 115.0 121.0 127.0 133.0 139.0 144.0 150.0 156.0 162.0 168.0 174.0 180.0 186.0 192.0 198.0 204.0 210.0 215.0 221.0 227.0 233.0 239.0 245.0 251.0 257.0 263.0 268.0 274.0 280.0 286.0 292.0 298.0 304.0 310.0 315.0 321.0 327.0 333.0 339.0 345.0 351.0 357.0 363.0 369.0 375.0 381.0 387.0 393.0 399.0 405.0 411.0 417.0 423.0 430.0 436.0 442.0 448.0 454.0 461.0 467.0 473.0 479.0 485.0 491.0 498.0 504.0 510.0 516.0 522.0 529.0 535.0 541.0 547.0 553.0 559.0 566.0 572.0 578.0 584.0 590.0 596.0 601.0 607.0 613.0 619.0 625.0 631.0 636.0 526.0
617.0 628.0 629.0 630.0 631.0 632.0 633.0 633.0 634.0 635.0 636.0 637.0 637.0 638.0 639.0 640.0 641.0 642.0 642.0 643.0 644.0 645.0 646.0 647.0 648.0 649.0 650.0 651.0 652.0 654.0 654.0 655.0 657.0 658.0 658.0 660.0 661.0 662.0 663.0 664.0 665.0 666.0 667.0 668.0 669.0 670.0 671.0 672.0 673.0 674.0 674.0 675.0 676.0 677.0 678.0 678.0 679.0 680.0 680.0 681.0 681.0 682.0 683.0 683.0 683.0 684.0 684.0 684.0 684.0 684.0 685.0 685.0 685.0 685.0 685.0 685.0 685.0 685.0 685.0 685.0 685.0 685.0 685.0 685.0 685.0 686.0 686.0 686.0 687.0 688.0 688.0 689.0 690.0 691.0 692.0 693.0 694.0 695.0 696.0 698.0 5.0 49.0 55.0 61.0 67.0 73.0 79.0 84.0 90.0 96.0 102.0 108.0 114.0 120.0 126.0 132.0 138.0 144.0 150.0 156.0 162.0 168.0 174.0 180.0 186.0 192.0 197.0 203.0 209.0 215.0 221.0 227.0 233.0 239.0 245.0 251.0 257.0 262.0 268.0 274.0 280.0 286.0 292.0 298.0 304.0 309.0 315.0 321.0 327.0 333.0 339.0 345.0 351.0 357.0 363.0 369.0 375.0 381.0 387.0 393.0 399.0 405.0 411.0 417.0 423.0 430.0 436.0 442.0 448.0 454.0 460.0 467.0 473.0 479.0 485.0 492.0 498.0 504.0 510.0 516.0 523.0 529.0 535.0 541.0 547.0 553.0 559.0 566.0 572.0 578.0 584.0 590.0 596.0 602.0 607.0 613.0 619.0 625.0 631.0 636.0 527.0
617.0 628.0 629.0 630.0 631.0 632.0 632.0 633.0 634.0 635.0 635.0 636.0 637.0 638.0 639.0 640.0 640.0 641.0 642.0 643.0 644.0 645.0 645.0 646.0 647.0 648.0 649.0 650.0 651.0 652.0 653.0 654.0 656.0 656.0 657.0 658.0 659.0 660.0 661.0 662.0 663.0 664.0 665.0 666.0 667.0 668.0 669.0 670.0 671.0 672.0 672.0 673.0 674.0 675.0 675.0 676.0 677.0 677.0 678.0 678.0 679.0 680.0 680.0 680.0 681.0 681.0 681.0 681.0 681.0 681.0 682.0 682.0 682.0 681.0 681.0 681.0 681.0 681.0 681.0 681.0 681.0 681.0 681.0 681.0 681.0 682.0 682.0 682.0 683.0 683.0 684.0 684.0 685.0 686.0 687.0 688.0 689.0 690.0 691.0 692.0 5.0 49.0 55.0 61.0 67.0 72.0 78.0 84.0 90.0 96.0 102.0 108.0 114.0 120.0 126.0 132.0 138.0 144.0 150.0 156.0 162.0 168.0 174.0 179.0 185.0 191.0 197.0 203.0 209.0 215.0 221.0 226.0 232.0 238.0 244.0 250.0 256.0 262.0 267.0 273.0 279.0 285.0 291.0 297.0 303.0 309.0 315.0 321.0 327.0 332.0 338.0 344.0 350.0 356.0 362.0 368.0 374.0 380.0 387.0 393.0 399.0 405.0 411.0 417.0 423.0 429.0 436.0 442.0 448.0 454.0 460.0 466.0 473.0 479.0 485.0 491.0 497.0 503.0 510.0 516.0 522.0 528.0 534.0 541.0 547.0 553.0 559.0 565.0 571.0 577.0 583.0 589.0 595.0 601.0 607.0 613.0 619.0 625.0 631.0 636.0 528.0
617.0 627.0 628.0 629.0 630.0 631.0 632.0 632.0 633.0 634.0 634.0 635.0 636.0 637.0 637.0 638.0 639.0 640.0 640.0 641.0 642.0 643.0 644.0 645.0 646.0 646.0 647.0 648.0 649.0 650.0 651.0 652.0 653.0 654.0 655.0 655.0 656.0 657.0 658.0 659.0 660.0 661.0 662.0 663.0 663.0 664.0 665.0 666.0 667.0 668.0 668.0 669.0 670.0 670.0 671.0 671.0 672.0 673.0 673.0 673.0 674.0 674.0 674.0 675.0 675.0 675.0 675.0 675.0 676.0 676.0 675.0 675.0 675.0 675.0 675.0 675.0 675.0 674.0 674.0 674.0 674.0 674.0 674.0 674.0 674.0 674.0 674.0 674.0 675.0 675.0 675.0 676.0 677.0 677.0 678.0 679.0 680.0 681.0 682.0 683.0 5.0 49.0 54.0 60.0 66.0 72.0 78.0 84.0 90.0 96.0 102.0 108.0 114.0 120.0 126.0 132.0 137.0 143.0 149.0 155.0 161.0 167.0 173.0 179.0 185.0 191.0 197.0 203.0 208.0 214.0 220.0 226.0 232.0 238.0 244.0 250.0 256.0 261.0 267.0 273.0 279.0 285.0 291.0 297.0 303.0 309.0 315.0 320.0 326.0 332.0 338.0 344.0 350.0 356.0 362.0 368.0 374.0 380.0 387.0 393.0 399.0 405.0 411.0 417.0 423.0 429.0 435.0 441.0 447.0 453.0 460.0 466.0 472.0 478.0 484.0 490.0 497.0 503.0 509.0 515.0 521.0 528.0 534.0 540.0 546.0 552.0 558.0 564.0 570.0 576.0 582.0 588.0 594.0 600.0 606.0 612.0 618.0 624.0 630.0 635.0 529.0
617.0 627.0 628.0 628.0 629.0 630.0 631.0 631.0 632.0 633.0 633.0 634.0 635.0 635.0 636.0 637.0 637.0 638.0 638.0 639.0 640.0 641.0 641.0 642.0 643.0 644.0 645.0 646.0 646.0 647.0 648.0 649.0 649.0 650.0 651.0 652.0 652.0 653.0 654.0 655.0 656.0 657.0 657.0 658.0 659.0 659.0 660.0 661.0 662.0 662.0 662.0 663.0 664.0 664.0 664.0 665.0 666.0 666.0 666.0 667.0 667.0 667.0 667.0 668.0 668.0 667.0 667.0 668.0 667.0 667.0 667.0 667.0 667.0 666.0 666.0 665.0 665.0 664.0 664.0 664.0 664.0 664.0 663.0 663.0 663.0 663.0 663.0 663.0 663.0 664.0 664.0 664.0 665.0 665.0 666.0 667.0 667.0 668.0 669.0 670.0 5.0 49.0 54.0 60.0 66.0 72.0 78.0 84.0 90.0 96.0 102.0 108.0 114.0 120.0 126.0 132.0 138.0 143.0 149.0 155.0 161.0 167.0 173.0 179.0 185.0 191.0 197.0 203.0 208.0 214.0 220.0 226.0 232.0 238.0 244.0 250.0 256.0 262.0 268.0 273.0 279.0 285.0 291.0 297.0 303.0 309.0 315.0 321.0 327.0 333.0 339.0 345.0 351.0 357.0 363.0 369.0 375.0 380.0 387.0 393.0 399.0 405.0 411.0 417.0 423.0 429.0 435.0 441.0 447.0 453.0 459.0 465.0 471.0 477.0 484.0 490.0 496.0 502.0 508.0 514.0 520.0 526.0 532.0 538.0 544.0 551.0 557.0 563.0 569.0 575.0 581.0 587.0 593.0 599.0 605.0 611.0 617.0 623.0 628.0 634.0 530.0
617.0 626.0 627.0 627.0 628.0 629.0 629.0 630.0 631.0 631.0 631.0 632.0 633.0 633.0 633.0 634.0 635.0 635.0 636.0 636.0 637.0 638.0 638.0 639.0 639.0 640.0 641.0 642.0 642.0 643.0 643.0 644.0 645.0 645.0 646.0 647.0 647.0 648.0 648.0 649.0 650.0 650.0 651.0 651.0 652.0 652.0 653.0 653.0 654.0 654.0 655.0 655.0 655.0 656.0 656.0 656.0 657.0 657.0 657.0 657.0 657.0 657.0 657.0 658.0 657.0 657.0 657.0 657.0 656.0 656.0 656.0 655.0 655.0 654.0 654.0 653.0 652.0 652.0 651.0 651.0 650.0 650.0 650.0 649.0 649.0 649.0 649.0 648.0 649.0 649.0 649.0 649.0 649.0 650.0 650.0 650.0 651.0 651.0 652.0 653.0 5.0 48.0 54.0 60.0 66.0 72.0 78.0 84.0 90.0 96.0 102.0 108.0 114.0 120.0 126.0 132.0 137.0 143.0 149.0 155.0 161.0 167.0 173.0 179.0 185.0 191.0 197.0 203.0 209.0 214.0 220.0 226.0 232.0 238.0 244.0 250.0 256.0 262.0 268.0 274.0 280.0 285.0 291.0 297.0 304.0 310.0 316.0 322.0 328.0 334.0 340.0 346.0 352.0 358.0 364.0 370.0 376.0 382.0 388.0 394.0 400.0 406.0 412.0 418.0 424.0 430.0 436.0 442.0 448.0 454.0 460.0 466.0 472.0 478.0 484.0 490.0 496.0 502.0 508.0 514.0 520.0 526.0 532.0 538.0 544.0 550.0 556.0 562.0 568.0 574.0 580.0 586.0 592.0 598.0 603.0 609.0 615.0 621.0 627.0 633.0 531.0
617.0 625.0 626.0 626.0 627.0 628.0 628.0 629.0 629.0 629.0 629.0 630.0 631.0 631.0 631.0 632.0 632.0 633.0 633.0 633.0 634.0 634.0 635.0 635.0 636.0 636.0 637.0 637.0 637.0 638.0 639.0 639.0 640.0 640.0 640.0 641.0 641.0 642.0 642.0 643.0 643.0 644.0 644.0 644.0 645.0 645.0 645.0 646.0 646.0 646.0 646.0 647.0 647.0 647.0 647.0 647.0 647.0 647.0 647.0 647.0 647.0 647.0 647.0 647.0 646.0 646.0 645.0 645.0 644.0 644.0 643.0 642.0 642.0 641.0 640.0 639.0 639.0 638.0 637.0 636.0 636.0 635.0 635.0 634.0 634.0 633.0 633.0 633.0 633.0 633.0 633.0 633.0 633.0 633.0 633.0 634.0 634.0 634.0 635.0 635.0 5.0 49.0 55.0 61.0 67.0 73.0 79.0 85.0 91.0 97.0 103.0 109.0 115.0 121.0 127.0 133.0 138.0 144.0 150.0 156.0 162.0 168.0 174.0 180.0 186.0 192.0 198.0 204.0 210.0 216.0 222.0 228.0 234.0 240.0 246.0 252.0 258.0 264.0 269.0 275.0 281.0 287.0 293.0 299.0 305.0 311.0 318.0 324.0 330.0 335.0 341.0 347.0 353.0 359.0 365.0 371.0 377.0 383.0 389.0 396.0 402.0 407.0 413.0 419.0 425.0 431.0 437.0 443.0 449.0 455.0 461.0 466.0 472.0 478.0 484.0 490.0 496.0 501.0 507.0 513.0 519.0 525.0 531.0 537.0 543.0 549.0 555.0 561.0 566.0 572.0 578.0 584.0 590.0 596.0 602.0 608.0 614.0 620.0 626.0 632.0 532.0
617.0 624.0 625.0 625.0 626.0 626.0 627.0 627.0 627.0 627.0 628.0 628.0 628.0 629.0 629.0 629.0 629.0 630.0 630.0 630.0 631.0 630.0 631.0 631.0 632.0 632.0 632.0 633.0 633.0 634.0 634.0 634.0 634.0 634.0 635.0 635.0 635.0 636.0 636.0 636.0 636.0 637.0 637.0 637.0 637.0 637.0 637.0 637.0 638.0 637.0 638.0 638.0 638.0 637.0 637.0 637.0 637.0 637.0 637.0 636.0 636.0 636.0 635.0 635.0 634.0 633.0 633.0 632.0 631.0 630.0 630.0 629.0 628.0 627.0 626.0 625.0 624.0 623.0 622.0 621.0 620.0 619.0 619.0 618.0 617.0 617.0 616.0 616.0 615.0 615.0 615.0 615.0 615.0 615.0 615.0 615.0 615.0 615.0 616.0 616.0 5.0 50.0 56.0 62.0 68.0 74.0 80.0 86.0 92.0 98.0 104.0 110.0 116.0 122.0 128.0 134.0 140.0 146.0 152.0 158.0 164.0 170.0 176.0 182.0 188.0 194.0 200.0 206.0 212.0 218.0 224.0 230.0 236.0 242.0 248.0 254.0 260.0 266.0 272.0 278.0 284.0 290.0 296.0 302.0 308.0 314.0 320.0 326.0 332.0 338.0 344.0 350.0 356.0 362.0 368.0 373.0 379.0 385.0 391.0 398.0 403.0 409.0 415.0 421.0 427.0 432.0 438.0 444.0 450.0 456.0 462.0 467.0 473.0 479.0 484.0 490.0 496.0 501.0 507.0 513.0 519.0 525.0 531.0 536.0 542.0 548.0 554.0 560.0 566.0 572.0 578.0 584.0 590.0 596.0 601.0 607.0 613.0 619.0 625.0 631.0 533.0
617.0 623.0 624.0 624.0 625.0 625.0 625.0 625.0 626.0 625.0 626.0 626.0 626.0 626.0 626.0 626.0 627.0 627.0 627.0 627.0 627.0 627.0 627.0 627.0 628.0 628.0 628.0 628.0 628.0 629.0 629.0 629.0 629.0 629.0 629.0 629.0 629.0 629.0 629.0 629.0 630.0 630.0 630.0 629.0 629.0 630.0 629.0 629.0 629.0 629.0 629.0 629.0 628.0 628.0 628.0 628.0 627.0 627.0 626.0 626.0 625.0 625.0 624.0 623.0 622.0 622.0 621.0 620.0 619.0 618.0 616.0 616.0 614.0 613.0 612.0 611.0 609.0 608.0 607.0 606.0 605.0 604.0 603.0 602.0 601.0 600.0 600.0 599.0 599.0 598.0 598.0 598.0 597.0 598.0 597.0 597.0 597.0 597.0 597.0 597.0 5.0 50.0 56.0 62.0 68.0 74.0 80.0 86.0 92.0 98.0 104.0 110.0 116.0 122.0 128.0 134.0 140.0 146.0 152.0 158.0 164.0 171.0 177.0 183.0 189.0 195.0 201.0 207.0 213.0 219.0 225.0 231.0 237.0 243.0 249.0 255.0 261.0 267.0 273.0 279.0 285.0 291.0 297.0 303.0 309.0 315.0 321.0 327.0 333.0 339.0 345.0 351.0 357.0 363.0 369.0 375.0 380.0 386.0 393.0 399.0 404.0 410.0 416.0 422.0 428.0 433.0 439.0 445.0 451.0 456.0 462.0 468.0 473.0 479.0 485.0 490.0 496.0 502.0 507.0 513.0 519.0 524.0 530.0 536.0 542.0 548.0 554.0 560.0 565.0 571.0 577.0 583.0 589.0 595.0 601.0 607.0 613.0 619.0 625.0 630.0 534.0
617.0 623.0 623.0 623.0 624.0 624.0 624.0 624.0 624.0 624.0 624.0 624.0 624.0 624.0 624.0 624.0 624.0 624.0 624.0 624.0 624.0 624.0 624.0 624.0 624.0 624.0 624.0 624.0 624.0 624.0 624.0 624.0 624.0 624.0 624.0 624.0 624.0 624.0 624.0 624.0 624.0 623.0 623.0 623.0 623.0 623.0 622.0 622.0 622.0 621.0 622.0 621.0 621.0 620.0 620.0 619.0 618.0 618.0 617.0 617.0 616.0 615.0 614.0 613.0 612.0 611.0 610.0 609.0 608.0 606.0 605.0 604.0 603.0 601.0 600.0 599.0 597.0 595.0 594.0 593.0 592.0 590.0 590.0 588.0 587.0 587.0 586.0 585.0 584.0 584.0 583.0 583.0 583.0 583.0 582.0 582.0 582.0 582.0 582.0 581.0 5.0 51.0 57.0 63.0 69.0 74.0 80.0 87.0 93.0 99.0 105.0 111.0 117.0 123.0 129.0 135.0 141.0 148.0 153.0 159.0 165.0 172.0 178.0 184.0 190.0 196.0 202.0 208.0 214.0 220.0 226.0 232.0 238.0 244.0 251.0 257.0 263.0 269.0 275.0 281.0 287.0 293.0 299.0 305.0 311.0 317.0 323.0 329.0 335.0 341.0 347.0 352.0 358.0 364.0 370.0 376.0 382.0 388.0 394.0 400.0 406.0 411.0 417.0 423.0 429.0 435.0 440.0 446.0 452.0 457.0 463.0 469.0 474.0 480.0 485.0 491.0 497.0 502.0 508.0 514.0 519.0 525.0 531.0 537.0 542.0 548.0 554.0 560.0 566.0 571.0 577.0 583.0 589.0 595.0 601.0 607.0 613.0 619.0 625.0 631.0 535.0
617.0 622.0 622.0 622.0 622.0 623.0 623.0 623.0 622.0 622.0 622.0 623.0 622.0 622.0 622.0 622.0 622.0 622.0 621.0 621.0 622.0 621.0 621.0 621.0 621.0 621.0 621.0 621.0 621.0 621.0 621.0 620.0 620.0 620.0 620.0 620.0 619.0 619.0 619.0 619.0 619.0 618.0 618.0 618.0 618.0 617.0 617.0 616.0 616.0 615.0 615.0 614.0 614.0 613.0 613.0 612.0 611.0 610.0 610.0 609.0 608.0 607.0 606.0 605.0 604.0 602.0 601.0 600.0 599.0 597.0 596.0 594.0 593.0 591.0 590.0 588.0 586.0 585.0 584.0 582.0 581.0 580.0 578.0 577.0 576.0 575.0 574.0 573.0 573.0 572.0 571.0 571.0 570.0 570.0 569.0 569.0 569.0 568.0 568.0 568.0 5.0 51.0 57.0 63.0 69.0 75.0 81.0 87.0 93.0 100.0 106.0 112.0 118.0 124.0 130.0 136.0 142.0 148.0 154.0 161.0 167.0 173.0 179.0 185.0 191.0 197.0 203.0 209.0 215.0 221.0 227.0 233.0 239.0 245.0 252.0 258.0 264.0 270.0 276.0 282.0 288.0 294.0 300.0 306.0 312.0 318.0 324.0 330.0 336.0 342.0 348.0 353.0 359.0 365.0 371.0 377.0 383.0 389.0 395.0 401.0 406.0 412.0 418.0 424.0 430.0 435.0 441.0 446.0 452.0 458.0 463.0 469.0 474.0 480.0 486.0 491.0 497.0 502.0 508.0 513.0 519.0 525.0 531.0 536.0 542.0 548.0 554.0 560.0 565.0 571.0 577.0 583.0 589.0 595.0 601.0 607.0 613.0 619.0 625.0 631.0 536.0
617.0 621.0 621.0 622.0 622.0 622.0 622.0 622.0 622.0 621.0 621.0 621.0 621.0 621.0 621.0 620.0 620.0 620.0 620.0 620.0 620.0 619.0 619.0 619.0 619.0 619.0 619.0 618.0 618.0 618.0 618.0 617.0 617.0 617.0 617.0 617.0 616.0 616.0 616.0 615.0 615.0 615.0 614.0 614.0 614.0 613.0 612.0 612.0 612.0 611.0 611.0 610.0 609.0 608.0 608.0 607.0 606.0 605.0 604.0 604.0 602.0 601.0 600.0 599.0 598.0 596.0 595.0 594.0 592.0 590.0 589.0 587.0 586.0 584.0 583.0 581.0 579.0 578.0 576.0 575.0 573.0 572.0 570.0 569.0 568.0 567.0 566.0 565.0 564.0 563.0 563.0 562.0 561.0 561.0 561.0 560.0 560.0 559.0 559.0 559.0 5.0 51.0 57.0 63.0 69.0 75.0 81.0 88.0 94.0 100.0 106.0 112.0 118.0 124.0 130.0 136.0 143.0 149.0 155.0 161.0 167.0 173.0 179.0 185.0 191.0 197.0 204.0 210.0 216.0 222.0 228.0 234.0 240.0 246.0 252.0 258.0 264.0 270.0 276.0 282.0 288.0 294.0 300.0 306.0 312.0 318.0 324.0 330.0 336.0 342.0 348.0 354.0 360.0 366.0 372.0 378.0 384.0 390.0 395.0 401.0 407.0 413.0 418.0 424.0 430.0 435.0 441.0 447.0 452.0 458.0 463.0 469.0 475.0 480.0 486.0 491.0 497.0 502.0 508.0 513.0 519.0 525.0 530.0 536.0 542.0 548.0 553.0 559.0 565.0 571.0 577.0 583.0 589.0 595.0 601.0 607.0 613.0 618.0 624.0 630.0 537.0
617.0 621.0 621.0 621.0 622.0 622.0 621.0 621.0 621.0 621.0 621.0 621.0 620.0 620.0 620.0 620.0 619.0 619.0 619.0 619.0 619.0 618.0 618.0 618.0 618.0 617.0 617.0 617.0 617.0 616.0 617.0 616.0 616.0 615.0 615.0 615.0 614.0 614.0 614.0 613.0 613.0 613.0 612.0 611.0 611.0 611.0 610.0 610.0 609.0 609.0 608.0 607.0 606.0 606.0 605.0 604.0 603.0 602.0 601.0 600.0 599.0 598.0 597.0 596.0 594.0 593.0 592.0 590.0 588.0 587.0 585.0 584.0 582.0 580.0 578.0 577.0 575.0 574.0 572.0 570.0 569.0 567.0 566.0 565.0 563.0 562.0 561.0 560.0 560.0 559.0 558.0 557.0 556.0 556.0 556.0 555.0 555.0 554.0 554.0 553.0 5.0 52.0 58.0 64.0 70.0 77.0 83.0 89.0 95.0 101.0 107.0 113.0 119.0 125.0 131.0 137.0 144.0 150.0 156.0 162.0 168.0 174.0 180.0 186.0 192.0 199.0 205.0 211.0 217.0 223.0 229.0 235.0 241.0 247.0 253.0 259.0 265.0 271.0 277.0 283.0 289.0 295.0 301.0 307.0 313.0 319.0 325.0 331.0 337.0 343.0 349.0 355.0 361.0 367.0 372.0 378.0 384.0 390.0 396.0 402.0 408.0 413.0 419.0 425.0 431.0 436.0 442.0 447.0 453.0 458.0 464.0 469.0 475.0 480.0 486.0 491.0 497.0 502.0 508.0 514.0 519.0 525.0 531.0 536.0 542.0 548.0 553.0 559.0 565.0 571.0 577.0 583.0 588.0 594.0 600.0 606.0 612.0 618.0 624.0 630.0 538.0
617.0 621.0 621.0 621.0 621.0 621.0 621.0 621.0 621.0 621.0 620.0 621.0 620.0 620.0 620.0 619.0 619.0 619.0 619.0 618.0 618.0 618.0 618.0 618.0 618.0 617.0 617.0 617.0 616.0 616.0 616.0 616.0 616.0 615.0 615.0 614.0 614.0 614.0 614.0 613.0 613.0 612.0 612.0 611.0 611.0 611.0 610.0 609.0 609.0 608.0 608.0 607.0 606.0 605.0 605.0 604.0 603.0 602.0 601.0 600.0 599.0 598.0 597.0 596.0 594.0 593.0 591.0 590.0 588.0 586.0 585.0 583.0 582.0 580.0 578.0 577.0 575.0 573.0 572.0 570.0 569.0 567.0 566.0 564.0 563.0 562.0 561.0 560.0 559.0 558.0 558.0 557.0 556.0 556.0 555.0 555.0 554.0 554.0 554.0 553.0 5.0 52.0 58.0 64.0 70.0 76.0 82.0 89.0 95.0 101.0 107.0 113.0 119.0 125.0 131.0 137.0 143.0 149.0 155.0 162.0 168.0 174.0 180.0 186.0 192.0 198.0 204.0 210.0 216.0 222.0 228.0 234.0 240.0 246.0 252.0 259.0 265.0 271.0 277.0 283.0 289.0 295.0 301.0 307.0 313.0 319.0 325.0 331.0 337.0 343.0 349.0 354.0 360.0 366.0 372.0 378.0 384.0 390.0 395.0 401.0 407.0 413.0 418.0 424.0 430.0 435.0 441.0 446.0 452.0 458.0 463.0 469.0 474.0 480.0 485.0 491.0 496.0 502.0 507.0 513.0 518.0 524.0 530.0 535.0 541.0 547.0 552.0 558.0 564.0 570.0 576.0 582.0 587.0 593.0 599.0 605.0 611.0 617.0 623.0 629.0 539.0
617.0 621.0 621.0 622.0 622.0 622.0 621.0 621.0 621.0 621.0 621.0 621.0 620.0 620.0 620.0 620.0 620.0 620.0 619.0 619.0 619.0 619.0 619.0 618.0 618.0 618.0 618.0 618.0 617.0 617.0 617.0 617.0 617.0 616.0 616.0 615.0 615.0 615.0 615.0 614.0 614.0 614.0 613.0 613.0 612.0 612.0 611.0 611.0 610.0 610.0 609.0 609.0 608.0 607.0 607.0 606.0 605.0 604.0 603.0 602.0 601.0 600.0 599.0 598.0 597.0 595.0 594.0 593.0 591.0 590.0 588.0 587.0 585.0 583.0 582.0 580.0 578.0 577.0 575.0 574.0 572.0 570.0 569.0 568.0 567.0 566.0 565.0 564.0 563.0 562.0 561.0 561.0 560.0 560.0 559.0 559.0 559.0 558.0 558.0 557.0 5.0 51.0 57.0 63.0 69.0 75.0 82.0 88.0 94.0 100.0 106.0 112.0 118.0 124.0 130.0 136.0 142.0 148.0 155.0 161.0 167.0 173.0 179.0 185.0 191.0 197.0 203.0 209.0 215.0 221.0 227.0 233.0 239.0 245.0 251.0 258.0 264.0 270.0 276.0 282.0 288.0 294.0 300.0 306.0 312.0 318.0 324.0 330.0 335.0 341.0 347.0 353.0 359.0 365.0 371.0 377.0 383.0 388.0 394.0 400.0 406.0 412.0 417.0 423.0 429.0 434.0 440.0 445.0 451.0 456.0 462.0 467.0 473.0 478.0 484.0 489.0 495.0 500.0 506.0 511.0 517.0 523.0 528.0 534.0 540.0 545.0 551.0 557.0 563.0 568.0 574.0 580.0 586.0 592.0 598.0 604.0 609.0 615.0 621.0 627.0 540.0
617.0 621.0 622.0 622.0 622.0 622.0 622.0 622.0 622.0 622.0 622.0 621.0 621.0 621.0 621.0 621.0 621.0 621.0 620.0 620.0 620.0 620.0 620.0 620.0 620.0 619.0 619.0 619.0 619.0 619.0 619.0 619.0 619.0 618.0 618.0 618.0 618.0 617.0 617.0 617.0 616.0 616.0 616.0 615.0 615.0 615.0 614.0 614.0 614.0 613.0 612.0 612.0 611.0 611.0 610.0 610.0 609.0 608.0 607.0 606.0 605.0 605.0 604.0 603.0 601.0 600.0 599.0 598.0 596.0 595.0 593.0 592.0 590.0 589.0 587.0 585.0 584.0 583.0 581.0 579.0 578.0 576.0 575.0 574.0 573.0 572.0 571.0 570.0 569.0 569.0 568.0 567.0 567.0 567.0 566.0 566.0 566.0 565.0 565.0 565.0 5.0 51.0 57.0 63.0 69.0 75.0 81.0 88.0 94.0 100.0 106.0 112.0 118.0 124.0 130.0 136.0 142.0 148.0 154.0 161.0 167.0 173.0 179.0 185.0 191.0 197.0 203.0 209.0 215.0 221.0 227.0 233.0 239.0 245.0 251.0 257.0 263.0 269.0 275.0 281.0 287.0 293.0 299.0 305.0 311.0 317.0 323.0 329.0 335.0 341.0 347.0 353.0 359.0 364.0 370.0 376.0 382.0 388.0 394.0 400.0 405.0 411.0 417.0 423.0 428.0 434.0 440.0 445.0 451.0 456.0 462.0 467.0 473.0 478.0 484.0 489.0 495.0 500.0 506.0 511.0 517.0 522.0 528.0 533.0 539.0 545.0 551.0 556.0 562.0 568.0 574.0 580.0 586.0 592.0 597.0 603.0 609.0 615.0 621.0 627.0 541.0
617.0 622.0 622.0 623.0 623.0 623.0 623.0 623.0 623.0 623.0 623.0 622.0 622.0 623.0 622.0 622.0 622.0 622.0 622.0 622.0 622.0 622.0 622.0 622.0 622.0 622.0 622.0 622.0 622.0 622.0 622.0 622.0 622.0 621.0 621.0 621.0 621.0 621.0 621.0 621.0 620.0 620.0 620.0 620.0 620.0 620.0 619.0 619.0 618.0 618.0 618.0 617.0 617.0 617.0 616.0 615.0 615.0 614.0 614.0 613.0 612.0 611.0 610.0 610.0 608.0 607.0 607.0 605.0 604.0 603.0 601.0 600.0 599.0 597.0 596.0 594.0 593.0 592.0 590.0 589.0 588.0 586.0 585.0 584.0 583.0 582.0 581.0 581.0 580.0 579.0 579.0 578.0 578.0 578.0 577.0 577.0 577.0 577.0 577.0 576.0 5.0 51.0 57.0 63.0 69.0 75.0 81.0 87.0 93.0 99.0 105.0 112.0 118.0 124.0 130.0 136.0 142.0 148.0 154.0 160.0 166.0 172.0 179.0 185.0 191.0 197.0 203.0 209.0 215.0 221.0 227.0 233.0 239.0 245.0 251.0 257.0 263.0 269.0 275.0 281.0 287.0 293.0 299.0 305.0 311.0 317.0 323.0 329.0 335.0 341.0 347.0 353.0 359.0 365.0 370.0 376.0 382.0 388.0 394.0 400.0 406.0 411.0 417.0 423.0 429.0 434.0 440.0 445.0 451.0 456.0 462.0 468.0 473.0 479.0 485.0 490.0 496.0 501.0 507.0 512.0 518.0 523.0 529.0 535.0 541.0 546.0 552.0 558.0 564.0 569.0 575.0 581.0 587.0 593.0 599.0 605.0 611.0 617.0 623.0 629.0 542.0
617.0 622.0 623.0 623.0 623.0 624.0 624.0 624.0 624.0 624.0 624.0 624.0 624.0 624.0 624.0 624.0 624.0 624.0 624.0 624.0 625.0 625.0 625.0 625.0 625.0 625.0 625.0 625.0 625.0 625.0 625.0 626.0 626.0 626.0 626.0 626.0 626.0 626.0 626.0 626.0 626.0 626.0 626.0 626.0 625.0 625.0 625.0 625.0 625.0 625.0 624.0 624.0 624.0 624.0 623.0 623.0 622.0 622.0 622.0 621.0 621.0 620.0 619.0 618.0 618.0 616.0 616.0 615.0 614.0 613.0 611.0 610.0 609.0 608.0 607.0 605.0 604.0 603.0 602.0 601.0 599.0 598.0 597.0 596.0 596.0 595.0 594.0 594.0 593.0 592.0 592.0 592.0 591.0 591.0 591.0 591.0 591.0 591.0 591.0 591.0 5.0 51.0 57.0 63.0 69.0 75.0 81.0 87.0 93.0 99.0 105.0 111.0 117.0 123.0 129.0 135.0 141.0 147.0 153.0 159.0 165.0 171.0 177.0 183.0 189.0 195.0 201.0 207.0 213.0 219.0 225.0 231.0 237.0 243.0 249.0 255.0 261.0 267.0 273.0 279.0 285.0 291.0 297.0 303.0 309.0 315.0 321.0 327.0 333.0 339.0 345.0 351.0 357.0 363.0 369.0 375.0 381.0 387.0 392.0 398.0 404.0 410.0 416.0 422.0 428.0 433.0 439.0 445.0 451.0 456.0 462.0 467.0 473.0 478.0 484.0 490.0 495.0 501.0 506.0 512.0 518.0 523.0 529.0 535.0 541.0 547.0 552.0 558.0 564.0 570.0 576.0 582.0 588.0 594.0 600.0 606.0 611.0 617.0 623.0 629.0 543.0
617.0 623.0 624.0 624.0 624.0 625.0 625.0 626.0 626.0 626.0 626.0 626.0 626.0 626.0 627.0 627.0 627.0 627.0 627.0 627.0 628.0 628.0 628.0 628.0 629.0 629.0 629.0 629.0 629.0 629.0 630.0 630.0 630.0 630.0 631.0 631.0 631.0 631.0 631.0 631.0 632.0 632.0 632.0 632.0 632.0 632.0 632.0 632.0 632.0 632.0 632.0 632.0 632.0 632.0 632.0 631.0 631.0 631.0 631.0 630.0 630.0 630.0 629.0 628.0 628.0 627.0 626.0 626.0 625.0 624.0 623.0 622.0 621.0 620.0 619.0 618.0 617.0 616.0 615.0 614.0 613.0 612.0 611.0 610.0 610.0 609.0 608.0 608.0 608.0 607.0 607.0 607.0 607.0 607.0 606.0 607.0 607.0 607.0 607.0 608.0 5.0 50.0 56.0 62.0 68.0 74.0 80.0 86.0 92.0 98.0 104.0 110.0 116.0 122.0 128.0 134.0 140.0 146.0 152.0 158.0 164.0 170.0 176.0 182.0 188.0 194.0 200.0 206.0 212.0 218.0 224.0 230.0 236.0 242.0 248.0 254.0 260.0 266.0 272.0 278.0 284.0 290.0 296.0 302.0 308.0 314.0 320.0 326.0 332.0 338.0 344.0 350.0 356.0 362.0 368.0 374.0 380.0 386.0 391.0 397.0 403.0 409.0 415.0 421.0 427.0 433.0 438.0 444.0 450.0 456.0 461.0 467.0 473.0 478.0 484.0 490.0 496.0 502.0 507.0 513.0 519.0 525.0 530.0 536.0 542.0 548.0 554.0 560.0 566.0 571.0 577.0 583.0 589.0 595.0 601.0 607.0 613.0 619.0 625.0 631.0 544.0
617.0 624.0 625.0 625.0 625.0 626.0 627.0 627.0 627.0 627.0 628.0 628.0 628.0 629.0 629.0 629.0 629.0 630.0 630.0 630.0 631.0 631.0 632.0 632.0 632.0 633.0 633.0 633.0 634.0 634.0 635.0 635.0 635.0 636.0 636.0 636.0 637.0 637.0 638.0 638.0 638.0 638.0 639.0 639.0 639.0 640.0 639.0 640.0 640.0 640.0 640.0 640.0 641.0 641.0 641.0 640.0 641.0 641.0 640.0 640.0 640.0 640.0 639.0 639.0 639.0 638.0 638.0 637.0 637.0 636.0 635.0 634.0 634.0 633.0 632.0 631.0 630.0 630.0 629.0 628.0 627.0 627.0 626.0 625.0 625.0 624.0 624.0 624.0 624.0 623.0 623.0 623.0 623.0 624.0 623.0 624.0 624.0 624.0 625.0 625.0 5.0 50.0 55.0 61.0 67.0 73.0 79.0 85.0 91.0 97.0 103.0 109.0 115.0 121.0 127.0 133.0 139.0 145.0 151.0 157.0 163.0 169.0 175.0 181.0 187.0 193.0 199.0 205.0 211.0 217.0 223.0 229.0 235.0 241.0 246.0 252.0 258.0 264.0 270.0 276.0 282.0 288.0 294.0 300.0 306.0 312.0 318.0 324.0 330.0 336.0 342.0 348.0 354.0 360.0 366.0 372.0 378.0 384.0 389.0 396.0 402.0 408.0 414.0 419.0 425.0 431.0 437.0 443.0 449.0 454.0 460.0 467.0 472.0 478.0 484.0 490.0 496.0 501.0 507.0 513.0 519.0 525.0 530.0 536.0 542.0 549.0 554.0 560.0 566.0 572.0 578.0 584.0 590.0 596.0 602.0 608.0 614.0 620.0 626.0 632.0 545.0
617.0 625.0 626.0 626.0 627.0 627.0 628.0 628.0 629.0 629.0 630.0 630.0 630.0 631.0 631.0 632.0 632.0 632.0 633.0 633.0 634.0 634.0 635.0 635.0 636.0 636.0 637.0 637.0 638.0 639.0 639.0 640.0 640.0 641.0 641.0 642.0 642.0 643.0 643.0 644.0 644.0 645.0 645.0 646.0 646.0 647.0 647.0 647.0 647.0 648.0 648.0 648.0 649.0 649.0 649.0 649.0 650.0 650.0 650.0 650.0 650.0 650.0 649.0 650.0 650.0 649.0 649.0 648.0 648.0 647.0 647.0 646.0 646.0 645.0 645.0 644.0 643.0 643.0 642.0 642.0 641.0 641.0 640.0 640.0 639.0 639.0 639.0 639.0 639.0 639.0 639.0 639.0 639.0 640.0 640.0 640.0 641.0 641.0 642.0 642.0 5.0 49.0 55.0 61.0 67.0 73.0 79.0 85.0 91.0 97.0 103.0 109.0 115.0 121.0 127.0 133.0 139.0 145.0 151.0 157.0 163.0 168.0 174.0 180.0 186.0 192.0 198.0 204.0 210.0 216.0 222.0 228.0 234.0 240.0 246.0 252.0 258.0 263.0 269.0 275.0 281.0 287.0 293.0 299.0 305.0 311.0 317.0 323.0 329.0 335.0 341.0 347.0 353.0 359.0 365.0 371.0 377.0 383.0 388.0 395.0 401.0 407.0 412.0 418.0 425.0 431.0 436.0 442.0 448.0 454.0 460.0 466.0 472.0 478.0 484.0 490.0 496.0 502.0 508.0 514.0 520.0 526.0 532.0 537.0 543.0 550.0 556.0 561.0 568.0 574.0 580.0 586.0 592.0 598.0 604.0 609.0 615.0 621.0 627.0 633.0 546.0
617.0 626.0 627.0 627.0 628.0 628.0 629.0 630.0 630.0 631.0 631.0 632.0 632.0 633.0 633.0 634.0 634.0 635.0 636.0 636.0 637.0 637.0 638.0 639.0 639.0 640.0 641.0 641.0 642.0 643.0 644.0 644.0 645.0 646.0 646.0 647.0 647.0 648.0 649.0 650.0 650.0 651.0 651.0 652.0 653.0 653.0 653.0 654.0 655.0 655.0 656.0 656.0 657.0 657.0 657.0 658.0 658.0 658.0 659.0 659.0 659.0 659.0 659.0 659.0 659.0 659.0 659.0 659.0 658.0 658.0 658.0 657.0 657.0 657.0 656.0 656.0 655.0 655.0 654.0 654.0 654.0 653.0 653.0 653.0 652.0 652.0 652.0 653.0 653.0 653.0 653.0 653.0 654.0 654.0 655.0 655.0 656.0 657.0 657.0 658.0 5.0 49.0 55.0 61.0 67.0 73.0 79.0 85.0 91.0 97.0 103.0 109.0 115.0 121.0 127.0 133.0 139.0 145.0 151.0 157.0 163.0 168.0 174.0 180.0 186.0 192.0 198.0 204.0 210.0 216.0 222.0 228.0 234.0 240.0 245.0 251.0 257.0 263.0 269.0 275.0 281.0 287.0 293.0 299.0 305.0 311.0 316.0 322.0 328.0 334.0 340.0 346.0 352.0 358.0 364.0 370.0 376.0 382.0 388.0 394.0 400.0 406.0 412.0 418.0 424.0 430.0 436.0 442.0 448.0 454.0 461.0 467.0 472.0 478.0 485.0 491.0 497.0 503.0 509.0 515.0 521.0 527.0 533.0 539.0 545.0 551.0 557.0 563.0 569.0 575.0 581.0 587.0 593.0 599.0 605.0 611.0 617.0 623.0 629.0 634.0 547.0
617.0 627.0 627.0 628.0 629.0 629.0 630.0 631.0 632.0 632.0 633.0 633.0 634.0 635.0 635.0 636.0 637.0 637.0 638.0 639.0 639.0 640.0 641.0 641.0 642.0 643.0 644.0 645.0 646.0 646.0 647.0 648.0 649.0 650.0 650.0 651.0 652.0 653.0 653.0 654.0 655.0 656.0 657.0 657.0 658.0 659.0 659.0 660.0 661.0 661.0 662.0 663.0 663.0 664.0 664.0 665.0 665.0 666.0 666.0 666.0 667.0 667.0 667.0 667.0 668.0 667.0 667.0 668.0 667.0 667.0 667.0 667.0 666.0 666.0 666.0 666.0 665.0 665.0 665.0 664.0 664.0 664.0 664.0 664.0 664.0 664.0 664.0 664.0 664.0 665.0 665.0 666.0 666.0 667.0 667.0 668.0 669.0 670.0 671.0 672.0 5.0 50.0 56.0 62.0 68.0 74.0 80.0 86.0 91.0 97.0 103.0 109.0 115.0 121.0 127.0 133.0 139.0 145.0 151.0 157.0 163.0 168.0 174.0 180.0 186.0 192.0 198.0 204.0 210.0 216.0 222.0 228.0 234.0 239.0 245.0 251.0 257.0 263.0 269.0 275.0 281.0 287.0 293.0 299.0 304.0 310.0 316.0 322.0 328.0 334.0 340.0 346.0 352.0 358.0 364.0 370.0 375.0 381.0 387.0 393.0 399.0 405.0 412.0 418.0 424.0 430.0 436.0 442.0 448.0 454.0 460.0 466.0 472.0 479.0 485.0 491.0 497.0 503.0 509.0 515.0 521.0 527.0 534.0 539.0 545.0 552.0 558.0 564.0 570.0 576.0 582.0 588.0 594.0 600.0 606.0 611.0 617.0 623.0 629.0 635.0 548.0
617.0 627.0 628.0 629.0 629.0 630.0 631.0 632.0 633.0 633.0 634.0 634.0 635.0 636.0 637.0 637.0 638.0 639.0 640.0 640.0 641.0 642.0 643.0 644.0 645.0 645.0 646.0 647.0 648.0 649.0 650.0 651.0 652.0 653.0 654.0 654.0 655.0 656.0 657.0 658.0 659.0 660.0 661.0 661.0 662.0 663.0 664.0 665.0 665.0 666.0 667.0 668.0 668.0 669.0 669.0 670.0 670.0 671.0 672.0 672.0 672.0 673.0 673.0 673.0 674.0 674.0 674.0 674.0 674.0 674.0 674.0 674.0 674.0 674.0 674.0 673.0 673.0 673.0 673.0 673.0 673.0 672.0 672.0 672.0 672.0 672.0 673.0 673.0 674.0 674.0 674.0 675.0 676.0 677.0 677.0 678.0 679.0 680.0 681.0 682.0 5.0 50.0 55.0 61.0 67.0 73.0 79.0 85.0 91.0 97.0 103.0 109.0 115.0 121.0 127.0 133.0 139.0 145.0 151.0 156.0 162.0 168.0 174.0 180.0 186.0 192.0 198.0 204.0 210.0 216.0 221.0 227.0 233.0 239.0 245.0 251.0 257.0 262.0 268.0 274.0 280.0 286.0 292.0 298.0 304.0 309.0 315.0 321.0 327.0 333.0 339.0 345.0 351.0 357.0 363.0 369.0 375.0 381.0 387.0 393.0 399.0 405.0 411.0 417.0 423.0 429.0 435.0 442.0 448.0 454.0 460.0 466.0 472.0 478.0 485.0 491.0 497.0 503.0 509.0 515.0 521.0 528.0 534.0 540.0 546.0 552.0 558.0 564.0 570.0 576.0 582.0 588.0 594.0 600.0 606.0 612.0 618.0 623.0 629.0 635.0 549.0
617.0 627.0 628.0 629.0 630.0 631.0 632.0 633.0 633.0 634.0 634.0 635.0 636.0 637.0 638.0 639.0 639.0 640.0 641.0 642.0 642.0 643.0 644.0 645.0 646.0 647.0 648.0 649.0 650.0 651.0 652.0 653.0 654.0 655.0 656.0 657.0 658.0 658.0 660.0 660.0 661.0 662.0 663.0 664.0 665.0 666.0 667.0 667.0 668.0 669.0 670.0 671.0 672.0 672.0 673.0 674.0 674.0 675.0 675.0 676.0 676.0 677.0 677.0 678.0 678.0 678.0 679.0 679.0 679.0 679.0 679.0 679.0 679.0 679.0 678.0 678.0 678.0 678.0 678.0 678.0 678.0 678.0 678.0 678.0 678.0 678.0 679.0 679.0 679.0 680.0 680.0 681.0 682.0 683.0 684.0 685.0 686.0 687.0 688.0 689.0 5.0 49.0 55.0 61.0 67.0 73.0 79.0 85.0 91.0 97.0 103.0 109.0 115.0 121.0 127.0 133.0 138.0 144.0 150.0 156.0 162.0 168.0 174.0 180.0 186.0 192.0 198.0 203.0 209.0 215.0 221.0 227.0 233.0 239.0 245.0 251.0 257.0 262.0 268.0 274.0 280.0 286.0 292.0 298.0 304.0 309.0 315.0 321.0 327.0 333.0 339.0 345.0 351.0 357.0 363.0 369.0 375.0 381.0 387.0 393.0 399.0 405.0 411.0 417.0 423.0 429.0 436.0 442.0 448.0 454.0 460.0 466.0 472.0 479.0 485.0 491.0 497.0 503.0 510.0 516.0 522.0 528.0 534.0 541.0 547.0 553.0 559.0 565.0 571.0 577.0 583.0 589.0 595.0 601.0 607.0 612.0 618.0 624.0 630.0 636.0 550.0
617.0 627.0 628.0 629.0 630.0 631.0 632.0 633.0 634.0 634.0 635.0 636.0 636.0 637.0 638.0 639.0 640.0 641.0 641.0 642.0 643.0 644.0 645.0 646.0 647.0 648.0 649.0 650.0 651.0 652.0 653.0 654.0 655.0 656.0 657.0 658.0 659.0 660.0 661.0 661.0 663.0 663.0 664.0 665.0 666.0 667.0 668.0 669.0 670.0 671.0 671.0 672.0 673.0 674.0 674.0 675.0 676.0 676.0 677.0 678.0 678.0 679.0 679.0 679.0 680.0 680.0 680.0 681.0 680.0 681.0 681.0 681.0 681.0 681.0 681.0 681.0 680.0 681.0 680.0 680.0 680.0 680.0 680.0 680.0 680.0 681.0 681.0 682.0 682.0 683.0 683.0 684.0 685.0 686.0 686.0 687.0 688.0 689.0 690.0 692.0 5.0 49.0 55.0 61.0 67.0 73.0 79.0 85.0 91.0 96.0 102.0 108.0 114.0 120.0 126.0 132.0 138.0 144.0 150.0 156.0 162.0 168.0 174.0 180.0 186.0 192.0 198.0 203.0 209.0 215.0 221.0 227.0 233.0 238.0 244.0 250.0 256.0 262.0 268.0 274.0 280.0 285.0 291.0 297.0 303.0 309.0 315.0 321.0 327.0 333.0 339.0 345.0 351.0 357.0 363.0 369.0 374.0 380.0 386.0 392.0 398.0 404.0 410.0 417.0 423.0 429.0 435.0 441.0 447.0 454.0 460.0 466.0 472.0 478.0 484.0 491.0 497.0 503.0 509.0 516.0 522.0 528.0 534.0 540.0 546.0 553.0 559.0 565.0 571.0 577.0 583.0 589.0 595.0 601.0 607.0 613.0 618.0 624.0 630.0 636.0 551.0
617.0 628.0 628.0 629.0 630.0 631.0 632.0 633.0 634.0 634.0 635.0 636.0 637.0 637.0 638.0 639.0 640.0 641.0 641.0 642.0 643.0 644.0 645.0 646.0 647.0 648.0 649.0 650.0 651.0 652.0 653.0 654.0 655.0 655.0 657.0 657.0 658.0 659.0 660.0 661.0 662.0 663.0 664.0 665.0 666.0 667.0 668.0 669.0 669.0 670.0 671.0 672.0 673.0 673.0 674.0 675.0 675.0 676.0 677.0 677.0 677.0 678.0 678.0 679.0 679.0 679.0 680.0 680.0 680.0 680.0 680.0 680.0 680.0 680.0 680.0 680.0 680.0 680.0 679.0 679.0 679.0 679.0 679.0 679.0 679.0 680.0 680.0 681.0 681.0 682.0 682.0 683.0 684.0 685.0 685.0 686.0 687.0 688.0 689.0 691.0 5.0 49.0 55.0 61.0 67.0 73.0 78.0 84.0 90.0 96.0 102.0 108.0 114.0 120.0 126.0 132.0 138.0 144.0 150.0 156.0 162.0 168.0 174.0 179.0 185.0 191.0 197.0 203.0 209.0 215.0 221.0 227.0 232.0 238.0 244.0 250.0 256.0 262.0 268.0 274.0 280.0 285.0 291.0 297.0 303.0 309.0 315.0 321.0 327.0 333.0 339.0 345.0 351.0 357.0 363.0 369.0 375.0 381.0 387.0 393.0 399.0 405.0 411.0 417.0 423.0 429.0 435.0 441.0 448.0 454.0 460.0 466.0 473.0 479.0 485.0 491.0 497.0 504.0 510.0 516.0 522.0 528.0 535.0 541.0 547.0 553.0 559.0 565.0 571.0 577.0 583.0 589.0 595.0 601.0 607.0 613.0 619.0 625.0 631.0 636.0 552.0
617.0 627.0 628.0 629.0 630.0 631.0 632.0 633.0 633.0 634.0 635.0 635.0 636.0 637.0 637.0 638.0 639.0 640.0 641.0 642.0 642.0 643.0 644.0 645.0 646.0 647.0 648.0 649.0 650.0 651.0 651.0 652.0 653.0 654.0 655.0 656.0 657.0 658.0 659.0 659.0 660.0 661.0 662.0 663.0 664.0 665.0 665.0 666.0 667.0 668.0 669.0 670.0 670.0 671.0 671.0 672.0 672.0 673.0 674.0 674.0 675.0 675.0 675.0 676.0 676.0 676.0 677.0 677.0 676.0 676.0 676.0 676.0 676.0 676.0 676.0 676.0 676.0 676.0 675.0 675.0 675.0 675.0 675.0 675.0 675.0 675.0 675.0 676.0 676.0 677.0 677.0 678.0 678.0 679.0 680.0 681.0 682.0 683.0 684.0 685.0 5.0 49.0 55.0 61.0 67.0 73.0 78.0 84.0 90.0 96.0 102.0 108.0 114.0 120.0 126.0 132.0 138.0 144.0 150.0 156.0 162.0 168.0 174.0 179.0 185.0 191.0 197.0 203.0 209.0 215.0 221.0 227.0 232.0 238.0 244.0 250.0 256.0 262.0 268.0 274.0 279.0 285.0 291.0 297.0 303.0 309.0 315.0 321.0 327.0 333.0 339.0 345.0 351.0 357.0 363.0 369.0 375.0 381.0 387.0 393.0 399.0 405.0 411.0 417.0 423.0 429.0 436.0 442.0 448.0 454.0 460.0 466.0 472.0 479.0 485.0 491.0 497.0 504.0 510.0 516.0 522.0 528.0 534.0 540.0 546.0 552.0 559.0 565.0 571.0 577.0 583.0 589.0 595.0 601.0 607.0 613.0 619.0 624.0 630.0 636.0 553.0
617.0 627.0 628.0 629.0 630.0 630.0 631.0 632.0 633.0 633.0 634.0 634.0 635.0 635.0 636.0 637.0 638.0 639.0 639.0 640.0 641.0 642.0 643.0 643.0 644.0 645.0 646.0 647.0 648.0 648.0 649.0 650.0 651.0 652.0 652.0 653.0 654.0 655.0 656.0 656.0 657.0 658.0 659.0 660.0 660.0 661.0 662.0 663.0 664.0 664.0 665.0 665.0 666.0 667.0 667.0 668.0 668.0 669.0 669.0 669.0 670.0 670.0 670.0 671.0 671.0 671.0 671.0 671.0 670.0 670.0 670.0 670.0 670.0 670.0 669.0 669.0 669.0 669.0 668.0 668.0 668.0 668.0 667.0 667.0 667.0 668.0 667.0 668.0 668.0 668.0 669.0 669.0 670.0 671.0 671.0 672.0 673.0 674.0 674.0 675.0 5.0 49.0 55.0 61.0 67.0 73.0 79.0 85.0 91.0 97.0 103.0 109.0 115.0 120.0 126.0 132.0 138.0 144.0 150.0 156.0 162.0 168.0 174.0 180.0 186.0 191.0 197.0 203.0 209.0 215.0 221.0 227.0 233.0 239.0 245.0 250.0 256.0 262.0 268.0 274.0 280.0 286.0 292.0 298.0 304.0 310.0 315.0 321.0 327.0 333.0 339.0 345.0 351.0 357.0 363.0 369.0 375.0 381.0 387.0 393.0 399.0 405.0 411.0 418.0 424.0 430.0 436.0 442.0 448.0 454.0 460.0 466.0 473.0 479.0 485.0 491.0 497.0 503.0 509.0 515.0 522.0 528.0 534.0 540.0 546.0 552.0 558.0 564.0 570.0 576.0 582.0 588.0 594.0 600.0 606.0 612.0 618.0 624.0 630.0 636.0 554.0
617.0 626.0 627.0 628.0 629.0 630.0 630.0 631.0 631.0 632.0 633.0 633.0 634.0 634.0 635.0 636.0 636.0 637.0 638.0 638.0 639.0 640.0 640.0 641.0 642.0 643.0 643.0 644.0 645.0 646.0 646.0 647.0 647.0 648.0 649.0 650.0 651.0 651.0 652.0 652.0 653.0 654.0 655.0 655.0 656.0 657.0 657.0 658.0 659.0 659.0 660.0 660.0 660.0 661.0 661.0 662.0 662.0 662.0 663.0 663.0 663.0 663.0 663.0 664.0 664.0 664.0 663.0 663.0 663.0 663.0 662.0 662.0 662.0 661.0 661.0 661.0 660.0 660.0 659.0 659.0 659.0 659.0 658.0 658.0 658.0 658.0 657.0 658.0 658.0 658.0 658.0 659.0 659.0 660.0 660.0 661.0 662.0 662.0 663.0 664.0 5.0 50.0 55.0 61.0 67.0 73.0 79.0 85.0 91.0 97.0 103.0 109.0 115.0 121.0 127.0 133.0 139.0 145.0 151.0 156.0 162.0 168.0 174.0 180.0 186.0 192.0 198.0 204.0 210.0 215.0 221.0 227.0 233.0 239.0 245.0 251.0 257.0 263.0 269.0 275.0 281.0 286.0 292.0 298.0 304.0 310.0 316.0 322.0 328.0 334.0 340.0 346.0 352.0 358.0 364.0 370.0 376.0 382.0 388.0 394.0 400.0 406.0 412.0 419.0 425.0 431.0 437.0 443.0 449.0 455.0 461.0 467.0 473.0 479.0 485.0 491.0 497.0 503.0 509.0 515.0 521.0 527.0 534.0 540.0 546.0 552.0 558.0 564.0 570.0 576.0 582.0 588.0 594.0 600.0 606.0 612.0 618.0 624.0 630.0 636.0 555.0
617.0 626.0 627.0 627.0 628.0 628.0 629.0 630.0 630.0 631.0 631.0 632.0 632.0 632.0 633.0 634.0 634.0 635.0 635.0 636.0 636.0 637.0 638.0 638.0 639.0 639.0 640.0 641.0 641.0 642.0 642.0 643.0 643.0 644.0 645.0 645.0 646.0 647.0 647.0 648.0 648.0 649.0 649.0 650.0 651.0 651.0 651.0 652.0 652.0 653.0 653.0 654.0 654.0 654.0 654.0 655.0 655.0 655.0 655.0 655.0 655.0 655.0 655.0 655.0 655.0 655.0 654.0 654.0 654.0 653.0 653.0 652.0 652.0 651.0 651.0 650.0 650.0 649.0 648.0 648.0 647.0 647.0 647.0 646.0 646.0 646.0 645.0 645.0 645.0 645.0 646.0 646.0 646.0 646.0 647.0 647.0 648.0 648.0 649.0 649.0 5.0 49.0 55.0 61.0 67.0 73.0 79.0 85.0 91.0 97.0 103.0 109.0 115.0 121.0 127.0 133.0 139.0 145.0 151.0 156.0 162.0 168.0 174.0 180.0 186.0 192.0 198.0 204.0 210.0 216.0 222.0 228.0 233.0 239.0 245.0 251.0 257.0 263.0 269.0 275.0 281.0 287.0 293.0 299.0 305.0 311.0 316.0 323.0 329.0 335.0 341.0 347.0 353.0 359.0 365.0 371.0 377.0 383.0 389.0 395.0 401.0 407.0 413.0 419.0 425.0 431.0 437.0 443.0 449.0 455.0 461.0 467.0 473.0 479.0 485.0 491.0 497.0 503.0 509.0 515.0 521.0 526.0 533.0 539.0 545.0 551.0 557.0 563.0 568.0 574.0 580.0 586.0 592.0 598.0 604.0 610.0 616.0 622.0 628.0 634.0 556.0
617.0 625.0 626.0 626.0 627.0 627.0 628.0 628.0 629.0 629.0 630.0 630.0 630.0 630.0 631.0 631.0 632.0 632.0 633.0 633.0 633.0 634.0 634.0 635.0 636.0 636.0 636.0 637.0 637.0 638.0 638.0 639.0 639.0 640.0 640.0 640.0 641.0 641.0 642.0 642.0 643.0 643.0 643.0 644.0 644.0 644.0 645.0 645.0 645.0 645.0 646.0 646.0 646.0 646.0 646.0 647.0 646.0 646.0 646.0 646.0 646.0 646.0 646.0 646.0 645.0 645.0 644.0 644.0 643.0 643.0 642.0 641.0 641.0 640.0 639.0 639.0 638.0 637.0 636.0 636.0 635.0 634.0 634.0 634.0 633.0 633.0 632.0 632.0 632.0 632.0 632.0 631.0 632.0 632.0 632.0 632.0 632.0 633.0 633.0 634.0 5.0 50.0 55.0 61.0 67.0 73.0 79.0 85.0 91.0 97.0 103.0 109.0 115.0 121.0 127.0 133.0 139.0 145.0 151.0 157.0 163.0 169.0 175.0 180.0 186.0 192.0 198.0 204.0 210.0 216.0 222.0 228.0 234.0 240.0 246.0 252.0 258.0 264.0 270.0 276.0 282.0 287.0 293.0 299.0 305.0 311.0 317.0 323.0 329.0 335.0 341.0 347.0 353.0 359.0 365.0 371.0 377.0 383.0 389.0 395.0 401.0 407.0 413.0 419.0 425.0 431.0 437.0 443.0 449.0 454.0 460.0 466.0 472.0 478.0 483.0 489.0 495.0 501.0 507.0 513.0 518.0 524.0 530.0 536.0 542.0 548.0 554.0 560.0 566.0 571.0 577.0 583.0 589.0 595.0 601.0 607.0 613.0 619.0 625.0 631.0 557.0
617.0 624.0 625.0 625.0 626.0 626.0 626.0 627.0 627.0 628.0 628.0 628.0 628.0 628.0 629.0 629.0 630.0 630.0 630.0 630.0 631.0 631.0 631.0 632.0 632.0 632.0 633.0 633.0 633.0 633.0 634.0 634.0 634.0 635.0 635.0 635.0 636.0 636.0 636.0 636.0 637.0 637.0 637.0 637.0 637.0 638.0 638.0 638.0 638.0 638.0 638.0 638.0 638.0 638.0 638.0 638.0 638.0 638.0 637.0 637.0 637.0 636.0 636.0 636.0 635.0 635.0 634.0 633.0 632.0 632.0 631.0 630.0 629.0 628.0 627.0 626.0 625.0 625.0 623.0 623.0 621.0 621.0 620.0 619.0 619.0 618.0 617.0 617.0 617.0 616.0 616.0 616.0 616.0 616.0 616.0 616.0 616.0 617.0 617.0 617.0 5.0 50.0 55.0 61.0 67.0 73.0 79.0 85.0 91.0 97.0 103.0 109.0 115.0 121.0 127.0 133.0 139.0 145.0 151.0 157.0 163.0 169.0 175.0 181.0 187.0 193.0 199.0 205.0 211.0 217.0 223.0 229.0 235.0 241.0 246.0 252.0 258.0 264.0 270.0 276.0 282.0 288.0 294.0 300.0 306.0 312.0 318.0 324.0 330.0 336.0 342.0 348.0 354.0 360.0 366.0 372.0 378.0 384.0 390.0 396.0 401.0 407.0 413.0 419.0 425.0 431.0 437.0 442.0 448.0 454.0 460.0 465.0 471.0 477.0 483.0 488.0 494.0 500.0 506.0 511.0 517.0 523.0 529.0 534.0 540.0 546.0 552.0 558.0 564.0 569.0 575.0 581.0 587.0 593.0 599.0 605.0 611.0 617.0 623.0 628.0 558.0
617.0 623.0 624.0 624.0 625.0 625.0 625.0 625.0 626.0 626.0 626.0 626.0 626.0 627.0 627.0 627.0 627.0 627.0 627.0 628.0 628.0 628.0 628.0 628.0 628.0 629.0 629.0 629.0 629.0 629.0 630.0 630.0 630.0 630.0 630.0 630.0 630.0 631.0 631.0 631.0 631.0 631.0 631.0 631.0 631.0 631.0 631.0 631.0 631.0 631.0 631.0 631.0 630.0 630.0 630.0 630.0 630.0 629.0 628.0 628.0 628.0 627.0 626.0 626.0 625.0 624.0 624.0 623.0 621.0 621.0 620.0 618.0 617.0 616.0 615.0 614.0 613.0 612.0 610.0 609.0 608.0 607.0 606.0 605.0 605.0 604.0 603.0 602.0 602.0 602.0 601.0 601.0 601.0 601.0 601.0 601.0 601.0 601.0 601.0 601.0 5.0 50.0 55.0 61.0 67.0 73.0 79.0 85.0 91.0 97.0 103.0 109.0 115.0 121.0 127.0 134.0 139.0 145.0 151.0 157.0 163.0 170.0 176.0 182.0 188.0 194.0 200.0 206.0 212.0 218.0 224.0 230.0 236.0 242.0 248.0 253.0 259.0 266.0 272.0 278.0 284.0 290.0 296.0 301.0 307.0 313.0 319.0 325.0 331.0 337.0 343.0 350.0 355.0 361.0 367.0 373.0 379.0 385.0 391.0 397.0 402.0 408.0 414.0 420.0 426.0 432.0 437.0 443.0 449.0 454.0 460.0 466.0 471.0 477.0 483.0 489.0 494.0 500.0 505.0 511.0 517.0 522.0 528.0 534.0 540.0 546.0 551.0 557.0 563.0 569.0 575.0 580.0 586.0 592.0 598.0 604.0 610.0 616.0 622.0 628.0 559.0
617.0 622.0 623.0 624.0 624.0 624.0 624.0 624.0 624.0 624.0 625.0 625.0 625.0 625.0 625.0 625.0 625.0 625.0 625.0 625.0 625.0 625.0 625.0 625.0 625.0 625.0 625.0 625.0 626.0 626.0 625.0 626.0 626.0 626.0 626.0 626.0 625.0 626.0 626.0 626.0 625.0 625.0 625.0 625.0 625.0 625.0 625.0 625.0 624.0 624.0 624.0 624.0 623.0 623.0 623.0 622.0 622.0 621.0 620.0 620.0 619.0 618.0 617.0 617.0 616.0 615.0 614.0 613.0 611.0 610.0 609.0 608.0 606.0 605.0 604.0 603.0 601.0 600.0 599.0 597.0 596.0 595.0 594.0 593.0 592.0 591.0 590.0 589.0 589.0 588.0 588.0 587.0 588.0 587.0 587.0 587.0 587.0 586.0 587.0 586.0 5.0 51.0 57.0 63.0 69.0 75.0 81.0 87.0 93.0 99.0 105.0 111.0 117.0 123.0 129.0 135.0 141.0 147.0 153.0 159.0 165.0 171.0 177.0 183.0 189.0 196.0 202.0 208.0 214.0 220.0 226.0 232.0 237.0 243.0 249.0 255.0 261.0 268.0 274.0 280.0 286.0 292.0 298.0 304.0 310.0 316.0 322.0 327.0 333.0 339.0 345.0 351.0 357.0 363.0 369.0 375.0 381.0 387.0 393.0 399.0 404.0 410.0 416.0 422.0 427.0 433.0 439.0 445.0 450.0 456.0 461.0 467.0 473.0 478.0 484.0 490.0 495.0 501.0 506.0 512.0 517.0 523.0 529.0 534.0 540.0 546.0 552.0 558.0 564.0 569.0 575.0 581.0 587.0 593.0 599.0 605.0 611.0 617.0 623.0 629.0 560.0
617.0 622.0 623.0 623.0 623.0 623.0 623.0 623.0 623.0 623.0 623.0 623.0 623.0 623.0 623.0 623.0 623.0 623.0 623.0 623.0 623.0 623.0 623.0 623.0 623.0 623.0 622.0 622.0 622.0 622.0 622.0 622.0 622.0 622.0 622.0 622.0 621.0 621.0 621.0 621.0 621.0 621.0 621.0 620.0 620.0 620.0 619.0 619.0 619.0 618.0 618.0 618.0 617.0 617.0 616.0 615.0 615.0 614.0 613.0 613.0 612.0 611.0 610.0 609.0 608.0 607.0 605.0 604.0 603.0 601.0 600.0 599.0 597.0 596.0 595.0 593.0 592.0 590.0 589.0 587.0 586.0 585.0 583.0 582.0 581.0 581.0 579.0 579.0 578.0 577.0 577.0 576.0 576.0 576.0 575.0 575.0 575.0 575.0 574.0 574.0 5.0 51.0 57.0 63.0 69.0 75.0 81.0 87.0 93.0 99.0 105.0 111.0 117.0 123.0 130.0 136.0 142.0 148.0 154.0 160.0 166.0 172.0 178.0 184.0 190.0 196.0 202.0 208.0 215.0 221.0 227.0 233.0 239.0 245.0 251.0 257.0 263.0 269.0 275.0 281.0 287.0 293.0 299.0 305.0 311.0 317.0 323.0 329.0 335.0 341.0 347.0 353.0 359.0 365.0 371.0 377.0 382.0 388.0 394.0 400.0 406.0 412.0 417.0 423.0 429.0 434.0 440.0 446.0 451.0 457.0 462.0 468.0 474.0 479.0 485.0 491.0 496.0 502.0 507.0 513.0 518.0 524.0 530.0 536.0 541.0 547.0 553.0 559.0 565.0 571.0 577.0 582.0 588.0 594.0 600.0 606.0 612.0 618.0 624.0 630.0 561.0
617.0 622.0 622.0 622.0 622.0 622.0 623.0 622.0 622.0 622.0 622.0 622.0 622.0 622.0 622.0 622.0 621.0 621.0 621.0 621.0 621.0 621.0 621.0 621.0 621.0 620.0 620.0 620.0 620.0 620.0 620.0 619.0 619.0 619.0 619.0 619.0 619.0 618.0 618.0 618.0 618.0 617.0 617.0 617.0 616.0 616.0 616.0 615.0 615.0 614.0 614.0 613.0 613.0 612.0 612.0 611.0 610.0 609.0 608.0 608.0 607.0 606.0 604.0 604.0 602.0 601.0 600.0 598.0 597.0 595.0 594.0 593.0 591.0 589.0 588.0 586.0 585.0 583.0 582.0 580.0 579.0 577.0 576.0 575.0 574.0 573.0 572.0 571.0 570.0 570.0 569.0 568.0 568.0 567.0 567.0 567.0 566.0 566.0 566.0 565.0 5.0 51.0 57.0 63.0 69.0 75.0 81.0 87.0 93.0 99.0 106.0 112.0 118.0 124.0 130.0 136.0 142.0 148.0 154.0 160.0 166.0 173.0 179.0 185.0 191.0 197.0 203.0 209.0 215.0 221.0 227.0 233.0 239.0 245.0 251.0 257.0 263.0 270.0 276.0 282.0 288.0 294.0 300.0 306.0 312.0 318.0 324.0 329.0 335.0 341.0 347.0 353.0 359.0 365.0 371.0 377.0 383.0 389.0 395.0 400.0 406.0 412.0 418.0 423.0 429.0 435.0 440.0 446.0 452.0 457.0 463.0 468.0 474.0 480.0 485.0 491.0 496.0 502.0 507.0 513.0 518.0 524.0 529.0 535.0 541.0 547.0 553.0 559.0 564.0 570.0 576.0 582.0 588.0 594.0 600.0 606.0 612.0 618.0 624.0 630.0 562.0
617.0 622.0 622.0 622.0 622.0 622.0 622.0 622.0 622.0 622.0 622.0 622.0 621.0 621.0 621.0 621.0 620.0 620.0 620.0 620.0 620.0 620.0 620.0 620.0 619.0 619.0 619.0 619.0 618.0 618.0 618.0 618.0 618.0 618.0 617.0 617.0 617.0 616.0 616.0 616.0 616.0 615.0 615.0 615.0 614.0 614.0 613.0 613.0 613.0 612.0 611.0 611.0 610.0 609.0 609.0 608.0 607.0 606.0 605.0 604.0 604.0 602.0 601.0 600.0 599.0 598.0 596.0 595.0 593.0 592.0 590.0 589.0 587.0 585.0 584.0 582.0 581.0 579.0 578.0 576.0 574.0 573.0 572.0 571.0 569.0 568.0 567.0 566.0 566.0 565.0 564.0 564.0 563.0 563.0 562.0 562.0 561.0 561.0 561.0 560.0 5.0 51.0 57.0 63.0 69.0 75.0 81.0 87.0 94.0 100.0 106.0 112.0 118.0 124.0 130.0 136.0 142.0 149.0 155.0 161.0 167.0 173.0 179.0 185.0 191.0 197.0 203.0 209.0 216.0 222.0 228.0 234.0 240.0 246.0 252.0 258.0 264.0 270.0 276.0 282.0 288.0 294.0 300.0 306.0 312.0 318.0 324.0 330.0 336.0 342.0 348.0 354.0 360.0 366.0 372.0 378.0 384.0 389.0 395.0 401.0 407.0 413.0 418.0 424.0 430.0 436.0 441.0 447.0 452.0 458.0 463.0 469.0 474.0 480.0 485.0 491.0 497.0 502.0 508.0 513.0 519.0 525.0 530.0 536.0 542.0 547.0 553.0 559.0 565.0 571.0 577.0 583.0 589.0 595.0 601.0 607.0 612.0 618.0 625.0 631.0 563.0
617.0 621.0 622.0 622.0 622.0 622.0 622.0 622.0 622.0 621.0 621.0 621.0 621.0 621.0 621.0 621.0 620.0 620.0 620.0 620.0 620.0 620.0 619.0 619.0 619.0 619.0 619.0 618.0 618.0 618.0 618.0 618.0 617.0 617.0 617.0 617.0 616.0 616.0 616.0 615.0 615.0 615.0 614.0 614.0 613.0 613.0 613.0 612.0 612.0 611.0 610.0 610.0 610.0 609.0 608.0 607.0 606.0 606.0 605.0 604.0 603.0 602.0 601.0 599.0 598.0 597.0 595.0 594.0 593.0 591.0 590.0 588.0 586.0 585.0 583.0 582.0 580.0 578.0 577.0 575.0 574.0 572.0 571.0 570.0 568.0 567.0 566.0 565.0 564.0 564.0 563.0 563.0 562.0 562.0 561.0 561.0 560.0 560.0 560.0 559.0 5.0 51.0 57.0 63.0 69.0 75.0 81.0 87.0 93.0 100.0 106.0 112.0 118.0 124.0 130.0 136.0 142.0 148.0 154.0 160.0 166.0 173.0 179.0 185.0 191.0 197.0 203.0 209.0 215.0 221.0 227.0 234.0 240.0 246.0 252.0 258.0 264.0 270.0 276.0 282.0 288.0 294.0 300.0 306.0 312.0 318.0 324.0 330.0 336.0 342.0 348.0 354.0 360.0 366.0 371.0 377.0 383.0 389.0 395.0 400.0 406.0 412.0 418.0 423.0 429.0 435.0 440.0 446.0 452.0 457.0 463.0 468.0 474.0 479.0 485.0 490.0 496.0 501.0 507.0 512.0 518.0 524.0 529.0 535.0 541.0 546.0 552.0 558.0 564.0 570.0 576.0 581.0 587.0 593.0 599.0 605.0 611.0 617.0 623.0 629.0 564.0
617.0 622.0 622.0 622.0 622.0 622.0 622.0 622.0 622.0 622.0 622.0 622.0 621.0 621.0 621.0 621.0 620.0 620.0 620.0 620.0 620.0 620.0 619.0 619.0 619.0 619.0 619.0 619.0 619.0 619.0 619.0 618.0 618.0 618.0 617.0 617.0 617.0 617.0 617.0 616.0 616.0 615.0 615.0 615.0 615.0 614.0 614.0 613.0 613.0 612.0 612.0 611.0 611.0 610.0 609.0 608.0 608.0 607.0 606.0 605.0 604.0 603.0 602.0 601.0 600.0 598.0 597.0 596.0 594.0 593.0 591.0 590.0 588.0 586.0 585.0 584.0 582.0 580.0 579.0 577.0 576.0 574.0 573.0 571.0 570.0 569.0 568.0 567.0 567.0 566.0 566.0 565.0 565.0 564.0 564.0 563.0 563.0 563.0 562.0 562.0 5.0 52.0 58.0 64.0 70.0 76.0 82.0 88.0 94.0 100.0 106.0 112.0 118.0 124.0 130.0 136.0 143.0 149.0 155.0 161.0 167.0 173.0 179.0 185.0 191.0 197.0 203.0 209.0 215.0 221.0 227.0 234.0 240.0 246.0 252.0 258.0 264.0 270.0 276.0 282.0 288.0 294.0 300.0 306.0 312.0 318.0 324.0 330.0 336.0 342.0 348.0 354.0 360.0 366.0 371.0 377.0 383.0 389.0 395.0 400.0 406.0 412.0 418.0 423.0 429.0 435.0 440.0 446.0 451.0 457.0 462.0 468.0 473.0 479.0 485.0 490.0 496.0 501.0 507.0 512.0 518.0 523.0 529.0 534.0 540.0 546.0 552.0 557.0 563.0 569.0 575.0 581.0 587.0 593.0 599.0 605.0 610.0 616.0 623.0 629.0 565.0
617.0 622.0 622.0 622.0 622.0 622.0 622.0 622.0 622.0 622.0 622.0 622.0 622.0 622.0 621.0 621.0 621.0 621.0 621.0 621.0 621.0 621.0 620.0 620.0 620.0 620.0 620.0 620.0 620.0 620.0 620.0 620.0 620.0 620.0 619.0 619.0 619.0 619.0 618.0 618.0 618.0 618.0 618.0 617.0 617.0 617.0 616.0 616.0 616.0 615.0 614.0 614.0 613.0 613.0 612.0 612.0 611.0 610.0 609.0 609.0 608.0 607.0 606.0 605.0 604.0 603.0 601.0 600.0 598.0 597.0 596.0 594.0 593.0 591.0 589.0 588.0 586.0 585.0 584.0 582.0 580.0 579.0 578.0 577.0 576.0 575.0 574.0 573.0 572.0 571.0 571.0 571.0 570.0 570.0 569.0 569.0 569.0 569.0 568.0 568.0 5.0 52.0 58.0 64.0 70.0 76.0 82.0 88.0 94.0 100.0 106.0 112.0 118.0 124.0 130.0 136.0 142.0 149.0 155.0 161.0 167.0 173.0 179.0 185.0 191.0 197.0 203.0 209.0 215.0 221.0 227.0 233.0 239.0 246.0 252.0 258.0 264.0 270.0 276.0 282.0 288.0 294.0 300.0 306.0 312.0 318.0 324.0 330.0 336.0 342.0 348.0 353.0 359.0 365.0 371.0 377.0 383.0 389.0 395.0 400.0 406.0 412.0 418.0 423.0 429.0 435.0 440.0 446.0 451.0 457.0 462.0 468.0 473.0 479.0 484.0 490.0 495.0 501.0 506.0 512.0 517.0 523.0 529.0 534.0 540.0 546.0 552.0 557.0 563.0 569.0 575.0 581.0 586.0 592.0 598.0 604.0 610.0 616.0 622.0 628.0 566.0
617.0 622.0 622.0 623.0 623.0 623.0 623.0 623.0 623.0 623.0 623.0 623.0 623.0 623.0 623.0 622.0 623.0 623.0 623.0 623.0 622.0 622.0 622.0 622.0 622.0 622.0 622.0 622.0 623.0 623.0 623.0 622.0 622.0 622.0 622.0 622.0 622.0 622.0 622.0 621.0 621.0 621.0 621.0 621.0 621.0 620.0 620.0 620.0 620.0 619.0 619.0 619.0 618.0 618.0 617.0 617.0 616.0 616.0 615.0 614.0 613.0 612.0 612.0 611.0 610.0 609.0 608.0 607.0 605.0 604.0 603.0 601.0 600.0 598.0 597.0 596.0 594.0 593.0 591.0 590.0 588.0 587.0 586.0 585.0 584.0 583.0 582.0 581.0 581.0 580.0 580.0 580.0 579.0 579.0 579.0 579.0 579.0 578.0 578.0 578.0 5.0 52.0 58.0 64.0 70.0 76.0 81.0 87.0 93.0 99.0 105.0 111.0 117.0 123.0 130.0 136.0 142.0 148.0 154.0 160.0 166.0 172.0 178.0 184.0 190.0 196.0 202.0 208.0 214.0 220.0 226.0 232.0 238.0 245.0 251.0 257.0 263.0 269.0 275.0 281.0 287.0 293.0 299.0 305.0 311.0 317.0 323.0 329.0 335.0 341.0 347.0 352.0 358.0 364.0 370.0 376.0 382.0 388.0 393.0 399.0 405.0 411.0 416.0 422.0 428.0 434.0 439.0 445.0 451.0 456.0 462.0 467.0 473.0 478.0 484.0 489.0 495.0 500.0 506.0 511.0 517.0 522.0 528.0 534.0 539.0 545.0 551.0 557.0 562.0 568.0 574.0 580.0 586.0 591.0 597.0 603.0 609.0 615.0 621.0 627.0 567.0
617.0 623.0 623.0 623.0 623.0 624.0 624.0 624.0 624.0 624.0 624.0 624.0 624.0 624.0 624.0 624.0 624.0 624.0 624.0 624.0 624.0 625.0 624.0 625.0 625.0 625.0 625.0 625.0 625.0 626.0 626.0 625.0 626.0 626.0 626.0 626.0 626.0 626.0 626.0 626.0 626.0 626.0 626.0 626.0 626.0 625.0 625.0 625.0 625.0 625.0 625.0 624.0 624.0 624.0 623.0 623.0 623.0 622.0 622.0 621.0 620.0 620.0 619.0 618.0 617.0 617.0 615.0 615.0 614.0 612.0 611.0 610.0 609.0 608.0 606.0 605.0 604.0 603.0 601.0 600.0 599.0 598.0 597.0 596.0 595.0 594.0 593.0 593.0 592.0 592.0 592.0 591.0 591.0 591.0 591.0 591.0 591.0 591.0 590.0 591.0 5.0 51.0 57.0 63.0 69.0 75.0 81.0 87.0 93.0 99.0 105.0 111.0 117.0 123.0 129.0 135.0 141.0 148.0 154.0 160.0 166.0 172.0 178.0 184.0 190.0 196.0 202.0 208.0 214.0 220.0 226.0 232.0 238.0 244.0 250.0 256.0 262.0 268.0 274.0 280.0 286.0 292.0 298.0 304.0 310.0 316.0 322.0 328.0 334.0 340.0 346.0 352.0 358.0 364.0 370.0 376.0 381.0 387.0 393.0 399.0 405.0 411.0 417.0 422.0 428.0 434.0 439.0 445.0 451.0 457.0 462.0 468.0 473.0 479.0 484.0 490.0 496.0 501.0 507.0 512.0 518.0 524.0 530.0 535.0 541.0 546.0 552.0 558.0 564.0 570.0 576.0 582.0 588.0 593.0 599.0 605.0 611.0 617.0 623.0 629.0 568.0
617.0 623.0 623.0 624.0 624.0 625.0 625.0 625.0 625.0 626.0 626.0 626.0 626.0 626.0 626.0 626.0 626.0 627.0 627.0 627.0 627.0 627.0 627.0 628.0 628.0 628.0 628.0 628.0 629.0 629.0 629.0 629.0 629.0 630.0 630.0 630.0 630.0 630.0 630.0 630.0 631.0 630.0 631.0 631.0 631.0 631.0 631.0 631.0 631.0 631.0 631.0 631.0 631.0 631.0 630.0 630.0 630.0 630.0 629.0 629.0 628.0 628.0 627.0 627.0 626.0 625.0 625.0 624.0 623.0 622.0 621.0 620.0 619.0 618.0 617.0 616.0 615.0 613.0 613.0 611.0 610.0 610.0 609.0 608.0 607.0 606.0 606.0 605.0 605.0 605.0 604.0 604.0 604.0 604.0 604.0 604.0 604.0 604.0 604.0 604.0 5.0 51.0 57.0 63.0 69.0 74.0 80.0 86.0 92.0 98.0 104.0 110.0 116.0 122.0 128.0 134.0 140.0 146.0 152.0 158.0 164.0 170.0 176.0 182.0 188.0 194.0 200.0 206.0 212.0 218.0 224.0 230.0 236.0 242.0 248.0 254.0 260.0 266.0 272.0 278.0 284.0 290.0 296.0 302.0 308.0 314.0 320.0 326.0 332.0 337.0 343.0 349.0 356.0 361.0 367.0 373.0 379.0 385.0 391.0 397.0 403.0 409.0 415.0 421.0 426.0 432.0 438.0 444.0 450.0 455.0 461.0 467.0 472.0 478.0 483.0 489.0 495.0 500.0 506.0 512.0 517.0 523.0 529.0 535.0 540.0 546.0 552.0 558.0 564.0 570.0 576.0 581.0 587.0 593.0 599.0 605.0 611.0 617.0 623.0 629.0 569.0
617.0 624.0 625.0 625.0 626.0 626.0 626.0 627.0 627.0 627.0 627.0 628.0 628.0 628.0 628.0 629.0 629.0 629.0 629.0 630.0 630.0 630.0 631.0 631.0 631.0 632.0 632.0 632.0 633.0 633.0 633.0 634.0 634.0 634.0 634.0 635.0 635.0 635.0 636.0 636.0 636.0 636.0 637.0 637.0 637.0 637.0 638.0 638.0 638.0 638.0 638.0 638.0 638.0 638.0 638.0 638.0 638.0 638.0 638.0 638.0 638.0 637.0 637.0 636.0 636.0 635.0 635.0 634.0 633.0 633.0 632.0 631.0 630.0 629.0 628.0 628.0 627.0 626.0 625.0 624.0 623.0 623.0 622.0 621.0 620.0 620.0 620.0 619.0 619.0 619.0 619.0 618.0 618.0 618.0 619.0 619.0 619.0 619.0 620.0 620.0 5.0 50.0 56.0 62.0 68.0 74.0 80.0 86.0 92.0 98.0 104.0 110.0 116.0 122.0 128.0 134.0 140.0 146.0 152.0 158.0 164.0 170.0 176.0 181.0 187.0 193.0 199.0 205.0 211.0 217.0 223.0 229.0 235.0 241.0 247.0 253.0 259.0 265.0 271.0 277.0 282.0 288.0 294.0 300.0 306.0 312.0 318.0 324.0 330.0 336.0 342.0 348.0 354.0 360.0 366.0 372.0 378.0 384.0 390.0 396.0 402.0 408.0 414.0 419.0 425.0 431.0 437.0 443.0 449.0 455.0 460.0 466.0 472.0 478.0 483.0 489.0 495.0 501.0 506.0 512.0 518.0 524.0 530.0 535.0 541.0 547.0 553.0 559.0 565.0 571.0 577.0 583.0 588.0 594.0 600.0 606.0 612.0 618.0 624.0 630.0 570.0
617.0 625.0 625.0 626.0 626.0 627.0 627.0 628.0 628.0 629.0 629.0 629.0 630.0 630.0 630.0 631.0 631.0 632.0 632.0 632.0 632.0 633.0 634.0 634.0 634.0 635.0 636.0 636.0 637.0 637.0 637.0 638.0 638.0 639.0 639.0 640.0 640.0 640.0 641.0 641.0 642.0 642.0 643.0 643.0 644.0 644.0 644.0 644.0 645.0 645.0 645.0 646.0 646.0 646.0 646.0 646.0 646.0 647.0 646.0 646.0 646.0 646.0 646.0 646.0 646.0 645.0 645.0 644.0 644.0 643.0 643.0 642.0 641.0 641.0 640.0 639.0 638.0 638.0 637.0 637.0 636.0 635.0 635.0 634.0 634.0 634.0 633.0 633.0 633.0 633.0 633.0 633.0 633.0 633.0 633.0 634.0 634.0 634.0 635.0 635.0 5.0 50.0 56.0 62.0 68.0 73.0 79.0 85.0 91.0 97.0 103.0 109.0 115.0 121.0 127.0 133.0 139.0 145.0 151.0 157.0 163.0 169.0 175.0 180.0 186.0 192.0 198.0 204.0 210.0 216.0 222.0 228.0 234.0 240.0 246.0 252.0 258.0 264.0 270.0 275.0 281.0 287.0 293.0 299.0 305.0 311.0 317.0 323.0 329.0 335.0 341.0 347.0 352.0 358.0 364.0 370.0 376.0 382.0 388.0 395.0 401.0 407.0 412.0 418.0 424.0 430.0 436.0 442.0 448.0 454.0 460.0 466.0 472.0 477.0 483.0 489.0 495.0 501.0 507.0 513.0 519.0 524.0 530.0 536.0 542.0 548.0 554.0 560.0 566.0 572.0 578.0 584.0 590.0 595.0 601.0 607.0 613.0 619.0 625.0 631.0 571.0
617.0 625.0 626.0 627.0 627.0 628.0 628.0 629.0 629.0 630.0 630.0 631.0 631.0 632.0 632.0 633.0 633.0 634.0 634.0 635.0 635.0 636.0 637.0 637.0 638.0 638.0 639.0 640.0 640.0 641.0 641.0 642.0 643.0 644.0 644.0 644.0 645.0 645.0 646.0 647.0 647.0 648.0 649.0 649.0 650.0 650.0 651.0 651.0 652.0 652.0 652.0 653.0 653.0 653.0 654.0 654.0 654.0 654.0 655.0 655.0 655.0 655.0 655.0 655.0 655.0 655.0 654.0 654.0 654.0 653.0 653.0 653.0 652.0 652.0 651.0 651.0 650.0 649.0 649.0 648.0 648.0 648.0 647.0 647.0 646.0 646.0 646.0 646.0 646.0 646.0 646.0 647.0 647.0 647.0 648.0 648.0 649.0 649.0 650.0 651.0 5.0 49.0 55.0 61.0 67.0 73.0 79.0 85.0 91.0 97.0 103.0 109.0 115.0 121.0 127.0 133.0 139.0 144.0 150.0 156.0 162.0 168.0 174.0 180.0 186.0 192.0 198.0 204.0 209.0 215.0 221.0 227.0 233.0 239.0 245.0 251.0 257.0 263.0 269.0 275.0 280.0 286.0 292.0 298.0 304.0 310.0 316.0 322.0 328.0 334.0 340.0 345.0 351.0 357.0 363.0 369.0 375.0 381.0 387.0 394.0 400.0 406.0 411.0 417.0 424.0 430.0 435.0 441.0 448.0 453.0 460.0 466.0 471.0 477.0 483.0 489.0 495.0 501.0 507.0 513.0 519.0 525.0 531.0 537.0 543.0 549.0 555.0 561.0 567.0 573.0 579.0 585.0 591.0 597.0 603.0 608.0 614.0 620.0 626.0 632.0 572.0
617.0 626.0 627.0 627.0 628.0 629.0 629.0 630.0 631.0 631.0 632.0 632.0 633.0 634.0 634.0 635.0 635.0 636.0 636.0 637.0 638.0 638.0 639.0 640.0 640.0 641.0 642.0 643.0 644.0 644.0 645.0 646.0 646.0 647.0 648.0 648.0 649.0 650.0 651.0 651.0 652.0 653.0 653.0 654.0 655.0 655.0 656.0 657.0 657.0 658.0 659.0 659.0 659.0 660.0 660.0 661.0 661.0 662.0 662.0 662.0 662.0 662.0 663.0 663.0 663.0 663.0 663.0 662.0 662.0 662.0 662.0 661.0 661.0 661.0 660.0 660.0 660.0 659.0 659.0 658.0 658.0 658.0 658.0 658.0 657.0 657.0 658.0 658.0 658.0 658.0 658.0 659.0 659.0 659.0 660.0 661.0 662.0 662.0 663.0 664.0 5.0 49.0 55.0 61.0 67.0 73.0 79.0 85.0 90.0 96.0 102.0 108.0 114.0 120.0 126.0 132.0 138.0 144.0 150.0 156.0 162.0 168.0 174.0 180.0 186.0 192.0 197.0 203.0 209.0 215.0 221.0 227.0 233.0 239.0 245.0 250.0 256.0 262.0 268.0 274.0 280.0 286.0 292.0 298.0 303.0 309.0 315.0 321.0 327.0 333.0 339.0 345.0 351.0 357.0 363.0 369.0 375.0 381.0 387.0 393.0 399.0 405.0 411.0 417.0 423.0 429.0 435.0 441.0 447.0 454.0 460.0 466.0 472.0 478.0 484.0 490.0 496.0 502.0 508.0 514.0 520.0 526.0 532.0 538.0 544.0 550.0 556.0 562.0 568.0 574.0 580.0 586.0 592.0 598.0 604.0 610.0 616.0 622.0 628.0 634.0 573.0
617.0 627.0 627.0 628.0 629.0 630.0 631.0 631.0 632.0 632.0 633.0 634.0 634.0 635.0 636.0 636.0 637.0 638.0 638.0 639.0 640.0 640.0 641.0 642.0 643.0 644.0 644.0 645.0 646.0 647.0 648.0 649.0 650.0 650.0 651.0 652.0 653.0 653.0 654.0 655.0 656.0 657.0 658.0 658.0 659.0 660.0 661.0 661.0 662.0 663.0 664.0 664.0 664.0 665.0 666.0 666.0 666.0 667.0 668.0 668.0 668.0 669.0 669.0 669.0 669.0 669.0 669.0 669.0 669.0 669.0 669.0 668.0 668.0 668.0 668.0 668.0 667.0 667.0 667.0 666.0 666.0 666.0 666.0 666.0 666.0 666.0 666.0 666.0 667.0 667.0 668.0 668.0 669.0 669.0 670.0 671.0 672.0 672.0 673.0 674.0 5.0 50.0 56.0 62.0 67.0 73.0 79.0 85.0 91.0 97.0 103.0 109.0 115.0 121.0 127.0 133.0 139.0 145.0 151.0 157.0 163.0 169.0 174.0 180.0 186.0 192.0 198.0 204.0 210.0 216.0 221.0 227.0 233.0 239.0 245.0 251.0 257.0 263.0 268.0 274.0 280.0 286.0 292.0 298.0 304.0 310.0 316.0 322.0 328.0 334.0 339.0 345.0 351.0 357.0 363.0 369.0 375.0 381.0 387.0 393.0 399.0 405.0 411.0 417.0 424.0 430.0 436.0 442.0 448.0 454.0 460.0 466.0 472.0 478.0 484.0 490.0 497.0 503.0 509.0 515.0 521.0 527.0 533.0 539.0 545.0 551.0 557.0 563.0 569.0 575.0 581.0 587.0 593.0 599.0 605.0 611.0 617.0 623.0 629.0 635.0 574.0
617.0 627.0 628.0 628.0 629.0 630.0 631.0 632.0 632.0 633.0 634.0 634.0 635.0 636.0 637.0 637.0 638.0 639.0 639.0 640.0 641.0 642.0 643.0 644.0 644.0 645.0 646.0 647.0 648.0 649.0 650.0 651.0 652.0 652.0 653.0 654.0 655.0 656.0 657.0 657.0 658.0 659.0 660.0 661.0 662.0 663.0 663.0 664.0 665.0 666.0 667.0 667.0 668.0 669.0 669.0 670.0 670.0 671.0 671.0 672.0 672.0 673.0 673.0 673.0 673.0 673.0 674.0 674.0 674.0 673.0 673.0 673.0 673.0 673.0 673.0 672.0 672.0 672.0 672.0 672.0 671.0 672.0 672.0 672.0 672.0 672.0 672.0 672.0 673.0 674.0 674.0 674.0 675.0 676.0 677.0 677.0 678.0 679.0 680.0 681.0 5.0 49.0 55.0 61.0 67.0 73.0 79.0 85.0 90.0 96.0 102.0 108.0 114.0 120.0 126.0 132.0 138.0 144.0 150.0 156.0 162.0 168.0 174.0 180.0 186.0 192.0 198.0 203.0 209.0 215.0 221.0 227.0 233.0 239.0 245.0 251.0 257.0 262.0 268.0 274.0 280.0 286.0 292.0 298.0 303.0 309.0 315.0 321.0 327.0 333.0 339.0 345.0 351.0 357.0 363.0 369.0 375.0 381.0 387.0 393.0 399.0 405.0 411.0 417.0 423.0 429.0 435.0 442.0 448.0 454.0 460.0 466.0 473.0 479.0 485.0 491.0 497.0 503.0 510.0 515.0 522.0 528.0 534.0 540.0 546.0 552.0 558.0 564.0 570.0 576.0 582.0 588.0 594.0 600.0 606.0 612.0 618.0 624.0 630.0 635.0 575.0
617.0 627.0 628.0 629.0 630.0 630.0 631.0 632.0 633.0 633.0 634.0 635.0 635.0 636.0 637.0 638.0 639.0 639.0 640.0 641.0 642.0 642.0 643.0 644.0 645.0 646.0 647.0 648.0 649.0 650.0 651.0 652.0 653.0 654.0 654.0 655.0 656.0 657.0 658.0 659.0 660.0 661.0 662.0 662.0 663.0 664.0 665.0 666.0 667.0 667.0 668.0 669.0 669.0 670.0 671.0 671.0 672.0 673.0 673.0 674.0 674.0 675.0 675.0 675.0 675.0 675.0 676.0 676.0 676.0 676.0 676.0 675.0 675.0 675.0 675.0 675.0 675.0 674.0 674.0 674.0 674.0 674.0 674.0 674.0 674.0 674.0 675.0 675.0 676.0 676.0 676.0 677.0 678.0 679.0 679.0 680.0 681.0 682.0 683.0 684.0 5.0 49.0 55.0 61.0 67.0 73.0 79.0 85.0 90.0 96.0 102.0 108.0 114.0 120.0 126.0 132.0 138.0 144.0 150.0 156.0 162.0 168.0 174.0 180.0 186.0 192.0 197.0 203.0 209.0 215.0 221.0 227.0 233.0 239.0 245.0 250.0 256.0 262.0 268.0 274.0 280.0 286.0 292.0 298.0 303.0 309.0 315.0 321.0 327.0 333.0 339.0 345.0 351.0 357.0 363.0 369.0 375.0 381.0 387.0 393.0 399.0 405.0 411.0 417.0 423.0 429.0 436.0 442.0 448.0 454.0 460.0 467.0 473.0 479.0 485.0 491.0 497.0 503.0 510.0 516.0 522.0 528.0 534.0 540.0 547.0 553.0 559.0 565.0 571.0 577.0 583.0 589.0 595.0 601.0 607.0 613.0 619.0 625.0 630.0 636.0 576.0
617.0 627.0 628.0 629.0 629.0 630.0 631.0 632.0 633.0 633.0 634.0 635.0 635.0 636.0 637.0 638.0 638.0 639.0 640.0 641.0 641.0 642.0 643.0 644.0 645.0 646.0 647.0 648.0 649.0 650.0 651.0 651.0 652.0 653.0 654.0 655.0 656.0 657.0 658.0 659.0 660.0 660.0 661.0 662.0 663.0 664.0 665.0 665.0 666.0 667.0 668.0 668.0 669.0 670.0 670.0 671.0 672.0 672.0 673.0 673.0 673.0 674.0 674.0 675.0 675.0 675.0 675.0 675.0 675.0 675.0 675.0 675.0 675.0 675.0 675.0 674.0 674.0 674.0 674.0 674.0 673.0 674.0 674.0 674.0 674.0 674.0 674.0 675.0 675.0 675.0 676.0 676.0 677.0 678.0 678.0 679.0 680.0 681.0 682.0 683.0 5.0 49.0 54.0 60.0 66.0 72.0 78.0 84.0 90.0 96.0 102.0 108.0 114.0 120.0 126.0 132.0 138.0 144.0 150.0 155.0 161.0 167.0 173.0 179.0 185.0 191.0 197.0 203.0 209.0 214.0 220.0 226.0 232.0 238.0 244.0 250.0 256.0 261.0 267.0 273.0 279.0 285.0 291.0 297.0 303.0 309.0 315.0 320.0 326.0 332.0 338.0 344.0 350.0 356.0 362.0 368.0 374.0 380.0 386.0 392.0 399.0 405.0 411.0 417.0 423.0 429.0 435.0 442.0 448.0 454.0 460.0 466.0 472.0 479.0 485.0 491.0 497.0 503.0 509.0 516.0 522.0 528.0 534.0 540.0 546.0 552.0 559.0 565.0 571.0 576.0 582.0 588.0 594.0 600.0 606.0 612.0 618.0 624.0 630.0 636.0 577.0
617.0 627.0 628.0 629.0 629.0 630.0 631.0 632.0 632.0 633.0 634.0 635.0 635.0 636.0 636.0 637.0 638.0 638.0 639.0 640.0 641.0 642.0 643.0 643.0 644.0 645.0 646.0 647.0 648.0 649.0 649.0 650.0 651.0 652.0 653.0 654.0 655.0 655.0 656.0 657.0 658.0 659.0 660.0 660.0 661.0 662.0 663.0 664.0 664.0 665.0 666.0 666.0 667.0 668.0 668.0 669.0 669.0 670.0 670.0 671.0 671.0 672.0 672.0 672.0 672.0 672.0 672.0 673.0 672.0 672.0 672.0 672.0 672.0 672.0 671.0 671.0 671.0 671.0 670.0 670.0 670.0 670.0 670.0 670.0 670.0 670.0 670.0 670.0 671.0 671.0 672.0 672.0 673.0 673.0 674.0 675.0 676.0 676.0 677.0 678.0 5.0 48.0 54.0 60.0 66.0 72.0 78.0 84.0 89.0 95.0 101.0 107.0 113.0 119.0 125.0 131.0 137.0 143.0 149.0 155.0 161.0 167.0 173.0 179.0 185.0 191.0 196.0 202.0 208.0 214.0 220.0 226.0 232.0 238.0 244.0 249.0 255.0 261.0 267.0 273.0 279.0 285.0 291.0 297.0 303.0 308.0 314.0 320.0 326.0 332.0 338.0 344.0 350.0 356.0 362.0 368.0 374.0 380.0 386.0 392.0 398.0 405.0 411.0 417.0 423.0 429.0 435.0 441.0 447.0 453.0 460.0 466.0 472.0 478.0 484.0 490.0 496.0 502.0 509.0 515.0 521.0 527.0 533.0 539.0 545.0 551.0 558.0 564.0 570.0 576.0 582.0 588.0 594.0 600.0 606.0 612.0 618.0 623.0 629.0 635.0 578.0
617.0 626.0 627.0 628.0 629.0 630.0 630.0 631.0 632.0 632.0 633.0 634.0 634.0 635.0 636.0 636.0 637.0 637.0 638.0 639.0 640.0 640.0 641.0 642.0 643.0 644.0 644.0 645.0 646.0 647.0 648.0 648.0 649.0 650.0 651.0 651.0 652.0 653.0 654.0 654.0 655.0 656.0 657.0 658.0 658.0 659.0 660.0 660.0 661.0 662.0 662.0 663.0 663.0 664.0 664.0 665.0 665.0 666.0 666.0 667.0 667.0 667.0 667.0 667.0 667.0 667.0 668.0 668.0 668.0 667.0 667.0 667.0 667.0 666.0 666.0 665.0 665.0 665.0 664.0 664.0 664.0 664.0 664.0 663.0 663.0 663.0 663.0 663.0 664.0 664.0 664.0 665.0 665.0 666.0 666.0 667.0 668.0 668.0 669.0 670.0 5.0 49.0 54.0 60.0 66.0 72.0 78.0 84.0 90.0 96.0 102.0 108.0 114.0 119.0 125.0 131.0 137.0 143.0 149.0 155.0 161.0 167.0 173.0 179.0 185.0 191.0 197.0 202.0 208.0 214.0 220.0 226.0 232.0 238.0 244.0 250.0 256.0 261.0 267.0 273.0 279.0 285.0 291.0 297.0 303.0 309.0 314.0 320.0 326.0 332.0 338.0 344.0 350.0 356.0 362.0 368.0 374.0 380.0 386.0 393.0 399.0 405.0 411.0 417.0 423.0 429.0 435.0 441.0 447.0 454.0 460.0 466.0 472.0 478.0 484.0 490.0 496.0 502.0 508.0 514.0 520.0 526.0 532.0 538.0 545.0 551.0 557.0 563.0 569.0 575.0 581.0 587.0 593.0 599.0 605.0 611.0 617.0 623.0 629.0 634.0 579.0
617.0 626.0 627.0 627.0 628.0 629.0 630.0 630.0 631.0 631.0 632.0 633.0 633.0 634.0 634.0 635.0 636.0 636.0 637.0 637.0 638.0 638.0 639.0 640.0 641.0 641.0 642.0 643.0 644.0 644.0 645.0 646.0 646.0 647.0 648.0 648.0 649.0 650.0 650.0 651.0 652.0 652.0 653.0 654.0 654.0 655.0 655.0 656.0 656.0 657.0 657.0 658.0 658.0 659.0 659.0 660.0 660.0 660.0 660.0 661.0 661.0 661.0 661.0 661.0 661.0 661.0 661.0 660.0 660.0 660.0 659.0 659.0 659.0 658.0 658.0 657.0 657.0 656.0 656.0 656.0 655.0 655.0 655.0 654.0 654.0 654.0 654.0 654.0 654.0 654.0 655.0 655.0 655.0 656.0 656.0 657.0 657.0 658.0 658.0 659.0 5.0 49.0 54.0 60.0 66.0 72.0 78.0 84.0 90.0 96.0 102.0 108.0 114.0 120.0 126.0 132.0 138.0 144.0 150.0 156.0 162.0 168.0 174.0 179.0 185.0 191.0 197.0 203.0 209.0 215.0 221.0 227.0 233.0 239.0 245.0 251.0 257.0 262.0 268.0 274.0 280.0 286.0 292.0 298.0 304.0 310.0 316.0 321.0 327.0 334.0 340.0 346.0 352.0 358.0 364.0 370.0 376.0 382.0 388.0 394.0 400.0 407.0 412.0 418.0 425.0 431.0 437.0 443.0 448.0 455.0 461.0 467.0 473.0 479.0 485.0 491.0 497.0 503.0 509.0 515.0 521.0 527.0 533.0 539.0 545.0 551.0 557.0 563.0 569.0 575.0 581.0 587.0 593.0 599.0 605.0 611.0 617.0 623.0 629.0 634.0 580.0
617.0 625.0 626.0 627.0 628.0 628.0 629.0 629.0 630.0 630.0 631.0 631.0 631.0 632.0 633.0 633.0 634.0 634.0 635.0 635.0 636.0 636.0 637.0 637.0 638.0 639.0 639.0 640.0 640.0 641.0 642.0 642.0 642.0 643.0 644.0 644.0 645.0 645.0 646.0 647.0 647.0 648.0 648.0 649.0 649.0 649.0 650.0 650.0 651.0 651.0 652.0 652.0 652.0 652.0 652.0 653.0 653.0 653.0 653.0 654.0 653.0 654.0 653.0 653.0 653.0 653.0 652.0 652.0 652.0 651.0 651.0 650.0 650.0 649.0 648.0 648.0 647.0 647.0 646.0 646.0 645.0 645.0 644.0 644.0 643.0 643.0 643.0 643.0 643.0 643.0 643.0 643.0 643.0 643.0 644.0 644.0 645.0 645.0 645.0 646.0 5.0 50.0 55.0 61.0 67.0 73.0 79.0 85.0 91.0 97.0 103.0 109.0 115.0 121.0 127.0 133.0 139.0 144.0 150.0 156.0 162.0 168.0 174.0 180.0 186.0 192.0 198.0 204.0 210.0 216.0 222.0 228.0 234.0 240.0 246.0 252.0 258.0 263.0 269.0 275.0 281.0 287.0 293.0 299.0 305.0 311.0 317.0 323.0 329.0 335.0 341.0 347.0 353.0 359.0 365.0 371.0 377.0 383.0 389.0 396.0 402.0 408.0 414.0 420.0 426.0 432.0 438.0 444.0 449.0 455.0 461.0 467.0 473.0 479.0 485.0 491.0 497.0 503.0 509.0 515.0 521.0 527.0 533.0 539.0 544.0 550.0 557.0 563.0 569.0 575.0 581.0 587.0 593.0 599.0 605.0 611.0 617.0 622.0 628.0 634.0 581.0
617.0 625.0 626.0 626.0 627.0 627.0 628.0 628.0 629.0 629.0 629.0 630.0 630.0 630.0 631.0 631.0 632.0 632.0 632.0 633.0 633.0 633.0 634.0 634.0 635.0 635.0 636.0 637.0 637.0 637.0 638.0 638.0 639.0 639.0 640.0 640.0 641.0 641.0 641.0 642.0 642.0 643.0 643.0 643.0 644.0 644.0 644.0 645.0 645.0 645.0 645.0 645.0 646.0 646.0 645.0 646.0 646.0 646.0 646.0 646.0 645.0 646.0 645.0 645.0 645.0 644.0 644.0 643.0 643.0 642.0 641.0 641.0 640.0 639.0 638.0 637.0 636.0 636.0 635.0 634.0 634.0 633.0 632.0 631.0 631.0 630.0 630.0 630.0 630.0 630.0 630.0 630.0 630.0 630.0 630.0 630.0 631.0 631.0 631.0 632.0 5.0 49.0 55.0 61.0 67.0 73.0 79.0 85.0 91.0 97.0 103.0 109.0 115.0 121.0 127.0 133.0 139.0 145.0 151.0 157.0 163.0 169.0 174.0 180.0 186.0 192.0 198.0 204.0 210.0 216.0 222.0 228.0 234.0 240.0 246.0 252.0 258.0 264.0 270.0 276.0 282.0 288.0 294.0 300.0 306.0 312.0 318.0 323.0 329.0 336.0 342.0 348.0 354.0 360.0 366.0 372.0 377.0 383.0 389.0 396.0 402.0 408.0 414.0 419.0 425.0 431.0 437.0 443.0 449.0 455.0 461.0 467.0 472.0 478.0 484.0 490.0 496.0 501.0 507.0 513.0 519.0 525.0 531.0 537.0 542.0 548.0 554.0 560.0 566.0 572.0 578.0 584.0 590.0 596.0 602.0 608.0 614.0 620.0 626.0 631.0 582.0
617.0 624.0 625.0 625.0 626.0 626.0 627.0 627.0 627.0 627.0 628.0 628.0 628.0 628.0 629.0 629.0 629.0 629.0 630.0 630.0 630.0 631.0 631.0 631.0 632.0 632.0 632.0 633.0 633.0 633.0 634.0 634.0 634.0 635.0 635.0 635.0 636.0 636.0 636.0 636.0 637.0 637.0 637.0 637.0 637.0 638.0 637.0 638.0 638.0 638.0 638.0 638.0 638.0 638.0 637.0 638.0 637.0 638.0 637.0 637.0 637.0 636.0 636.0 636.0 635.0 634.0 634.0 633.0 632.0 631.0 631.0 630.0 629.0 628.0 627.0 626.0 625.0 624.0 623.0 622.0 621.0 620.0 619.0 619.0 618.0 617.0 617.0 617.0 616.0 616.0 616.0 616.0 616.0 616.0 616.0 616.0 616.0 616.0 616.0 617.0 5.0 50.0 55.0 61.0 67.0 73.0 79.0 85.0 91.0 97.0 103.0 109.0 115.0 121.0 127.0 133.0 139.0 145.0 151.0 157.0 163.0 169.0 175.0 181.0 187.0 193.0 199.0 205.0 211.0 217.0 223.0 229.0 235.0 241.0 247.0 253.0 259.0 264.0 270.0 276.0 282.0 288.0 294.0 300.0 306.0 312.0 318.0 324.0 330.0 336.0 342.0 348.0 354.0 360.0 366.0 372.0 378.0 384.0 390.0 396.0 402.0 408.0 414.0 419.0 425.0 431.0 437.0 443.0 448.0 454.0 460.0 466.0 472.0 477.0 483.0 489.0 495.0 500.0 506.0 511.0 517.0 523.0 529.0 535.0 540.0 546.0 552.0 558.0 564.0 570.0 576.0 582.0 587.0 593.0 599.0 605.0 611.0 617.0 623.0 629.0 583.0
617.0 623.0 624.0 624.0 625.0 625.0 625.0 626.0 626.0 626.0 626.0 626.0 626.0 626.0 627.0 627.0 627.0 627.0 628.0 628.0 628.0 628.0 628.0 628.0 629.0 629.0 629.0 629.0 629.0 630.0 630.0 630.0 630.0 630.0 630.0 631.0 631.0 631.0 631.0 631.0 631.0 631.0 631.0 631.0 632.0 631.0 631.0 632.0 631.0 632.0 631.0 631.0 631.0 631.0 630.0 630.0 630.0 630.0 629.0 629.0 628.0 628.0 627.0 627.0 626.0 625.0 625.0 623.0 623.0 622.0 621.0 620.0 618.0 617.0 616.0 615.0 614.0 612.0 612.0 610.0 609.0 608.0 607.0 606.0 605.0 605.0 604.0 604.0 603.0 603.0 602.0 603.0 602.0 602.0 602.0 602.0 602.0 602.0 602.0 602.0 5.0 49.0 55.0 61.0 67.0 73.0 79.0 85.0 91.0 97.0 103.0 109.0 115.0 121.0 127.0 133.0 139.0 145.0 151.0 157.0 163.0 169.0 175.0 181.0 187.0 193.0 199.0 205.0 211.0 217.0 223.0 229.0 235.0 241.0 247.0 253.0 259.0 265.0 271.0 277.0 283.0 289.0 295.0 301.0 307.0 313.0 319.0 325.0 331.0 337.0 343.0 349.0 354.0 360.0 366.0 372.0 378.0 384.0 390.0 396.0 402.0 408.0 414.0 419.0 425.0 431.0 437.0 443.0 448.0 454.0 460.0 465.0 471.0 477.0 482.0 488.0 493.0 499.0 505.0 510.0 516.0 521.0 527.0 533.0 539.0 545.0 550.0 556.0 562.0 568.0 574.0 580.0 585.0 591.0 597.0 603.0 609.0 615.0 621.0 627.0 584.0
617.0 623.0 623.0 623.0 624.0 624.0 624.0 625.0 625.0 625.0 625.0 625.0 625.0 625.0 625.0 625.0 625.0 625.0 625.0 625.0 625.0 626.0 625.0 625.0 626.0 626.0 626.0 626.0 626.0 626.0 626.0 626.0 626.0 626.0 626.0 627.0 626.0 627.0 627.0 626.0 626.0 627.0 626.0 626.0 626.0 626.0 626.0 626.0 625.0 625.0 625.0 625.0 624.0 624.0 623.0 623.0 623.0 622.0 621.0 621.0 620.0 620.0 619.0 618.0 617.0 617.0 616.0 614.0 613.0 612.0 611.0 610.0 608.0 607.0 606.0 605.0 603.0 602.0 601.0 600.0 598.0 597.0 596.0 595.0 594.0 593.0 593.0 592.0 592.0 591.0 590.0 590.0 590.0 590.0 589.0 589.0 589.0 589.0 589.0 589.0 5.0 50.0 56.0 61.0 67.0 73.0 79.0 85.0 92.0 98.0 104.0 110.0 116.0 122.0 128.0 134.0 140.0 146.0 152.0 158.0 164.0 170.0 176.0 182.0 188.0 195.0 200.0 206.0 212.0 219.0 225.0 231.0 237.0 243.0 249.0 255.0 261.0 267.0 273.0 279.0 285.0 291.0 297.0 303.0 309.0 315.0 321.0 327.0 333.0 339.0 345.0 351.0 356.0 362.0 368.0 374.0 380.0 386.0 392.0 398.0 403.0 409.0 415.0 421.0 427.0 432.0 438.0 444.0 449.0 455.0 461.0 466.0 472.0 478.0 483.0 489.0 495.0 500.0 506.0 511.0 517.0 523.0 528.0 534.0 540.0 545.0 551.0 557.0 563.0 569.0 575.0 581.0 587.0 593.0 599.0 604.0 610.0 616.0 622.0 628.0 585.0
617.0 622.0 623.0 623.0 623.0 623.0 623.0 624.0 624.0 624.0 624.0 624.0 623.0 623.0 624.0 623.0 623.0 623.0 623.0 623.0 624.0 624.0 623.0 623.0 623.0 623.0 624.0 623.0 623.0 623.0 624.0 623.0 623.0 623.0 623.0 623.0 623.0 623.0 623.0 623.0 622.0 622.0 622.0 622.0 622.0 621.0 621.0 621.0 620.0 620.0 620.0 619.0 619.0 619.0 618.0 618.0 617.0 616.0 615.0 615.0 614.0 613.0 612.0 612.0 610.0 609.0 609.0 607.0 606.0 605.0 603.0 602.0 600.0 599.0 597.0 596.0 595.0 593.0 592.0 591.0 589.0 588.0 587.0 586.0 585.0 584.0 583.0 582.0 582.0 581.0 580.0 580.0 580.0 580.0 579.0 579.0 579.0 579.0 579.0 578.0 5.0 50.0 56.0 62.0 68.0 74.0 80.0 86.0 92.0 98.0 104.0 110.0 116.0 123.0 129.0 135.0 141.0 147.0 153.0 159.0 165.0 171.0 177.0 183.0 189.0 196.0 202.0 208.0 214.0 220.0 226.0 232.0 238.0 244.0 250.0 256.0 262.0 268.0 274.0 280.0 286.0 292.0 298.0 304.0 310.0 316.0 322.0 328.0 334.0 340.0 346.0 352.0 358.0 364.0 370.0 376.0 381.0 387.0 393.0 399.0 405.0 411.0 417.0 422.0 428.0 434.0 440.0 445.0 451.0 457.0 462.0 468.0 473.0 479.0 484.0 490.0 496.0 501.0 507.0 512.0 518.0 524.0 529.0 535.0 541.0 546.0 552.0 558.0 564.0 570.0 576.0 582.0 588.0 594.0 600.0 605.0 611.0 617.0 623.0 629.0 586.0
617.0 622.0 622.0 622.0 622.0 623.0 623.0 623.0 623.0 623.0 623.0 623.0 622.0 622.0 622.0 622.0 622.0 622.0 622.0 622.0 622.0 622.0 622.0 622.0 622.0 622.0 622.0 621.0 621.0 621.0 621.0 621.0 621.0 621.0 621.0 621.0 620.0 620.0 620.0 620.0 620.0 620.0 619.0 619.0 618.0 618.0 618.0 618.0 617.0 617.0 616.0 616.0 615.0 615.0 614.0 613.0 613.0 612.0 611.0 610.0 609.0 609.0 608.0 607.0 605.0 605.0 603.0 602.0 600.0 599.0 598.0 596.0 595.0 593.0 592.0 590.0 589.0 587.0 586.0 584.0 583.0 581.0 580.0 579.0 578.0 577.0 576.0 575.0 575.0 574.0 573.0 573.0 572.0 573.0 572.0 572.0 572.0 571.0 571.0 571.0 5.0 50.0 56.0 62.0 69.0 75.0 81.0 87.0 93.0 99.0 105.0 111.0 117.0 123.0 129.0 135.0 141.0 148.0 154.0 160.0 166.0 172.0 178.0 184.0 190.0 197.0 203.0 209.0 215.0 221.0 227.0 233.0 239.0 245.0 251.0 257.0 263.0 269.0 275.0 281.0 287.0 294.0 300.0 306.0 312.0 318.0 324.0 330.0 336.0 342.0 348.0 354.0 360.0 366.0 371.0 377.0 383.0 389.0 395.0 401.0 407.0 412.0 418.0 424.0 429.0 435.0 441.0 447.0 452.0 458.0 463.0 469.0 474.0 480.0 485.0 491.0 497.0 502.0 508.0 513.0 519.0 525.0 530.0 536.0 542.0 548.0 553.0 559.0 565.0 571.0 577.0 583.0 589.0 595.0 601.0 607.0 613.0 619.0 625.0 630.0 587.0
617.0 622.0 622.0 622.0 622.0 622.0 622.0 623.0 623.0 623.0 622.0 622.0 622.0 622.0 622.0 622.0 622.0 621.0 621.0 621.0 622.0 621.0 621.0 621.0 621.0 621.0 621.0 620.0 620.0 620.0 620.0 620.0 620.0 620.0 620.0 619.0 619.0 619.0 619.0 618.0 618.0 618.0 617.0 617.0 617.0 617.0 616.0 616.0 615.0 615.0 614.0 614.0 613.0 613.0 612.0 612.0 611.0 610.0 609.0 608.0 608.0 607.0 605.0 604.0 603.0 602.0 601.0 600.0 598.0 597.0 595.0 594.0 592.0 591.0 589.0 587.0 586.0 584.0 583.0 582.0 580.0 579.0 577.0 576.0 575.0 574.0 573.0 572.0 572.0 571.0 570.0 570.0 569.0 569.0 569.0 568.0 568.0 568.0 568.0 567.0 5.0 52.0 57.0 63.0 70.0 76.0 82.0 88.0 94.0 100.0 106.0 112.0 118.0 124.0 130.0 136.0 142.0 149.0 155.0 161.0 167.0 173.0 179.0 185.0 191.0 197.0 203.0 209.0 215.0 221.0 227.0 234.0 240.0 246.0 252.0 258.0 264.0 270.0 276.0 282.0 288.0 294.0 300.0 306.0 312.0 318.0 324.0 330.0 336.0 342.0 348.0 354.0 360.0 366.0 371.0 377.0 383.0 389.0 395.0 401.0 407.0 412.0 418.0 424.0 429.0 435.0 441.0 446.0 452.0 458.0 463.0 469.0 474.0 480.0 485.0 491.0 496.0 502.0 507.0 513.0 519.0 524.0 530.0 535.0 541.0 547.0 553.0 559.0 564.0 570.0 576.0 582.0 588.0 594.0 600.0 605.0 611.0 617.0 624.0 629.0 588.0
617.0 622.0 622.0 622.0 622.0 622.0 622.0 622.0 622.0 622.0 622.0 622.0 622.0 622.0 622.0 621.0 621.0 621.0 621.0 621.0 621.0 621.0 621.0 621.0 621.0 621.0 621.0 620.0 620.0 620.0 620.0 620.0 620.0 620.0 619.0 619.0 619.0 619.0 619.0 618.0 618.0 618.0 618.0 617.0 617.0 617.0 616.0 616.0 615.0 615.0 614.0 614.0 613.0 613.0 612.0 612.0 611.0 610.0 609.0 609.0 608.0 607.0 606.0 605.0 603.0 602.0 601.0 600.0 598.0 597.0 595.0 594.0 592.0 591.0 589.0 588.0 586.0 585.0 583.0 582.0 580.0 579.0 578.0 576.0 575.0 574.0 573.0 572.0 572.0 571.0 570.0 570.0 570.0 569.0 569.0 568.0 568.0 568.0 568.0 568.0 5.0 51.0 57.0 63.0 69.0 75.0 81.0 87.0 93.0 99.0 105.0 111.0 118.0 124.0 130.0 136.0 142.0 148.0 154.0 160.0 166.0 172.0 178.0 184.0 191.0 197.0 203.0 209.0 215.0 221.0 227.0 233.0 239.0 245.0 251.0 257.0 263.0 269.0 275.0 281.0 287.0 293.0 299.0 305.0 311.0 317.0 323.0 329.0 335.0 341.0 347.0 353.0 359.0 365.0 370.0 376.0 382.0 388.0 394.0 400.0 406.0 411.0 417.0 423.0 428.0 434.0 440.0 445.0 451.0 457.0 462.0 468.0 473.0 479.0 484.0 489.0 495.0 500.0 506.0 511.0 517.0 523.0 528.0 534.0 539.0 545.0 551.0 557.0 563.0 568.0 574.0 580.0 586.0 592.0 598.0 604.0 610.0 616.0 622.0 627.0 589.0
617.0 622.0 622.0 622.0 622.0 622.0 623.0 623.0 623.0 623.0 622.0 622.0 622.0 622.0 622.0 622.0 622.0 622.0 622.0 622.0 622.0 622.0 622.0 622.0 622.0 621.0 621.0 621.0 621.0 621.0 621.0 621.0 621.0 620.0 620.0 620.0 620.0 620.0 620.0 619.0 619.0 619.0 619.0 618.0 618.0 618.0 617.0 617.0 617.0 616.0 616.0 616.0 615.0 615.0 614.0 613.0 612.0 612.0 611.0 610.0 609.0 609.0 608.0 606.0 605.0 604.0 603.0 602.0 600.0 599.0 598.0 596.0 595.0 593.0 592.0 590.0 589.0 587.0 585.0 584.0 583.0 581.0 580.0 579.0 578.0 577.0 576.0 575.0 575.0 574.0 573.0 573.0 572.0 572.0 572.0 571.0 571.0 571.0 571.0 571.0 5.0 51.0 57.0 63.0 69.0 75.0 81.0 87.0 94.0 100.0 106.0 112.0 118.0 124.0 130.0 136.0 142.0 148.0 154.0 160.0 167.0 173.0 179.0 185.0 191.0 197.0 203.0 209.0 215.0 221.0 227.0 233.0 239.0 245.0 251.0 257.0 263.0 269.0 275.0 281.0 287.0 293.0 299.0 305.0 311.0 317.0 323.0 329.0 335.0 341.0 347.0 353.0 359.0 364.0 370.0 376.0 382.0 388.0 394.0 399.0 405.0 411.0 417.0 422.0 428.0 434.0 440.0 445.0 451.0 456.0 462.0 467.0 473.0 478.0 484.0 489.0 495.0 500.0 506.0 511.0 517.0 522.0 528.0 534.0 539.0 545.0 551.0 556.0 562.0 568.0 574.0 580.0 585.0 591.0 597.0 603.0 609.0 615.0 621.0 627.0 590.0
617.0 622.0 622.0 623.0 623.0 623.0 623.0 623.0 623.0 623.0 623.0 623.0 623.0 623.0 623.0 623.0 623.0 623.0 623.0 623.0 623.0 623.0 623.0 623.0 623.0 622.0 623.0 623.0 623.0 623.0 623.0 622.0 622.0 622.0 622.0 622.0 622.0 622.0 622.0 622.0 622.0 621.0 621.0 621.0 620.0 620.0 620.0 620.0 620.0 619.0 619.0 618.0 618.0 618.0 617.0 616.0 616.0 615.0 615.0 614.0 613.0 612.0 612.0 611.0 609.0 609.0 607.0 606.0 605.0 604.0 602.0 601.0 600.0 598.0 597.0 595.0 594.0 592.0 591.0 590.0 588.0 587.0 585.0 584.0 583.0 582.0 582.0 581.0 580.0 579.0 579.0 579.0 578.0 578.0 578.0 578.0 578.0 577.0 577.0 577.0 5.0 51.0 57.0 63.0 69.0 75.0 81.0 87.0 93.0 99.0 105.0 111.0 118.0 124.0 130.0 136.0 142.0 148.0 154.0 160.0 166.0 172.0 178.0 184.0 190.0 196.0 202.0 208.0 214.0 220.0 226.0 232.0 238.0 244.0 250.0 256.0 262.0 268.0 274.0 280.0 286.0 292.0 298.0 304.0 310.0 316.0 322.0 328.0 334.0 340.0 346.0 352.0 358.0 364.0 370.0 376.0 382.0 388.0 393.0 399.0 405.0 411.0 416.0 422.0 428.0 433.0 439.0 445.0 450.0 456.0 461.0 467.0 472.0 478.0 483.0 489.0 494.0 500.0 505.0 511.0 517.0 522.0 528.0 533.0 539.0 545.0 550.0 556.0 562.0 568.0 574.0 580.0 585.0 591.0 597.0 603.0 609.0 615.0 621.0 627.0 591.0
617.0 623.0 623.0 623.0 624.0 624.0 624.0 624.0 624.0 624.0 624.0 624.0 624.0 624.0 624.0 624.0 624.0 624.0 624.0 624.0 624.0 624.0 624.0 624.0 625.0 624.0 625.0 625.0 625.0 625.0 625.0 625.0 625.0 625.0 625.0 625.0 625.0 625.0 625.0 625.0 625.0 625.0 624.0 624.0 624.0 624.0 624.0 624.0 624.0 623.0 623.0 623.0 622.0 622.0 622.0 621.0 621.0 620.0 620.0 619.0 618.0 618.0 617.0 616.0 615.0 614.0 614.0 612.0 611.0 610.0 609.0 608.0 606.0 605.0 604.0 602.0 601.0 600.0 599.0 598.0 596.0 595.0 594.0 593.0 592.0 591.0 590.0 589.0 589.0 589.0 588.0 588.0 587.0 587.0 587.0 587.0 587.0 587.0 587.0 587.0 5.0 51.0 57.0 63.0 69.0 75.0 81.0 87.0 93.0 99.0 105.0 111.0 117.0 123.0 129.0 136.0 142.0 148.0 154.0 160.0 166.0 172.0 178.0 184.0 190.0 196.0 202.0 208.0 214.0 220.0 226.0 232.0 238.0 244.0 250.0 256.0 262.0 268.0 274.0 280.0 286.0 292.0 298.0 304.0 310.0 316.0 322.0 328.0 334.0 340.0 346.0 352.0 358.0 364.0 370.0 376.0 382.0 388.0 393.0 399.0 405.0 411.0 416.0 422.0 428.0 434.0 440.0 445.0 451.0 457.0 462.0 468.0 473.0 479.0 484.0 490.0 496.0 501.0 507.0 512.0 518.0 523.0 529.0 535.0 540.0 546.0 552.0 558.0 564.0 569.0 575.0 581.0 587.0 593.0 599.0 605.0 611.0 617.0 623.0 629.0 592.0
617.0 623.0 623.0 624.0 624.0 624.0 624.0 625.0 625.0 625.0 625.0 625.0 625.0 625.0 626.0 626.0 626.0 626.0 626.0 626.0 626.0 626.0 626.0 627.0 627.0 627.0 627.0 627.0 628.0 628.0 628.0 628.0 628.0 628.0 628.0 629.0 628.0 629.0 629.0 629.0 629.0 629.0 629.0 629.0 629.0 629.0 629.0 629.0 629.0 629.0 628.0 628.0 628.0 628.0 628.0 628.0 627.0 626.0 626.0 626.0 625.0 625.0 624.0 623.0 623.0 622.0 621.0 620.0 619.0 618.0 617.0 616.0 615.0 614.0 613.0 612.0 611.0 610.0 608.0 607.0 606.0 605.0 604.0 603.0 602.0 602.0 601.0 600.0 600.0 600.0 599.0 599.0 599.0 599.0 599.0 598.0 599.0 599.0 598.0 599.0 5.0 50.0 56.0 62.0 68.0 74.0 80.0 86.0 92.0 98.0 104.0 110.0 116.0 122.0 128.0 134.0 140.0 146.0 152.0 158.0 164.0 170.0 176.0 182.0 188.0 194.0 200.0 206.0 212.0 218.0 224.0 230.0 236.0 242.0 248.0 254.0 260.0 266.0 272.0 278.0 284.0 290.0 296.0 302.0 308.0 314.0 320.0 326.0 332.0 338.0 344.0 350.0 356.0 362.0 368.0 374.0 380.0 386.0 392.0 397.0 403.0 409.0 415.0 421.0 427.0 432.0 438.0 444.0 450.0 456.0 461.0 467.0 472.0 478.0 484.0 489.0 495.0 500.0 506.0 511.0 517.0 523.0 529.0 534.0 540.0 546.0 552.0 558.0 563.0 569.0 575.0 581.0 587.0 593.0 599.0 605.0 611.0 617.0 623.0 629.0 593.0
617.0 624.0 624.0 624.0 625.0 625.0 625.0 626.0 626.0 626.0 627.0 627.0 627.0 627.0 627.0 627.0 627.0 627.0 628.0 628.0 629.0 629.0 629.0 629.0 630.0 630.0 630.0 630.0 631.0 631.0 631.0 632.0 632.0 632.0 632.0 633.0 633.0 633.0 633.0 633.0 634.0 634.0 634.0 634.0 634.0 634.0 634.0 635.0 635.0 635.0 635.0 635.0 635.0 635.0 634.0 635.0 634.0 634.0 634.0 633.0 633.0 633.0 632.0 632.0 631.0 630.0 630.0 629.0 628.0 628.0 626.0 626.0 625.0 624.0 623.0 622.0 621.0 620.0 619.0 618.0 617.0 616.0 615.0 615.0 614.0 614.0 613.0 612.0 612.0 612.0 611.0 611.0 611.0 611.0 611.0 611.0 612.0 612.0 612.0 612.0 5.0 50.0 56.0 62.0 68.0 74.0 80.0 86.0 92.0 98.0 104.0 110.0 116.0 122.0 128.0 134.0 140.0 146.0 152.0 158.0 164.0 170.0 176.0 181.0 187.0 193.0 199.0 205.0 211.0 217.0 223.0 229.0 235.0 241.0 247.0 253.0 259.0 265.0 271.0 277.0 283.0 289.0 295.0 301.0 307.0 313.0 319.0 325.0 331.0 337.0 343.0 349.0 355.0 360.0 366.0 372.0 378.0 384.0 390.0 396.0 402.0 408.0 414.0 420.0 426.0 432.0 438.0 443.0 449.0 455.0 460.0 466.0 472.0 478.0 484.0 489.0 495.0 500.0 506.0 512.0 518.0 523.0 529.0 535.0 541.0 547.0 552.0 558.0 564.0 570.0 576.0 582.0 588.0 593.0 599.0 605.0 611.0 618.0 624.0 629.0 594.0
617.0 624.0 625.0 625.0 626.0 626.0 626.0 627.0 627.0 628.0 628.0 628.0 629.0 629.0 629.0 629.0 630.0 630.0 630.0 630.0 631.0 632.0 632.0 632.0 633.0 633.0 633.0 634.0 634.0 635.0 635.0 635.0 636.0 636.0 636.0 637.0 637.0 638.0 638.0 638.0 639.0 639.0 639.0 640.0 640.0 640.0 640.0 641.0 641.0 641.0 641.0 641.0 641.0 642.0 641.0 642.0 642.0 641.0 641.0 641.0 641.0 641.0 641.0 640.0 640.0 639.0 639.0 639.0 637.0 637.0 636.0 636.0 635.0 634.0 633.0 632.0 632.0 631.0 630.0 629.0 628.0 628.0 627.0 626.0 626.0 626.0 625.0 625.0 625.0 624.0 624.0 624.0 624.0 624.0 625.0 625.0 625.0 626.0 626.0 626.0 5.0 50.0 56.0 62.0 68.0 74.0 80.0 86.0 92.0 98.0 103.0 109.0 115.0 121.0 127.0 133.0 139.0 145.0 151.0 157.0 163.0 169.0 175.0 181.0 187.0 193.0 199.0 205.0 211.0 217.0 223.0 228.0 234.0 240.0 246.0 252.0 258.0 264.0 270.0 276.0 282.0 288.0 294.0 300.0 306.0 312.0 317.0 324.0 330.0 336.0 342.0 348.0 354.0 359.0 365.0 371.0 377.0 383.0 389.0 395.0 401.0 407.0 413.0 419.0 425.0 431.0 437.0 443.0 449.0 455.0 460.0 466.0 472.0 478.0 484.0 489.0 495.0 501.0 507.0 512.0 518.0 524.0 530.0 536.0 542.0 548.0 553.0 559.0 565.0 571.0 577.0 583.0 589.0 595.0 601.0 607.0 613.0 619.0 625.0 630.0 595.0
617.0 625.0 626.0 626.0 626.0 627.0 628.0 628.0 628.0 629.0 630.0 630.0 630.0 630.0 631.0 631.0 632.0 632.0 633.0 633.0 634.0 634.0 634.0 635.0 635.0 636.0 637.0 637.0 638.0 638.0 639.0 639.0 640.0 640.0 640.0 641.0 642.0 642.0 643.0 643.0 644.0 644.0 645.0 645.0 645.0 646.0 646.0 647.0 647.0 647.0 647.0 648.0 648.0 648.0 648.0 649.0 649.0 649.0 649.0 649.0 649.0 649.0 649.0 649.0 648.0 648.0 648.0 647.0 647.0 646.0 646.0 645.0 645.0 644.0 643.0 643.0 642.0 641.0 641.0 640.0 639.0 639.0 638.0 638.0 638.0 637.0 637.0 637.0 637.0 637.0 637.0 637.0 637.0 637.0 638.0 638.0 639.0 639.0 639.0 640.0 5.0 49.0 55.0 61.0 67.0 73.0 79.0 85.0 91.0 97.0 103.0 109.0 114.0 120.0 126.0 132.0 138.0 144.0 151.0 157.0 162.0 168.0 174.0 180.0 186.0 192.0 198.0 204.0 210.0 216.0 222.0 227.0 233.0 239.0 245.0 251.0 257.0 263.0 269.0 275.0 281.0 287.0 293.0 299.0 305.0 311.0 316.0 323.0 329.0 335.0 340.0 346.0 352.0 358.0 364.0 370.0 376.0 382.0 388.0 394.0 400.0 406.0 412.0 418.0 424.0 430.0 436.0 442.0 448.0 454.0 460.0 466.0 472.0 478.0 483.0 489.0 495.0 501.0 507.0 513.0 518.0 525.0 531.0 536.0 542.0 548.0 554.0 560.0 566.0 572.0 578.0 584.0 590.0 596.0 602.0 608.0 614.0 620.0 626.0 631.0 596.0
617.0 625.0 626.0 627.0 628.0 628.0 629.0 629.0 630.0 630.0 631.0 631.0 632.0 632.0 633.0 633.0 634.0 634.0 635.0 635.0 636.0 636.0 637.0 638.0 638.0 639.0 639.0 640.0 641.0 641.0 642.0 643.0 643.0 644.0 644.0 645.0 646.0 646.0 647.0 648.0 648.0 649.0 650.0 650.0 650.0 651.0 652.0 652.0 653.0 653.0 653.0 654.0 654.0 655.0 655.0 655.0 656.0 655.0 656.0 656.0 656.0 656.0 656.0 656.0 656.0 656.0 656.0 656.0 655.0 655.0 655.0 654.0 654.0 653.0 652.0 652.0 652.0 651.0 651.0 650.0 649.0 649.0 649.0 648.0 648.0 648.0 648.0 648.0 648.0 648.0 648.0 649.0 649.0 649.0 650.0 650.0 651.0 651.0 652.0 653.0 5.0 50.0 56.0 61.0 68.0 73.0 79.0 85.0 91.0 97.0 103.0 109.0 115.0 121.0 127.0 133.0 139.0 145.0 151.0 157.0 162.0 168.0 174.0 180.0 186.0 192.0 198.0 204.0 210.0 216.0 222.0 227.0 233.0 239.0 245.0 251.0 257.0 263.0 269.0 275.0 281.0 287.0 293.0 298.0 304.0 310.0 316.0 322.0 328.0 334.0 340.0 346.0 352.0 358.0 364.0 370.0 376.0 382.0 388.0 394.0 400.0 406.0 412.0 418.0 424.0 430.0 436.0 442.0 448.0 454.0 460.0 466.0 472.0 478.0 484.0 489.0 495.0 501.0 507.0 513.0 519.0 525.0 531.0 537.0 543.0 549.0 555.0 561.0 567.0 573.0 579.0 585.0 591.0 597.0 603.0 609.0 615.0 621.0 627.0 632.0 597.0
617.0 626.0 627.0 628.0 628.0 629.0 629.0 630.0 631.0 631.0 632.0 632.0 633.0 634.0 634.0 635.0 635.0 636.0 637.0 637.0 638.0 638.0 639.0 640.0 641.0 641.0 642.0 643.0 644.0 644.0 645.0 646.0 646.0 647.0 648.0 649.0 649.0 650.0 651.0 651.0 652.0 653.0 654.0 654.0 655.0 655.0 656.0 657.0 657.0 658.0 658.0 659.0 659.0 660.0 660.0 660.0 661.0 661.0 661.0 662.0 662.0 662.0 663.0 662.0 663.0 663.0 662.0 662.0 662.0 662.0 662.0 661.0 661.0 661.0 660.0 660.0 659.0 659.0 659.0 658.0 658.0 658.0 658.0 657.0 657.0 657.0 657.0 657.0 658.0 658.0 658.0 658.0 659.0 659.0 660.0 660.0 661.0 662.0 662.0 664.0 5.0 49.0 55.0 61.0 67.0 73.0 79.0 85.0 91.0 97.0 103.0 109.0 115.0 121.0 127.0 133.0 139.0 145.0 150.0 156.0 162.0 168.0 174.0 180.0 186.0 192.0 198.0 204.0 210.0 215.0 221.0 227.0 233.0 239.0 245.0 251.0 257.0 263.0 268.0 274.0 280.0 286.0 292.0 298.0 304.0 310.0 316.0 322.0 328.0 334.0 340.0 346.0 352.0 358.0 363.0 369.0 375.0 381.0 388.0 394.0 400.0 406.0 412.0 418.0 424.0 430.0 436.0 442.0 448.0 454.0 460.0 466.0 472.0 478.0 484.0 490.0 496.0 502.0 508.0 514.0 520.0 526.0 532.0 538.0 544.0 551.0 557.0 563.0 569.0 575.0 581.0 587.0 592.0 598.0 604.0 610.0 616.0 622.0 628.0 634.0 598.0
617.0 626.0 627.0 628.0 629.0 630.0 630.0 631.0 631.0 632.0 633.0 633.0 634.0 635.0 635.0 636.0 636.0 637.0 638.0 638.0 639.0 640.0 641.0 641.0 642.0 643.0 644.0 645.0 645.0 646.0 647.0 648.0 649.0 649.0 650.0 651.0 652.0 653.0 653.0 654.0 655.0 656.0 657.0 658.0 658.0 659.0 660.0 660.0 661.0 661.0 662.0 663.0 663.0 664.0 664.0 665.0 665.0 666.0 666.0 666.0 667.0 667.0 667.0 667.0 668.0 668.0 668.0 668.0 667.0 667.0 667.0 667.0 667.0 666.0 666.0 666.0 666.0 665.0 665.0 665.0 665.0 664.0 664.0 664.0 664.0 664.0 664.0 664.0 665.0 665.0 666.0 666.0 666.0 667.0 668.0 668.0 669.0 670.0 670.0 672.0 5.0 49.0 55.0 61.0 67.0 73.0 79.0 85.0 90.0 96.0 102.0 108.0 114.0 120.0 126.0 132.0 138.0 144.0 150.0 156.0 162.0 168.0 174.0 180.0 185.0 191.0 197.0 203.0 209.0 215.0 221.0 227.0 232.0 238.0 244.0 250.0 256.0 262.0 268.0 274.0 279.0 285.0 291.0 297.0 303.0 309.0 315.0 321.0 327.0 333.0 339.0 345.0 351.0 357.0 362.0 368.0 374.0 380.0 387.0 393.0 399.0 405.0 410.0 417.0 423.0 429.0 435.0 441.0 447.0 453.0 459.0 466.0 471.0 477.0 484.0 490.0 496.0 502.0 508.0 514.0 520.0 526.0 532.0 539.0 545.0 551.0 557.0 563.0 569.0 575.0 581.0 587.0 593.0 599.0 605.0 611.0 617.0 623.0 628.0 634.0 599.0
617.0 626.0 627.0 628.0 629.0 630.0 630.0 631.0 632.0 633.0 634.0 634.0 634.0 635.0 636.0 637.0 637.0 638.0 639.0 639.0 640.0 641.0 642.0 643.0 643.0 644.0 645.0 646.0 647.0 648.0 649.0 649.0 650.0 651.0 652.0 653.0 654.0 655.0 655.0 656.0 657.0 658.0 659.0 659.0 660.0 661.0 662.0 662.0 663.0 664.0 664.0 665.0 666.0 667.0 667.0 668.0 668.0 668.0 669.0 669.0 670.0 670.0 670.0 671.0 671.0 671.0 671.0 671.0 671.0 671.0 671.0 671.0 670.0 670.0 670.0 670.0 670.0 669.0 669.0 669.0 669.0 669.0 668.0 668.0 669.0 668.0 669.0 669.0 669.0 670.0 670.0 671.0 671.0 672.0 673.0 673.0 674.0 675.0 676.0 677.0 5.0 49.0 55.0 61.0 67.0 73.0 79.0 85.0 91.0 96.0 102.0 108.0 114.0 120.0 126.0 132.0 138.0 144.0 150.0 156.0 162.0 168.0 174.0 180.0 186.0 191.0 197.0 203.0 209.0 215.0 221.0 227.0 233.0 238.0 244.0 250.0 256.0 262.0 268.0 274.0 279.0 285.0 291.0 297.0 303.0 309.0 315.0 321.0 327.0 333.0 339.0 345.0 351.0 357.0 363.0 369.0 375.0 381.0 387.0 393.0 399.0 405.0 411.0 417.0 423.0 429.0 435.0 442.0 448.0 454.0 460.0 466.0 472.0 478.0 484.0 490.0 497.0 503.0 509.0 515.0 521.0 527.0 533.0 540.0 546.0 552.0 558.0 564.0 570.0 576.0 582.0 588.0 594.0 600.0 606.0 612.0 618.0 624.0 629.0 635.0 600.0
617.0 627.0 628.0 628.0 629.0 630.0 631.0 631.0 632.0 633.0 634.0 634.0 635.0 636.0 636.0 637.0 638.0 639.0 639.0 640.0 641.0 642.0 643.0 643.0 644.0 645.0 646.0 647.0 647.0 648.0 649.0 650.0 651.0 652.0 653.0 653.0 654.0 655.0 656.0 657.0 658.0 659.0 660.0 660.0 661.0 662.0 663.0 663.0 664.0 665.0 666.0 666.0 667.0 668.0 668.0 669.0 669.0 670.0 670.0 671.0 671.0 671.0 672.0 672.0 672.0 672.0 673.0 673.0 672.0 672.0 672.0 672.0 672.0 672.0 672.0 671.0 671.0 671.0 671.0 671.0 670.0 670.0 670.0 670.0 670.0 670.0 671.0 671.0 671.0 672.0 672.0 673.0 673.0 674.0 675.0 675.0 676.0 677.0 678.0 679.0 5.0 49.0 55.0 61.0 67.0 72.0 78.0 84.0 90.0 96.0 102.0 108.0 114.0 120.0 126.0 132.0 138.0 144.0 150.0 156.0 162.0 168.0 174.0 179.0 185.0 191.0 197.0 203.0 209.0 215.0 221.0 226.0 232.0 238.0 244.0 250.0 256.0 262.0 268.0 274.0 279.0 285.0 291.0 297.0 303.0 309.0 315.0 321.0 327.0 333.0 339.0 345.0 351.0 356.0 362.0 368.0 374.0 380.0 386.0 392.0 398.0 405.0 411.0 417.0 423.0 429.0 435.0 441.0 447.0 454.0 460.0 466.0 472.0 478.0 485.0 491.0 497.0 503.0 509.0 515.0 521.0 528.0 534.0 540.0 546.0 552.0 558.0 564.0 570.0 576.0 582.0 588.0 594.0 600.0 606.0 612.0 618.0 624.0 630.0 635.0 601.0
617.0 627.0 628.0 629.0 629.0 630.0 631.0 632.0 632.0 633.0 634.0 634.0 635.0 636.0 636.0 637.0 638.0 638.0 639.0 640.0 640.0 641.0 642.0 643.0 644.0 645.0 645.0 646.0 647.0 648.0 649.0 650.0 651.0 652.0 652.0 653.0 654.0 655.0 656.0 657.0 658.0 658.0 659.0 660.0 661.0 662.0 662.0 663.0 664.0 664.0 665.0 666.0 666.0 667.0 668.0 668.0 669.0 669.0 669.0 670.0 670.0 671.0 671.0 671.0 671.0 672.0 672.0 672.0 672.0 672.0 672.0 672.0 671.0 671.0 671.0 671.0 671.0 670.0 670.0 670.0 670.0 669.0 669.0 669.0 669.0 669.0 670.0 670.0 670.0 671.0 671.0 671.0 672.0 673.0 674.0 674.0 675.0 676.0 677.0 678.0 5.0 49.0 55.0 61.0 67.0 72.0 78.0 84.0 90.0 96.0 102.0 108.0 114.0 120.0 126.0 132.0 138.0 144.0 150.0 156.0 162.0 167.0 173.0 179.0 185.0 191.0 197.0 203.0 209.0 215.0 220.0 226.0 232.0 238.0 244.0 250.0 256.0 262.0 267.0 273.0 279.0 285.0 291.0 297.0 303.0 309.0 315.0 321.0 326.0 332.0 338.0 344.0 350.0 356.0 362.0 368.0 374.0 380.0 386.0 392.0 398.0 405.0 411.0 417.0 423.0 429.0 435.0 441.0 447.0 454.0 460.0 466.0 472.0 478.0 484.0 490.0 497.0 503.0 509.0 515.0 521.0 527.0 533.0 539.0 545.0 552.0 558.0 564.0 570.0 576.0 582.0 588.0 594.0 599.0 605.0 611.0 617.0 623.0 629.0 635.0 602.0
617.0 627.0 628.0 628.0 629.0 630.0 631.0 631.0 632.0 633.0 633.0 634.0 634.0 635.0 636.0 636.0 637.0 638.0 639.0 639.0 640.0 641.0 642.0 642.0 643.0 644.0 645.0 645.0 646.0 647.0 648.0 649.0 650.0 650.0 651.0 652.0 653.0 653.0 654.0 655.0 656.0 657.0 658.0 658.0 659.0 660.0 660.0 661.0 662.0 662.0 663.0 664.0 664.0 665.0 665.0 666.0 667.0 667.0 667.0 668.0 668.0 668.0 668.0 669.0 669.0 669.0 669.0 669.0 669.0 669.0 668.0 668.0 668.0 668.0 668.0 667.0 667.0 666.0 666.0 666.0 666.0 666.0 666.0 665.0 665.0 665.0 666.0 666.0 666.0 666.0 667.0 667.0 668.0 668.0 669.0 669.0 670.0 671.0 672.0 673.0 5.0 49.0 55.0 61.0 66.0 72.0 78.0 84.0 90.0 96.0 102.0 108.0 114.0 120.0 126.0 132.0 138.0 144.0 149.0 155.0 161.0 167.0 173.0 179.0 185.0 191.0 197.0 203.0 208.0 214.0 220.0 226.0 232.0 238.0 244.0 250.0 256.0 262.0 267.0 273.0 279.0 285.0 291.0 297.0 303.0 309.0 315.0 321.0 327.0 333.0 339.0 345.0 351.0 357.0 362.0 368.0 374.0 380.0 387.0 393.0 399.0 405.0 411.0 417.0 423.0 429.0 435.0 441.0 447.0 453.0 459.0 465.0 472.0 478.0 484.0 490.0 496.0 502.0 508.0 515.0 521.0 527.0 533.0 539.0 545.0 551.0 557.0 563.0 569.0 575.0 581.0 587.0 593.0 599.0 605.0 611.0 617.0 623.0 628.0 634.0 603.0
617.0 626.0 627.0 628.0 629.0 629.0 630.0 630.0 631.0 632.0 633.0 633.0 633.0 634.0 635.0 635.0 636.0 637.0 637.0 638.0 638.0 639.0 640.0 641.0 641.0 642.0 643.0 643.0 644.0 645.0 646.0 646.0 647.0 648.0 649.0 650.0 650.0 651.0 652.0 653.0 653.0 654.0 654.0 655.0 656.0 657.0 657.0 658.0 658.0 659.0 659.0 660.0 660.0 661.0 661.0 662.0 662.0 662.0 663.0 663.0 663.0 663.0 664.0 664.0 664.0 664.0 664.0 663.0 663.0 663.0 663.0 663.0 662.0 662.0 661.0 661.0 661.0 660.0 660.0 660.0 659.0 659.0 659.0 658.0 658.0 658.0 658.0 658.0 658.0 659.0 659.0 659.0 660.0 660.0 660.0 661.0 662.0 663.0 663.0 664.0 5.0 49.0 55.0 61.0 67.0 72.0 78.0 84.0 90.0 96.0 102.0 108.0 114.0 120.0 126.0 132.0 138.0 144.0 150.0 155.0 161.0 167.0 173.0 179.0 185.0 191.0 197.0 203.0 208.0 214.0 220.0 226.0 232.0 238.0 244.0 250.0 256.0 262.0 267.0 273.0 279.0 285.0 291.0 297.0 303.0 309.0 315.0 321.0 327.0 333.0 339.0 345.0 351.0 357.0 362.0 368.0 374.0 380.0 387.0 393.0 399.0 405.0 411.0 417.0 423.0 429.0 435.0 441.0 447.0 453.0 459.0 465.0 471.0 477.0 484.0 490.0 495.0 502.0 508.0 514.0 520.0 526.0 532.0 538.0 544.0 550.0 556.0 562.0 568.0 574.0 580.0 586.0 592.0 598.0 604.0 610.0 616.0 622.0 627.0 633.0 604.0
617.0 626.0 626.0 627.0 628.0 629.0 629.0 630.0 630.0 631.0 632.0 632.0 632.0 633.0 634.0 634.0 634.0 635.0 636.0 637.0 637.0 637.0 638.0 639.0 639.0 640.0 641.0 641.0 642.0 643.0 643.0 644.0 645.0 645.0 646.0 646.0 647.0 648.0 648.0 649.0 649.0 650.0 651.0 651.0 652.0 653.0 653.0 654.0 654.0 654.0 655.0 656.0 656.0 656.0 656.0 657.0 657.0 657.0 657.0 657.0 657.0 657.0 658.0 657.0 657.0 657.0 657.0 657.0 656.0 656.0 656.0 655.0 655.0 654.0 654.0 653.0 653.0 652.0 652.0 651.0 651.0 650.0 650.0 650.0 649.0 649.0 649.0 649.0 649.0 649.0 650.0 650.0 650.0 651.0 651.0 651.0 652.0 653.0 653.0 654.0 5.0 49.0 55.0 61.0 67.0 72.0 78.0 84.0 90.0 96.0 102.0 108.0 114.0 120.0 126.0 132.0 138.0 144.0 150.0 156.0 162.0 168.0 174.0 180.0 186.0 192.0 198.0 203.0 209.0 215.0 221.0 227.0 233.0 239.0 245.0 251.0 257.0 263.0 268.0 274.0 280.0 286.0 292.0 298.0 304.0 310.0 316.0 322.0 328.0 334.0 340.0 346.0 352.0 358.0 364.0 370.0 376.0 382.0 388.0 394.0 400.0 406.0 412.0 418.0 424.0 430.0 436.0 442.0 448.0 454.0 460.0 466.0 472.0 478.0 484.0 490.0 496.0 502.0 508.0 514.0 520.0 526.0 532.0 538.0 544.0 550.0 556.0 562.0 568.0 574.0 580.0 586.0 592.0 598.0 604.0 610.0 616.0 622.0 628.0 634.0 605.0
617.0 625.0 626.0 627.0 627.0 628.0 628.0 629.0 629.0 630.0 630.0 631.0 631.0 632.0 632.0 632.0 633.0 633.0 634.0 634.0 635.0 635.0 636.0 636.0 637.0 637.0 638.0 638.0 639.0 639.0 640.0 641.0 641.0 641.0 642.0 643.0 643.0 644.0 644.0 645.0 645.0 646.0 646.0 647.0 647.0 648.0 648.0 648.0 649.0 649.0 649.0 650.0 650.0 650.0 650.0 650.0 650.0 651.0 650.0 650.0 650.0 650.0 650.0 650.0 649.0 649.0 649.0 648.0 648.0 647.0 647.0 646.0 646.0 645.0 644.0 644.0 643.0 642.0 641.0 641.0 640.0 640.0 639.0 638.0 638.0 638.0 637.0 637.0 638.0 637.0 638.0 638.0 638.0 638.0 638.0 639.0 639.0 640.0 640.0 641.0 5.0 50.0 55.0 61.0 67.0 73.0 79.0 85.0 91.0 97.0 103.0 109.0 115.0 121.0 127.0 133.0 139.0 145.0 151.0 156.0 162.0 168.0 174.0 180.0 186.0 192.0 198.0 204.0 210.0 216.0 222.0 228.0 234.0 240.0 246.0 252.0 258.0 264.0 269.0 275.0 281.0 287.0 293.0 299.0 305.0 311.0 317.0 323.0 329.0 335.0 341.0 347.0 353.0 359.0 365.0 371.0 377.0 384.0 390.0 396.0 402.0 408.0 413.0 419.0 426.0 431.0 437.0 443.0 449.0 455.0 461.0 467.0 473.0 479.0 485.0 491.0 496.0 502.0 508.0 514.0 520.0 526.0 532.0 538.0 544.0 550.0 556.0 562.0 568.0 574.0 580.0 586.0 592.0 597.0 603.0 609.0 615.0 621.0 627.0 633.0 606.0
617.0 625.0 625.0 626.0 626.0 627.0 627.0 628.0 628.0 628.0 629.0 629.0 630.0 630.0 630.0 630.0 631.0 631.0 631.0 632.0 632.0 632.0 633.0 633.0 634.0 634.0 635.0 635.0 636.0 636.0 636.0 637.0 637.0 637.0 638.0 638.0 639.0 639.0 639.0 640.0 640.0 641.0 641.0 641.0 641.0 642.0 642.0 642.0 642.0 643.0 643.0 643.0 643.0 643.0 643.0 643.0 643.0 643.0 643.0 642.0 642.0 642.0 642.0 641.0 641.0 641.0 640.0 639.0 639.0 638.0 637.0 636.0 636.0 635.0 634.0 633.0 632.0 631.0 630.0 629.0 629.0 628.0 627.0 627.0 626.0 626.0 625.0 625.0 625.0 625.0 625.0 625.0 625.0 625.0 625.0 626.0 626.0 626.0 626.0 627.0 5.0 50.0 56.0 62.0 68.0 73.0 79.0 85.0 91.0 97.0 103.0 110.0 116.0 121.0 127.0 133.0 139.0 145.0 151.0 157.0 163.0 169.0 175.0 181.0 187.0 193.0 199.0 205.0 211.0 217.0 223.0 229.0 235.0 241.0 247.0 253.0 259.0 265.0 271.0 277.0 283.0 289.0 295.0 301.0 307.0 313.0 319.0 325.0 331.0 337.0 343.0 349.0 355.0 361.0 367.0 373.0 379.0 385.0 391.0 397.0 403.0 409.0 415.0 421.0 427.0 432.0 438.0 444.0 450.0 456.0 461.0 467.0 473.0 479.0 485.0 490.0 496.0 502.0 508.0 514.0 519.0 525.0 531.0 537.0 543.0 548.0 554.0 560.0 566.0 573.0 578.0 584.0 590.0 596.0 602.0 608.0 614.0 620.0 626.0 632.0 607.0
617.0 624.0 625.0 625.0 625.0 626.0 626.0 627.0 627.0 627.0 627.0 628.0 628.0 628.0 629.0 629.0 629.0 629.0 629.0 630.0 630.0 630.0 631.0 631.0 631.0 631.0 632.0 632.0 632.0 633.0 633.0 633.0 634.0 634.0 634.0 634.0 634.0 635.0 635.0 635.0 635.0 636.0 636.0 636.0 636.0 636.0 636.0 636.0 636.0 636.0 637.0 636.0 636.0 637.0 636.0 636.0 636.0 635.0 635.0 635.0 635.0 634.0 634.0 633.0 633.0 632.0 631.0 631.0 630.0 629.0 628.0 627.0 626.0 625.0 624.0 623.0 622.0 620.0 620.0 618.0 618.0 617.0 616.0 615.0 614.0 614.0 613.0 613.0 613.0 613.0 612.0 612.0 612.0 613.0 612.0 613.0 613.0 613.0 613.0 614.0 5.0 50.0 55.0 61.0 67.0 73.0 79.0 85.0 91.0 97.0 103.0 109.0 115.0 121.0 127.0 133.0 139.0 146.0 152.0 157.0 163.0 169.0 175.0 181.0 187.0 193.0 200.0 206.0 212.0 218.0 223.0 229.0 235.0 241.0 248.0 254.0 260.0 266.0 272.0 278.0 284.0 290.0 296.0 302.0 308.0 314.0 320.0 326.0 332.0 338.0 344.0 350.0 356.0 362.0 368.0 374.0 380.0 386.0 392.0 398.0 403.0 409.0 415.0 421.0 427.0 433.0 439.0 444.0 450.0 456.0 462.0 468.0 473.0 479.0 484.0 490.0 496.0 502.0 507.0 513.0 519.0 525.0 530.0 536.0 542.0 548.0 553.0 559.0 565.0 571.0 577.0 583.0 589.0 595.0 601.0 607.0 613.0 619.0 625.0 631.0 608.0
617.0 623.0 624.0 624.0 625.0 625.0 625.0 626.0 626.0 626.0 626.0 626.0 626.0 627.0 627.0 627.0 627.0 627.0 627.0 627.0 628.0 628.0 628.0 628.0 628.0 629.0 629.0 629.0 629.0 629.0 629.0 630.0 630.0 630.0 630.0 630.0 630.0 630.0 630.0 631.0 631.0 631.0 631.0 631.0 631.0 631.0 631.0 631.0 631.0 630.0 630.0 630.0 630.0 630.0 629.0 629.0 629.0 628.0 628.0 627.0 627.0 626.0 626.0 625.0 624.0 624.0 622.0 622.0 621.0 619.0 619.0 617.0 616.0 615.0 614.0 613.0 611.0 610.0 609.0 608.0 607.0 606.0 605.0 604.0 603.0 602.0 602.0 601.0 601.0 601.0 600.0 600.0 600.0 600.0 600.0 600.0 600.0 600.0 600.0 601.0 5.0 51.0 56.0 62.0 68.0 74.0 80.0 86.0 92.0 98.0 104.0 110.0 117.0 123.0 129.0 135.0 141.0 147.0 153.0 159.0 165.0 171.0 177.0 183.0 189.0 195.0 201.0 207.0 213.0 219.0 225.0 231.0 237.0 243.0 250.0 256.0 262.0 268.0 274.0 280.0 286.0 292.0 298.0 304.0 310.0 316.0 322.0 328.0 334.0 340.0 346.0 352.0 358.0 364.0 369.0 375.0 381.0 387.0 393.0 399.0 405.0 411.0 417.0 422.0 428.0 434.0 440.0 446.0 451.0 457.0 463.0 468.0 474.0 480.0 485.0 491.0 496.0 502.0 508.0 513.0 519.0 525.0 531.0 536.0 542.0 548.0 554.0 559.0 565.0 571.0 577.0 583.0 589.0 595.0 601.0 607.0 613.0 619.0 624.0 630.0 609.0
617.0 623.0 623.0 624.0 624.0 624.0 624.0 624.0 625.0 625.0 625.0 625.0 625.0 625.0 625.0 625.0 625.0 625.0 625.0 626.0 625.0 625.0 626.0 626.0 626.0 626.0 626.0 626.0 626.0 626.0 626.0 626.0 627.0 626.0 626.0 626.0 626.0 626.0 626.0 627.0 627.0 626.0 626.0 626.0 626.0 626.0 626.0 626.0 625.0 625.0 625.0 625.0 624.0 624.0 624.0 623.0 622.0 622.0 622.0 621.0 620.0 619.0 619.0 618.0 617.0 616.0 615.0 614.0 613.0 612.0 610.0 609.0 608.0 606.0 605.0 604.0 602.0 601.0 600.0 599.0 597.0 596.0 595.0 594.0 593.0 592.0 592.0 591.0 591.0 590.0 590.0 590.0 589.0 589.0 589.0 589.0 589.0 589.0 589.0 589.0 5.0 51.0 57.0 63.0 69.0 75.0 81.0 87.0 93.0 99.0 105.0 112.0 118.0 124.0 130.0 136.0 142.0 148.0 154.0 160.0 166.0 172.0 178.0 184.0 190.0 196.0 203.0 209.0 215.0 221.0 227.0 233.0 239.0 245.0 251.0 257.0 263.0 269.0 275.0 281.0 287.0 293.0 299.0 305.0 311.0 317.0 323.0 329.0 335.0 341.0 347.0 353.0 359.0 365.0 371.0 376.0 382.0 388.0 394.0 400.0 406.0 412.0 418.0 423.0 429.0 435.0 440.0 446.0 452.0 458.0 463.0 469.0 474.0 480.0 485.0 491.0 496.0 502.0 508.0 514.0 519.0 525.0 530.0 536.0 542.0 548.0 553.0 559.0 565.0 571.0 577.0 582.0 588.0 594.0 600.0 606.0 612.0 618.0 624.0 630.0 610.0
617.0 623.0 623.0 623.0 623.0 624.0 624.0 624.0 624.0 624.0 624.0 624.0 624.0 624.0 624.0 624.0 624.0 624.0 624.0 624.0 624.0 624.0 624.0 624.0 624.0 624.0 624.0 624.0 624.0 624.0 624.0 624.0 624.0 623.0 623.0 624.0 624.0 623.0 623.0 623.0 623.0 623.0 623.0 623.0 622.0 622.0 622.0 622.0 621.0 621.0 621.0 620.0 620.0 620.0 619.0 618.0 618.0 617.0 617.0 616.0 615.0 614.0 613.0 612.0 611.0 610.0 609.0 608.0 607.0 605.0 604.0 602.0 601.0 600.0 598.0 597.0 595.0 594.0 593.0 592.0 590.0 589.0 588.0 587.0 586.0 585.0 584.0 583.0 583.0 582.0 582.0 581.0 581.0 581.0 580.0 580.0 580.0 580.0 580.0 580.0 5.0 52.0 58.0 64.0 70.0 76.0 82.0 88.0 94.0 100.0 106.0 112.0 118.0 125.0 131.0 137.0 143.0 149.0 155.0 161.0 167.0 173.0 179.0 185.0 191.0 197.0 204.0 210.0 216.0 222.0 228.0 234.0 240.0 246.0 252.0 258.0 264.0 270.0 276.0 282.0 288.0 294.0 300.0 306.0 312.0 318.0 324.0 330.0 336.0 342.0 348.0 354.0 360.0 366.0 372.0 377.0 383.0 390.0 395.0 401.0 407.0 413.0 418.0 424.0 430.0 436.0 441.0 447.0 452.0 458.0 464.0 469.0 475.0 480.0 486.0 491.0 497.0 503.0 508.0 514.0 519.0 525.0 531.0 536.0 542.0 548.0 554.0 559.0 565.0 571.0 577.0 583.0 589.0 595.0 601.0 607.0 613.0 619.0 625.0 631.0 611.0
617.0 622.0 623.0 623.0 623.0 623.0 623.0 623.0 623.0 623.0 623.0 623.0 623.0 623.0 623.0 623.0 623.0 623.0 623.0 623.0 623.0 623.0 623.0 623.0 622.0 622.0 622.0 623.0 622.0 622.0 622.0 622.0 622.0 622.0 622.0 622.0 622.0 621.0 621.0 621.0 621.0 621.0 621.0 620.0 620.0 620.0 620.0 619.0 619.0 618.0 618.0 618.0 617.0 617.0 616.0 615.0 614.0 614.0 613.0 613.0 612.0 611.0 609.0 609.0 608.0 607.0 605.0 604.0 602.0 601.0 600.0 598.0 597.0 595.0 594.0 592.0 591.0 590.0 588.0 587.0 585.0 584.0 583.0 582.0 581.0 580.0 579.0 578.0 577.0 577.0 576.0 576.0 576.0 575.0 575.0 575.0 574.0 574.0 574.0 574.0 5.0 51.0 57.0 63.0 70.0 75.0 82.0 88.0 94.0 100.0 106.0 112.0 118.0 124.0 130.0 137.0 143.0 149.0 155.0 161.0 167.0 173.0 179.0 185.0 191.0 197.0 203.0 209.0 215.0 222.0 228.0 234.0 240.0 246.0 252.0 258.0 264.0 270.0 276.0 282.0 288.0 294.0 300.0 306.0 312.0 318.0 324.0 330.0 336.0 342.0 348.0 354.0 360.0 366.0 372.0 378.0 384.0 390.0 395.0 401.0 407.0 413.0 419.0 424.0 430.0 436.0 441.0 447.0 453.0 458.0 464.0 469.0 475.0 481.0 486.0 492.0 497.0 503.0 508.0 514.0 520.0 525.0 531.0 537.0 542.0 548.0 554.0 560.0 565.0 571.0 577.0 583.0 589.0 595.0 601.0 607.0 613.0 619.0 625.0 631.0 612.0
617.0 622.0 622.0 623.0 623.0 623.0 623.0 623.0 623.0 623.0 623.0 623.0 623.0 623.0 623.0 623.0 622.0 622.0 622.0 622.0 622.0 622.0 622.0 622.0 622.0 622.0 622.0 622.0 622.0 622.0 621.0 621.0 621.0 621.0 621.0 621.0 621.0 620.0 620.0 620.0 620.0 620.0 619.0 619.0 619.0 619.0 618.0 618.0 618.0 617.0 617.0 616.0 616.0 615.0 615.0 614.0 613.0 613.0 612.0 611.0 610.0 609.0 608.0 607.0 606.0 605.0 604.0 603.0 601.0 600.0 598.0 597.0 595.0 594.0 592.0 591.0 589.0 588.0 586.0 585.0 583.0 582.0 581.0 580.0 579.0 578.0 577.0 576.0 575.0 575.0 574.0 573.0 573.0 573.0 573.0 572.0 572.0 572.0 572.0 571.0 5.0 52.0 58.0 64.0 70.0 76.0 82.0 88.0 94.0 100.0 106.0 113.0 119.0 125.0 131.0 137.0 143.0 149.0 155.0 161.0 167.0 173.0 179.0 185.0 191.0 197.0 204.0 210.0 216.0 222.0 228.0 234.0 240.0 246.0 252.0 258.0 264.0 271.0 277.0 283.0 289.0 295.0 301.0 307.0 313.0 319.0 325.0 331.0 337.0 342.0 348.0 354.0 360.0 366.0 372.0 378.0 384.0 390.0 395.0 401.0 407.0 413.0 419.0 424.0 430.0 436.0 441.0 447.0 452.0 458.0 463.0 469.0 474.0 480.0 486.0 491.0 497.0 502.0 508.0 513.0 519.0 525.0 530.0 536.0 541.0 547.0 553.0 559.0 564.0 570.0 576.0 582.0 588.0 594.0 600.0 606.0 612.0 618.0 624.0 630.0 613.0
617.0 622.0 622.0 623.0 623.0 623.0 623.0 623.0 623.0 623.0 623.0 623.0 623.0 623.0 623.0 623.0 622.0 622.0 622.0 622.0 622.0 622.0 622.0 622.0 622.0 622.0 622.0 622.0 622.0 622.0 622.0 622.0 621.0 621.0 621.0 621.0 621.0 621.0 621.0 620.0 620.0 620.0 620.0 620.0 619.0 619.0 619.0 618.0 618.0 618.0 617.0 617.0 616.0 616.0 615.0 615.0 614.0 613.0 613.0 612.0 611.0 610.0 609.0 608.0 607.0 606.0 605.0 603.0 602.0 601.0 599.0 598.0 596.0 595.0 593.0 592.0 590.0 589.0 587.0 586.0 584.0 583.0 582.0 581.0 580.0 579.0 578.0 577.0 576.0 576.0 575.0 575.0 574.0 574.0 574.0 573.0 573.0 573.0 573.0 573.0 5.0 52.0 58.0 64.0 70.0 76.0 82.0 88.0 94.0 100.0 106.0 112.0 118.0 125.0 131.0 137.0 143.0 149.0 155.0 161.0 167.0 173.0 179.0 185.0 191.0 197.0 203.0 209.0 215.0 222.0 228.0 234.0 240.0 246.0 252.0 258.0 264.0 270.0 276.0 282.0 288.0 294.0 300.0 306.0 312.0 318.0 324.0 330.0 336.0 342.0 348.0 354.0 360.0 366.0 372.0 378.0 383.0 389.0 395.0 401.0 406.0 412.0 418.0 424.0 429.0 435.0 441.0 446.0 452.0 457.0 463.0 468.0 474.0 479.0 485.0 490.0 496.0 502.0 507.0 513.0 518.0 524.0 529.0 535.0 541.0 546.0 552.0 558.0 564.0 569.0 575.0 581.0 587.0 593.0 599.0 605.0 611.0 617.0 623.0 629.0 614.0
617.0 622.0 623.0 623.0 623.0 623.0 623.0 623.0 623.0 623.0 623.0 624.0 623.0 623.0 623.0 623.0 623.0 623.0 623.0 623.0 623.0 623.0 623.0 623.0 623.0 623.0 623.0 623.0 623.0 623.0 623.0 623.0 623.0 623.0 623.0 623.0 623.0 622.0 622.0 622.0 622.0 622.0 622.0 621.0 621.0 621.0 621.0 621.0 620.0 620.0 620.0 619.0 618.0 618.0 618.0 617.0 617.0 616.0 615.0 615.0 614.0 613.0 612.0 611.0 610.0 609.0 608.0 607.0 605.0 604.0 603.0 601.0 600.0 598.0 597.0 596.0 594.0 593.0 591.0 590.0 589.0 588.0 586.0 585.0 584.0 583.0 583.0 582.0 581.0 581.0 580.0 580.0 580.0 579.0 579.0 579.0 578.0 578.0 578.0 578.0 5.0 52.0 58.0 64.0 70.0 76.0 82.0 88.0 94.0 100.0 106.0 112.0 118.0 125.0 131.0 137.0 143.0 149.0 155.0 161.0 167.0 173.0 179.0 185.0 191.0 197.0 203.0 209.0 215.0 222.0 228.0 234.0 240.0 246.0 252.0 258.0 264.0 270.0 276.0 282.0 288.0 294.0 300.0 306.0 312.0 318.0 324.0 330.0 336.0 342.0 348.0 354.0 360.0 366.0 372.0 377.0 383.0 389.0 395.0 401.0 406.0 412.0 418.0 424.0 429.0 435.0 441.0 446.0 452.0 458.0 463.0 469.0 474.0 480.0 485.0 491.0 496.0 502.0 507.0 513.0 518.0 524.0 529.0 535.0 541.0 546.0 552.0 558.0 564.0 570.0 576.0 581.0 587.0 593.0 599.0 605.0 611.0 617.0 623.0 629.0 615.0
617.0 623.0 623.0 623.0 623.0 624.0 624.0 624.0 624.0 624.0 624.0 624.0 624.0 624.0 624.0 625.0 624.0 624.0 624.0 624.0 625.0 625.0 625.0 625.0 624.0 625.0 625.0 625.0 625.0 625.0 625.0 625.0 625.0 625.0 625.0 625.0 625.0 625.0 625.0 625.0 625.0 625.0 625.0 625.0 625.0 625.0 625.0 624.0 624.0 624.0 624.0 623.0 623.0 623.0 622.0 622.0 621.0 621.0 620.0 619.0 619.0 618.0 617.0 617.0 616.0 615.0 614.0 613.0 612.0 611.0 609.0 608.0 607.0 605.0 604.0 603.0 602.0 600.0 599.0 598.0 597.0 596.0 594.0 594.0 593.0 592.0 591.0 590.0 590.0 589.0 589.0 588.0 588.0 588.0 588.0 588.0 587.0 587.0 587.0 587.0 5.0 50.0 56.0 62.0 68.0 74.0 80.0 86.0 93.0 99.0 105.0 111.0 117.0 123.0 129.0 135.0 141.0 147.0 153.0 159.0 165.0 171.0 177.0 183.0 189.0 195.0 201.0 207.0 213.0 219.0 225.0 231.0 237.0 243.0 249.0 255.0 262.0 268.0 274.0 280.0 286.0 292.0 298.0 304.0 310.0 316.0 322.0 328.0 334.0 340.0 345.0 351.0 357.0 363.0 369.0 375.0 381.0 387.0 393.0 399.0 404.0 410.0 416.0 422.0 427.0 433.0 439.0 445.0 450.0 456.0 461.0 467.0 473.0 478.0 484.0 489.0 495.0 501.0 506.0 512.0 517.0 523.0 528.0 534.0 540.0 546.0 551.0 557.0 563.0 569.0 575.0 581.0 587.0 593.0 599.0 605.0 611.0 616.0 622.0 628.0 616.0
617.0 623.0 624.0 624.0 624.0 624.0 624.0 625.0 625.0 625.0 625.0 625.0 625.0 625.0 625.0 626.0 626.0 626.0 626.0 626.0 626.0 627.0 627.0 627.0 627.0 627.0 627.0 627.0 627.0 627.0 628.0 628.0 628.0 628.0 628.0 628.0 628.0 628.0 629.0 629.0 629.0 629.0 629.0 629.0 629.0 629.0 629.0 629.0 628.0 628.0 628.0 628.0 628.0 628.0 627.0 627.0 627.0 626.0 626.0 625.0 625.0 624.0 624.0 623.0 622.0 621.0 621.0 620.0 619.0 618.0 616.0 615.0 614.0 613.0 612.0 611.0 610.0 608.0 607.0 606.0 605.0 604.0 603.0 602.0 602.0 601.0 601.0 600.0 599.0 599.0 599.0 598.0 598.0 598.0 598.0 598.0 597.0 598.0 598.0 598.0 5.0 51.0 57.0 63.0 69.0 75.0 81.0 87.0 93.0 99.0 105.0 111.0 117.0 123.0 129.0 135.0 141.0 147.0 153.0 159.0 165.0 171.0 177.0 183.0 189.0 195.0 201.0 207.0 213.0 219.0 225.0 231.0 237.0 243.0 249.0 255.0 261.0 267.0 273.0 279.0 285.0 291.0 297.0 303.0 309.0 315.0 321.0 327.0 333.0 339.0 345.0 351.0 357.0 363.0 369.0 375.0 381.0 387.0 393.0 399.0 405.0 411.0 416.0 422.0 428.0 434.0 440.0 445.0 451.0 457.0 462.0 468.0 474.0 479.0 485.0 490.0 496.0 502.0 507.0 513.0 519.0 524.0 530.0 536.0 541.0 547.0 553.0 559.0 565.0 571.0 577.0 583.0 589.0 595.0 601.0 607.0 613.0 618.0 624.0 630.0 617.0
617.0 624.0 624.0 624.0 625.0 625.0 625.0 626.0 626.0 626.0 626.0 627.0 627.0 627.0 627.0 627.0 628.0 628.0 628.0 628.0 628.0 629.0 629.0 629.0 629.0 630.0 630.0 630.0 631.0 631.0 631.0 631.0 632.0 632.0 632.0 632.0 632.0 633.0 633.0 633.0 633.0 633.0 634.0 634.0 634.0 634.0 634.0 634.0 634.0 634.0 634.0 634.0 634.0 634.0 634.0 633.0 633.0 633.0 633.0 632.0 632.0 632.0 631.0 631.0 630.0 629.0 629.0 628.0 627.0 626.0 625.0 625.0 624.0 623.0 622.0 620.0 620.0 618.0 618.0 617.0 616.0 615.0 614.0 613.0 613.0 612.0 612.0 611.0 611.0 611.0 610.0 610.0 610.0 610.0 610.0 610.0 610.0 610.0 610.0 611.0 5.0 50.0 56.0 62.0 68.0 74.0 80.0 86.0 92.0 98.0 104.0 110.0 116.0 122.0 128.0 134.0 140.0 146.0 152.0 158.0 164.0 170.0 176.0 182.0 188.0 194.0 200.0 206.0 212.0 217.0 223.0 229.0 236.0 242.0 248.0 254.0 260.0 266.0 271.0 277.0 283.0 289.0 295.0 301.0 307.0 313.0 319.0 325.0 331.0 337.0 343.0 349.0 355.0 361.0 367.0 373.0 379.0 385.0 391.0 397.0 403.0 409.0 415.0 421.0 426.0 432.0 438.0 444.0 450.0 455.0 461.0 467.0 472.0 478.0 484.0 490.0 495.0 501.0 507.0 512.0 518.0 524.0 530.0 535.0 541.0 547.0 553.0 559.0 565.0 570.0 576.0 582.0 588.0 594.0 600.0 606.0 612.0 618.0 624.0 630.0 618.0
617.0 624.0 625.0 625.0 626.0 626.0 627.0 627.0 627.0 628.0 628.0 628.0 628.0 629.0 629.0 629.0 630.0 630.0 630.0 630.0 631.0 631.0 632.0 632.0 632.0 633.0 633.0 633.0 634.0 634.0 635.0 635.0 635.0 636.0 636.0 636.0 637.0 637.0 637.0 637.0 638.0 638.0 639.0 639.0 639.0 639.0 639.0 640.0 640.0 640.0 640.0 640.0 640.0 641.0 640.0 640.0 640.0 640.0 640.0 640.0 640.0 640.0 639.0 639.0 638.0 638.0 637.0 637.0 636.0 635.0 635.0 634.0 633.0 632.0 631.0 630.0 630.0 629.0 628.0 627.0 626.0 626.0 625.0 624.0 624.0 623.0 623.0 623.0 623.0 623.0 623.0 622.0 622.0 623.0 622.0 623.0 623.0 623.0 624.0 624.0 5.0 50.0 56.0 62.0 68.0 74.0 80.0 86.0 92.0 98.0 104.0 110.0 116.0 122.0 128.0 134.0 140.0 146.0 152.0 158.0 164.0 170.0 176.0 181.0 187.0 193.0 199.0 205.0 211.0 217.0 223.0 229.0 235.0 241.0 247.0 253.0 259.0 265.0 271.0 277.0 283.0 289.0 295.0 301.0 307.0 313.0 319.0 325.0 331.0 337.0 342.0 348.0 354.0 360.0 366.0 372.0 379.0 385.0 390.0 396.0 402.0 408.0 414.0 420.0 426.0 432.0 438.0 444.0 450.0 456.0 461.0 467.0 473.0 479.0 485.0 490.0 496.0 502.0 508.0 513.0 519.0 525.0 531.0 537.0 543.0 548.0 554.0 560.0 566.0 572.0 578.0 584.0 590.0 596.0 602.0 608.0 614.0 620.0 626.0 632.0 619.0
617.0 625.0 625.0 626.0 627.0 627.0 628.0 628.0 628.0 629.0 629.0 630.0 630.0 630.0 631.0 631.0 631.0 632.0 632.0 633.0 633.0 634.0 634.0 635.0 635.0 636.0 636.0 637.0 637.0 637.0 638.0 638.0 639.0 639.0 640.0 640.0 641.0 641.0 642.0 642.0 643.0 643.0 644.0 644.0 644.0 645.0 645.0 646.0 646.0 646.0 646.0 647.0 647.0 647.0 647.0 647.0 647.0 647.0 647.0 647.0 647.0 647.0 647.0 647.0 647.0 646.0 646.0 646.0 645.0 644.0 644.0 643.0 643.0 642.0 641.0 640.0 640.0 639.0 638.0 638.0 637.0 637.0 636.0 635.0 635.0 635.0 635.0 635.0 634.0 634.0 634.0 635.0 635.0 635.0 635.0 636.0 636.0 636.0 637.0 637.0 5.0 50.0 56.0 62.0 68.0 74.0 79.0 85.0 91.0 97.0 103.0 109.0 115.0 122.0 128.0 133.0 139.0 145.0 151.0 157.0 163.0 169.0 175.0 181.0 187.0 193.0 199.0 205.0 211.0 216.0 222.0 228.0 234.0 240.0 246.0 252.0 258.0 264.0 270.0 276.0 282.0 288.0 294.0 300.0 306.0 312.0 318.0 324.0 330.0 336.0 341.0 347.0 353.0 359.0 365.0 371.0 377.0 383.0 389.0 395.0 401.0 407.0 413.0 420.0 426.0 432.0 438.0 443.0 449.0 455.0 461.0 467.0 473.0 478.0 485.0 491.0 496.0 502.0 508.0 514.0 520.0 526.0 532.0 537.0 543.0 549.0 555.0 561.0 567.0 573.0 579.0 585.0 591.0 597.0 603.0 609.0 615.0 621.0 627.0 633.0 620.0
617.0 625.0 626.0 627.0 627.0 628.0 629.0 629.0 629.0 630.0 630.0 631.0 632.0 632.0 632.0 633.0 633.0 634.0 634.0 635.0 635.0 636.0 636.0 637.0 638.0 638.0 639.0 639.0 640.0 641.0 641.0 642.0 643.0 643.0 643.0 644.0 645.0 645.0 646.0 647.0 647.0 647.0 648.0 649.0 649.0 650.0 650.0 651.0 651.0 651.0 652.0 652.0 652.0 653.0 653.0 653.0 654.0 654.0 654.0 654.0 654.0 654.0 654.0 654.0 654.0 654.0 654.0 653.0 653.0 653.0 652.0 652.0 651.0 650.0 650.0 650.0 649.0 648.0 648.0 647.0 647.0 646.0 646.0 645.0 645.0 645.0 645.0 645.0 645.0 645.0 645.0 646.0 646.0 646.0 647.0 647.0 648.0 648.0 649.0 650.0 5.0 50.0 55.0 61.0 67.0 73.0 79.0 85.0 91.0 97.0 103.0 109.0 115.0 121.0 127.0 133.0 139.0 145.0 151.0 157.0 163.0 169.0 175.0 181.0 187.0 193.0 199.0 204.0 210.0 216.0 222.0 228.0 234.0 240.0 246.0 252.0 258.0 263.0 269.0 275.0 281.0 287.0 293.0 299.0 305.0 311.0 317.0 323.0 329.0 335.0 341.0 347.0 353.0 359.0 365.0 371.0 377.0 383.0 389.0 395.0 401.0 407.0 413.0 419.0 425.0 431.0 437.0 443.0 449.0 455.0 461.0 467.0 473.0 479.0 485.0 491.0 497.0 503.0 509.0 515.0 521.0 527.0 533.0 539.0 544.0 550.0 556.0 562.0 569.0 574.0 581.0 587.0 593.0 599.0 605.0 611.0 616.0 622.0 628.0 634.0 621.0
617.0 626.0 627.0 627.0 628.0 628.0 629.0 630.0 631.0 631.0 631.0 632.0 633.0 633.0 634.0 634.0 635.0 635.0 636.0 637.0 637.0 638.0 638.0 639.0 640.0 641.0 641.0 642.0 642.0 643.0 644.0 645.0 645.0 646.0 647.0 647.0 648.0 648.0 649.0 650.0 651.0 651.0 652.0 653.0 653.0 654.0 654.0 655.0 656.0 656.0 656.0 657.0 657.0 658.0 658.0 658.0 659.0 659.0 659.0 660.0 660.0 660.0 660.0 660.0 660.0 660.0 660.0 660.0 660.0 659.0 659.0 659.0 658.0 658.0 658.0 657.0 656.0 656.0 656.0 655.0 655.0 654.0 654.0 654.0 654.0 654.0 654.0 654.0 654.0 654.0 655.0 655.0 655.0 656.0 656.0 657.0 657.0 658.0 659.0 660.0 5.0 49.0 55.0 61.0 67.0 73.0 79.0 85.0 91.0 97.0 103.0 109.0 115.0 121.0 127.0 133.0 139.0 145.0 151.0 157.0 163.0 169.0 174.0 180.0 186.0 192.0 198.0 204.0 210.0 216.0 222.0 227.0 233.0 239.0 245.0 251.0 257.0 263.0 269.0 275.0 281.0 287.0 293.0 299.0 305.0 311.0 316.0 322.0 328.0 334.0 340.0 346.0 352.0 358.0 364.0 370.0 376.0 382.0 388.0 394.0 400.0 406.0 412.0 418.0 424.0 430.0 436.0 443.0 449.0 455.0 461.0 467.0 473.0 479.0 485.0 491.0 497.0 503.0 509.0 515.0 521.0 527.0 533.0 539.0 545.0 551.0 557.0 563.0 569.0 575.0 581.0 587.0 593.0 599.0 605.0 611.0 617.0 623.0 629.0 635.0 622.0
617.0 626.0 627.0 628.0 629.0 629.0 630.0 630.0 631.0 632.0 632.0 633.0 633.0 634.0 635.0 635.0 636.0 636.0 637.0 638.0 638.0 639.0 640.0 641.0 641.0 642.0 643.0 644.0 644.0 645.0 646.0 647.0 647.0 648.0 649.0 650.0 650.0 651.0 652.0 653.0 653.0 654.0 655.0 656.0 656.0 657.0 657.0 658.0 659.0 659.0 660.0 661.0 661.0 661.0 662.0 662.0 663.0 663.0 664.0 664.0 664.0 664.0 665.0 665.0 665.0 665.0 665.0 665.0 665.0 664.0 664.0 664.0 664.0 663.0 663.0 663.0 662.0 662.0 661.0 661.0 661.0 661.0 660.0 660.0 660.0 660.0 660.0 661.0 661.0 661.0 661.0 662.0 662.0 663.0 663.0 664.0 664.0 665.0 666.0 667.0 5.0 49.0 55.0 61.0 67.0 73.0 79.0 85.0 91.0 97.0 102.0 109.0 115.0 121.0 127.0 132.0 138.0 144.0 150.0 156.0 162.0 168.0 174.0 180.0 186.0 192.0 197.0 203.0 209.0 215.0 221.0 227.0 233.0 239.0 245.0 251.0 257.0 262.0 268.0 274.0 280.0 286.0 292.0 298.0 304.0 310.0 316.0 322.0 327.0 333.0 339.0 345.0 351.0 357.0 363.0 369.0 375.0 381.0 387.0 393.0 399.0 405.0 411.0 417.0 423.0 430.0 436.0 442.0 448.0 454.0 460.0 466.0 472.0 478.0 484.0 490.0 496.0 503.0 509.0 515.0 521.0 527.0 533.0 539.0 545.0 551.0 557.0 563.0 569.0 575.0 581.0 587.0 593.0 599.0 605.0 611.0 617.0 623.0 629.0 634.0 623.0
617.0 626.0 627.0 628.0 629.0 629.0 630.0 631.0 632.0 632.0 633.0 634.0 634.0 635.0 635.0 636.0 636.0 637.0 638.0 639.0 639.0 640.0 641.0 642.0 643.0 643.0 644.0 645.0 645.0 646.0 647.0 648.0 649.0 650.0 650.0 651.0 652.0 653.0 653.0 654.0 655.0 656.0 657.0 657.0 658.0 659.0 659.0 660.0 661.0 661.0 662.0 663.0 663.0 664.0 664.0 664.0 665.0 665.0 666.0 666.0 667.0 667.0 667.0 667.0 668.0 668.0 668.0 668.0 667.0 667.0 667.0 667.0 667.0 666.0 666.0 666.0 665.0 665.0 665.0 665.0 664.0 664.0 664.0 664.0 664.0 664.0 664.0 664.0 665.0 665.0 665.0 666.0 666.0 667.0 667.0 668.0 669.0 670.0 671.0 671.0 5.0 49.0 55.0 61.0 67.0 73.0 79.0 85.0 90.0 96.0 102.0 108.0 114.0 120.0 126.0 132.0 138.0 144.0 150.0 156.0 162.0 168.0 174.0 180.0 186.0 192.0 197.0 203.0 209.0 215.0 221.0 227.0 233.0 239.0 245.0 250.0 256.0 262.0 268.0 274.0 280.0 286.0 292.0 298.0 304.0 310.0 316.0 322.0 327.0 333.0 339.0 345.0 351.0 357.0 363.0 369.0 375.0 381.0 387.0 393.0 399.0 405.0 412.0 418.0 424.0 430.0 436.0 442.0 448.0 454.0 460.0 466.0 472.0 479.0 485.0 491.0 497.0 503.0 509.0 515.0 521.0 527.0 533.0 540.0 546.0 552.0 558.0 564.0 570.0 576.0 582.0 588.0 594.0 600.0 606.0 612.0 618.0 623.0 629.0 635.0 624.0
617.0 627.0 628.0 628.0 629.0 629.0 630.0 631.0 632.0 632.0 633.0 634.0 634.0 635.0 636.0 636.0 637.0 637.0 638.0 639.0 639.0 640.0 641.0 642.0 643.0 643.0 644.0 645.0 646.0 647.0 648.0 648.0 649.0 650.0 651.0 652.0 652.0 653.0 654.0 655.0 656.0 656.0 657.0 658.0 659.0 659.0 660.0 661.0 661.0 662.0 663.0 663.0 664.0 664.0 665.0 665.0 666.0 666.0 667.0 667.0 667.0 668.0 668.0 668.0 668.0 668.0 668.0 668.0 668.0 668.0 668.0 668.0 667.0 667.0 667.0 667.0 666.0 666.0 666.0 666.0 665.0 665.0 665.0 665.0 665.0 665.0 665.0 665.0 666.0 666.0 666.0 667.0 667.0 668.0 669.0 669.0 670.0 671.0 672.0 672.0 5.0 49.0 55.0 61.0 67.0 73.0 79.0 85.0 90.0 96.0 102.0 108.0 114.0 120.0 126.0 132.0 138.0 144.0 150.0 156.0 162.0 168.0 174.0 180.0 186.0 192.0 197.0 203.0 209.0 215.0 221.0 227.0 233.0 239.0 245.0 250.0 256.0 262.0 268.0 274.0 280.0 286.0 292.0 298.0 304.0 309.0 315.0 321.0 327.0 333.0 339.0 345.0 351.0 357.0 363.0 369.0 375.0 381.0 387.0 393.0 399.0 405.0 411.0 417.0 423.0 430.0 436.0 442.0 448.0 454.0 460.0 466.0 472.0 479.0 485.0 491.0 497.0 503.0 509.0 515.0 521.0 527.0 533.0 540.0 546.0 552.0 558.0 564.0 570.0 576.0 582.0 588.0 594.0 600.0 606.0 612.0 618.0 624.0 630.0 635.0 625.0
617.0 626.0 627.0 628.0 629.0 629.0 630.0 631.0 632.0 632.0 633.0 634.0 634.0 634.0 635.0 636.0 636.0 637.0 638.0 639.0 639.0 640.0 641.0 642.0 643.0 643.0 644.0 645.0 646.0 646.0 647.0 648.0 649.0 649.0 650.0 651.0 652.0 652.0 653.0 654.0 655.0 656.0 656.0 657.0 658.0 659.0 659.0 660.0 661.0 661.0 662.0 662.0 663.0 663.0 664.0 664.0 665.0 665.0 666.0 666.0 666.0 667.0 667.0 667.0 667.0 667.0 667.0 667.0 667.0 667.0 666.0 666.0 666.0 666.0 666.0 665.0 665.0 664.0 664.0 664.0 664.0 663.0 663.0 663.0 663.0 663.0 663.0 663.0 664.0 664.0 664.0 665.0 665.0 666.0 667.0 667.0 668.0 669.0 670.0 671.0 5.0 49.0 55.0 61.0 67.0 73.0 79.0 85.0 91.0 97.0 102.0 108.0 114.0 120.0 126.0 132.0 138.0 144.0 150.0 156.0 162.0 168.0 174.0 180.0 186.0 192.0 197.0 203.0 209.0 215.0 221.0 227.0 233.0 239.0 245.0 251.0 257.0 262.0 268.0 274.0 280.0 286.0 292.0 298.0 304.0 310.0 316.0 322.0 327.0 333.0 339.0 345.0 351.0 357.0 363.0 369.0 375.0 381.0 387.0 393.0 399.0 405.0 412.0 418.0 424.0 430.0 436.0 442.0 448.0 454.0 460.0 466.0 472.0 479.0 485.0 491.0 497.0 503.0 509.0 516.0 522.0 528.0 533.0 540.0 546.0 552.0 558.0 564.0 570.0 576.0 582.0 588.0 594.0 600.0 606.0 612.0 618.0 624.0 630.0 635.0 626.0
617.0 626.0 627.0 628.0 629.0 629.0 630.0 631.0 631.0 632.0 632.0 633.0 633.0 634.0 635.0 635.0 636.0 637.0 637.0 638.0 639.0 639.0 640.0 641.0 642.0 642.0 643.0 644.0 645.0 645.0 646.0 647.0 647.0 648.0 649.0 650.0 650.0 651.0 652.0 652.0 653.0 654.0 654.0 655.0 656.0 657.0 657.0 658.0 658.0 659.0 659.0 660.0 660.0 661.0 662.0 662.0 662.0 663.0 663.0 663.0 664.0 664.0 664.0 664.0 664.0 664.0 664.0 664.0 664.0 663.0 663.0 663.0 662.0 662.0 662.0 661.0 661.0 660.0 660.0 660.0 660.0 659.0 659.0 659.0 658.0 659.0 659.0 659.0 659.0 659.0 659.0 660.0 660.0 661.0 661.0 662.0 662.0 663.0 664.0 665.0 5.0 49.0 55.0 61.0 67.0 73.0 79.0 85.0 91.0 96.0 102.0 108.0 114.0 120.0 126.0 132.0 138.0 144.0 150.0 156.0 162.0 168.0 174.0 180.0 186.0 192.0 197.0 203.0 209.0 215.0 221.0 227.0 233.0 239.0 245.0 250.0 256.0 262.0 268.0 274.0 280.0 286.0 292.0 298.0 304.0 310.0 316.0 322.0 327.0 333.0 339.0 345.0 351.0 357.0 363.0 369.0 375.0 381.0 387.0 394.0 400.0 406.0 412.0 418.0 424.0 430.0 436.0 442.0 448.0 454.0 460.0 466.0 472.0 479.0 485.0 491.0 497.0 503.0 509.0 515.0 521.0 527.0 533.0 539.0 545.0 551.0 557.0 564.0 570.0 576.0 582.0 588.0 594.0 600.0 606.0 611.0 617.0 623.0 629.0 635.0 627.0
617.0 626.0 627.0 628.0 628.0 629.0 629.0 630.0 630.0 631.0 632.0 632.0 633.0 633.0 634.0 634.0 635.0 636.0 636.0 637.0 637.0 638.0 638.0 639.0 640.0 641.0 641.0 642.0 643.0 643.0 644.0 645.0 645.0 646.0 646.0 647.0 648.0 648.0 649.0 650.0 650.0 651.0 652.0 653.0 653.0 653.0 654.0 655.0 655.0 656.0 656.0 657.0 657.0 657.0 658.0 658.0 658.0 659.0 659.0 659.0 659.0 659.0 659.0 659.0 659.0 659.0 659.0 659.0 659.0 658.0 658.0 657.0 657.0 657.0 656.0 656.0 655.0 655.0 654.0 654.0 653.0 653.0 653.0 652.0 652.0 652.0 652.0 652.0 652.0 652.0 652.0 652.0 653.0 653.0 654.0 654.0 655.0 655.0 656.0 657.0 5.0 49.0 55.0 61.0 67.0 73.0 79.0 85.0 91.0 97.0 103.0 109.0 115.0 121.0 127.0 133.0 138.0 144.0 150.0 156.0 162.0 168.0 174.0 180.0 186.0 192.0 198.0 203.0 209.0 215.0 221.0 227.0 233.0 239.0 245.0 251.0 257.0 262.0 268.0 274.0 280.0 286.0 292.0 298.0 304.0 310.0 316.0 322.0 328.0 333.0 339.0 345.0 352.0 358.0 364.0 370.0 376.0 382.0 388.0 394.0 400.0 406.0 412.0 418.0 424.0 430.0 436.0 442.0 449.0 455.0 460.0 466.0 472.0 479.0 485.0 491.0 496.0 502.0 508.0 514.0 520.0 526.0 532.0 538.0 544.0 550.0 556.0 562.0 569.0 575.0 581.0 587.0 593.0 599.0 605.0 610.0 616.0 622.0 628.0 634.0 628.0
617.0 626.0 626.0 627.0 628.0 628.0 629.0 630.0 630.0 630.0 631.0 631.0 632.0 632.0 633.0 633.0 634.0 634.0 635.0 635.0 636.0 636.0 637.0 638.0 638.0 639.0 639.0 640.0 640.0 641.0 642.0 642.0 643.0 643.0 644.0 645.0 645.0 646.0 646.0 647.0 647.0 648.0 648.0 649.0 649.0 650.0 650.0 651.0 651.0 652.0 652.0 652.0 653.0 653.0 653.0 653.0 653.0 654.0 654.0 654.0 654.0 654.0 654.0 654.0 653.0 653.0 653.0 652.0 652.0 652.0 651.0 651.0 650.0 650.0 649.0 648.0 648.0 647.0 647.0 646.0 645.0 645.0 645.0 644.0 644.0 643.0 643.0 644.0 644.0 643.0 643.0 643.0 644.0 644.0 644.0 645.0 646.0 646.0 646.0 647.0 5.0 50.0 56.0 61.0 67.0 73.0 79.0 85.0 91.0 97.0 103.0 109.0 115.0 121.0 127.0 133.0 139.0 145.0 151.0 157.0 162.0 168.0 174.0 180.0 186.0 192.0 198.0 204.0 210.0 216.0 222.0 228.0 234.0 240.0 245.0 251.0 257.0 263.0 269.0 275.0 281.0 287.0 293.0 299.0 305.0 311.0 317.0 323.0 329.0 335.0 341.0 347.0 353.0 359.0 365.0 371.0 377.0 383.0 389.0 396.0 402.0 408.0 414.0 420.0 426.0 432.0 437.0 443.0 450.0 456.0 461.0 467.0 473.0 479.0 485.0 491.0 497.0 503.0 509.0 515.0 521.0 527.0 533.0 538.0 544.0 551.0 557.0 563.0 569.0 575.0 581.0 587.0 593.0 599.0 605.0 611.0 616.0 622.0 628.0 634.0 629.0
617.0 625.0 626.0 626.0 627.0 628.0 628.0 628.0 629.0 629.0 630.0 630.0 630.0 631.0 631.0 632.0 632.0 632.0 633.0 633.0 634.0 634.0 634.0 635.0 636.0 636.0 637.0 637.0 638.0 638.0 639.0 639.0 639.0 640.0 641.0 641.0 641.0 642.0 642.0 643.0 643.0 644.0 644.0 645.0 645.0 645.0 645.0 646.0 646.0 646.0 646.0 647.0 647.0 647.0 647.0 647.0 647.0 647.0 648.0 647.0 647.0 647.0 647.0 647.0 646.0 646.0 646.0 645.0 645.0 644.0 643.0 642.0 642.0 641.0 640.0 639.0 639.0 638.0 637.0 637.0 636.0 635.0 635.0 634.0 634.0 633.0 633.0 633.0 633.0 633.0 633.0 633.0 633.0 633.0 634.0 634.0 634.0 635.0 635.0 636.0 5.0 50.0 55.0 61.0 67.0 73.0 79.0 85.0 91.0 97.0 103.0 109.0 115.0 121.0 127.0 133.0 139.0 145.0 151.0 157.0 163.0 169.0 175.0 181.0 186.0 192.0 198.0 204.0 210.0 216.0 222.0 228.0 234.0 240.0 246.0 252.0 258.0 264.0 270.0 276.0 282.0 288.0 294.0 300.0 306.0 312.0 318.0 324.0 330.0 335.0 342.0 348.0 354.0 360.0 366.0 372.0 378.0 384.0 390.0 396.0 402.0 408.0 414.0 420.0 426.0 432.0 438.0 444.0 450.0 456.0 461.0 467.0 473.0 479.0 485.0 491.0 496.0 502.0 508.0 514.0 520.0 526.0 532.0 537.0 543.0 549.0 555.0 561.0 567.0 573.0 579.0 585.0 591.0 597.0 603.0 609.0 615.0 621.0 627.0 633.0 630.0
617.0 625.0 625.0 626.0 626.0 627.0 627.0 627.0 628.0 628.0 628.0 628.0 629.0 629.0 629.0 630.0 630.0 630.0 631.0 631.0 631.0 632.0 632.0 632.0 633.0 633.0 634.0 634.0 634.0 635.0 635.0 635.0 636.0 636.0 637.0 637.0 637.0 638.0 638.0 638.0 639.0 639.0 639.0 640.0 640.0 640.0 640.0 640.0 640.0 640.0 641.0 641.0 641.0 641.0 641.0 641.0 640.0 640.0 640.0 640.0 640.0 639.0 639.0 639.0 638.0 637.0 637.0 636.0 636.0 635.0 634.0 633.0 632.0 631.0 631.0 629.0 629.0 628.0 627.0 626.0 625.0 624.0 623.0 623.0 622.0 622.0 622.0 621.0 621.0 621.0 621.0 621.0 621.0 621.0 621.0 621.0 622.0 622.0 622.0 622.0 5.0 50.0 56.0 62.0 68.0 74.0 80.0 86.0 92.0 98.0 104.0 110.0 115.0 122.0 128.0 134.0 140.0 146.0 152.0 158.0 164.0 170.0 176.0 182.0 188.0 193.0 199.0 205.0 211.0 217.0 223.0 230.0 236.0 242.0 247.0 253.0 259.0 265.0 271.0 277.0 283.0 289.0 295.0 301.0 307.0 313.0 319.0 325.0 331.0 337.0 343.0 349.0 355.0 361.0 367.0 373.0 379.0 385.0 392.0 397.0 403.0 409.0 415.0 421.0 427.0 433.0 439.0 445.0 450.0 456.0 462.0 468.0 474.0 479.0 485.0 491.0 496.0 502.0 508.0 514.0 520.0 525.0 531.0 537.0 543.0 549.0 555.0 561.0 567.0 572.0 578.0 584.0 590.0 596.0 602.0 608.0 614.0 620.0 626.0 632.0 631.0
617.0 624.0 624.0 625.0 625.0 626.0 626.0 626.0 627.0 627.0 627.0 627.0 627.0 627.0 628.0 628.0 628.0 628.0 629.0 629.0 629.0 629.0 630.0 630.0 630.0 631.0 631.0 631.0 632.0 632.0 632.0 632.0 633.0 633.0 633.0 633.0 634.0 634.0 634.0 634.0 634.0 634.0 635.0 635.0 635.0 635.0 635.0 635.0 635.0 635.0 635.0 635.0 635.0 635.0 634.0 634.0 634.0 634.0 634.0 633.0 633.0 632.0 632.0 631.0 631.0 630.0 629.0 628.0 628.0 627.0 626.0 625.0 624.0 623.0 622.0 621.0 619.0 619.0 617.0 616.0 616.0 614.0 613.0 613.0 612.0 611.0 611.0 611.0 610.0 610.0 610.0 610.0 609.0 610.0 610.0 610.0 610.0 610.0 610.0 610.0 5.0 50.0 56.0 62.0 68.0 74.0 80.0 86.0 92.0 98.0 104.0 110.0 116.0 122.0 128.0 134.0 140.0 146.0 152.0 158.0 164.0 170.0 176.0 182.0 188.0 194.0 200.0 206.0 212.0 218.0 224.0 230.0 236.0 242.0 248.0 254.0 260.0 266.0 272.0 278.0 284.0 290.0 296.0 302.0 308.0 314.0 320.0 326.0 331.0 337.0 344.0 350.0 356.0 362.0 368.0 374.0 380.0 385.0 391.0 397.0 403.0 409.0 415.0 421.0 427.0 432.0 438.0 444.0 450.0 456.0 461.0 467.0 473.0 478.0 484.0 489.0 495.0 501.0 507.0 512.0 518.0 523.0 529.0 535.0 541.0 547.0 553.0 558.0 564.0 570.0 576.0 582.0 588.0 594.0 600.0 606.0 612.0 618.0 623.0 629.0 632.0
617.0 623.0 624.0 624.0 625.0 625.0 625.0 625.0 626.0 626.0 626.0 626.0 626.0 626.0 626.0 627.0 627.0 627.0 627.0 627.0 627.0 627.0 627.0 628.0 628.0 628.0 628.0 629.0 629.0 629.0 629.0 629.0 629.0 629.0 629.0 630.0 630.0 630.0 630.0 630.0 630.0 630.0 630.0 630.0 630.0 630.0 630.0 630.0 630.0 630.0 630.0 630.0 629.0 629.0 629.0 628.0 628.0 628.0 627.0 627.0 626.0 626.0 625.0 624.0 624.0 623.0 622.0 621.0 620.0 619.0 618.0 616.0 615.0 614.0 613.0 612.0 611.0 609.0 608.0 607.0 606.0 605.0 604.0 603.0 602.0 601.0 601.0 600.0 600.0 600.0 599.0 599.0 599.0 599.0 599.0 599.0 598.0 599.0 599.0 599.0 5.0 51.0 57.0 63.0 69.0 75.0 81.0 87.0 93.0 99.0 105.0 111.0 117.0 123.0 129.0 135.0 141.0 147.0 153.0 159.0 165.0 171.0 177.0 183.0 189.0 195.0 201.0 207.0 213.0 219.0 225.0 231.0 237.0 243.0 249.0 255.0 261.0 267.0 273.0 279.0 285.0 291.0 297.0 303.0 309.0 315.0 321.0 327.0 333.0 339.0 345.0 351.0 357.0 363.0 369.0 375.0 381.0 386.0 392.0 398.0 404.0 409.0 415.0 421.0 427.0 433.0 438.0 444.0 450.0 456.0 461.0 467.0 473.0 478.0 484.0 489.0 495.0 500.0 506.0 512.0 517.0 523.0 529.0 535.0 540.0 546.0 552.0 558.0 563.0 569.0 575.0 581.0 587.0 593.0 599.0 605.0 611.0 617.0 622.0 628.0 633.0
617.0 623.0 623.0 624.0 624.0 624.0 624.0 624.0 624.0 625.0 625.0 625.0 625.0 625.0 625.0 625.0 625.0 625.0 625.0 626.0 626.0 626.0 625.0 626.0 626.0 626.0 626.0 626.0 626.0 627.0 627.0 626.0 627.0 626.0 627.0 627.0 627.0 627.0 627.0 627.0 627.0 626.0 627.0 627.0 626.0 626.0 626.0 626.0 626.0 625.0 625.0 625.0 624.0 624.0 624.0 623.0 623.0 622.0 622.0 621.0 621.0 620.0 619.0 618.0 618.0 617.0 616.0 614.0 613.0 612.0 611.0 609.0 608.0 607.0 606.0 604.0 603.0 602.0 600.0 599.0 598.0 597.0 596.0 594.0 594.0 593.0 592.0 592.0 591.0 591.0 590.0 590.0 590.0 590.0 589.0 590.0 589.0 589.0 589.0 589.0 5.0 52.0 58.0 64.0 70.0 76.0 82.0 88.0 94.0 100.0 106.0 112.0 118.0 124.0 130.0 136.0 142.0 148.0 154.0 160.0 166.0 172.0 178.0 184.0 190.0 197.0 203.0 209.0 215.0 221.0 227.0 233.0 239.0 245.0 251.0 257.0 263.0 269.0 275.0 281.0 287.0 293.0 299.0 305.0 311.0 317.0 323.0 329.0 335.0 341.0 346.0 352.0 359.0 365.0 371.0 377.0 382.0 388.0 394.0 400.0 406.0 411.0 417.0 423.0 429.0 434.0 440.0 446.0 452.0 457.0 463.0 468.0 474.0 479.0 485.0 490.0 496.0 502.0 507.0 513.0 518.0 524.0 530.0 536.0 541.0 547.0 553.0 559.0 564.0 570.0 576.0 582.0 588.0 594.0 600.0 606.0 612.0 618.0 624.0 629.0 634.0
617.0 623.0 623.0 623.0 623.0 623.0 624.0 624.0 624.0 624.0 624.0 624.0 624.0 624.0 624.0 624.0 624.0 624.0 624.0 624.0 624.0 624.0 624.0 624.0 624.0 624.0 624.0 624.0 624.0 625.0 625.0 625.0 625.0 624.0 624.0 624.0 625.0 624.0 624.0 624.0 624.0 624.0 624.0 624.0 623.0 623.0 623.0 623.0 623.0 622.0 622.0 622.0 621.0 621.0 620.0 619.0 619.0 619.0 618.0 617.0 616.0 616.0 615.0 614.0 613.0 612.0 611.0 610.0 608.0 607.0 606.0 604.0 603.0 601.0 600.0 599.0 598.0 596.0 595.0 593.0 592.0 591.0 590.0 589.0 587.0 587.0 586.0 586.0 585.0 584.0 584.0 583.0 583.0 583.0 583.0 583.0 582.0 582.0 582.0 582.0 5.0 52.0 58.0 64.0 70.0 76.0 82.0 88.0 94.0 100.0 106.0 112.0 118.0 125.0 131.0 137.0 143.0 149.0 155.0 161.0 167.0 173.0 179.0 185.0 191.0 197.0 203.0 209.0 215.0 221.0 227.0 234.0 240.0 246.0 252.0 258.0 264.0 269.0 275.0 281.0 287.0 293.0 299.0 305.0 311.0 317.0 323.0 330.0 335.0 341.0 347.0 353.0 359.0 365.0 371.0 377.0 383.0 389.0 394.0 400.0 406.0 411.0 417.0 423.0 429.0 435.0 440.0 446.0 452.0 457.0 463.0 468.0 474.0 479.0 485.0 490.0 496.0 501.0 507.0 512.0 518.0 524.0 529.0 535.0 541.0 546.0 552.0 558.0 564.0 570.0 575.0 581.0 587.0 593.0 599.0 605.0 611.0 617.0 623.0 629.0 635.0
617.0 622.0 623.0 623.0 623.0 623.0 623.0 623.0 624.0 624.0 623.0 623.0 623.0 623.0 624.0 624.0 623.0 623.0 623.0 624.0 624.0 624.0 623.0 623.0 623.0 623.0 623.0 623.0 623.0 623.0 624.0 623.0 624.0 623.0 623.0 623.0 623.0 623.0 623.0 623.0 623.0 622.0 622.0 622.0 622.0 622.0 621.0 621.0 621.0 620.0 620.0 620.0 619.0 619.0 618.0 618.0 617.0 617.0 616.0 615.0 614.0 613.0 612.0 612.0 611.0 610.0 609.0 607.0 606.0 605.0 604.0 602.0 601.0 599.0 598.0 596.0 595.0 593.0 592.0 591.0 589.0 588.0 587.0 585.0 584.0 583.0 583.0 582.0 581.0 581.0 580.0 580.0 579.0 579.0 579.0 579.0 579.0 579.0 578.0 578.0 5.0 51.0 57.0 63.0 69.0 75.0 81.0 87.0 93.0 99.0 105.0 111.0 117.0 124.0 130.0 136.0 142.0 148.0 154.0 160.0 166.0 172.0 178.0 184.0 190.0 196.0 202.0 208.0 214.0 220.0 226.0 232.0 238.0 244.0 250.0 256.0 262.0 268.0 274.0 280.0 286.0 292.0 298.0 304.0 310.0 316.0 322.0 328.0 334.0 340.0 346.0 352.0 358.0 364.0 370.0 376.0 382.0 387.0 393.0 399.0 405.0 410.0 416.0 422.0 428.0 434.0 439.0 445.0 451.0 456.0 462.0 467.0 473.0 478.0 484.0 489.0 495.0 500.0 505.0 511.0 517.0 522.0 528.0 534.0 540.0 545.0 551.0 557.0 562.0 568.0 574.0 580.0 586.0 592.0 597.0 603.0 609.0 615.0 621.0 627.0 636.0
617.0 622.0 622.0 623.0 623.0 623.0 623.0 623.0 623.0 623.0 623.0 623.0 623.0 623.0 623.0 623.0 623.0 623.0 623.0 623.0 623.0 623.0 623.0 623.0 623.0 623.0 623.0 623.0 623.0 623.0 623.0 623.0 623.0 623.0 622.0 622.0 623.0 622.0 622.0 622.0 622.0 622.0 622.0 621.0 621.0 621.0 620.0 620.0 620.0 620.0 619.0 619.0 618.0 618.0 618.0 617.0 616.0 616.0 615.0 614.0 613.0 612.0 611.0 610.0 610.0 608.0 607.0 606.0 605.0 604.0 603.0 601.0 600.0 598.0 597.0 595.0 594.0 592.0 591.0 589.0 588.0 587.0 586.0 584.0 583.0 582.0 582.0 581.0 580.0 579.0 579.0 578.0 578.0 578.0 577.0 577.0 577.0 577.0 577.0 577.0 5.0 52.0 58.0 64.0 70.0 76.0 82.0 88.0 94.0 100.0 106.0 112.0 118.0 124.0 130.0 136.0 142.0 148.0 154.0 160.0 166.0 172.0 178.0 184.0 191.0 197.0 203.0 209.0 215.0 221.0 227.0 233.0 239.0 245.0 251.0 257.0 263.0 269.0 275.0 281.0 287.0 293.0 299.0 305.0 311.0 317.0 323.0 329.0 335.0 341.0 347.0 353.0 359.0 364.0 370.0 376.0 382.0 388.0 394.0 399.0 405.0 411.0 417.0 423.0 428.0 434.0 439.0 445.0 451.0 456.0 462.0 467.0 473.0 478.0 484.0 489.0 495.0 500.0 506.0 511.0 517.0 522.0 528.0 534.0 539.0 545.0 551.0 556.0 562.0 568.0 574.0 580.0 586.0 591.0 597.0 603.0 609.0 615.0 621.0 627.0 637.0
617.0 622.0 623.0 623.0 623.0 623.0 623.0 623.0 624.0 624.0 623.0 623.0 623.0 624.0 624.0 624.0 624.0 624.0 624.0 624.0 624.0 624.0 623.0 623.0 623.0 623.0 623.0 623.0 623.0 623.0 623.0 623.0 623.0 623.0 623.0 623.0 623.0 623.0 623.0 623.0 622.0 622.0 622.0 622.0 622.0 621.0 621.0 621.0 621.0 620.0 620.0 619.0 619.0 618.0 618.0 617.0 617.0 617.0 616.0 615.0 614.0 613.0 613.0 612.0 611.0 610.0 609.0 607.0 606.0 605.0 604.0 602.0 601.0 599.0 598.0 596.0 595.0 593.0 592.0 591.0 589.0 588.0 587.0 586.0 585.0 584.0 583.0 582.0 582.0 581.0 580.0 580.0 580.0 580.0 579.0 579.0 579.0 579.0 578.0 578.0 5.0 52.0 57.0 63.0 69.0 75.0 82.0 88.0 94.0 100.0 106.0 112.0 118.0 124.0 130.0 136.0 142.0 148.0 154.0 160.0 166.0 172.0 178.0 184.0 190.0 196.0 203.0 209.0 215.0 221.0 227.0 233.0 239.0 245.0 251.0 257.0 263.0 269.0 275.0 281.0 287.0 293.0 299.0 305.0 311.0 317.0 323.0 329.0 335.0 341.0 347.0 352.0 358.0 364.0 370.0 376.0 382.0 388.0 394.0 399.0 405.0 411.0 416.0 422.0 428.0 433.0 439.0 445.0 450.0 456.0 462.0 467.0 472.0 478.0 483.0 489.0 495.0 500.0 505.0 511.0 516.0 522.0 527.0 533.0 539.0 545.0 551.0 556.0 562.0 568.0 574.0 580.0 585.0 591.0 597.0 603.0 609.0 615.0 621.0 627.0 638.0
617.0 622.0 623.0 623.0 623.0 623.0 623.0 623.0 624.0 624.0 624.0 624.0 624.0 624.0 624.0 624.0 624.0 624.0 624.0 624.0 624.0 624.0 624.0 624.0 624.0 624.0 624.0 624.0 624.0 624.0 624.0 624.0 624.0 624.0 624.0 624.0 624.0 624.0 624.0 624.0 624.0 624.0 624.0 624.0 624.0 623.0 623.0 623.0 623.0 622.0 622.0 622.0 621.0 621.0 621.0 620.0 619.0 619.0 618.0 618.0 617.0 616.0 615.0 614.0 613.0 613.0 612.0 611.0 609.0 608.0 607.0 605.0 604.0 603.0 601.0 600.0 599.0 597.0 596.0 594.0 593.0 592.0 591.0 590.0 589.0 588.0 587.0 586.0 586.0 585.0 585.0 584.0 584.0 584.0 584.0 584.0 583.0 583.0 583.0 583.0 5.0 51.0 57.0 63.0 69.0 75.0 81.0 87.0 93.0 99.0 105.0 112.0 118.0 124.0 130.0 136.0 142.0 148.0 154.0 160.0 166.0 172.0 178.0 184.0 190.0 196.0 202.0 208.0 214.0 220.0 226.0 232.0 238.0 244.0 250.0 256.0 262.0 268.0 274.0 280.0 286.0 292.0 298.0 304.0 311.0 316.0 322.0 328.0 334.0 340.0 346.0 352.0 358.0 364.0 370.0 376.0 382.0 388.0 394.0 400.0 405.0 411.0 417.0 423.0 428.0 434.0 439.0 445.0 451.0 456.0 462.0 467.0 473.0 478.0 484.0 489.0 495.0 500.0 506.0 512.0 517.0 523.0 528.0 534.0 540.0 545.0 551.0 557.0 562.0 568.0 574.0 580.0 586.0 592.0 598.0 604.0 610.0 616.0 622.0 628.0 639.0
617.0 623.0 623.0 624.0 624.0 624.0 624.0 624.0 624.0 624.0 625.0 625.0 625.0 625.0 625.0 625.0 625.0 625.0 625.0 625.0 625.0 625.0 626.0 626.0 626.0 626.0 626.0 626.0 626.0 626.0 626.0 626.0 627.0 627.0 626.0 627.0 627.0 627.0 627.0 627.0 627.0 627.0 627.0 627.0 627.0 627.0 626.0 626.0 626.0 626.0 626.0 625.0 625.0 625.0 625.0 624.0 624.0 623.0 623.0 622.0 622.0 621.0 620.0 619.0 619.0 618.0 617.0 616.0 615.0 614.0 612.0 611.0 610.0 609.0 607.0 606.0 605.0 604.0 603.0 601.0 600.0 599.0 598.0 597.0 596.0 595.0 595.0 594.0 594.0 593.0 593.0 592.0 592.0 592.0 592.0 592.0 592.0 592.0 592.0 592.0 5.0 51.0 57.0 63.0 69.0 75.0 81.0 87.0 93.0 99.0 105.0 111.0 117.0 123.0 129.0 135.0 141.0 147.0 153.0 159.0 165.0 171.0 177.0 183.0 189.0 195.0 201.0 207.0 213.0 219.0 225.0 231.0 237.0 243.0 249.0 255.0 261.0 267.0 273.0 279.0 285.0 291.0 297.0 303.0 309.0 315.0 321.0 327.0 333.0 339.0 345.0 351.0 357.0 363.0 369.0 375.0 381.0 387.0 393.0 398.0 404.0 410.0 416.0 422.0 428.0 433.0 439.0 444.0 450.0 456.0 461.0 467.0 472.0 478.0 484.0 489.0 495.0 500.0 506.0 511.0 517.0 523.0 528.0 534.0 540.0 545.0 551.0 557.0 563.0 569.0 575.0 581.0 586.0 592.0 598.0 604.0 610.0 616.0 622.0 628.0 640.0
617.0 623.0 624.0 624.0 624.0 624.0 625.0 625.0 625.0 625.0 626.0 626.0 626.0 626.0 626.0 626.0 626.0 626.0 627.0 627.0 627.0 627.0 627.0 627.0 627.0 628.0 628.0 628.0 628.0 629.0 629.0 629.0 629.0 629.0 629.0 630.0 630.0 630.0 630.0 630.0 630.0 631.0 631.0 630.0 631.0 631.0 631.0 630.0 630.0 630.0 630.0 630.0 630.0 630.0 630.0 629.0 629.0 629.0 628.0 628.0 627.0 627.0 626.0 625.0 625.0 624.0 623.0 622.0 621.0 620.0 619.0 618.0 617.0 616.0 615.0 614.0 613.0 612.0 611.0 609.0 609.0 608.0 606.0 606.0 605.0 604.0 604.0 603.0 603.0 602.0 602.0 602.0 601.0 601.0 601.0 601.0 601.0 601.0 602.0 602.0 5.0 51.0 57.0 63.0 69.0 75.0 81.0 87.0 93.0 99.0 105.0 111.0 117.0 123.0 129.0 135.0 141.0 147.0 153.0 159.0 165.0 171.0 177.0 183.0 189.0 195.0 201.0 207.0 213.0 219.0 225.0 231.0 237.0 243.0 249.0 255.0 261.0 267.0 273.0 279.0 285.0 291.0 297.0 303.0 309.0 315.0 321.0 327.0 333.0 339.0 345.0 351.0 357.0 363.0 369.0 375.0 381.0 387.0 393.0 399.0 404.0 410.0 416.0 422.0 428.0 433.0 439.0 445.0 451.0 456.0 462.0 468.0 473.0 479.0 485.0 490.0 496.0 502.0 507.0 513.0 518.0 524.0 530.0 536.0 542.0 547.0 553.0 559.0 564.0 570.0 576.0 582.0 588.0 594.0 600.0 606.0 612.0 618.0 624.0 630.0 641.0
617.0 624.0 624.0 625.0 625.0 625.0 626.0 626.0 626.0 626.0 627.0 627.0 627.0 627.0 628.0 628.0 628.0 628.0 628.0 629.0 629.0 629.0 629.0 630.0 630.0 630.0 630.0 631.0 631.0 631.0 632.0 632.0 632.0 632.0 633.0 633.0 633.0 633.0 634.0 634.0 634.0 634.0 635.0 635.0 635.0 635.0 635.0 635.0 635.0 635.0 635.0 635.0 635.0 635.0 635.0 635.0 635.0 634.0 634.0 634.0 633.0 633.0 632.0 632.0 631.0 631.0 630.0 629.0 629.0 628.0 627.0 626.0 625.0 624.0 623.0 622.0 621.0 620.0 619.0 618.0 617.0 616.0 616.0 615.0 614.0 613.0 613.0 613.0 612.0 612.0 612.0 612.0 612.0 611.0 612.0 612.0 612.0 612.0 612.0 613.0 5.0 51.0 57.0 62.0 68.0 74.0 80.0 86.0 92.0 98.0 104.0 110.0 116.0 122.0 129.0 135.0 141.0 147.0 153.0 159.0 165.0 171.0 177.0 183.0 189.0 195.0 201.0 207.0 212.0 218.0 224.0 230.0 236.0 242.0 248.0 254.0 260.0 266.0 272.0 278.0 284.0 290.0 296.0 302.0 308.0 314.0 320.0 326.0 332.0 338.0 344.0 350.0 356.0 362.0 368.0 374.0 380.0 386.0 392.0 398.0 404.0 410.0 416.0 422.0 428.0 433.0 439.0 445.0 450.0 456.0 462.0 468.0 474.0 479.0 485.0 491.0 497.0 502.0 508.0 513.0 519.0 525.0 531.0 537.0 543.0 548.0 554.0 560.0 566.0 572.0 578.0 584.0 590.0 596.0 601.0 607.0 613.0 619.0 625.0 631.0 642.0
617.0 624.0 625.0 625.0 626.0 626.0 627.0 627.0 627.0 627.0 628.0 628.0 629.0 629.0 629.0 629.0 629.0 630.0 630.0 630.0 631.0 631.0 632.0 632.0 632.0 633.0 633.0 634.0 634.0 634.0 635.0 635.0 635.0 636.0 636.0 636.0 637.0 637.0 637.0 638.0 638.0 638.0 639.0 639.0 639.0 639.0 640.0 640.0 640.0 640.0 640.0 641.0 640.0 641.0 641.0 641.0 640.0 641.0 640.0 640.0 640.0 639.0 639.0 639.0 639.0 638.0 637.0 637.0 636.0 635.0 635.0 634.0 633.0 632.0 631.0 631.0 630.0 629.0 628.0 627.0 627.0 626.0 625.0 625.0 624.0 623.0 623.0 623.0 623.0 623.0 622.0 622.0 622.0 622.0 623.0 623.0 623.0 623.0 624.0 624.0 5.0 50.0 56.0 62.0 68.0 74.0 80.0 86.0 92.0 98.0 104.0 110.0 116.0 122.0 128.0 134.0 140.0 146.0 152.0 158.0 164.0 170.0 176.0 182.0 188.0 194.0 200.0 206.0 211.0 217.0 223.0 229.0 235.0 241.0 247.0 253.0 259.0 265.0 271.0 277.0 283.0 289.0 295.0 301.0 307.0 313.0 319.0 325.0 331.0 337.0 343.0 349.0 355.0 361.0 367.0 373.0 379.0 385.0 391.0 397.0 403.0 408.0 415.0 421.0 427.0 432.0 438.0 444.0 450.0 456.0 461.0 467.0 473.0 479.0 485.0 490.0 496.0 502.0 508.0 514.0 519.0 525.0 531.0 537.0 543.0 549.0 555.0 561.0 566.0 572.0 578.0 584.0 590.0 596.0 602.0 608.0 614.0 620.0 626.0 632.0 643.0
617.0 625.0 625.0 626.0 626.0 627.0 628.0 628.0 628.0 628.0 629.0 629.0 630.0 630.0 630.0 631.0 631.0 632.0 632.0 632.0 633.0 633.0 634.0 634.0 635.0 635.0 636.0 636.0 637.0 637.0 638.0 638.0 639.0 639.0 640.0 640.0 640.0 641.0 642.0 642.0 642.0 643.0 643.0 643.0 644.0 644.0 645.0 645.0 645.0 645.0 646.0 646.0 646.0 646.0 646.0 646.0 647.0 647.0 647.0 647.0 647.0 646.0 646.0 646.0 646.0 645.0 645.0 644.0 644.0 643.0 642.0 642.0 641.0 641.0 640.0 639.0 639.0 638.0 637.0 637.0 636.0 635.0 635.0 634.0 634.0 634.0 633.0 633.0 633.0 633.0 633.0 633.0 633.0 633.0 634.0 634.0 634.0 634.0 635.0 636.0 5.0 50.0 56.0 62.0 68.0 74.0 80.0 86.0 92.0 98.0 104.0 110.0 116.0 122.0 128.0 134.0 140.0 146.0 151.0 157.0 163.0 169.0 175.0 181.0 187.0 193.0 199.0 205.0 211.0 217.0 223.0 229.0 235.0 241.0 247.0 253.0 259.0 264.0 270.0 276.0 282.0 288.0 294.0 300.0 306.0 312.0 318.0 324.0 330.0 336.0 342.0 348.0 354.0 360.0 366.0 372.0 378.0 384.0 390.0 396.0 402.0 408.0 414.0 420.0 426.0 432.0 438.0 443.0 450.0 455.0 461.0 467.0 473.0 479.0 485.0 491.0 497.0 502.0 508.0 514.0 520.0 526.0 532.0 538.0 544.0 549.0 555.0 561.0 567.0 573.0 579.0 585.0 591.0 597.0 603.0 609.0 615.0 621.0 627.0 633.0 644.0
617.0 625.0 626.0 627.0 627.0 628.0 628.0 629.0 630.0 630.0 630.0 631.0 631.0 632.0 632.0 632.0 633.0 633.0 634.0 634.0 635.0 635.0 636.0 637.0 637.0 638.0 638.0 639.0 639.0 640.0 641.0 641.0 642.0 642.0 643.0 643.0 644.0 645.0 645.0 645.0 646.0 647.0 647.0 647.0 648.0 649.0 649.0 649.0 650.0 650.0 651.0 651.0 651.0 651.0 652.0 652.0 652.0 652.0 653.0 653.0 653.0 652.0 653.0 652.0 652.0 652.0 652.0 651.0 651.0 651.0 650.0 650.0 649.0 649.0 648.0 648.0 647.0 646.0 646.0 645.0 645.0 644.0 644.0 643.0 643.0 643.0 643.0 643.0 643.0 643.0 643.0 643.0 643.0 644.0 644.0 644.0 645.0 645.0 646.0 647.0 5.0 50.0 56.0 61.0 67.0 73.0 79.0 85.0 91.0 97.0 103.0 110.0 115.0 121.0 127.0 133.0 139.0 145.0 151.0 157.0 163.0 169.0 175.0 181.0 187.0 193.0 198.0 204.0 210.0 216.0 222.0 228.0 234.0 240.0 246.0 252.0 258.0 264.0 270.0 275.0 281.0 287.0 293.0 299.0 305.0 311.0 317.0 323.0 329.0 335.0 341.0 347.0 353.0 359.0 365.0 371.0 377.0 383.0 389.0 395.0 401.0 407.0 413.0 419.0 425.0 431.0 437.0 443.0 449.0 455.0 461.0 467.0 473.0 479.0 485.0 491.0 497.0 503.0 508.0 514.0 521.0 526.0 532.0 538.0 544.0 550.0 556.0 562.0 568.0 574.0 580.0 586.0 592.0 598.0 604.0 610.0 616.0 622.0 628.0 634.0 645.0
617.0 626.0 626.0 627.0 628.0 629.0 629.0 629.0 630.0 631.0 631.0 632.0 632.0 633.0 633.0 634.0 634.0 635.0 635.0 636.0 637.0 637.0 638.0 639.0 639.0 640.0 640.0 641.0 642.0 643.0 643.0 644.0 644.0 645.0 646.0 646.0 647.0 647.0 648.0 649.0 649.0 650.0 650.0 651.0 652.0 652.0 653.0 653.0 654.0 654.0 655.0 655.0 656.0 656.0 656.0 656.0 657.0 657.0 658.0 658.0 658.0 658.0 658.0 658.0 658.0 658.0 657.0 657.0 657.0 657.0 656.0 656.0 656.0 655.0 655.0 654.0 654.0 653.0 653.0 652.0 652.0 652.0 651.0 651.0 651.0 651.0 651.0 651.0 651.0 651.0 651.0 652.0 652.0 652.0 653.0 653.0 654.0 654.0 655.0 656.0 5.0 49.0 55.0 61.0 67.0 73.0 79.0 85.0 91.0 97.0 103.0 109.0 115.0 121.0 127.0 133.0 139.0 145.0 151.0 157.0 163.0 168.0 174.0 180.0 186.0 192.0 198.0 204.0 210.0 216.0 221.0 227.0 233.0 239.0 245.0 251.0 257.0 263.0 269.0 275.0 281.0 287.0 293.0 298.0 304.0 310.0 316.0 322.0 328.0 334.0 340.0 346.0 352.0 358.0 364.0 370.0 376.0 382.0 388.0 394.0 400.0 406.0 412.0 418.0 425.0 431.0 436.0 442.0 449.0 455.0 461.0 467.0 473.0 479.0 485.0 491.0 497.0 503.0 509.0 515.0 521.0 527.0 533.0 539.0 545.0 551.0 557.0 563.0 569.0 575.0 581.0 587.0 593.0 599.0 605.0 611.0 617.0 623.0 628.0 634.0 646.0
617.0 626.0 627.0 627.0 628.0 629.0 630.0 630.0 631.0 631.0 632.0 632.0 633.0 633.0 634.0 635.0 635.0 636.0 636.0 637.0 638.0 638.0 639.0 640.0 641.0 641.0 642.0 643.0 643.0 644.0 645.0 646.0 646.0 647.0 648.0 648.0 649.0 650.0 651.0 651.0 652.0 652.0 653.0 654.0 654.0 655.0 656.0 656.0 657.0 657.0 658.0 658.0 659.0 659.0 660.0 660.0 661.0 661.0 661.0 661.0 662.0 662.0 662.0 662.0 662.0 662.0 662.0 662.0 662.0 661.0 661.0 661.0 661.0 660.0 660.0 659.0 659.0 659.0 658.0 658.0 657.0 657.0 657.0 657.0 657.0 657.0 656.0 657.0 657.0 657.0 658.0 658.0 658.0 658.0 659.0 660.0 660.0 661.0 662.0 663.0 5.0 49.0 55.0 61.0 67.0 73.0 79.0 85.0 91.0 97.0 103.0 109.0 115.0 121.0 127.0 133.0 139.0 145.0 150.0 156.0 162.0 168.0 174.0 180.0 186.0 192.0 198.0 204.0 210.0 215.0 221.0 227.0 233.0 239.0 245.0 251.0 257.0 263.0 268.0 274.0 280.0 286.0 292.0 298.0 304.0 310.0 316.0 322.0 328.0 333.0 339.0 345.0 352.0 358.0 364.0 370.0 376.0 381.0 387.0 393.0 399.0 406.0 412.0 418.0 424.0 430.0 436.0 442.0 448.0 454.0 460.0 467.0 473.0 478.0 484.0 491.0 497.0 503.0 509.0 515.0 521.0 527.0 533.0 539.0 545.0 551.0 557.0 563.0 569.0 575.0 581.0 587.0 593.0 599.0 605.0 611.0 617.0 623.0 629.0 635.0 647.0
617.0 626.0 627.0 627.0 628.0 629.0 630.0 630.0 631.0 632.0 632.0 633.0 634.0 634.0 635.0 635.0 636.0 636.0 637.0 638.0 638.0 639.0 640.0 641.0 642.0 642.0 643.0 644.0 644.0 645.0 646.0 647.0 647.0 648.0 649.0 650.0 650.0 651.0 652.0 653.0 653.0 654.0 654.0 655.0 656.0 657.0 657.0 658.0 659.0 659.0 660.0 660.0 661.0 661.0 662.0 662.0 663.0 663.0 664.0 664.0 664.0 664.0 664.0 665.0 665.0 665.0 665.0 664.0 664.0 664.0 664.0 664.0 664.0 663.0 663.0 662.0 662.0 662.0 661.0 661.0 661.0 660.0 660.0 660.0 660.0 660.0 660.0 660.0 661.0 661.0 661.0 661.0 662.0 662.0 663.0 664.0 664.0 665.0 666.0 667.0 5.0 49.0 55.0 61.0 67.0 73.0 79.0 85.0 91.0 97.0 103.0 109.0 114.0 120.0 126.0 132.0 138.0 144.0 150.0 156.0 162.0 168.0 174.0 180.0 186.0 192.0 197.0 203.0 209.0 215.0 221.0 227.0 233.0 239.0 245.0 251.0 257.0 263.0 268.0 274.0 280.0 286.0 292.0 298.0 304.0 310.0 316.0 322.0 328.0 333.0 339.0 345.0 351.0 357.0 363.0 369.0 375.0 381.0 387.0 394.0 400.0 406.0 412.0 418.0 424.0 430.0 436.0 442.0 448.0 455.0 461.0 467.0 473.0 479.0 485.0 491.0 497.0 503.0 509.0 515.0 521.0 527.0 534.0 540.0 546.0 552.0 558.0 564.0 570.0 576.0 582.0 588.0 594.0 600.0 606.0 612.0 618.0 624.0 630.0 636.0 648.0
617.0 626.0 627.0 628.0 629.0 629.0 630.0 631.0 631.0 632.0 632.0 633.0 634.0 634.0 635.0 636.0 636.0 637.0 637.0 638.0 639.0 639.0 640.0 641.0 642.0 642.0 643.0 644.0 645.0 646.0 646.0 647.0 648.0 648.0 649.0 650.0 651.0 651.0 652.0 653.0 654.0 654.0 655.0 656.0 657.0 657.0 658.0 658.0 659.0 660.0 660.0 661.0 661.0 662.0 663.0 663.0 664.0 664.0 664.0 664.0 665.0 665.0 665.0 665.0 665.0 665.0 665.0 665.0 665.0 665.0 665.0 664.0 664.0 664.0 664.0 663.0 663.0 663.0 662.0 662.0 662.0 661.0 661.0 661.0 661.0 661.0 661.0 661.0 662.0 662.0 662.0 662.0 663.0 663.0 664.0 665.0 666.0 666.0 667.0 668.0 5.0 49.0 55.0 61.0 67.0 73.0 79.0 84.0 90.0 96.0 102.0 108.0 114.0 120.0 126.0 132.0 138.0 144.0 150.0 156.0 162.0 168.0 174.0 180.0 186.0 191.0 197.0 203.0 209.0 215.0 221.0 227.0 233.0 238.0 244.0 250.0 256.0 262.0 268.0 274.0 280.0 286.0 291.0 297.0 303.0 309.0 315.0 321.0 327.0 333.0 339.0 345.0 351.0 357.0 363.0 369.0 375.0 381.0 387.0 393.0 399.0 405.0 411.0 417.0 423.0 429.0 435.0 442.0 448.0 454.0 460.0 466.0 472.0 478.0 484.0 490.0 497.0 502.0 508.0 515.0 521.0 527.0 533.0 539.0 545.0 551.0 557.0 563.0 569.0 575.0 581.0 587.0 593.0 599.0 605.0 611.0 617.0 623.0 629.0 635.0 649.0
617.0 626.0 627.0 627.0 628.0 629.0 630.0 630.0 631.0 632.0 632.0 633.0 634.0 634.0 634.0 635.0 636.0 636.0 637.0 638.0 639.0 639.0 640.0 641.0 642.0 642.0 643.0 644.0 645.0 645.0 646.0 647.0 648.0 648.0 649.0 650.0 650.0 651.0 652.0 652.0 653.0 654.0 654.0 655.0 656.0 657.0 657.0 658.0 658.0 659.0 660.0 660.0 661.0 661.0 662.0 662.0 663.0 663.0 663.0 664.0 664.0 664.0 664.0 664.0 664.0 664.0 664.0 664.0 664.0 664.0 664.0 663.0 663.0 663.0 663.0 662.0 662.0 662.0 661.0 661.0 660.0 660.0 660.0 660.0 660.0 659.0 659.0 659.0 660.0 660.0 661.0 661.0 661.0 662.0 662.0 663.0 664.0 664.0 665.0 666.0 5.0 49.0 55.0 60.0 66.0 72.0 78.0 84.0 90.0 96.0 102.0 108.0 114.0 120.0 126.0 132.0 138.0 144.0 149.0 155.0 161.0 167.0 173.0 179.0 185.0 191.0 197.0 203.0 209.0 214.0 220.0 226.0 232.0 238.0 244.0 250.0 256.0 262.0 268.0 273.0 279.0 285.0 291.0 297.0 303.0 309.0 315.0 321.0 327.0 333.0 339.0 345.0 351.0 357.0 363.0 369.0 375.0 381.0 387.0 393.0 399.0 405.0 411.0 417.0 423.0 429.0 435.0 441.0 448.0 454.0 460.0 466.0 472.0 478.0 484.0 490.0 496.0 502.0 508.0 514.0 520.0 526.0 533.0 539.0 545.0 551.0 557.0 563.0 569.0 575.0 581.0 587.0 593.0 599.0 605.0 611.0 617.0 623.0 628.0 634.0 650.0
617.0 626.0 627.0 627.0 628.0 629.0 630.0 630.0 631.0 631.0 632.0 633.0 633.0 634.0 634.0 635.0 635.0 636.0 637.0 637.0 638.0 639.0 639.0 640.0 641.0 641.0 642.0 643.0 644.0 644.0 645.0 646.0 647.0 647.0 648.0 649.0 649.0 650.0 650.0 651.0 652.0 652.0 653.0 654.0 655.0 655.0 656.0 656.0 657.0 657.0 658.0 658.0 659.0 659.0 660.0 660.0 661.0 661.0 661.0 661.0 662.0 662.0 662.0 662.0 662.0 662.0 662.0 661.0 661.0 661.0 661.0 661.0 660.0 660.0 659.0 659.0 659.0 658.0 658.0 657.0 657.0 657.0 656.0 656.0 656.0 656.0 656.0 656.0 656.0 656.0 656.0 657.0 657.0 658.0 658.0 659.0 659.0 660.0 661.0 662.0 5.0 49.0 55.0 60.0 66.0 72.0 78.0 84.0 90.0 96.0 102.0 108.0 114.0 120.0 126.0 132.0 138.0 144.0 150.0 155.0 161.0 167.0 173.0 179.0 185.0 191.0 197.0 203.0 209.0 215.0 220.0 226.0 232.0 238.0 244.0 250.0 256.0 262.0 268.0 273.0 279.0 285.0 291.0 297.0 303.0 309.0 315.0 321.0 327.0 333.0 339.0 345.0 351.0 357.0 363.0 369.0 375.0 381.0 387.0 393.0 399.0 405.0 411.0 417.0 423.0 429.0 435.0 442.0 447.0 454.0 460.0 466.0 472.0 478.0 484.0 490.0 496.0 502.0 508.0 514.0 520.0 526.0 532.0 538.0 544.0 550.0 556.0 562.0 568.0 574.0 580.0 586.0 592.0 598.0 604.0 610.0 616.0 622.0 628.0 634.0 651.0
617.0 626.0 627.0 627.0 628.0 629.0 629.0 630.0 630.0 631.0 631.0 632.0 632.0 633.0 633.0 634.0 634.0 635.0 636.0 636.0 637.0 637.0 638.0 639.0 639.0 640.0 640.0 641.0 642.0 643.0 643.0 644.0 645.0 645.0 646.0 647.0 647.0 648.0 648.0 649.0 650.0 650.0 651.0 651.0 652.0 653.0 653.0 653.0 654.0 654.0 655.0 656.0 656.0 656.0 657.0 657.0 658.0 658.0 658.0 658.0 658.0 658.0 658.0 658.0 658.0 658.0 658.0 657.0 657.0 657.0 656.0 656.0 656.0 655.0 654.0 654.0 654.0 653.0 653.0 652.0 652.0 651.0 651.0 651.0 650.0 650.0 650.0 650.0 650.0 650.0 650.0 651.0 651.0 651.0 652.0 652.0 653.0 653.0 654.0 655.0 5.0 49.0 55.0 61.0 66.0 72.0 78.0 84.0 90.0 96.0 102.0 108.0 114.0 120.0 126.0 132.0 138.0 144.0 150.0 155.0 161.0 167.0 173.0 179.0 185.0 191.0 197.0 203.0 209.0 215.0 221.0 226.0 232.0 238.0 244.0 250.0 256.0 262.0 268.0 274.0 280.0 286.0 292.0 298.0 304.0 310.0 316.0 322.0 328.0 333.0 339.0 345.0 351.0 357.0 363.0 369.0 375.0 381.0 387.0 394.0 399.0 406.0 412.0 418.0 424.0 430.0 436.0 442.0 448.0 454.0 460.0 466.0 472.0 478.0 484.0 490.0 496.0 502.0 508.0 514.0 520.0 526.0 532.0 538.0 544.0 550.0 556.0 562.0 568.0 574.0 580.0 586.0 592.0 598.0 604.0 610.0 616.0 622.0 628.0 634.0 652.0
617.0 625.0 626.0 627.0 627.0 628.0 629.0 629.0 630.0 630.0 630.0 631.0 631.0 632.0 632.0 633.0 633.0 634.0 634.0 635.0 635.0 636.0 636.0 637.0 637.0 638.0 639.0 639.0 640.0 640.0 641.0 642.0 642.0 643.0 643.0 644.0 644.0 645.0 645.0 646.0 646.0 647.0 647.0 648.0 648.0 649.0 649.0 650.0 650.0 650.0 651.0 651.0 651.0 652.0 652.0 652.0 653.0 653.0 653.0 653.0 653.0 652.0 653.0 652.0 652.0 652.0 652.0 651.0 651.0 651.0 650.0 649.0 649.0 648.0 648.0 647.0 646.0 646.0 645.0 645.0 644.0 644.0 643.0 643.0 643.0 642.0 642.0 642.0 642.0 642.0 642.0 642.0 642.0 643.0 643.0 643.0 644.0 644.0 645.0 645.0 5.0 50.0 55.0 61.0 67.0 73.0 79.0 85.0 91.0 97.0 103.0 109.0 115.0 121.0 127.0 132.0 138.0 144.0 150.0 156.0 162.0 168.0 174.0 180.0 186.0 192.0 198.0 204.0 210.0 216.0 221.0 227.0 233.0 239.0 245.0 251.0 257.0 263.0 269.0 275.0 281.0 287.0 293.0 299.0 305.0 311.0 317.0 323.0 329.0 335.0 341.0 347.0 353.0 359.0 365.0 371.0 377.0 383.0 389.0 395.0 401.0 407.0 413.0 419.0 425.0 431.0 437.0 443.0 449.0 455.0 461.0 467.0 472.0 478.0 484.0 490.0 496.0 502.0 508.0 514.0 520.0 526.0 532.0 538.0 544.0 550.0 556.0 562.0 568.0 574.0 580.0 586.0 592.0 598.0 604.0 610.0 616.0 622.0 627.0 633.0 653.0
617.0 625.0 625.0 626.0 627.0 627.0 628.0 628.0 629.0 629.0 629.0 630.0 630.0 630.0 631.0 631.0 631.0 632.0 632.0 633.0 633.0 634.0 634.0 635.0 635.0 636.0 636.0 636.0 637.0 638.0 638.0 638.0 639.0 640.0 640.0 640.0 641.0 641.0 641.0 642.0 642.0 643.0 643.0 644.0 644.0 644.0 645.0 645.0 645.0 646.0 646.0 646.0 646.0 646.0 646.0 646.0 647.0 646.0 647.0 647.0 646.0 646.0 646.0 645.0 645.0 645.0 644.0 644.0 643.0 643.0 642.0 641.0 640.0 640.0 639.0 638.0 638.0 637.0 636.0 635.0 635.0 634.0 633.0 633.0 632.0 632.0 631.0 631.0 631.0 631.0 631.0 631.0 631.0 631.0 631.0 632.0 632.0 633.0 633.0 634.0 5.0 49.0 55.0 61.0 67.0 73.0 79.0 85.0 91.0 97.0 103.0 109.0 115.0 121.0 127.0 133.0 139.0 145.0 151.0 156.0 162.0 168.0 174.0 180.0 186.0 192.0 198.0 204.0 210.0 216.0 222.0 228.0 234.0 240.0 246.0 252.0 258.0 264.0 270.0 275.0 281.0 287.0 293.0 299.0 305.0 311.0 317.0 323.0 329.0 335.0 341.0 347.0 353.0 359.0 365.0 371.0 377.0 383.0 389.0 395.0 401.0 407.0 413.0 419.0 425.0 431.0 437.0 443.0 449.0 454.0 460.0 466.0 472.0 478.0 484.0 490.0 496.0 501.0 507.0 513.0 519.0 525.0 530.0 536.0 542.0 548.0 554.0 560.0 566.0 572.0 578.0 584.0 590.0 596.0 602.0 608.0 614.0 620.0 626.0 632.0 654.0
617.0 624.0 625.0 626.0 626.0 627.0 627.0 627.0 627.0 628.0 628.0 628.0 629.0 629.0 629.0 630.0 630.0 630.0 630.0 631.0 631.0 631.0 632.0 632.0 633.0 633.0 633.0 634.0 634.0 635.0 635.0 635.0 636.0 636.0 636.0 637.0 637.0 637.0 638.0 638.0 638.0 638.0 639.0 639.0 639.0 639.0 640.0 640.0 640.0 640.0 640.0 640.0 640.0 640.0 640.0 640.0 640.0 640.0 640.0 640.0 640.0 639.0 639.0 638.0 638.0 637.0 637.0 636.0 635.0 635.0 634.0 633.0 632.0 631.0 630.0 629.0 628.0 628.0 626.0 626.0 625.0 624.0 623.0 623.0 622.0 622.0 621.0 621.0 620.0 620.0 620.0 620.0 620.0 620.0 620.0 620.0 621.0 621.0 621.0 622.0 5.0 50.0 56.0 61.0 67.0 73.0 79.0 85.0 91.0 97.0 103.0 109.0 115.0 121.0 127.0 133.0 139.0 145.0 151.0 157.0 163.0 169.0 175.0 181.0 187.0 193.0 199.0 205.0 211.0 217.0 223.0 228.0 234.0 240.0 246.0 252.0 258.0 264.0 270.0 276.0 282.0 288.0 294.0 300.0 306.0 312.0 318.0 324.0 330.0 336.0 342.0 348.0 354.0 360.0 366.0 372.0 378.0 384.0 389.0 395.0 401.0 407.0 413.0 419.0 425.0 431.0 437.0 443.0 449.0 454.0 460.0 466.0 471.0 477.0 483.0 488.0 494.0 500.0 506.0 511.0 517.0 523.0 529.0 534.0 540.0 546.0 552.0 558.0 564.0 570.0 576.0 581.0 587.0 593.0 599.0 605.0 611.0 617.0 623.0 629.0 655.0
617.0 624.0 624.0 625.0 625.0 626.0 626.0 626.0 626.0 627.0 627.0 627.0 628.0 628.0 628.0 628.0 628.0 629.0 629.0 629.0 629.0 630.0 630.0 630.0 630.0 631.0 631.0 631.0 632.0 632.0 632.0 632.0 632.0 633.0 633.0 633.0 633.0 634.0 634.0 634.0 634.0 634.0 634.0 635.0 635.0 635.0 635.0 635.0 635.0 635.0 635.0 635.0 635.0 635.0 634.0 634.0 634.0 634.0 634.0 633.0 633.0 632.0 632.0 631.0 631.0 630.0 629.0 629.0 628.0 627.0 626.0 625.0 624.0 623.0 622.0 621.0 620.0 619.0 617.0 616.0 615.0 614.0 614.0 613.0 612.0 611.0 611.0 610.0 610.0 609.0 609.0 610.0 609.0 609.0 609.0 609.0 610.0 609.0 610.0 610.0 5.0 50.0 56.0 62.0 68.0 74.0 80.0 86.0 92.0 98.0 104.0 110.0 116.0 122.0 128.0 134.0 140.0 146.0 152.0 158.0 164.0 170.0 176.0 182.0 188.0 194.0 200.0 206.0 212.0 218.0 224.0 229.0 235.0 241.0 247.0 253.0 259.0 265.0 271.0 277.0 283.0 289.0 295.0 301.0 307.0 313.0 319.0 325.0 331.0 337.0 343.0 349.0 355.0 361.0 367.0 373.0 379.0 385.0 391.0 396.0 402.0 408.0 414.0 420.0 426.0 432.0 437.0 443.0 449.0 455.0 460.0 466.0 472.0 477.0 483.0 489.0 494.0 500.0 506.0 511.0 517.0 523.0 528.0 534.0 540.0 546.0 551.0 557.0 563.0 569.0 575.0 581.0 586.0 592.0 598.0 604.0 610.0 616.0 622.0 628.0 656.0
617.0 623.0 624.0 624.0 625.0 625.0 625.0 625.0 626.0 626.0 626.0 626.0 627.0 627.0 627.0 627.0 627.0 627.0 627.0 627.0 628.0 628.0 628.0 628.0 628.0 629.0 628.0 629.0 629.0 629.0 629.0 629.0 630.0 630.0 630.0 630.0 630.0 630.0 630.0 631.0 631.0 630.0 631.0 630.0 631.0 631.0 631.0 630.0 631.0 630.0 630.0 630.0 630.0 630.0 629.0 629.0 629.0 629.0 628.0 627.0 627.0 626.0 626.0 625.0 625.0 624.0 623.0 622.0 621.0 620.0 619.0 618.0 616.0 615.0 614.0 613.0 612.0 611.0 609.0 608.0 607.0 606.0 605.0 604.0 603.0 603.0 602.0 601.0 601.0 600.0 600.0 600.0 599.0 599.0 600.0 600.0 600.0 599.0 600.0 600.0 5.0 50.0 56.0 62.0 68.0 74.0 80.0 86.0 92.0 98.0 104.0 110.0 116.0 122.0 128.0 134.0 140.0 147.0 153.0 158.0 164.0 170.0 176.0 182.0 188.0 194.0 200.0 206.0 212.0 218.0 224.0 231.0 237.0 242.0 248.0 254.0 260.0 266.0 272.0 278.0 284.0 290.0 296.0 302.0 308.0 314.0 320.0 326.0 332.0 338.0 344.0 350.0 356.0 362.0 368.0 374.0 380.0 385.0 391.0 397.0 403.0 409.0 415.0 420.0 426.0 432.0 438.0 444.0 449.0 455.0 460.0 466.0 471.0 477.0 483.0 488.0 494.0 499.0 505.0 511.0 516.0 522.0 528.0 533.0 539.0 545.0 550.0 556.0 562.0 568.0 574.0 580.0 585.0 591.0 597.0 603.0 609.0 615.0 621.0 627.0 657.0
617.0 623.0 623.0 624.0 624.0 624.0 625.0 625.0 625.0 625.0 625.0 625.0 626.0 626.0 626.0 626.0 626.0 626.0 626.0 626.0 626.0 626.0 626.0 626.0 627.0 627.0 627.0 627.0 627.0 627.0 627.0 627.0 627.0 627.0 627.0 627.0 627.0 627.0 628.0 627.0 627.0 627.0 627.0 627.0 627.0 627.0 627.0 627.0 627.0 626.0 626.0 626.0 626.0 625.0 625.0 625.0 624.0 624.0 623.0 623.0 622.0 621.0 621.0 620.0 619.0 618.0 617.0 616.0 615.0 614.0 613.0 611.0 610.0 609.0 607.0 606.0 605.0 604.0 602.0 601.0 600.0 599.0 598.0 597.0 596.0 595.0 594.0 594.0 593.0 592.0 592.0 592.0 592.0 592.0 591.0 591.0 591.0 591.0 591.0 591.0 5.0 51.0 57.0 63.0 69.0 75.0 81.0 87.0 93.0 99.0 105.0 111.0 117.0 123.0 129.0 135.0 141.0 148.0 154.0 160.0 166.0 172.0 178.0 184.0 190.0 196.0 202.0 208.0 214.0 220.0 226.0 232.0 238.0 244.0 250.0 256.0 262.0 268.0 274.0 280.0 286.0 292.0 298.0 304.0 310.0 316.0 322.0 328.0 334.0 340.0 346.0 352.0 358.0 364.0 370.0 376.0 382.0 387.0 393.0 399.0 405.0 411.0 417.0 422.0 428.0 434.0 439.0 445.0 451.0 456.0 462.0 468.0 473.0 479.0 484.0 490.0 495.0 501.0 507.0 512.0 518.0 523.0 529.0 535.0 540.0 546.0 552.0 558.0 564.0 569.0 575.0 581.0 587.0 593.0 599.0 605.0 611.0 617.0 623.0 629.0 658.0
617.0 623.0 623.0 624.0 624.0 624.0 624.0 624.0 624.0 624.0 624.0 625.0 625.0 625.0 625.0 625.0 625.0 625.0 625.0 625.0 625.0 625.0 625.0 625.0 625.0 625.0 625.0 625.0 625.0 625.0 626.0 626.0 626.0 625.0 625.0 625.0 625.0 625.0 626.0 625.0 625.0 625.0 625.0 625.0 625.0 625.0 624.0 624.0 624.0 623.0 623.0 623.0 623.0 622.0 622.0 621.0 621.0 621.0 620.0 619.0 618.0 618.0 617.0 616.0 615.0 614.0 613.0 612.0 611.0 610.0 608.0 607.0 606.0 604.0 603.0 602.0 600.0 599.0 598.0 596.0 595.0 594.0 593.0 592.0 591.0 590.0 589.0 588.0 588.0 587.0 587.0 586.0 586.0 586.0 585.0 586.0 585.0 585.0 585.0 585.0 5.0 52.0 58.0 64.0 70.0 76.0 82.0 88.0 94.0 100.0 106.0 112.0 118.0 124.0 130.0 136.0 142.0 148.0 154.0 160.0 166.0 172.0 178.0 184.0 190.0 196.0 202.0 209.0 215.0 221.0 227.0 233.0 239.0 245.0 251.0 257.0 263.0 269.0 275.0 281.0 287.0 293.0 299.0 305.0 311.0 317.0 323.0 329.0 335.0 340.0 346.0 352.0 358.0 364.0 370.0 376.0 382.0 388.0 394.0 399.0 405.0 411.0 417.0 422.0 428.0 434.0 439.0 445.0 450.0 456.0 462.0 467.0 473.0 478.0 484.0 489.0 495.0 500.0 506.0 511.0 517.0 522.0 528.0 534.0 539.0 545.0 551.0 557.0 563.0 568.0 574.0 580.0 586.0 592.0 598.0 604.0 610.0 616.0 622.0 628.0 659.0
617.0 622.0 623.0 623.0 624.0 624.0 624.0 624.0 624.0 624.0 624.0 624.0 624.0 624.0 624.0 624.0 624.0 624.0 624.0 625.0 625.0 624.0 624.0 624.0 625.0 625.0 625.0 624.0 624.0 624.0 624.0 625.0 624.0 624.0 624.0 624.0 624.0 624.0 624.0 624.0 624.0 624.0 624.0 623.0 623.0 623.0 623.0 623.0 623.0 622.0 622.0 622.0 621.0 621.0 620.0 620.0 619.0 619.0 618.0 617.0 616.0 616.0 615.0 614.0 613.0 612.0 611.0 610.0 609.0 608.0 607.0 605.0 604.0 602.0 601.0 599.0 598.0 597.0 595.0 594.0 593.0 591.0 590.0 589.0 588.0 587.0 586.0 586.0 585.0 584.0 584.0 583.0 583.0 583.0 582.0 582.0 582.0 582.0 582.0 582.0 5.0 51.0 57.0 63.0 69.0 75.0 81.0 87.0 93.0 99.0 105.0 111.0 118.0 124.0 130.0 136.0 142.0 148.0 154.0 160.0 166.0 172.0 178.0 184.0 190.0 196.0 202.0 208.0 214.0 220.0 226.0 232.0 238.0 244.0 250.0 256.0 262.0 268.0 274.0 280.0 286.0 292.0 298.0 304.0 310.0 316.0 322.0 328.0 334.0 340.0 346.0 352.0 358.0 363.0 369.0 375.0 381.0 387.0 393.0 398.0 404.0 410.0 416.0 421.0 427.0 433.0 438.0 444.0 450.0 455.0 461.0 466.0 472.0 477.0 483.0 488.0 494.0 499.0 505.0 510.0 516.0 521.0 527.0 533.0 538.0 544.0 550.0 556.0 561.0 567.0 573.0 579.0 585.0 591.0 596.0 602.0 608.0 614.0 620.0 626.0 660.0
617.0 622.0 623.0 623.0 623.0 623.0 624.0 624.0 624.0 624.0 624.0 624.0 624.0 624.0 624.0 624.0 624.0 624.0 624.0 624.0 624.0 624.0 624.0 624.0 624.0 624.0 624.0 624.0 624.0 624.0 624.0 624.0 624.0 624.0 624.0 624.0 624.0 624.0 624.0 624.0 624.0 624.0 624.0 623.0 623.0 623.0 623.0 622.0 622.0 622.0 622.0 621.0 621.0 620.0 620.0 619.0 619.0 618.0 618.0 617.0 616.0 616.0 615.0 614.0 613.0 612.0 611.0 610.0 609.0 607.0 606.0 605.0 604.0 602.0 601.0 599.0 598.0 596.0 595.0 593.0 592.0 591.0 590.0 589.0 588.0 587.0 586.0 585.0 584.0 584.0 583.0 583.0 582.0 582.0 582.0 582.0 582.0 581.0 582.0 582.0 5.0 51.0 57.0 63.0 69.0 75.0 81.0 87.0 93.0 99.0 105.0 111.0 117.0 123.0 129.0 135.0 141.0 147.0 153.0 160.0 166.0 172.0 178.0 184.0 190.0 196.0 202.0 208.0 214.0 220.0 226.0 232.0 238.0 244.0 250.0 256.0 262.0 268.0 274.0 280.0 286.0 292.0 298.0 304.0 310.0 316.0 322.0 328.0 334.0 339.0 345.0 351.0 357.0 363.0 369.0 375.0 381.0 387.0 393.0 398.0 404.0 410.0 416.0 421.0 427.0 433.0 438.0 444.0 449.0 455.0 460.0 466.0 471.0 477.0 482.0 488.0 493.0 499.0 505.0 510.0 515.0 521.0 526.0 532.0 538.0 543.0 549.0 555.0 561.0 566.0 572.0 578.0 584.0 590.0 596.0 602.0 608.0 614.0 619.0 625.0 661.0
617.0 623.0 623.0 624.0 624.0 624.0 624.0 624.0 624.0 624.0 624.0 624.0 624.0 624.0 624.0 624.0 624.0 625.0 625.0 625.0 625.0 624.0 624.0 625.0 625.0 625.0 625.0 625.0 625.0 625.0 625.0 625.0 625.0 625.0 625.0 625.0 625.0 624.0 625.0 624.0 624.0 624.0 624.0 624.0 624.0 624.0 624.0 623.0 623.0 623.0 623.0 622.0 622.0 622.0 621.0 620.0 620.0 619.0 619.0 618.0 618.0 617.0 616.0 615.0 615.0 613.0 612.0 611.0 610.0 609.0 608.0 606.0 605.0 603.0 602.0 601.0 599.0 598.0 597.0 595.0 594.0 593.0 592.0 591.0 590.0 589.0 588.0 587.0 586.0 586.0 585.0 585.0 585.0 584.0 584.0 584.0 584.0 584.0 584.0 584.0 5.0 51.0 57.0 63.0 69.0 75.0 81.0 87.0 93.0 99.0 105.0 111.0 117.0 123.0 129.0 135.0 141.0 147.0 153.0 159.0 165.0 171.0 177.0 183.0 189.0 195.0 202.0 208.0 214.0 220.0 226.0 232.0 238.0 244.0 250.0 256.0 262.0 268.0 274.0 280.0 286.0 292.0 298.0 304.0 310.0 316.0 322.0 328.0 334.0 339.0 345.0 351.0 357.0 363.0 369.0 375.0 381.0 386.0 392.0 398.0 404.0 409.0 415.0 421.0 427.0 432.0 438.0 444.0 449.0 455.0 460.0 466.0 471.0 477.0 482.0 488.0 493.0 499.0 504.0 510.0 515.0 520.0 526.0 532.0 537.0 543.0 549.0 555.0 561.0 566.0 572.0 578.0 584.0 590.0 595.0 601.0 607.0 613.0 619.0 625.0 662.0
617.0 623.0 623.0 624.0 624.0 624.0 624.0 624.0 624.0 624.0 625.0 625.0 625.0 625.0 625.0 625.0 625.0 625.0 625.0 625.0 625.0 625.0 625.0 625.0 625.0 625.0 626.0 626.0 626.0 626.0 626.0 626.0 626.0 626.0 626.0 626.0 626.0 626.0 626.0 626.0 626.0 626.0 626.0 626.0 626.0 626.0 626.0 625.0 625.0 625.0 625.0 624.0 624.0 624.0 623.0 623.0 622.0 622.0 621.0 621.0 620.0 620.0 619.0 618.0 617.0 616.0 615.0 614.0 613.0 612.0 611.0 609.0 608.0 607.0 606.0 604.0 603.0 602.0 600.0 599.0 598.0 596.0 595.0 594.0 593.0 593.0 592.0 591.0 590.0 590.0 590.0 589.0 589.0 589.0 589.0 588.0 589.0 589.0 589.0 589.0 5.0 51.0 57.0 63.0 69.0 75.0 81.0 87.0 93.0 99.0 105.0 111.0 117.0 123.0 129.0 135.0 141.0 148.0 154.0 160.0 166.0 172.0 178.0 184.0 190.0 196.0 202.0 208.0 214.0 220.0 226.0 232.0 238.0 244.0 250.0 256.0 262.0 268.0 274.0 280.0 286.0 292.0 298.0 304.0 310.0 316.0 322.0 328.0 334.0 339.0 345.0 351.0 357.0 363.0 369.0 375.0 381.0 387.0 393.0 399.0 404.0 410.0 416.0 421.0 427.0 433.0 439.0 444.0 450.0 456.0 461.0 467.0 472.0 478.0 483.0 489.0 494.0 500.0 505.0 511.0 516.0 522.0 528.0 533.0 539.0 545.0 550.0 556.0 562.0 568.0 573.0 579.0 585.0 591.0 597.0 603.0 609.0 615.0 621.0 627.0 663.0
617.0 623.0 623.0 624.0 624.0 624.0 625.0 625.0 625.0 625.0 625.0 625.0 626.0 626.0 626.0 626.0 626.0 626.0 626.0 626.0 626.0 626.0 626.0 627.0 627.0 627.0 627.0 627.0 627.0 628.0 628.0 628.0 628.0 628.0 628.0 628.0 628.0 628.0 629.0 628.0 628.0 629.0 629.0 629.0 628.0 628.0 629.0 628.0 628.0 628.0 628.0 628.0 628.0 627.0 627.0 627.0 626.0 626.0 626.0 625.0 624.0 624.0 623.0 623.0 622.0 621.0 620.0 619.0 618.0 617.0 616.0 615.0 614.0 612.0 611.0 609.0 608.0 607.0 606.0 605.0 604.0 603.0 602.0 601.0 600.0 599.0 598.0 598.0 597.0 597.0 597.0 596.0 596.0 596.0 596.0 596.0 596.0 596.0 596.0 596.0 5.0 51.0 57.0 62.0 68.0 74.0 80.0 86.0 92.0 98.0 105.0 111.0 117.0 123.0 129.0 135.0 141.0 147.0 153.0 159.0 165.0 171.0 177.0 183.0 189.0 195.0 201.0 207.0 213.0 219.0 225.0 231.0 237.0 243.0 249.0 255.0 261.0 267.0 273.0 279.0 285.0 291.0 297.0 303.0 309.0 315.0 321.0 327.0 333.0 339.0 345.0 351.0 357.0 363.0 369.0 374.0 380.0 386.0 392.0 398.0 404.0 410.0 416.0 421.0 427.0 433.0 438.0 444.0 450.0 455.0 461.0 467.0 472.0 478.0 484.0 489.0 495.0 500.0 506.0 511.0 517.0 522.0 528.0 534.0 539.0 545.0 551.0 557.0 563.0 568.0 574.0 580.0 586.0 592.0 598.0 604.0 610.0 616.0 622.0 628.0 664.0
617.0 624.0 624.0 625.0 625.0 625.0 625.0 625.0 625.0 626.0 626.0 626.0 627.0 627.0 627.0 627.0 627.0 627.0 627.0 628.0 628.0 628.0 628.0 629.0 629.0 629.0 629.0 629.0 630.0 630.0 630.0 630.0 630.0 631.0 631.0 631.0 631.0 631.0 632.0 632.0 632.0 632.0 632.0 632.0 632.0 632.0 632.0 633.0 632.0 632.0 632.0 632.0 632.0 632.0 632.0 631.0 631.0 631.0 630.0 630.0 630.0 629.0 628.0 628.0 628.0 627.0 626.0 625.0 624.0 623.0 622.0 621.0 620.0 619.0 618.0 617.0 616.0 615.0 613.0 613.0 612.0 611.0 610.0 609.0 608.0 607.0 607.0 607.0 606.0 606.0 605.0 605.0 605.0 605.0 605.0 605.0 605.0 606.0 606.0 606.0 5.0 51.0 57.0 63.0 69.0 75.0 81.0 87.0 93.0 99.0 105.0 111.0 117.0 123.0 129.0 135.0 141.0 147.0 153.0 159.0 165.0 171.0 177.0 183.0 189.0 195.0 201.0 207.0 213.0 219.0 225.0 231.0 237.0 243.0 249.0 255.0 261.0 267.0 273.0 279.0 285.0 290.0 296.0 302.0 308.0 314.0 320.0 326.0 333.0 338.0 344.0 350.0 356.0 362.0 368.0 374.0 380.0 386.0 392.0 398.0 404.0 410.0 416.0 421.0 427.0 433.0 439.0 445.0 450.0 456.0 462.0 468.0 473.0 479.0 485.0 490.0 496.0 501.0 507.0 513.0 518.0 524.0 530.0 536.0 541.0 547.0 553.0 559.0 565.0 570.0 576.0 582.0 588.0 594.0 600.0 606.0 612.0 618.0 624.0 630.0 665.0
617.0 624.0 625.0 625.0 625.0 625.0 626.0 626.0 627.0 627.0 627.0 627.0 628.0 628.0 628.0 628.0 629.0 629.0 629.0 629.0 629.0 630.0 630.0 631.0 631.0 631.0 631.0 632.0 632.0 632.0 633.0 633.0 633.0 634.0 634.0 634.0 634.0 635.0 635.0 635.0 635.0 636.0 636.0 636.0 636.0 636.0 636.0 637.0 637.0 637.0 637.0 637.0 637.0 637.0 637.0 637.0 636.0 636.0 636.0 636.0 635.0 635.0 634.0 634.0 634.0 633.0 632.0 632.0 631.0 630.0 629.0 628.0 627.0 627.0 625.0 624.0 624.0 622.0 621.0 621.0 620.0 619.0 618.0 618.0 617.0 616.0 616.0 616.0 615.0 615.0 615.0 615.0 615.0 615.0 615.0 615.0 615.0 615.0 616.0 616.0 5.0 51.0 57.0 63.0 68.0 74.0 80.0 86.0 92.0 98.0 104.0 110.0 116.0 122.0 128.0 134.0 141.0 147.0 153.0 158.0 164.0 170.0 176.0 182.0 188.0 194.0 200.0 206.0 212.0 218.0 224.0 230.0 236.0 242.0 248.0 254.0 260.0 266.0 272.0 278.0 284.0 290.0 296.0 302.0 308.0 314.0 320.0 326.0 332.0 338.0 344.0 350.0 356.0 362.0 368.0 374.0 380.0 386.0 391.0 397.0 403.0 409.0 415.0 421.0 427.0 433.0 439.0 445.0 450.0 456.0 462.0 468.0 473.0 479.0 485.0 490.0 496.0 502.0 508.0 513.0 519.0 525.0 531.0 537.0 542.0 548.0 554.0 560.0 566.0 571.0 577.0 583.0 589.0 595.0 601.0 607.0 613.0 619.0 625.0 631.0 666.0
617.0 624.0 625.0 626.0 626.0 626.0 627.0 627.0 628.0 628.0 628.0 628.0 629.0 629.0 629.0 630.0 630.0 630.0 631.0 631.0 631.0 632.0 632.0 633.0 633.0 633.0 634.0 634.0 635.0 635.0 636.0 636.0 636.0 637.0 637.0 637.0 637.0 638.0 638.0 639.0 639.0 639.0 640.0 640.0 640.0 640.0 641.0 641.0 641.0 641.0 642.0 642.0 642.0 642.0 642.0 642.0 642.0 642.0 642.0 642.0 642.0 641.0 641.0 641.0 640.0 640.0 639.0 639.0 638.0 637.0 637.0 636.0 635.0 634.0 633.0 633.0 632.0 631.0 630.0 630.0 629.0 628.0 627.0 627.0 626.0 626.0 626.0 625.0 625.0 625.0 625.0 625.0 625.0 625.0 625.0 625.0 626.0 626.0 626.0 627.0 5.0 50.0 56.0 62.0 68.0 74.0 80.0 86.0 92.0 98.0 104.0 110.0 116.0 122.0 128.0 134.0 140.0 146.0 152.0 158.0 164.0 170.0 176.0 182.0 188.0 193.0 199.0 205.0 211.0 217.0 223.0 229.0 235.0 241.0 247.0 253.0 259.0 265.0 271.0 277.0 283.0 289.0 295.0 301.0 307.0 313.0 319.0 325.0 331.0 337.0 343.0 349.0 355.0 361.0 367.0 373.0 379.0 384.0 390.0 396.0 402.0 408.0 414.0 420.0 426.0 432.0 438.0 444.0 450.0 456.0 461.0 467.0 473.0 479.0 485.0 490.0 496.0 502.0 508.0 514.0 519.0 525.0 531.0 537.0 543.0 549.0 554.0 560.0 566.0 572.0 578.0 584.0 590.0 596.0 602.0 608.0 614.0 620.0 626.0 632.0 667.0
617.0 625.0 626.0 626.0 626.0 627.0 628.0 628.0 629.0 629.0 629.0 629.0 630.0 630.0 631.0 631.0 632.0 632.0 632.0 633.0 633.0 634.0 634.0 635.0 635.0 636.0 636.0 636.0 637.0 637.0 638.0 638.0 639.0 639.0 640.0 640.0 641.0 641.0 642.0 642.0 643.0 643.0 643.0 644.0 644.0 645.0 645.0 645.0 646.0 646.0 646.0 647.0 647.0 647.0 647.0 647.0 647.0 647.0 647.0 647.0 647.0 647.0 647.0 647.0 647.0 646.0 646.0 645.0 645.0 644.0 644.0 643.0 643.0 642.0 641.0 641.0 640.0 639.0 638.0 638.0 637.0 636.0 636.0 635.0 635.0 635.0 635.0 634.0 634.0 634.0 634.0 634.0 634.0 635.0 635.0 635.0 636.0 636.0 636.0 637.0 5.0 50.0 56.0 62.0 67.0 73.0 79.0 85.0 91.0 97.0 103.0 109.0 115.0 121.0 127.0 133.0 139.0 145.0 151.0 157.0 163.0 169.0 175.0 181.0 187.0 192.0 198.0 204.0 210.0 216.0 222.0 228.0 234.0 240.0 246.0 252.0 258.0 264.0 270.0 276.0 282.0 287.0 293.0 299.0 305.0 311.0 317.0 323.0 329.0 335.0 341.0 347.0 353.0 359.0 365.0 371.0 377.0 383.0 389.0 395.0 401.0 407.0 413.0 419.0 425.0 431.0 437.0 443.0 449.0 454.0 461.0 467.0 472.0 478.0 484.0 490.0 496.0 502.0 507.0 513.0 519.0 525.0 531.0 537.0 543.0 549.0 555.0 561.0 567.0 572.0 578.0 584.0 590.0 596.0 602.0 608.0 614.0 620.0 626.0 632.0 668.0
617.0 625.0 626.0 627.0 627.0 628.0 628.0 629.0 629.0 630.0 630.0 631.0 631.0 631.0 632.0 632.0 633.0 633.0 634.0 634.0 635.0 635.0 636.0 637.0 637.0 638.0 638.0 639.0 640.0 640.0 641.0 641.0 641.0 642.0 643.0 643.0 644.0 644.0 645.0 645.0 646.0 647.0 647.0 648.0 648.0 648.0 649.0 649.0 650.0 650.0 651.0 651.0 651.0 652.0 652.0 652.0 652.0 652.0 652.0 653.0 653.0 653.0 652.0 653.0 652.0 652.0 652.0 652.0 651.0 651.0 650.0 650.0 649.0 648.0 648.0 648.0 647.0 646.0 646.0 645.0 645.0 644.0 644.0 643.0 643.0 643.0 643.0 643.0 642.0 642.0 643.0 643.0 643.0 643.0 644.0 644.0 645.0 645.0 646.0 646.0 5.0 49.0 55.0 61.0 67.0 73.0 79.0 85.0 91.0 97.0 103.0 109.0 115.0 121.0 127.0 132.0 138.0 144.0 150.0 156.0 162.0 168.0 174.0 180.0 186.0 192.0 198.0 204.0 209.0 215.0 221.0 227.0 233.0 239.0 245.0 251.0 257.0 263.0 269.0 275.0 281.0 286.0 292.0 298.0 304.0 310.0 316.0 322.0 328.0 334.0 340.0 346.0 352.0 358.0 364.0 370.0 376.0 382.0 388.0 394.0 400.0 406.0 412.0 418.0 424.0 430.0 436.0 442.0 448.0 454.0 460.0 466.0 472.0 478.0 484.0 490.0 496.0 501.0 507.0 513.0 519.0 525.0 531.0 537.0 543.0 549.0 555.0 561.0 567.0 573.0 579.0 585.0 591.0 597.0 603.0 609.0 615.0 621.0 626.0 632.0 669.0
617.0 626.0 626.0 627.0 628.0 628.0 629.0 629.0 630.0 630.0 631.0 632.0 632.0 632.0 633.0 633.0 634.0 634.0 635.0 636.0 636.0 637.0 637.0 638.0 639.0 639.0 640.0 641.0 642.0 642.0 642.0 643.0 644.0 645.0 645.0 646.0 646.0 647.0 648.0 648.0 649.0 649.0 650.0 651.0 651.0 651.0 652.0 653.0 653.0 654.0 654.0 655.0 655.0 655.0 656.0 656.0 656.0 656.0 657.0 657.0 657.0 657.0 657.0 657.0 657.0 657.0 657.0 656.0 656.0 656.0 655.0 655.0 655.0 654.0 654.0 653.0 653.0 652.0 652.0 651.0 651.0 650.0 650.0 650.0 650.0 650.0 650.0 650.0 650.0 650.0 650.0 650.0 651.0 651.0 651.0 652.0 652.0 653.0 654.0 654.0 5.0 49.0 55.0 61.0 67.0 73.0 79.0 85.0 91.0 97.0 103.0 109.0 115.0 121.0 126.0 132.0 138.0 144.0 150.0 156.0 162.0 168.0 174.0 180.0 186.0 191.0 197.0 203.0 209.0 215.0 221.0 227.0 233.0 239.0 245.0 251.0 257.0 262.0 268.0 274.0 280.0 286.0 292.0 298.0 304.0 310.0 316.0 322.0 328.0 334.0 340.0 346.0 352.0 358.0 364.0 370.0 376.0 382.0 388.0 394.0 400.0 406.0 412.0 418.0 424.0 430.0 436.0 442.0 448.0 454.0 460.0 466.0 472.0 478.0 484.0 490.0 496.0 502.0 508.0 514.0 520.0 526.0 532.0 538.0 544.0 550.0 556.0 562.0 568.0 574.0 580.0 586.0 592.0 598.0 604.0 610.0 616.0 622.0 628.0 633.0 670.0
617.0 626.0 627.0 627.0 628.0 629.0 629.0 630.0 631.0 631.0 632.0 632.0 633.0 633.0 634.0 634.0 635.0 635.0 636.0 637.0 637.0 638.0 638.0 639.0 640.0 640.0 641.0 642.0 643.0 644.0 644.0 645.0 645.0 646.0 647.0 647.0 648.0 649.0 650.0 650.0 651.0 651.0 652.0 653.0 653.0 654.0 655.0 655.0 655.0 656.0 656.0 657.0 658.0 658.0 658.0 659.0 659.0 659.0 659.0 660.0 660.0 660.0 660.0 660.0 660.0 660.0 660.0 660.0 660.0 659.0 659.0 659.0 659.0 658.0 658.0 657.0 657.0 656.0 656.0 656.0 655.0 655.0 655.0 654.0 654.0 654.0 654.0 655.0 654.0 654.0 655.0 655.0 656.0 656.0 657.0 657.0 658.0 658.0 659.0 660.0 5.0 49.0 55.0 61.0 67.0 73.0 79.0 85.0 91.0 97.0 103.0 109.0 115.0 121.0 126.0 132.0 138.0 144.0 150.0 156.0 162.0 168.0 174.0 180.0 186.0 191.0 197.0 203.0 209.0 215.0 221.0 227.0 233.0 239.0 245.0 251.0 256.0 262.0 268.0 274.0 280.0 286.0 292.0 298.0 304.0 310.0 316.0 322.0 328.0 334.0 339.0 345.0 351.0 357.0 364.0 370.0 376.0 382.0 388.0 394.0 400.0 406.0 412.0 417.0 424.0 430.0 436.0 442.0 448.0 454.0 460.0 466.0 472.0 478.0 484.0 490.0 496.0 502.0 508.0 514.0 520.0 526.0 533.0 539.0 545.0 551.0 557.0 563.0 569.0 574.0 580.0 586.0 592.0 598.0 604.0 610.0 616.0 622.0 628.0 634.0 671.0
617.0 626.0 627.0 628.0 628.0 629.0 629.0 630.0 631.0 631.0 632.0 633.0 633.0 633.0 634.0 634.0 635.0 636.0 636.0 637.0 638.0 638.0 639.0 640.0 641.0 641.0 642.0 643.0 643.0 644.0 645.0 645.0 646.0 647.0 648.0 648.0 649.0 650.0 651.0 651.0 652.0 653.0 653.0 654.0 654.0 655.0 656.0 656.0 657.0 657.0 658.0 658.0 659.0 659.0 660.0 660.0 661.0 661.0 661.0 661.0 661.0 662.0 662.0 662.0 662.0 662.0 662.0 662.0 662.0 661.0 661.0 661.0 660.0 660.0 660.0 659.0 659.0 659.0 658.0 658.0 658.0 657.0 657.0 657.0 657.0 657.0 657.0 657.0 657.0 657.0 657.0 657.0 658.0 658.0 659.0 659.0 660.0 661.0 662.0 663.0 5.0 49.0 54.0 60.0 66.0 72.0 78.0 84.0 90.0 96.0 102.0 108.0 114.0 120.0 126.0 132.0 138.0 144.0 150.0 155.0 161.0 167.0 173.0 179.0 185.0 191.0 197.0 203.0 208.0 214.0 220.0 226.0 232.0 238.0 244.0 250.0 256.0 262.0 268.0 273.0 279.0 285.0 291.0 297.0 303.0 309.0 315.0 321.0 327.0 333.0 339.0 345.0 351.0 357.0 363.0 369.0 375.0 381.0 387.0 393.0 399.0 405.0 411.0 417.0 423.0 429.0 435.0 441.0 448.0 454.0 460.0 466.0 472.0 478.0 484.0 490.0 496.0 502.0 508.0 514.0 520.0 526.0 533.0 538.0 544.0 550.0 556.0 562.0 568.0 574.0 580.0 586.0 592.0 598.0 604.0 610.0 616.0 622.0 628.0 634.0 672.0
617.0 626.0 627.0 628.0 628.0 629.0 630.0 630.0 631.0 631.0 632.0 633.0 633.0 634.0 634.0 635.0 636.0 636.0 636.0 637.0 638.0 639.0 639.0 640.0 641.0 641.0 642.0 643.0 644.0 644.0 645.0 646.0 646.0 647.0 648.0 648.0 649.0 650.0 651.0 651.0 652.0 653.0 653.0 654.0 655.0 655.0 656.0 657.0 657.0 658.0 658.0 658.0 659.0 659.0 660.0 660.0 661.0 661.0 661.0 662.0 662.0 662.0 662.0 662.0 662.0 662.0 662.0 662.0 662.0 662.0 661.0 661.0 661.0 660.0 660.0 659.0 659.0 659.0 658.0 658.0 658.0 657.0 657.0 657.0 657.0 657.0 657.0 657.0 657.0 657.0 657.0 658.0 658.0 659.0 659.0 659.0 660.0 661.0 662.0 663.0 5.0 49.0 55.0 61.0 67.0 72.0 78.0 84.0 90.0 96.0 102.0 108.0 114.0 120.0 126.0 132.0 138.0 144.0 150.0 156.0 162.0 167.0 173.0 179.0 185.0 191.0 197.0 203.0 209.0 215.0 221.0 227.0 233.0 238.0 244.0 250.0 256.0 262.0 268.0 274.0 280.0 286.0 292.0 298.0 304.0 310.0 316.0 322.0 327.0 333.0 339.0 345.0 351.0 357.0 363.0 369.0 375.0 381.0 387.0 394.0 400.0 406.0 412.0 418.0 424.0 430.0 436.0 442.0 448.0 454.0 460.0 467.0 472.0 479.0 485.0 491.0 497.0 503.0 508.0 515.0 521.0 527.0 533.0 539.0 545.0 551.0 557.0 563.0 569.0 575.0 581.0 587.0 593.0 599.0 605.0 611.0 617.0 623.0 629.0 634.0 673.0
617.0 626.0 627.0 627.0 628.0 629.0 629.0 630.0 631.0 631.0 632.0 632.0 633.0 633.0 634.0 634.0 635.0 636.0 636.0 637.0 638.0 638.0 639.0 640.0 640.0 641.0 642.0 642.0 643.0 644.0 644.0 645.0 646.0 646.0 647.0 648.0 648.0 649.0 650.0 651.0 651.0 652.0 652.0 653.0 654.0 654.0 655.0 656.0 656.0 656.0 657.0 657.0 658.0 658.0 659.0 659.0 660.0 660.0 660.0 661.0 661.0 661.0 661.0 661.0 661.0 660.0 660.0 660.0 660.0 660.0 660.0 659.0 659.0 658.0 658.0 657.0 657.0 657.0 656.0 656.0 656.0 655.0 655.0 655.0 655.0 655.0 655.0 655.0 655.0 655.0 655.0 655.0 656.0 656.0 657.0 657.0 658.0 659.0 660.0 660.0 5.0 49.0 55.0 61.0 67.0 73.0 79.0 85.0 91.0 97.0 103.0 109.0 115.0 121.0 126.0 132.0 138.0 144.0 150.0 156.0 162.0 168.0 174.0 180.0 186.0 191.0 197.0 203.0 209.0 215.0 221.0 227.0 233.0 239.0 245.0 251.0 257.0 263.0 269.0 274.0 280.0 286.0 292.0 298.0 304.0 310.0 316.0 322.0 328.0 334.0 340.0 346.0 352.0 358.0 364.0 370.0 376.0 382.0 388.0 394.0 400.0 406.0 412.0 418.0 424.0 430.0 436.0 442.0 449.0 455.0 461.0 467.0 473.0 479.0 485.0 491.0 497.0 503.0 509.0 515.0 521.0 527.0 533.0 539.0 545.0 552.0 558.0 564.0 570.0 576.0 582.0 588.0 594.0 600.0 606.0 612.0 618.0 624.0 629.0 635.0 674.0
617.0 626.0 627.0 627.0 628.0 629.0 629.0 630.0 630.0 631.0 631.0 632.0 632.0 633.0 633.0 634.0 635.0 635.0 636.0 636.0 637.0 637.0 638.0 639.0 639.0 640.0 640.0 641.0 642.0 643.0 643.0 644.0 644.0 645.0 646.0 646.0 647.0 647.0 648.0 649.0 649.0 650.0 651.0 651.0 652.0 652.0 653.0 654.0 654.0 655.0 655.0 656.0 656.0 656.0 657.0 657.0 657.0 658.0 658.0 658.0 658.0 658.0 658.0 658.0 658.0 658.0 658.0 658.0 657.0 657.0 656.0 656.0 656.0 655.0 655.0 654.0 654.0 653.0 653.0 652.0 652.0 652.0 651.0 651.0 651.0 651.0 651.0 650.0 650.0 650.0 651.0 651.0 651.0 652.0 652.0 652.0 653.0 654.0 655.0 655.0 5.0 49.0 55.0 61.0 67.0 73.0 79.0 84.0 90.0 96.0 102.0 108.0 114.0 120.0 126.0 132.0 138.0 144.0 150.0 156.0 162.0 168.0 174.0 180.0 185.0 191.0 197.0 203.0 209.0 215.0 221.0 227.0 233.0 239.0 245.0 251.0 256.0 262.0 268.0 274.0 280.0 286.0 292.0 298.0 304.0 310.0 316.0 322.0 328.0 334.0 339.0 345.0 351.0 357.0 364.0 370.0 376.0 382.0 388.0 394.0 400.0 406.0 412.0 418.0 424.0 430.0 436.0 442.0 448.0 455.0 461.0 466.0 472.0 478.0 484.0 490.0 496.0 502.0 508.0 514.0 520.0 526.0 532.0 538.0 544.0 550.0 557.0 563.0 569.0 575.0 581.0 587.0 593.0 599.0 605.0 611.0 617.0 623.0 628.0 634.0 675.0
617.0 625.0 626.0 627.0 627.0 628.0 629.0 629.0 630.0 630.0 630.0 631.0 632.0 632.0 632.0 633.0 634.0 634.0 635.0 635.0 636.0 636.0 637.0 637.0 638.0 639.0 639.0 640.0 640.0 641.0 641.0 642.0 642.0 643.0 644.0 644.0 645.0 645.0 646.0 647.0 647.0 648.0 648.0 649.0 649.0 650.0 650.0 651.0 651.0 651.0 652.0 652.0 653.0 653.0 653.0 653.0 654.0 654.0 654.0 654.0 654.0 654.0 654.0 654.0 654.0 653.0 653.0 653.0 653.0 652.0 651.0 651.0 651.0 650.0 649.0 649.0 648.0 648.0 647.0 647.0 646.0 646.0 645.0 645.0 645.0 644.0 644.0 644.0 644.0 644.0 644.0 644.0 645.0 645.0 645.0 645.0 646.0 647.0 647.0 648.0 5.0 50.0 55.0 61.0 67.0 73.0 79.0 85.0 91.0 97.0 103.0 109.0 115.0 121.0 127.0 133.0 139.0 144.0 150.0 156.0 162.0 168.0 174.0 180.0 186.0 192.0 198.0 203.0 209.0 215.0 221.0 227.0 233.0 239.0 245.0 251.0 257.0 263.0 269.0 274.0 280.0 286.0 292.0 298.0 304.0 310.0 316.0 322.0 328.0 334.0 340.0 346.0 352.0 358.0 364.0 370.0 376.0 382.0 388.0 394.0 400.0 406.0 412.0 418.0 424.0 430.0 437.0 443.0 449.0 455.0 460.0 466.0 472.0 478.0 484.0 490.0 496.0 502.0 508.0 514.0 520.0 526.0 532.0 538.0 544.0 549.0 556.0 562.0 568.0 574.0 580.0 586.0 592.0 598.0 604.0 610.0 616.0 621.0 627.0 633.0 676.0
617.0 625.0 626.0 626.0 627.0 627.0 628.0 629.0 629.0 630.0 630.0 630.0 630.0 631.0 631.0 632.0 632.0 633.0 633.0 633.0 634.0 634.0 635.0 635.0 636.0 637.0 637.0 638.0 638.0 639.0 639.0 640.0 640.0 641.0 641.0 641.0 642.0 642.0 643.0 644.0 644.0 644.0 645.0 646.0 646.0 646.0 646.0 647.0 647.0 647.0 648.0 648.0 648.0 648.0 649.0 649.0 649.0 649.0 649.0 649.0 649.0 649.0 649.0 648.0 648.0 647.0 647.0 647.0 646.0 646.0 645.0 645.0 644.0 643.0 642.0 642.0 641.0 640.0 639.0 639.0 638.0 638.0 637.0 637.0 636.0 636.0 636.0 636.0 636.0 636.0 636.0 636.0 636.0 636.0 636.0 637.0 637.0 638.0 638.0 638.0 5.0 50.0 55.0 61.0 67.0 73.0 79.0 85.0 91.0 97.0 103.0 109.0 115.0 121.0 127.0 133.0 139.0 145.0 151.0 157.0 163.0 169.0 175.0 181.0 187.0 192.0 198.0 204.0 210.0 216.0 222.0 228.0 234.0 240.0 246.0 252.0 258.0 264.0 270.0 275.0 281.0 287.0 293.0 299.0 305.0 311.0 317.0 323.0 329.0 335.0 341.0 347.0 353.0 359.0 366.0 372.0 378.0 384.0 390.0 396.0 402.0 408.0 414.0 420.0 426.0 432.0 438.0 444.0 450.0 456.0 462.0 467.0 473.0 479.0 485.0 491.0 497.0 502.0 508.0 514.0 520.0 526.0 532.0 538.0 544.0 550.0 556.0 562.0 568.0 574.0 580.0 586.0 592.0 598.0 604.0 610.0 616.0 622.0 628.0 633.0 677.0
617.0 625.0 625.0 626.0 626.0 627.0 628.0 628.0 628.0 629.0 629.0 629.0 629.0 630.0 630.0 630.0 631.0 631.0 632.0 632.0 632.0 633.0 633.0 633.0 634.0 635.0 635.0 635.0 636.0 636.0 637.0 637.0 637.0 638.0 638.0 639.0 639.0 640.0 640.0 640.0 641.0 641.0 641.0 642.0 642.0 642.0 642.0 643.0 643.0 643.0 643.0 644.0 644.0 644.0 644.0 644.0 644.0 644.0 644.0 644.0 644.0 643.0 643.0 643.0 643.0 642.0 641.0 641.0 640.0 640.0 639.0 638.0 637.0 636.0 635.0 635.0 634.0 633.0 632.0 632.0 631.0 630.0 630.0 629.0 628.0 628.0 628.0 628.0 627.0 627.0 627.0 627.0 627.0 627.0 627.0 627.0 628.0 628.0 628.0 629.0 5.0 50.0 56.0 62.0 67.0 73.0 79.0 85.0 91.0 97.0 103.0 109.0 115.0 121.0 127.0 133.0 139.0 145.0 151.0 157.0 163.0 169.0 175.0 181.0 187.0 193.0 198.0 204.0 210.0 216.0 222.0 228.0 234.0 240.0 246.0 252.0 258.0 264.0 270.0 276.0 282.0 288.0 294.0 300.0 306.0 312.0 318.0 324.0 330.0 336.0 342.0 348.0 354.0 360.0 366.0 372.0 378.0 384.0 390.0 396.0 402.0 408.0 414.0 420.0 426.0 432.0 437.0 443.0 449.0 455.0 461.0 467.0 472.0 478.0 484.0 490.0 496.0 501.0 507.0 513.0 519.0 525.0 531.0 536.0 542.0 548.0 554.0 560.0 566.0 572.0 578.0 584.0 590.0 596.0 602.0 608.0 614.0 620.0 626.0 632.0 678.0
617.0 624.0 625.0 625.0 626.0 626.0 627.0 627.0 627.0 627.0 628.0 628.0 628.0 629.0 629.0 629.0 629.0 630.0 630.0 630.0 631.0 631.0 631.0 631.0 632.0 632.0 633.0 633.0 634.0 634.0 634.0 634.0 634.0 635.0 636.0 636.0 636.0 636.0 637.0 637.0 637.0 637.0 638.0 638.0 638.0 638.0 638.0 639.0 639.0 639.0 639.0 639.0 639.0 639.0 639.0 639.0 639.0 639.0 639.0 638.0 638.0 638.0 637.0 637.0 636.0 635.0 635.0 634.0 634.0 633.0 632.0 631.0 630.0 629.0 628.0 627.0 626.0 625.0 624.0 624.0 622.0 622.0 621.0 620.0 620.0 619.0 619.0 618.0 618.0 618.0 618.0 617.0 618.0 618.0 618.0 618.0 618.0 618.0 618.0 619.0 5.0 50.0 56.0 62.0 68.0 74.0 80.0 85.0 91.0 97.0 103.0 109.0 116.0 122.0 128.0 133.0 139.0 145.0 151.0 157.0 163.0 169.0 175.0 181.0 187.0 193.0 199.0 205.0 211.0 217.0 223.0 229.0 235.0 241.0 247.0 253.0 259.0 265.0 271.0 277.0 283.0 289.0 295.0 301.0 307.0 312.0 318.0 324.0 330.0 336.0 342.0 348.0 355.0 361.0 367.0 372.0 378.0 384.0 390.0 396.0 402.0 408.0 414.0 420.0 426.0 432.0 437.0 443.0 449.0 455.0 461.0 466.0 472.0 478.0 483.0 489.0 495.0 500.0 506.0 512.0 518.0 523.0 529.0 535.0 541.0 547.0 553.0 558.0 564.0 570.0 576.0 582.0 588.0 594.0 600.0 606.0 612.0 618.0 624.0 630.0 679.0
617.0 624.0 624.0 625.0 625.0 626.0 626.0 626.0 626.0 626.0 627.0 627.0 627.0 628.0 628.0 628.0 628.0 628.0 628.0 629.0 629.0 629.0 629.0 630.0 630.0 630.0 630.0 631.0 631.0 631.0 632.0 632.0 632.0 633.0 633.0 633.0 633.0 633.0 634.0 634.0 634.0 634.0 634.0 634.0 634.0 634.0 634.0 635.0 634.0 634.0 634.0 634.0 634.0 634.0 634.0 634.0 634.0 633.0 633.0 633.0 633.0 632.0 631.0 631.0 631.0 630.0 629.0 628.0 627.0 626.0 625.0 625.0 624.0 622.0 621.0 620.0 619.0 618.0 617.0 616.0 615.0 614.0 613.0 612.0 611.0 611.0 610.0 610.0 609.0 609.0 609.0 608.0 608.0 608.0 608.0 608.0 608.0 609.0 609.0 609.0 5.0 50.0 56.0 61.0 67.0 73.0 79.0 85.0 91.0 97.0 103.0 109.0 115.0 121.0 127.0 133.0 139.0 145.0 151.0 157.0 163.0 169.0 175.0 181.0 187.0 193.0 199.0 205.0 211.0 217.0 223.0 229.0 235.0 241.0 247.0 253.0 259.0 265.0 270.0 276.0 282.0 288.0 294.0 301.0 307.0 313.0 319.0 325.0 330.0 336.0 342.0 348.0 354.0 360.0 366.0 372.0 378.0 384.0 390.0 396.0 402.0 408.0 414.0 420.0 425.0 431.0 437.0 443.0 448.0 454.0 460.0 465.0 471.0 477.0 482.0 488.0 494.0 499.0 505.0 510.0 516.0 522.0 528.0 534.0 539.0 545.0 551.0 556.0 562.0 568.0 574.0 580.0 586.0 592.0 598.0 604.0 610.0 616.0 622.0 628.0 680.0
617.0 623.0 624.0 624.0 625.0 625.0 625.0 625.0 626.0 626.0 626.0 626.0 626.0 627.0 627.0 627.0 627.0 627.0 627.0 627.0 627.0 628.0 628.0 628.0 628.0 628.0 628.0 629.0 629.0 629.0 629.0 629.0 630.0 630.0 630.0 630.0 630.0 631.0 631.0 631.0 630.0 630.0 631.0 631.0 631.0 631.0 631.0 631.0 631.0 630.0 630.0 630.0 630.0 630.0 630.0 629.0 629.0 629.0 628.0 628.0 628.0 627.0 626.0 625.0 625.0 624.0 623.0 622.0 622.0 620.0 620.0 618.0 617.0 616.0 615.0 614.0 612.0 611.0 610.0 609.0 608.0 607.0 606.0 605.0 604.0 604.0 603.0 603.0 602.0 601.0 601.0 601.0 601.0 600.0 600.0 600.0 600.0 600.0 600.0 600.0 5.0 50.0 55.0 61.0 67.0 73.0 79.0 85.0 91.0 97.0 103.0 109.0 115.0 121.0 127.0 133.0 139.0 145.0 151.0 157.0 163.0 169.0 175.0 181.0 187.0 193.0 199.0 205.0 211.0 217.0 223.0 229.0 235.0 241.0 247.0 253.0 259.0 265.0 271.0 277.0 283.0 289.0 295.0 301.0 307.0 313.0 319.0 325.0 330.0 336.0 342.0 348.0 355.0 361.0 367.0 372.0 378.0 384.0 390.0 396.0 402.0 408.0 413.0 419.0 425.0 431.0 437.0 442.0 448.0 454.0 459.0 465.0 470.0 476.0 482.0 487.0 493.0 498.0 504.0 510.0 515.0 521.0 527.0 532.0 538.0 544.0 550.0 555.0 561.0 567.0 573.0 579.0 585.0 591.0 597.0 603.0 609.0 615.0 621.0 627.0 681.0
617.0 623.0 623.0 624.0 624.0 624.0 624.0 624.0 625.0 625.0 625.0 626.0 626.0 626.0 626.0 626.0 626.0 626.0 626.0 626.0 626.0 626.0 627.0 627.0 627.0 627.0 627.0 627.0 627.0 627.0 627.0 628.0 628.0 628.0 628.0 628.0 628.0 628.0 628.0 628.0 628.0 628.0 628.0 628.0 628.0 628.0 628.0 628.0 627.0 627.0 627.0 627.0 627.0 626.0 626.0 626.0 625.0 625.0 624.0 624.0 624.0 623.0 622.0 621.0 620.0 620.0 619.0 618.0 617.0 616.0 615.0 613.0 613.0 611.0 610.0 608.0 607.0 606.0 605.0 603.0 602.0 601.0 600.0 599.0 598.0 597.0 597.0 596.0 595.0 595.0 595.0 594.0 594.0 594.0 593.0 593.0 593.0 593.0 593.0 593.0 5.0 49.0 55.0 61.0 67.0 73.0 79.0 85.0 91.0 97.0 103.0 109.0 115.0 121.0 127.0 133.0 139.0 145.0 151.0 157.0 163.0 169.0 175.0 181.0 187.0 193.0 199.0 205.0 211.0 217.0 223.0 229.0 235.0 241.0 247.0 253.0 259.0 265.0 271.0 277.0 283.0 289.0 295.0 301.0 307.0 313.0 319.0 325.0 331.0 337.0 343.0 349.0 355.0 361.0 367.0 373.0 379.0 384.0 390.0 396.0 402.0 408.0 414.0 420.0 425.0 431.0 437.0 442.0 448.0 453.0 459.0 465.0 470.0 476.0 481.0 487.0 493.0 498.0 503.0 509.0 515.0 520.0 526.0 532.0 537.0 543.0 549.0 555.0 560.0 566.0 572.0 578.0 584.0 590.0 596.0 602.0 608.0 614.0 620.0 626.0 682.0
617.0 623.0 623.0 624.0 624.0 624.0 624.0 624.0 624.0 624.0 625.0 625.0 625.0 625.0 625.0 625.0 625.0 625.0 626.0 626.0 626.0 626.0 626.0 626.0 626.0 626.0 626.0 626.0 626.0 626.0 626.0 626.0 626.0 626.0 626.0 627.0 627.0 626.0 626.0 626.0 626.0 626.0 626.0 626.0 626.0 626.0 626.0 625.0 625.0 625.0 625.0 625.0 624.0 624.0 623.0 623.0 623.0 622.0 622.0 621.0 620.0 620.0 619.0 618.0 617.0 616.0 615.0 615.0 613.0 612.0 611.0 610.0 609.0 607.0 606.0 604.0 603.0 602.0 601.0 599.0 598.0 597.0 596.0 595.0 594.0 593.0 592.0 592.0 591.0 590.0 590.0 589.0 589.0 589.0 589.0 589.0 589.0 589.0 588.0 589.0 5.0 49.0 55.0 61.0 67.0 73.0 79.0 85.0 91.0 97.0 103.0 109.0 115.0 122.0 128.0 134.0 140.0 146.0 152.0 158.0 164.0 170.0 176.0 182.0 188.0 194.0 200.0 206.0 212.0 218.0 224.0 230.0 236.0 242.0 248.0 254.0 260.0 266.0 272.0 278.0 284.0 290.0 296.0 302.0 308.0 314.0 320.0 326.0 332.0 338.0 344.0 350.0 356.0 362.0 368.0 374.0 380.0 385.0 392.0 397.0 403.0 409.0 415.0 420.0 426.0 432.0 437.0 443.0 449.0 454.0 460.0 465.0 471.0 476.0 482.0 488.0 493.0 499.0 504.0 510.0 515.0 521.0 526.0 532.0 538.0 544.0 550.0 555.0 561.0 567.0 573.0 579.0 585.0 591.0 597.0 602.0 608.0 614.0 620.0 626.0 683.0
617.0 622.0 623.0 623.0 624.0 624.0 624.0 624.0 624.0 624.0 625.0 625.0 625.0 625.0 625.0 625.0 625.0 625.0 625.0 625.0 625.0 625.0 625.0 625.0 625.0 625.0 625.0 625.0 625.0 625.0 625.0 626.0 626.0 626.0 626.0 626.0 626.0 626.0 626.0 625.0 625.0 625.0 625.0 625.0 625.0 625.0 625.0 624.0 624.0 624.0 623.0 624.0 623.0 623.0 622.0 622.0 621.0 621.0 620.0 620.0 619.0 618.0 617.0 617.0 616.0 615.0 614.0 613.0 611.0 610.0 609.0 608.0 607.0 605.0 604.0 602.0 601.0 600.0 598.0 597.0 596.0 594.0 593.0 592.0 591.0 590.0 590.0 589.0 588.0 588.0 588.0 587.0 587.0 587.0 586.0 586.0 586.0 586.0 586.0 586.0 5.0 49.0 55.0 61.0 67.0 73.0 79.0 85.0 91.0 97.0 103.0 109.0 116.0 122.0 128.0 134.0 140.0 146.0 152.0 158.0 164.0 170.0 176.0 182.0 188.0 194.0 200.0 207.0 213.0 219.0 225.0 231.0 237.0 243.0 249.0 255.0 261.0 267.0 273.0 279.0 285.0 291.0 297.0 303.0 309.0 315.0 321.0 327.0 333.0 339.0 345.0 351.0 357.0 363.0 369.0 375.0 381.0 387.0 393.0 398.0 404.0 410.0 416.0 421.0 427.0 433.0 438.0 444.0 450.0 455.0 461.0 466.0 472.0 478.0 483.0 489.0 494.0 500.0 505.0 511.0 517.0 522.0 528.0 534.0 539.0 545.0 551.0 557.0 562.0 568.0 574.0 580.0 586.0 592.0 598.0 604.0 610.0 616.0 622.0 628.0 684.0
617.0 623.0 623.0 623.0 624.0 624.0 624.0 624.0 624.0 624.0 624.0 625.0 625.0 625.0 625.0 625.0 625.0 625.0 625.0 625.0 625.0 625.0 625.0 625.0 625.0 625.0 625.0 625.0 625.0 625.0 625.0 625.0 626.0 626.0 626.0 626.0 626.0 626.0 626.0 625.0 625.0 625.0 625.0 625.0 625.0 625.0 625.0 625.0 624.0 624.0 624.0 624.0 623.0 623.0 622.0 622.0 621.0 621.0 620.0 620.0 619.0 619.0 618.0 617.0 616.0 615.0 614.0 613.0 612.0 611.0 609.0 608.0 607.0 605.0 604.0 602.0 601.0 600.0 599.0 597.0 596.0 595.0 594.0 593.0 592.0 591.0 590.0 589.0 589.0 588.0 588.0 587.0 587.0 587.0 587.0 587.0 587.0 587.0 586.0 586.0 5.0 50.0 56.0 62.0 67.0 74.0 80.0 86.0 92.0 98.0 104.0 110.0 116.0 122.0 128.0 134.0 140.0 146.0 152.0 158.0 164.0 170.0 176.0 182.0 189.0 195.0 201.0 207.0 213.0 219.0 225.0 231.0 237.0 243.0 249.0 255.0 261.0 267.0 273.0 279.0 285.0 291.0 297.0 303.0 309.0 315.0 321.0 328.0 334.0 340.0 346.0 351.0 357.0 363.0 369.0 375.0 381.0 387.0 393.0 398.0 404.0 410.0 416.0 422.0 427.0 433.0 439.0 444.0 450.0 455.0 461.0 466.0 472.0 478.0 483.0 489.0 494.0 500.0 505.0 511.0 517.0 522.0 528.0 534.0 539.0 545.0 551.0 556.0 562.0 568.0 574.0 580.0 585.0 591.0 597.0 603.0 609.0 615.0 621.0 627.0 685.0
617.0 623.0 623.0 623.0 624.0 624.0 624.0 624.0 624.0 624.0 625.0 625.0 625.0 625.0 625.0 625.0 625.0 625.0 625.0 625.0 625.0 625.0 625.0 625.0 626.0 626.0 626.0 626.0 626.0 626.0 626.0 626.0 626.0 626.0 626.0 626.0 627.0 626.0 626.0 626.0 626.0 626.0 626.0 626.0 626.0 626.0 626.0 626.0 625.0 625.0 625.0 625.0 624.0 624.0 624.0 623.0 623.0 622.0 622.0 621.0 620.0 620.0 619.0 618.0 617.0 616.0 615.0 614.0 613.0 612.0 611.0 610.0 609.0 607.0 606.0 604.0 603.0 602.0 600.0 599.0 598.0 597.0 596.0 595.0 594.0 593.0 592.0 592.0 591.0 591.0 590.0 590.0 590.0 590.0 589.0 589.0 589.0 589.0 589.0 589.0 5.0 50.0 56.0 62.0 68.0 74.0 80.0 86.0 92.0 98.0 104.0 110.0 116.0 122.0 128.0 134.0 140.0 146.0 152.0 159.0 165.0 171.0 177.0 183.0 189.0 195.0 201.0 207.0 213.0 219.0 225.0 231.0 237.0 243.0 249.0 255.0 261.0 267.0 274.0 280.0 286.0 292.0 298.0 304.0 310.0 316.0 322.0 328.0 334.0 340.0 346.0 352.0 358.0 364.0 369.0 375.0 381.0 387.0 393.0 399.0 404.0 410.0 416.0 422.0 427.0 433.0 439.0 444.0 450.0 455.0 461.0 467.0 472.0 478.0 483.0 489.0 495.0 500.0 505.0 511.0 517.0 522.0 528.0 534.0 539.0 545.0 551.0 557.0 563.0 569.0 575.0 580.0 586.0 592.0 598.0 604.0 610.0 616.0 622.0 628.0 686.0
617.0 623.0 623.0 624.0 624.0 624.0 624.0 624.0 625.0 625.0 625.0 625.0 625.0 625.0 625.0 626.0 626.0 626.0 626.0 626.0 626.0 626.0 626.0 626.0 626.0 627.0 627.0 627.0 627.0 627.0 627.0 627.0 627.0 628.0 628.0 628.0 628.0 628.0 628.0 628.0 628.0 628.0 628.0 628.0 628.0 628.0 628.0 627.0 627.0 627.0 627.0 627.0 626.0 626.0 626.0 626.0 625.0 625.0 625.0 624.0 623.0 623.0 622.0 621.0 621.0 620.0 618.0 618.0 617.0 616.0 615.0 613.0 612.0 611.0 610.0 608.0 607.0 606.0 605.0 604.0 602.0 601.0 600.0 600.0 599.0 598.0 597.0 597.0 596.0 596.0 595.0 595.0 594.0 594.0 594.0 594.0 594.0 594.0 594.0 594.0 5.0 49.0 55.0 61.0 67.0 73.0 79.0 85.0 91.0 97.0 103.0 109.0 116.0 122.0 128.0 134.0 140.0 146.0 152.0 158.0 164.0 170.0 176.0 182.0 188.0 194.0 200.0 206.0 212.0 218.0 224.0 230.0 236.0 242.0 248.0 254.0 260.0 266.0 273.0 279.0 285.0 291.0 297.0 303.0 309.0 315.0 321.0 327.0 333.0 339.0 345.0 351.0 357.0 363.0 369.0 374.0 380.0 386.0 392.0 398.0 404.0 410.0 416.0 422.0 427.0 433.0 439.0 444.0 450.0 456.0 461.0 467.0 473.0 478.0 484.0 489.0 495.0 500.0 506.0 512.0 517.0 523.0 529.0 535.0 540.0 546.0 552.0 557.0 563.0 569.0 575.0 581.0 587.0 593.0 599.0 605.0 611.0 617.0 623.0 629.0 687.0
617.0 623.0 623.0 624.0 624.0 624.0 625.0 625.0 625.0 625.0 626.0 626.0 626.0 626.0 626.0 626.0 626.0 626.0 627.0 627.0 627.0 627.0 627.0 627.0 628.0 628.0 628.0 628.0 628.0 629.0 629.0 629.0 629.0 629.0 630.0 630.0 630.0 630.0 630.0 630.0 630.0 630.0 630.0 630.0 631.0 630.0 630.0 630.0 630.0 630.0 630.0 630.0 630.0 630.0 629.0 629.0 629.0 628.0 628.0 628.0 627.0 627.0 626.0 625.0 625.0 624.0 623.0 622.0 621.0 620.0 620.0 618.0 617.0 616.0 615.0 614.0 613.0 611.0 611.0 609.0 608.0 607.0 606.0 606.0 605.0 604.0 603.0 603.0 602.0 602.0 602.0 601.0 601.0 601.0 601.0 601.0 601.0 601.0 601.0 601.0 5.0 49.0 55.0 60.0 66.0 72.0 78.0 84.0 90.0 96.0 102.0 109.0 115.0 121.0 127.0 133.0 139.0 145.0 151.0 157.0 163.0 169.0 175.0 181.0 187.0 193.0 199.0 205.0 211.0 217.0 223.0 229.0 235.0 241.0 247.0 253.0 259.0 265.0 271.0 277.0 283.0 289.0 295.0 302.0 308.0 314.0 320.0 326.0 332.0 338.0 344.0 350.0 356.0 362.0 367.0 373.0 379.0 385.0 391.0 397.0 403.0 409.0 415.0 421.0 427.0 433.0 438.0 444.0 450.0 455.0 461.0 467.0 472.0 478.0 483.0 489.0 495.0 500.0 506.0 512.0 517.0 523.0 529.0 535.0 540.0 546.0 552.0 558.0 564.0 569.0 575.0 581.0 587.0 593.0 599.0 605.0 611.0 617.0 623.0 629.0 688.0
617.0 623.0 624.0 624.0 625.0 625.0 625.0 626.0 626.0 626.0 626.0 626.0 627.0 627.0 627.0 627.0 628.0 628.0 628.0 628.0 628.0 629.0 629.0 629.0 629.0 629.0 630.0 630.0 630.0 630.0 631.0 631.0 631.0 631.0 632.0 632.0 632.0 632.0 632.0 633.0 633.0 633.0 633.0 633.0 633.0 634.0 634.0 634.0 634.0 634.0 634.0 634.0 633.0 633.0 633.0 633.0 633.0 632.0 632.0 632.0 632.0 631.0 631.0 630.0 630.0 629.0 628.0 627.0 627.0 626.0 625.0 624.0 623.0 622.0 621.0 620.0 619.0 618.0 617.0 616.0 615.0 614.0 613.0 612.0 612.0 611.0 610.0 610.0 610.0 609.0 609.0 609.0 608.0 608.0 608.0 608.0 609.0 609.0 609.0 609.0 5.0 49.0 55.0 61.0 67.0 73.0 79.0 85.0 91.0 97.0 103.0 109.0 115.0 121.0 127.0 133.0 139.0 145.0 151.0 157.0 163.0 169.0 175.0 181.0 187.0 193.0 199.0 205.0 210.0 216.0 223.0 229.0 235.0 241.0 247.0 253.0 258.0 264.0 271.0 277.0 283.0 289.0 295.0 301.0 307.0 313.0 319.0 325.0 331.0 337.0 343.0 349.0 355.0 361.0 367.0 373.0 379.0 385.0 391.0 397.0 402.0 408.0 414.0 420.0 426.0 432.0 438.0 443.0 449.0 455.0 461.0 466.0 472.0 477.0 483.0 489.0 495.0 500.0 506.0 512.0 518.0 523.0 529.0 535.0 541.0 546.0 552.0 558.0 564.0 570.0 576.0 582.0 588.0 594.0 600.0 606.0 612.0 618.0 624.0 630.0 689.0
617.0 624.0 624.0 625.0 625.0 626.0 626.0 626.0 627.0 627.0 627.0 627.0 628.0 628.0 628.0 628.0 629.0 629.0 629.0 630.0 630.0 630.0 630.0 631.0 631.0 631.0 632.0 632.0 632.0 633.0 633.0 633.0 634.0 634.0 634.0 635.0 635.0 635.0 635.0 636.0 636.0 636.0 636.0 636.0 637.0 637.0 637.0 637.0 638.0 638.0 638.0 638.0 638.0 638.0 638.0 638.0 638.0 637.0 637.0 637.0 637.0 637.0 636.0 635.0 635.0 635.0 634.0 633.0 632.0 632.0 631.0 630.0 629.0 628.0 628.0 626.0 626.0 625.0 624.0 623.0 622.0 621.0 621.0 620.0 619.0 619.0 618.0 618.0 617.0 617.0 617.0 617.0 617.0 617.0 617.0 617.0 617.0 618.0 618.0 618.0 5.0 49.0 55.0 61.0 67.0 73.0 79.0 85.0 91.0 97.0 102.0 108.0 114.0 120.0 126.0 132.0 138.0 144.0 150.0 156.0 162.0 168.0 174.0 180.0 186.0 192.0 198.0 204.0 210.0 216.0 222.0 228.0 234.0 240.0 246.0 252.0 258.0 264.0 270.0 276.0 282.0 288.0 294.0 300.0 306.0 312.0 318.0 324.0 330.0 336.0 342.0 347.0 353.0 359.0 366.0 372.0 378.0 384.0 390.0 396.0 402.0 408.0 414.0 419.0 425.0 431.0 437.0 443.0 448.0 454.0 460.0 466.0 472.0 477.0 483.0 489.0 494.0 500.0 506.0 512.0 517.0 523.0 529.0 535.0 541.0 547.0 552.0 558.0 564.0 570.0 576.0 582.0 588.0 594.0 600.0 606.0 612.0 618.0 624.0 630.0 690.0
617.0 624.0 625.0 625.0 626.0 626.0 627.0 627.0 628.0 628.0 628.0 629.0 629.0 629.0 629.0 630.0 630.0 630.0 631.0 631.0 631.0 632.0 632.0 633.0 633.0 633.0 634.0 634.0 635.0 635.0 635.0 636.0 636.0 637.0 637.0 637.0 638.0 638.0 638.0 639.0 639.0 640.0 640.0 640.0 640.0 641.0 641.0 641.0 642.0 642.0 642.0 642.0 642.0 642.0 642.0 643.0 643.0 642.0 642.0 642.0 642.0 642.0 642.0 641.0 641.0 640.0 640.0 639.0 639.0 638.0 637.0 637.0 636.0 635.0 635.0 634.0 633.0 632.0 631.0 631.0 630.0 629.0 628.0 628.0 627.0 627.0 627.0 626.0 626.0 626.0 626.0 626.0 626.0 626.0 626.0 626.0 627.0 627.0 627.0 628.0 5.0 49.0 55.0 61.0 67.0 73.0 79.0 85.0 91.0 97.0 103.0 108.0 114.0 120.0 126.0 132.0 138.0 144.0 150.0 156.0 162.0 168.0 174.0 180.0 186.0 192.0 198.0 204.0 210.0 216.0 222.0 228.0 234.0 240.0 246.0 251.0 257.0 263.0 269.0 275.0 281.0 287.0 293.0 299.0 305.0 311.0 317.0 323.0 329.0 335.0 341.0 347.0 353.0 359.0 365.0 371.0 377.0 383.0 389.0 395.0 401.0 407.0 413.0 419.0 425.0 431.0 437.0 442.0 448.0 454.0 460.0 466.0 472.0 478.0 483.0 489.0 495.0 500.0 506.0 512.0 518.0 524.0 530.0 536.0 541.0 547.0 553.0 559.0 565.0 571.0 577.0 583.0 589.0 595.0 601.0 607.0 613.0 619.0 625.0 631.0 691.0
617.0 625.0 625.0 626.0 627.0 627.0 627.0 628.0 628.0 629.0 629.0 630.0 630.0 630.0 630.0 631.0 632.0 632.0 632.0 633.0 633.0 634.0 634.0 635.0 635.0 635.0 636.0 637.0 637.0 638.0 638.0 638.0 639.0 639.0 640.0 640.0 641.0 641.0 642.0 642.0 642.0 643.0 643.0 644.0 644.0 645.0 645.0 645.0 646.0 646.0 646.0 646.0 647.0 647.0 647.0 647.0 647.0 647.0 647.0 647.0 647.0 647.0 647.0 647.0 647.0 646.0 646.0 645.0 645.0 644.0 644.0 643.0 643.0 642.0 641.0 640.0 640.0 639.0 639.0 638.0 637.0 637.0 636.0 636.0 635.0 635.0 635.0 634.0 634.0 634.0 634.0 634.0 634.0 634.0 635.0 635.0 635.0 636.0 636.0 637.0 5.0 49.0 55.0 61.0 67.0 73.0 79.0 85.0 91.0 97.0 102.0 108.0 114.0 120.0 126.0 132.0 138.0 144.0 150.0 156.0 162.0 168.0 174.0 180.0 186.0 192.0 198.0 204.0 209.0 215.0 222.0 227.0 233.0 239.0 245.0 251.0 257.0 263.0 269.0 275.0 281.0 287.0 293.0 299.0 305.0 311.0 317.0 323.0 328.0 334.0 340.0 346.0 352.0 358.0 364.0 370.0 376.0 382.0 389.0 395.0 401.0 407.0 413.0 418.0 424.0 430.0 436.0 442.0 448.0 454.0 460.0 466.0 472.0 477.0 483.0 489.0 495.0 501.0 506.0 512.0 518.0 524.0 530.0 536.0 542.0 548.0 554.0 560.0 566.0 572.0 578.0 584.0 590.0 596.0 602.0 608.0 614.0 619.0 625.0 631.0 692.0
617.0 625.0 626.0 626.0 627.0 628.0 628.0 629.0 629.0 630.0 630.0 631.0 631.0 631.0 631.0 632.0 633.0 633.0 634.0 634.0 634.0 635.0 636.0 636.0 637.0 637.0 638.0 639.0 639.0 639.0 640.0 641.0 641.0 642.0 642.0 643.0 643.0 644.0 644.0 645.0 645.0 646.0 646.0 647.0 647.0 648.0 648.0 649.0 649.0 650.0 650.0 650.0 651.0 651.0 651.0 651.0 652.0 652.0 652.0 652.0 652.0 652.0 652.0 652.0 652.0 651.0 651.0 651.0 650.0 650.0 649.0 649.0 648.0 647.0 647.0 646.0 646.0 645.0 645.0 644.0 644.0 643.0 643.0 642.0 642.0 642.0 642.0 641.0 641.0 642.0 642.0 642.0 642.0 642.0 643.0 643.0 643.0 644.0 644.0 645.0 5.0 50.0 56.0 61.0 67.0 73.0 79.0 85.0 91.0 97.0 103.0 109.0 115.0 121.0 127.0 133.0 138.0 144.0 150.0 156.0 162.0 168.0 174.0 180.0 186.0 192.0 198.0 204.0 210.0 216.0 222.0 227.0 233.0 239.0 245.0 251.0 257.0 263.0 269.0 275.0 281.0 287.0 293.0 298.0 304.0 310.0 316.0 322.0 328.0 334.0 340.0 346.0 352.0 358.0 364.0 370.0 376.0 382.0 388.0 394.0 400.0 406.0 412.0 418.0 424.0 430.0 436.0 442.0 448.0 454.0 460.0 466.0 472.0 478.0 484.0 490.0 495.0 501.0 507.0 513.0 519.0 525.0 531.0 537.0 543.0 549.0 555.0 561.0 567.0 573.0 579.0 585.0 591.0 597.0 603.0 609.0 615.0 620.0 626.0 632.0 693.0
617.0 625.0 626.0 627.0 628.0 628.0 629.0 629.0 630.0 630.0 631.0 631.0 632.0 632.0 633.0 633.0 634.0 634.0 635.0 635.0 636.0 636.0 637.0 638.0 638.0 639.0 639.0 640.0 641.0 641.0 642.0 643.0 643.0 643.0 644.0 645.0 645.0 646.0 647.0 647.0 648.0 648.0 649.0 650.0 650.0 651.0 651.0 652.0 652.0 653.0 653.0 653.0 654.0 654.0 654.0 655.0 655.0 655.0 655.0 655.0 656.0 656.0 656.0 656.0 656.0 655.0 655.0 655.0 655.0 654.0 654.0 653.0 653.0 652.0 652.0 651.0 651.0 650.0 650.0 650.0 649.0 649.0 648.0 648.0 648.0 647.0 647.0 647.0 647.0 648.0 648.0 648.0 648.0 648.0 649.0 650.0 650.0 651.0 651.0 652.0 5.0 50.0 55.0 61.0 67.0 73.0 79.0 85.0 91.0 97.0 103.0 109.0 115.0 121.0 127.0 133.0 139.0 145.0 151.0 156.0 162.0 168.0 174.0 180.0 186.0 192.0 198.0 204.0 210.0 216.0 221.0 227.0 233.0 239.0 245.0 251.0 257.0 263.0 269.0 275.0 281.0 286.0 293.0 298.0 304.0 310.0 316.0 322.0 328.0 334.0 340.0 346.0 352.0 358.0 364.0 370.0 376.0 382.0 388.0 394.0 400.0 406.0 413.0 418.0 424.0 430.0 437.0 443.0 448.0 454.0 461.0 467.0 473.0 479.0 484.0 490.0 496.0 502.0 508.0 514.0 520.0 526.0 532.0 538.0 544.0 550.0 556.0 562.0 568.0 574.0 581.0 587.0 593.0 599.0 605.0 610.0 616.0 622.0 628.0 634.0 694.0
617.0 626.0 626.0 627.0 628.0 628.0 629.0 630.0 630.0 631.0 631.0 632.0 632.0 633.0 633.0 634.0 634.0 635.0 635.0 636.0 637.0 637.0 638.0 639.0 640.0 640.0 640.0 641.0 642.0 643.0 643.0 644.0 645.0 645.0 646.0 647.0 647.0 648.0 648.0 649.0 650.0 650.0 651.0 651.0 652.0 653.0 653.0 654.0 654.0 655.0 655.0 656.0 656.0 656.0 657.0 657.0 657.0 658.0 658.0 658.0 659.0 659.0 659.0 659.0 659.0 659.0 658.0 658.0 658.0 658.0 657.0 657.0 656.0 656.0 656.0 655.0 655.0 654.0 654.0 653.0 653.0 653.0 652.0 652.0 652.0 652.0 651.0 652.0 652.0 652.0 652.0 652.0 653.0 653.0 654.0 654.0 655.0 655.0 656.0 657.0 5.0 50.0 55.0 61.0 67.0 73.0 79.0 85.0 91.0 97.0 103.0 109.0 115.0 121.0 127.0 133.0 138.0 144.0 150.0 156.0 162.0 168.0 174.0 180.0 186.0 192.0 198.0 204.0 210.0 216.0 221.0 227.0 233.0 239.0 245.0 251.0 257.0 263.0 269.0 275.0 281.0 286.0 292.0 298.0 304.0 310.0 316.0 322.0 328.0 334.0 340.0 346.0 352.0 358.0 364.0 370.0 376.0 382.0 388.0 394.0 400.0 406.0 412.0 418.0 424.0 430.0 436.0 442.0 448.0 454.0 460.0 466.0 472.0 478.0 484.0 491.0 496.0 502.0 508.0 514.0 520.0 526.0 532.0 538.0 544.0 550.0 556.0 562.0 568.0 575.0 581.0 587.0 593.0 599.0 605.0 611.0 616.0 622.0 628.0 634.0 695.0
617.0 626.0 627.0 627.0 628.0 629.0 629.0 630.0 630.0 631.0 631.0 632.0 633.0 633.0 634.0 634.0 635.0 635.0 636.0 637.0 637.0 638.0 638.0 639.0 640.0 640.0 641.0 642.0 643.0 643.0 644.0 645.0 645.0 646.0 646.0 647.0 648.0 649.0 649.0 650.0 651.0 651.0 652.0 653.0 653.0 654.0 654.0 655.0 655.0 656.0 656.0 657.0 657.0 658.0 658.0 659.0 659.0 660.0 659.0 660.0 660.0 660.0 660.0 660.0 660.0 660.0 660.0 660.0 660.0 660.0 659.0 659.0 658.0 658.0 657.0 657.0 657.0 656.0 656.0 655.0 655.0 655.0 655.0 654.0 654.0 654.0 654.0 654.0 654.0 654.0 654.0 655.0 655.0 655.0 656.0 657.0 657.0 658.0 659.0 660.0 5.0 50.0 55.0 61.0 67.0 73.0 79.0 85.0 91.0 97.0 103.0 109.0 115.0 121.0 127.0 133.0 138.0 144.0 150.0 156.0 162.0 168.0 174.0 180.0 186.0 192.0 198.0 203.0 209.0 215.0 221.0 227.0 233.0 239.0 245.0 250.0 256.0 262.0 268.0 274.0 280.0 286.0 292.0 298.0 304.0 310.0 316.0 322.0 327.0 333.0 339.0 345.0 351.0 357.0 363.0 369.0 375.0 381.0 387.0 393.0 399.0 405.0 412.0 418.0 424.0 430.0 436.0 442.0 448.0 454.0 460.0 466.0 472.0 478.0 484.0 490.0 496.0 502.0 508.0 514.0 520.0 526.0 532.0 538.0 544.0 550.0 556.0 562.0 568.0 575.0 581.0 587.0 593.0 599.0 605.0 611.0 616.0 622.0 628.0 634.0 696.0
617.0 626.0 627.0 627.0 628.0 629.0 630.0 630.0 631.0 631.0 632.0 632.0 633.0 633.0 634.0 634.0 635.0 636.0 636.0 637.0 637.0 638.0 639.0 640.0 640.0 641.0 641.0 642.0 643.0 644.0 644.0 645.0 646.0 646.0 647.0 647.0 648.0 649.0 649.0 650.0 651.0 652.0 652.0 653.0 653.0 654.0 655.0 655.0 656.0 656.0 656.0 657.0 657.0 658.0 658.0 659.0 659.0 660.0 660.0 660.0 660.0 660.0 660.0 661.0 660.0 660.0 660.0 660.0 660.0 660.0 659.0 659.0 659.0 658.0 658.0 657.0 657.0 657.0 656.0 656.0 656.0 655.0 655.0 655.0 655.0 654.0 654.0 654.0 655.0 655.0 655.0 655.0 656.0 656.0 657.0 657.0 658.0 658.0 659.0 660.0 5.0 49.0 55.0 61.0 67.0 73.0 79.0 85.0 91.0 97.0 102.0 108.0 114.0 120.0 126.0 132.0 138.0 144.0 150.0 156.0 162.0 168.0 174.0 180.0 186.0 191.0 197.0 203.0 209.0 215.0 221.0 227.0 233.0 239.0 245.0 250.0 256.0 262.0 268.0 274.0 280.0 286.0 292.0 298.0 304.0 310.0 315.0 321.0 327.0 333.0 339.0 345.0 351.0 357.0 363.0 369.0 375.0 381.0 387.0 393.0 399.0 405.0 412.0 418.0 424.0 430.0 436.0 442.0 448.0 454.0 460.0 466.0 472.0 478.0 484.0 490.0 496.0 502.0 508.0 514.0 520.0 526.0 532.0 538.0 544.0 550.0 556.0 562.0 568.0 574.0 580.0 586.0 592.0 598.0 604.0 610.0 616.0 622.0 628.0 634.0 697.0
617.0 626.0 627.0 627.0 628.0 629.0 629.0 630.0 630.0 631.0 631.0 632.0 632.0 633.0 634.0 634.0 635.0 635.0 636.0 637.0 637.0 638.0 638.0 639.0 640.0 640.0 641.0 642.0 643.0 643.0 644.0 644.0 645.0 646.0 646.0 647.0 648.0 648.0 649.0 650.0 650.0 651.0 651.0 652.0 653.0 653.0 654.0 655.0 655.0 656.0 656.0 657.0 657.0 658.0 658.0 658.0 659.0 659.0 659.0 659.0 660.0 660.0 660.0 660.0 660.0 659.0 659.0 659.0 659.0 659.0 658.0 658.0 658.0 657.0 657.0 656.0 656.0 655.0 655.0 654.0 654.0 654.0 654.0 653.0 653.0 653.0 653.0 653.0 653.0 653.0 653.0 654.0 654.0 654.0 655.0 656.0 656.0 657.0 658.0 659.0 5.0 49.0 55.0 61.0 67.0 73.0 79.0 85.0 91.0 97.0 103.0 109.0 115.0 121.0 127.0 133.0 138.0 144.0 150.0 156.0 162.0 168.0 174.0 180.0 186.0 192.0 198.0 203.0 209.0 215.0 221.0 227.0 233.0 239.0 245.0 251.0 257.0 263.0 268.0 274.0 280.0 286.0 292.0 298.0 304.0 310.0 316.0 322.0 328.0 334.0 340.0 346.0 352.0 358.0 364.0 370.0 376.0 382.0 388.0 394.0 400.0 406.0 412.0 418.0 424.0 430.0 436.0 442.0 448.0 454.0 460.0 467.0 473.0 479.0 485.0 491.0 497.0 503.0 509.0 515.0 521.0 527.0 533.0 539.0 545.0 551.0 557.0 563.0 569.0 575.0 581.0 587.0 593.0 599.0 605.0 611.0 617.0 623.0 629.0 634.0 698.0
617.0 626.0 627.0 627.0 628.0 629.0 629.0 630.0 630.0 631.0 631.0 632.0 632.0 633.0 633.0 634.0 634.0 635.0 635.0 636.0 637.0 637.0 638.0 639.0 639.0 640.0 640.0 641.0 641.0 642.0 643.0 643.0 644.0 645.0 645.0 646.0 646.0 647.0 648.0 648.0 649.0 650.0 650.0 651.0 652.0 652.0 653.0 653.0 653.0 654.0 654.0 655.0 655.0 656.0 656.0 657.0 657.0 657.0 657.0 657.0 657.0 657.0 657.0 657.0 657.0 657.0 657.0 657.0 656.0 656.0 656.0 655.0 655.0 654.0 654.0 653.0 653.0 652.0 652.0 651.0 651.0 650.0 650.0 650.0 650.0 649.0 649.0 649.0 649.0 649.0 649.0 649.0 650.0 650.0 651.0 651.0 652.0 652.0 653.0 654.0 5.0 49.0 55.0 61.0 67.0 73.0 79.0 85.0 91.0 97.0 103.0 109.0 115.0 121.0 127.0 133.0 138.0 144.0 150.0 156.0 162.0 168.0 174.0 180.0 186.0 192.0 198.0 204.0 210.0 216.0 221.0 227.0 233.0 239.0 245.0 251.0 257.0 263.0 269.0 275.0 281.0 286.0 292.0 298.0 304.0 310.0 316.0 322.0 328.0 334.0 340.0 346.0 352.0 358.0 364.0 370.0 376.0 382.0 388.0 394.0 400.0 406.0 412.0 418.0 424.0 430.0 437.0 443.0 449.0 455.0 461.0 467.0 473.0 479.0 485.0 491.0 497.0 503.0 509.0 515.0 520.0 527.0 533.0 539.0 545.0 551.0 557.0 563.0 569.0 575.0 581.0 587.0 593.0 599.0 605.0 611.0 616.0 622.0 628.0 634.0 699.0
617.0 625.0 626.0 627.0 627.0 628.0 629.0 629.0 630.0 630.0 630.0 631.0 631.0 632.0 632.0 633.0 633.0 634.0 634.0 635.0 636.0 636.0 637.0 637.0 638.0 638.0 639.0 639.0 640.0 641.0 641.0 642.0 642.0 643.0 643.0 644.0 645.0 645.0 646.0 647.0 647.0 647.0 648.0 648.0 649.0 649.0 650.0 650.0 651.0 651.0 651.0 652.0 652.0 652.0 652.0 653.0 653.0 653.0 653.0 654.0 654.0 654.0 654.0 653.0 653.0 653.0 653.0 652.0 652.0 651.0 651.0 650.0 650.0 650.0 649.0 648.0 648.0 647.0 647.0 646.0 646.0 645.0 645.0 644.0 644.0 644.0 644.0 643.0 644.0 644.0 644.0 644.0 644.0 644.0 645.0 645.0 646.0 646.0 647.0 648.0 5.0 50.0 56.0 62.0 67.0 73.0 79.0 85.0 91.0 97.0 103.0 109.0 115.0 121.0 127.0 133.0 139.0 145.0 151.0 157.0 163.0 169.0 175.0 181.0 186.0 192.0 198.0 204.0 210.0 216.0 222.0 228.0 234.0 240.0 246.0 251.0 257.0 263.0 269.0 275.0 281.0 287.0 293.0 299.0 305.0 311.0 317.0 323.0 329.0 335.0 341.0 347.0 353.0 359.0 365.0 371.0 377.0 383.0 389.0 395.0 401.0 407.0 413.0 419.0 425.0 431.0 438.0 444.0 450.0 456.0 462.0 468.0 474.0 479.0 485.0 491.0 497.0 503.0 509.0 515.0 521.0 527.0 533.0 539.0 545.0 551.0 557.0 563.0 569.0 575.0 581.0 587.0 593.0 599.0 605.0 611.0 617.0 623.0 629.0 634.0 700.0
617.0 625.0 626.0 626.0 627.0 627.0 628.0 628.0 629.0 630.0 630.0 630.0 630.0 631.0 631.0 632.0 632.0 633.0 633.0 633.0 634.0 634.0 635.0 636.0 636.0 637.0 637.0 638.0 638.0 639.0 639.0 640.0 640.0 641.0 641.0 642.0 642.0 643.0 643.0 644.0 644.0 645.0 645.0 645.0 646.0 646.0 647.0 647.0 647.0 648.0 648.0 648.0 648.0 648.0 648.0 649.0 649.0 649.0 649.0 649.0 649.0 649.0 649.0 648.0 648.0 648.0 648.0 647.0 647.0 646.0 646.0 645.0 644.0 644.0 643.0 642.0 642.0 641.0 640.0 640.0 639.0 639.0 638.0 638.0 637.0 637.0 637.0 636.0 636.0 636.0 636.0 636.0 637.0 637.0 637.0 637.0 638.0 638.0 638.0 639.0 5.0 50.0 56.0 62.0 68.0 74.0 80.0 86.0 92.0 97.0 103.0 109.0 115.0 121.0 127.0 133.0 139.0 145.0 151.0 157.0 163.0 169.0 175.0 181.0 187.0 193.0 198.0 204.0 210.0 216.0 222.0 228.0 234.0 240.0 246.0 252.0 258.0 264.0 269.0 275.0 281.0 287.0 293.0 299.0 305.0 311.0 317.0 323.0 329.0 335.0 341.0 347.0 353.0 359.0 365.0 371.0 377.0 383.0 389.0 395.0 401.0 407.0 413.0 419.0 425.0 431.0 437.0 443.0 449.0 455.0 461.0 467.0 473.0 479.0 484.0 490.0 496.0 502.0 508.0 514.0 520.0 525.0 531.0 537.0 543.0 549.0 555.0 561.0 567.0 573.0 579.0 585.0 591.0 597.0 603.0 609.0 615.0 621.0 627.0 633.0 701.0
617.0 625.0 625.0 626.0 626.0 627.0 628.0 628.0 628.0 628.0 629.0 629.0 629.0 630.0 630.0 631.0 631.0 631.0 632.0 632.0 633.0 633.0 633.0 634.0 634.0 635.0 635.0 636.0 636.0 636.0 637.0 637.0 638.0 638.0 639.0 639.0 639.0 640.0 640.0 641.0 641.0 641.0 642.0 642.0 642.0 643.0 643.0 643.0 643.0 644.0 644.0 644.0 644.0 644.0 644.0 644.0 644.0 644.0 644.0 644.0 644.0 644.0 644.0 643.0 643.0 642.0 642.0 641.0 641.0 640.0 640.0 639.0 638.0 637.0 637.0 636.0 635.0 634.0 633.0 633.0 632.0 632.0 631.0 630.0 630.0 629.0 629.0 629.0 629.0 628.0 628.0 628.0 628.0 628.0 629.0 629.0 629.0 629.0 629.0 630.0 5.0 49.0 55.0 61.0 67.0 73.0 79.0 85.0 91.0 97.0 103.0 109.0 115.0 120.0 127.0 133.0 139.0 145.0 151.0 157.0 163.0 169.0 174.0 180.0 186.0 192.0 198.0 204.0 210.0 216.0 222.0 228.0 234.0 240.0 246.0 252.0 258.0 264.0 269.0 275.0 281.0 287.0 293.0 299.0 305.0 311.0 318.0 324.0 330.0 336.0 342.0 348.0 354.0 360.0 366.0 372.0 378.0 384.0 390.0 396.0 402.0 408.0 414.0 420.0 426.0 432.0 438.0 443.0 449.0 455.0 461.0 467.0 473.0 479.0 484.0 490.0 496.0 502.0 508.0 514.0 520.0 525.0 531.0 537.0 543.0 549.0 555.0 561.0 567.0 573.0 579.0 585.0 591.0 597.0 603.0 609.0 614.0 620.0 626.0 632.0 702.0
617.0 624.0 625.0 625.0 626.0 626.0 627.0 627.0 627.0 628.0 628.0 628.0 628.0 629.0 629.0 629.0 629.0 630.0 630.0 630.0 631.0 631.0 631.0 632.0 632.0 633.0 633.0 633.0 634.0 634.0 635.0 635.0 635.0 635.0 636.0 636.0 636.0 637.0 637.0 638.0 638.0 638.0 638.0 638.0 639.0 639.0 639.0 639.0 639.0 639.0 640.0 639.0 640.0 640.0 640.0 639.0 639.0 639.0 639.0 639.0 639.0 639.0 638.0 637.0 637.0 636.0 636.0 635.0 635.0 634.0 633.0 632.0 631.0 631.0 630.0 629.0 628.0 627.0 626.0 625.0 624.0 624.0 623.0 622.0 622.0 621.0 621.0 620.0 620.0 620.0 620.0 619.0 620.0 620.0 620.0 620.0 620.0 620.0 620.0 620.0 5.0 49.0 54.0 60.0 66.0 72.0 78.0 84.0 90.0 96.0 102.0 108.0 114.0 120.0 126.0 132.0 138.0 144.0 150.0 156.0 162.0 168.0 174.0 180.0 186.0 192.0 198.0 204.0 210.0 216.0 222.0 228.0 234.0 240.0 246.0 251.0 257.0 263.0 269.0 275.0 281.0 287.0 293.0 299.0 305.0 311.0 317.0 323.0 329.0 335.0 341.0 347.0 353.0 360.0 366.0 372.0 377.0 383.0 389.0 395.0 401.0 407.0 413.0 419.0 425.0 431.0 437.0 442.0 448.0 454.0 460.0 466.0 471.0 477.0 483.0 489.0 495.0 500.0 506.0 512.0 518.0 523.0 529.0 535.0 541.0 547.0 552.0 558.0 564.0 570.0 576.0 582.0 588.0 594.0 600.0 606.0 612.0 618.0 624.0 629.0 703.0
617.0 624.0 624.0 625.0 625.0 626.0 626.0 626.0 627.0 627.0 627.0 627.0 627.0 628.0 628.0 628.0 628.0 629.0 629.0 629.0 629.0 629.0 630.0 630.0 630.0 631.0 631.0 631.0 632.0 632.0 632.0 632.0 633.0 633.0 633.0 634.0 634.0 634.0 634.0 634.0 635.0 635.0 635.0 635.0 635.0 635.0 635.0 635.0 635.0 635.0 635.0 635.0 635.0 635.0 635.0 635.0 635.0 634.0 634.0 634.0 633.0 633.0 633.0 632.0 631.0 631.0 630.0 629.0 629.0 628.0 627.0 625.0 625.0 624.0 623.0 622.0 621.0 619.0 619.0 618.0 616.0 616.0 615.0 614.0 613.0 613.0 612.0 612.0 611.0 611.0 611.0 611.0 610.0 610.0 610.0 611.0 611.0 611.0 611.0 611.0 5.0 49.0 55.0 61.0 67.0 73.0 79.0 85.0 90.0 96.0 102.0 109.0 115.0 121.0 127.0 133.0 139.0 145.0 151.0 157.0 163.0 169.0 175.0 181.0 187.0 193.0 198.0 204.0 210.0 216.0 222.0 228.0 234.0 240.0 246.0 252.0 258.0 264.0 270.0 276.0 282.0 288.0 294.0 300.0 306.0 312.0 318.0 324.0 330.0 336.0 342.0 348.0 354.0 360.0 366.0 372.0 378.0 384.0 390.0 396.0 402.0 408.0 414.0 419.0 425.0 431.0 437.0 443.0 449.0 454.0 460.0 466.0 471.0 477.0 483.0 489.0 494.0 500.0 505.0 511.0 517.0 522.0 528.0 534.0 540.0 546.0 551.0 557.0 563.0 569.0 575.0 581.0 587.0 593.0 599.0 605.0 611.0 616.0 622.0 628.0 704.0
617.0 624.0 624.0 624.0 625.0 625.0 626.0 626.0 626.0 626.0 626.0 626.0 627.0 627.0 627.0 627.0 627.0 627.0 628.0 628.0 628.0 628.0 628.0 629.0 629.0 629.0 629.0 629.0 630.0 630.0 630.0 630.0 630.0 630.0 631.0 631.0 631.0 631.0 631.0 632.0 632.0 632.0 632.0 632.0 632.0 632.0 632.0 632.0 632.0 632.0 632.0 631.0 631.0 631.0 631.0 631.0 630.0 630.0 629.0 629.0 629.0 628.0 628.0 627.0 626.0 626.0 625.0 624.0 623.0 622.0 621.0 620.0 619.0 618.0 617.0 616.0 614.0 613.0 612.0 611.0 610.0 609.0 608.0 607.0 606.0 606.0 605.0 604.0 604.0 603.0 603.0 603.0 603.0 603.0 603.0 603.0 603.0 603.0 603.0 603.0 5.0 50.0 55.0 61.0 67.0 73.0 79.0 85.0 91.0 97.0 103.0 109.0 115.0 121.0 127.0 133.0 139.0 145.0 151.0 157.0 163.0 169.0 175.0 181.0 187.0 193.0 199.0 205.0 211.0 217.0 223.0 229.0 235.0 241.0 247.0 253.0 259.0 265.0 271.0 277.0 283.0 289.0 295.0 301.0 307.0 313.0 319.0 325.0 331.0 337.0 343.0 349.0 355.0 361.0 367.0 373.0 379.0 384.0 390.0 396.0 402.0 408.0 414.0 419.0 425.0 431.0 437.0 442.0 448.0 454.0 460.0 465.0 471.0 477.0 482.0 488.0 494.0 499.0 505.0 510.0 516.0 521.0 527.0 533.0 539.0 544.0 550.0 556.0 562.0 568.0 573.0 579.0 585.0 591.0 597.0 603.0 609.0 615.0 621.0 627.0 705.0
617.0 623.0 624.0 624.0 624.0 625.0 625.0 625.0 625.0 625.0 626.0 626.0 626.0 626.0 626.0 626.0 626.0 626.0 626.0 627.0 627.0 627.0 627.0 627.0 627.0 627.0 628.0 628.0 628.0 628.0 628.0 628.0 628.0 629.0 629.0 629.0 629.0 629.0 629.0 629.0 629.0 629.0 629.0 629.0 629.0 629.0 629.0 629.0 629.0 629.0 629.0 628.0 628.0 628.0 628.0 627.0 627.0 627.0 626.0 626.0 625.0 625.0 624.0 623.0 623.0 622.0 621.0 620.0 619.0 618.0 617.0 615.0 615.0 613.0 612.0 611.0 609.0 608.0 607.0 606.0 605.0 604.0 603.0 602.0 601.0 600.0 600.0 599.0 599.0 598.0 598.0 597.0 597.0 597.0 597.0 597.0 597.0 596.0 596.0 597.0 5.0 49.0 55.0 61.0 67.0 73.0 79.0 85.0 91.0 97.0 103.0 109.0 115.0 121.0 127.0 133.0 139.0 145.0 151.0 157.0 163.0 169.0 175.0 181.0 187.0 193.0 199.0 205.0 211.0 217.0 223.0 229.0 235.0 241.0 247.0 253.0 259.0 265.0 271.0 277.0 283.0 289.0 295.0 301.0 307.0 313.0 319.0 325.0 331.0 337.0 343.0 349.0 355.0 361.0 367.0 373.0 379.0 385.0 390.0 396.0 402.0 408.0 414.0 419.0 425.0 431.0 437.0 442.0 448.0 454.0 460.0 465.0 471.0 476.0 482.0 487.0 493.0 498.0 504.0 510.0 515.0 521.0 526.0 532.0 538.0 543.0 549.0 555.0 561.0 566.0 572.0 578.0 584.0 590.0 596.0 602.0 608.0 614.0 620.0 626.0 706.0
617.0 623.0 623.0 624.0 624.0 624.0 624.0 625.0 625.0 625.0 625.0 625.0 625.0 625.0 625.0 626.0 626.0 626.0 626.0 626.0 626.0 626.0 626.0 626.0 626.0 626.0 626.0 627.0 627.0 627.0 627.0 627.0 627.0 627.0 627.0 627.0 627.0 628.0 628.0 628.0 628.0 628.0 627.0 627.0 627.0 627.0 627.0 627.0 627.0 627.0 626.0 626.0 626.0 626.0 625.0 625.0 624.0 624.0 624.0 623.0 622.0 622.0 621.0 620.0 620.0 619.0 618.0 617.0 616.0 615.0 614.0 612.0 611.0 610.0 609.0 607.0 606.0 605.0 604.0 602.0 601.0 600.0 599.0 598.0 597.0 596.0 595.0 595.0 594.0 594.0 593.0 593.0 593.0 592.0 592.0 592.0 592.0 592.0 592.0 592.0 5.0 50.0 56.0 62.0 68.0 74.0 80.0 86.0 92.0 98.0 104.0 110.0 116.0 122.0 128.0 134.0 140.0 146.0 152.0 158.0 164.0 170.0 176.0 182.0 188.0 194.0 200.0 206.0 212.0 218.0 224.0 230.0 236.0 242.0 248.0 254.0 260.0 266.0 272.0 278.0 284.0 290.0 296.0 302.0 308.0 314.0 320.0 326.0 332.0 338.0 344.0 350.0 355.0 361.0 367.0 373.0 379.0 385.0 391.0 397.0 402.0 408.0 414.0 420.0 426.0 431.0 437.0 442.0 448.0 454.0 460.0 465.0 471.0 476.0 482.0 487.0 493.0 498.0 504.0 509.0 515.0 520.0 526.0 532.0 537.0 543.0 549.0 555.0 560.0 566.0 572.0 578.0 584.0 590.0 596.0 601.0 607.0 613.0 619.0 625.0 707.0
617.0 623.0 623.0 623.0 624.0 624.0 624.0 624.0 625.0 625.0 625.0 625.0 625.0 625.0 625.0 625.0 625.0 625.0 625.0 625.0 625.0 625.0 625.0 626.0 626.0 626.0 626.0 626.0 626.0 626.0 626.0 626.0 626.0 627.0 627.0 627.0 627.0 627.0 627.0 627.0 627.0 626.0 626.0 626.0 626.0 626.0 626.0 626.0 626.0 626.0 625.0 625.0 625.0 624.0 624.0 623.0 623.0 623.0 622.0 622.0 621.0 620.0 620.0 619.0 618.0 617.0 616.0 615.0 614.0 613.0 612.0 610.0 609.0 608.0 607.0 605.0 604.0 602.0 601.0 600.0 599.0 598.0 596.0 596.0 595.0 594.0 593.0 592.0 591.0 591.0 591.0 590.0 590.0 590.0 590.0 590.0 589.0 589.0 589.0 589.0 5.0 51.0 57.0 63.0 69.0 75.0 81.0 87.0 93.0 99.0 105.0 111.0 117.0 123.0 129.0 135.0 141.0 147.0 153.0 159.0 165.0 171.0 177.0 183.0 189.0 195.0 201.0 207.0 213.0 219.0 225.0 231.0 237.0 243.0 249.0 255.0 261.0 267.0 273.0 279.0 285.0 291.0 297.0 303.0 309.0 315.0 321.0 327.0 333.0 339.0 345.0 351.0 357.0 363.0 369.0 375.0 380.0 386.0 392.0 398.0 403.0 409.0 415.0 421.0 427.0 432.0 438.0 444.0 450.0 455.0 461.0 466.0 472.0 477.0 483.0 488.0 494.0 499.0 505.0 510.0 516.0 521.0 527.0 533.0 538.0 544.0 550.0 556.0 561.0 567.0 573.0 579.0 585.0 590.0 596.0 602.0 608.0 614.0 620.0 626.0 708.0
617.0 623.0 623.0 624.0 624.0 624.0 624.0 624.0 624.0 624.0 625.0 625.0 625.0 625.0 625.0 625.0 625.0 625.0 625.0 625.0 625.0 625.0 625.0 625.0 626.0 626.0 626.0 626.0 626.0 626.0 626.0 626.0 626.0 626.0 626.0 626.0 627.0 627.0 627.0 626.0 626.0 626.0 626.0 626.0 626.0 626.0 626.0 625.0 625.0 625.0 625.0 625.0 625.0 624.0 624.0 623.0 623.0 622.0 622.0 621.0 621.0 620.0 620.0 619.0 618.0 617.0 616.0 615.0 614.0 613.0 611.0 610.0 609.0 608.0 606.0 605.0 604.0 602.0 601.0 600.0 598.0 597.0 596.0 595.0 594.0 593.0 592.0 592.0 591.0 590.0 590.0 590.0 589.0 589.0 589.0 589.0 589.0 589.0 589.0 589.0 5.0 51.0 57.0 63.0 69.0 75.0 81.0 87.0 93.0 99.0 105.0 111.0 117.0 123.0 129.0 135.0 141.0 147.0 153.0 159.0 165.0 171.0 177.0 183.0 189.0 195.0 201.0 207.0 213.0 219.0 225.0 231.0 237.0 243.0 249.0 255.0 261.0 267.0 273.0 279.0 285.0 291.0 297.0 303.0 309.0 315.0 321.0 327.0 333.0 339.0 345.0 351.0 357.0 362.0 368.0 374.0 380.0 386.0 392.0 398.0 403.0 409.0 415.0 421.0 426.0 432.0 438.0 443.0 449.0 455.0 460.0 466.0 472.0 477.0 482.0 488.0 494.0 499.0 504.0 510.0 516.0 521.0 527.0 532.0 538.0 544.0 550.0 555.0 561.0 567.0 572.0 578.0 584.0 590.0 596.0 602.0 608.0 614.0 620.0 626.0 709.0
617.0 623.0 623.0 624.0 624.0 624.0 624.0 624.0 625.0 625.0 625.0 625.0 625.0 625.0 625.0 625.0 625.0 625.0 625.0 625.0 625.0 625.0 626.0 626.0 626.0 626.0 626.0 626.0 627.0 627.0 627.0 627.0 627.0 627.0 627.0 627.0 627.0 627.0 628.0 627.0 627.0 627.0 627.0 627.0 627.0 627.0 627.0 627.0 626.0 626.0 626.0 626.0 626.0 625.0 625.0 624.0 624.0 623.0 623.0 622.0 622.0 621.0 621.0 620.0 619.0 618.0 617.0 616.0 615.0 614.0 613.0 612.0 610.0 609.0 608.0 607.0 605.0 604.0 603.0 602.0 600.0 599.0 598.0 597.0 596.0 596.0 595.0 594.0 593.0 593.0 593.0 592.0 592.0 592.0 592.0 591.0 591.0 591.0 591.0 591.0 5.0 51.0 57.0 63.0 69.0 75.0 81.0 87.0 93.0 99.0 105.0 111.0 117.0 123.0 129.0 135.0 141.0 147.0 153.0 159.0 165.0 171.0 177.0 182.0 188.0 194.0 200.0 206.0 212.0 218.0 224.0 230.0 236.0 242.0 248.0 254.0 260.0 266.0 272.0 278.0 284.0 290.0 296.0 302.0 308.0 314.0 320.0 326.0 332.0 338.0 344.0 350.0 356.0 362.0 368.0 374.0 379.0 385.0 391.0 397.0 403.0 408.0 414.0 420.0 426.0 431.0 437.0 443.0 448.0 454.0 459.0 465.0 471.0 476.0 482.0 487.0 493.0 498.0 504.0 509.0 515.0 520.0 526.0 532.0 537.0 543.0 549.0 554.0 560.0 566.0 572.0 578.0 584.0 589.0 595.0 601.0 607.0 613.0 619.0 625.0 710.0
617.0 623.0 623.0 624.0 624.0 624.0 625.0 625.0 625.0 625.0 625.0 625.0 625.0 625.0 626.0 626.0 626.0 626.0 626.0 626.0 626.0 626.0 626.0 627.0 627.0 627.0 627.0 627.0 627.0 628.0 628.0 628.0 628.0 628.0 628.0 628.0 628.0 628.0 629.0 629.0 629.0 629.0 629.0 629.0 629.0 629.0 628.0 628.0 628.0 628.0 628.0 628.0 628.0 627.0 627.0 627.0 626.0 626.0 625.0 625.0 624.0 624.0 623.0 623.0 622.0 621.0 620.0 619.0 618.0 617.0 616.0 615.0 613.0 612.0 611.0 610.0 609.0 607.0 606.0 605.0 604.0 603.0 602.0 601.0 600.0 600.0 599.0 598.0 598.0 597.0 597.0 597.0 596.0 596.0 596.0 596.0 596.0 596.0 596.0 596.0 5.0 50.0 56.0 61.0 67.0 73.0 79.0 85.0 91.0 97.0 103.0 109.0 115.0 121.0 127.0 133.0 139.0 146.0 152.0 158.0 164.0 170.0 176.0 181.0 187.0 193.0 199.0 205.0 211.0 217.0 223.0 229.0 235.0 241.0 247.0 253.0 259.0 265.0 271.0 277.0 283.0 289.0 295.0 301.0 307.0 313.0 319.0 325.0 331.0 337.0 343.0 349.0 355.0 361.0 367.0 373.0 379.0 385.0 390.0 396.0 402.0 408.0 414.0 420.0 425.0 431.0 437.0 442.0 448.0 454.0 459.0 465.0 471.0 476.0 482.0 487.0 493.0 498.0 504.0 509.0 515.0 520.0 526.0 532.0 538.0 543.0 549.0 555.0 561.0 566.0 572.0 578.0 584.0 590.0 596.0 602.0 608.0 614.0 620.0 626.0 711.0
617.0 623.0 624.0 624.0 624.0 625.0 625.0 625.0 626.0 626.0 626.0 626.0 626.0 626.0 626.0 626.0 626.0 627.0 627.0 627.0 627.0 627.0 627.0 628.0 628.0 628.0 628.0 628.0 629.0 629.0 629.0 629.0 629.0 630.0 630.0 630.0 630.0 630.0 630.0 631.0 631.0 631.0 631.0 631.0 631.0 631.0 631.0 631.0 631.0 630.0 630.0 630.0 630.0 630.0 630.0 629.0 629.0 629.0 629.0 628.0 628.0 627.0 627.0 626.0 625.0 624.0 624.0 623.0 622.0 621.0 620.0 619.0 617.0 616.0 615.0 614.0 613.0 612.0 610.0 609.0 608.0 607.0 607.0 606.0 605.0 604.0 604.0 603.0 603.0 602.0 602.0 602.0 602.0 601.0 601.0 601.0 602.0 601.0 601.0 602.0 5.0 50.0 56.0 62.0 68.0 74.0 79.0 85.0 91.0 98.0 104.0 110.0 116.0 122.0 128.0 134.0 140.0 146.0 152.0 158.0 164.0 170.0 176.0 182.0 188.0 194.0 200.0 206.0 212.0 218.0 224.0 230.0 236.0 242.0 248.0 254.0 260.0 266.0 272.0 278.0 284.0 290.0 296.0 302.0 308.0 313.0 319.0 325.0 331.0 337.0 344.0 350.0 356.0 362.0 368.0 374.0 379.0 385.0 391.0 397.0 403.0 409.0 415.0 421.0 426.0 432.0 438.0 444.0 449.0 455.0 461.0 466.0 472.0 477.0 483.0 488.0 494.0 500.0 505.0 511.0 517.0 522.0 528.0 534.0 539.0 545.0 551.0 557.0 563.0 568.0 574.0 580.0 586.0 592.0 598.0 604.0 610.0 616.0 622.0 628.0 712.0
617.0 623.0 624.0 625.0 625.0 625.0 626.0 626.0 626.0 626.0 626.0 626.0 627.0 627.0 627.0 627.0 628.0 628.0 628.0 628.0 628.0 628.0 629.0 629.0 629.0 630.0 630.0 630.0 630.0 631.0 631.0 631.0 631.0 631.0 632.0 632.0 632.0 632.0 633.0 633.0 633.0 633.0 633.0 634.0 634.0 634.0 633.0 634.0 634.0 634.0 633.0 633.0 633.0 633.0 633.0 633.0 633.0 632.0 632.0 632.0 632.0 631.0 631.0 630.0 630.0 629.0 628.0 627.0 627.0 626.0 625.0 624.0 623.0 622.0 620.0 619.0 619.0 617.0 616.0 615.0 615.0 614.0 613.0 612.0 611.0 611.0 610.0 610.0 609.0 609.0 609.0 609.0 608.0 608.0 608.0 608.0 609.0 609.0 609.0 609.0 5.0 50.0 56.0 62.0 68.0 74.0 80.0 86.0 92.0 98.0 104.0 110.0 116.0 122.0 128.0 134.0 140.0 146.0 151.0 157.0 163.0 169.0 175.0 181.0 187.0 193.0 199.0 205.0 211.0 217.0 223.0 229.0 235.0 241.0 247.0 253.0 259.0 265.0 271.0 277.0 283.0 289.0 295.0 301.0 307.0 313.0 319.0 325.0 331.0 337.0 343.0 349.0 355.0 361.0 367.0 373.0 379.0 385.0 391.0 397.0 403.0 409.0 415.0 420.0 426.0 432.0 438.0 443.0 449.0 455.0 461.0 466.0 472.0 478.0 483.0 489.0 495.0 500.0 506.0 511.0 517.0 523.0 529.0 535.0 540.0 546.0 552.0 558.0 563.0 569.0 575.0 581.0 587.0 593.0 599.0 605.0 611.0 617.0 623.0 629.0 713.0
617.0 624.0 624.0 625.0 625.0 626.0 626.0 626.0 627.0 627.0 627.0 628.0 628.0 628.0 628.0 628.0 629.0 629.0 629.0 630.0 630.0 630.0 630.0 631.0 631.0 632.0 632.0 632.0 632.0 633.0 633.0 633.0 634.0 634.0 634.0 634.0 635.0 635.0 636.0 636.0 636.0 636.0 636.0 637.0 637.0 637.0 637.0 637.0 637.0 638.0 638.0 637.0 637.0 638.0 638.0 637.0 637.0 637.0 637.0 637.0 636.0 636.0 636.0 635.0 635.0 634.0 634.0 633.0 632.0 631.0 630.0 630.0 629.0 628.0 627.0 626.0 625.0 624.0 623.0 622.0 622.0 621.0 620.0 619.0 619.0 618.0 618.0 617.0 617.0 617.0 617.0 616.0 617.0 617.0 617.0 616.0 617.0 617.0 617.0 618.0 5.0 50.0 56.0 62.0 68.0 74.0 79.0 85.0 91.0 98.0 104.0 110.0 116.0 122.0 128.0 134.0 140.0 146.0 151.0 157.0 163.0 169.0 175.0 181.0 187.0 193.0 199.0 205.0 211.0 217.0 223.0 229.0 235.0 241.0 247.0 253.0 259.0 265.0 271.0 277.0 283.0 289.0 295.0 301.0 307.0 312.0 318.0 324.0 330.0 336.0 343.0 349.0 355.0 361.0 367.0 373.0 379.0 385.0 391.0 397.0 403.0 409.0 415.0 421.0 426.0 432.0 438.0 444.0 450.0 456.0 461.0 467.0 473.0 479.0 484.0 490.0 496.0 501.0 507.0 513.0 519.0 524.0 530.0 536.0 542.0 548.0 554.0 559.0 565.0 571.0 577.0 583.0 589.0 595.0 601.0 607.0 613.0 619.0 625.0 631.0 714.0
617.0 624.0 625.0 625.0 626.0 627.0 627.0 627.0 627.0 628.0 628.0 629.0 629.0 629.0 629.0 630.0 630.0 630.0 631.0 631.0 631.0 632.0 632.0 633.0 633.0 633.0 634.0 634.0 635.0 635.0 635.0 636.0 636.0 636.0 637.0 637.0 638.0 638.0 638.0 638.0 639.0 639.0 640.0 640.0 640.0 641.0 641.0 641.0 641.0 641.0 642.0 642.0 642.0 642.0 642.0 642.0 642.0 642.0 642.0 642.0 641.0 641.0 641.0 640.0 640.0 639.0 639.0 639.0 638.0 637.0 637.0 636.0 635.0 634.0 634.0 632.0 632.0 631.0 630.0 629.0 629.0 628.0 627.0 627.0 626.0 626.0 625.0 625.0 625.0 625.0 624.0 625.0 625.0 625.0 625.0 625.0 625.0 626.0 626.0 627.0 5.0 50.0 56.0 61.0 67.0 73.0 79.0 85.0 91.0 97.0 103.0 109.0 115.0 121.0 127.0 133.0 139.0 145.0 151.0 157.0 163.0 169.0 175.0 181.0 187.0 193.0 199.0 205.0 211.0 217.0 222.0 228.0 234.0 240.0 246.0 252.0 258.0 264.0 270.0 276.0 282.0 288.0 294.0 300.0 306.0 312.0 318.0 324.0 330.0 336.0 342.0 348.0 354.0 360.0 366.0 372.0 378.0 384.0 390.0 396.0 402.0 408.0 414.0 420.0 426.0 432.0 437.0 443.0 449.0 455.0 461.0 467.0 473.0 478.0 484.0 490.0 496.0 501.0 507.0 513.0 519.0 525.0 530.0 536.0 542.0 548.0 554.0 560.0 566.0 572.0 578.0 584.0 590.0 596.0 602.0 608.0 614.0 620.0 626.0 632.0 715.0
617.0 624.0 625.0 626.0 627.0 627.0 627.0 628.0 628.0 629.0 629.0 629.0 630.0 630.0 630.0 631.0 631.0 631.0 632.0 632.0 633.0 633.0 634.0 634.0 635.0 635.0 635.0 636.0 637.0 637.0 638.0 638.0 639.0 639.0 639.0 640.0 640.0 640.0 641.0 641.0 642.0 642.0 643.0 643.0 644.0 644.0 644.0 645.0 645.0 645.0 645.0 646.0 646.0 646.0 646.0 646.0 646.0 646.0 646.0 646.0 646.0 646.0 646.0 645.0 645.0 645.0 645.0 644.0 644.0 643.0 642.0 642.0 641.0 640.0 640.0 639.0 638.0 638.0 637.0 636.0 635.0 635.0 634.0 634.0 633.0 633.0 633.0 633.0 632.0 632.0 632.0 633.0 633.0 633.0 633.0 633.0 634.0 634.0 634.0 635.0 5.0 50.0 55.0 61.0 67.0 73.0 79.0 85.0 91.0 97.0 103.0 109.0 115.0 121.0 127.0 133.0 139.0 145.0 151.0 157.0 163.0 169.0 175.0 181.0 187.0 193.0 198.0 204.0 210.0 216.0 222.0 228.0 234.0 240.0 246.0 252.0 258.0 264.0 270.0 275.0 281.0 287.0 293.0 299.0 305.0 311.0 317.0 323.0 329.0 335.0 341.0 347.0 353.0 359.0 365.0 371.0 377.0 383.0 389.0 395.0 401.0 407.0 413.0 419.0 425.0 431.0 437.0 443.0 449.0 455.0 461.0 466.0 472.0 478.0 484.0 490.0 496.0 502.0 508.0 513.0 519.0 525.0 531.0 537.0 543.0 549.0 555.0 561.0 566.0 573.0 579.0 585.0 591.0 597.0 603.0 609.0 614.0 620.0 626.0 632.0 716.0
617.0 625.0 626.0 626.0 627.0 628.0 628.0 628.0 629.0 629.0 630.0 630.0 631.0 631.0 632.0 632.0 632.0 633.0 633.0 634.0 634.0 635.0 635.0 636.0 636.0 637.0 637.0 638.0 638.0 639.0 640.0 640.0 641.0 641.0 642.0 642.0 642.0 643.0 644.0 644.0 645.0 645.0 646.0 646.0 647.0 647.0 647.0 648.0 648.0 648.0 649.0 649.0 649.0 650.0 650.0 650.0 650.0 650.0 650.0 650.0 651.0 650.0 650.0 650.0 650.0 650.0 649.0 649.0 649.0 648.0 648.0 647.0 646.0 646.0 645.0 645.0 644.0 643.0 643.0 642.0 642.0 641.0 641.0 640.0 640.0 640.0 639.0 639.0 639.0 639.0 639.0 640.0 640.0 640.0 640.0 641.0 641.0 641.0 642.0 643.0 5.0 50.0 55.0 61.0 67.0 73.0 79.0 85.0 91.0 97.0 103.0 109.0 115.0 121.0 127.0 133.0 139.0 145.0 151.0 157.0 162.0 168.0 174.0 180.0 186.0 192.0 198.0 204.0 210.0 216.0 222.0 228.0 234.0 240.0 246.0 252.0 258.0 263.0 269.0 275.0 281.0 287.0 293.0 299.0 305.0 311.0 317.0 323.0 329.0 335.0 341.0 347.0 353.0 359.0 365.0 371.0 377.0 383.0 389.0 395.0 401.0 407.0 413.0 419.0 425.0 431.0 437.0 443.0 449.0 455.0 461.0 467.0 473.0 479.0 485.0 490.0 496.0 502.0 508.0 514.0 520.0 526.0 532.0 538.0 544.0 550.0 556.0 562.0 568.0 574.0 580.0 586.0 592.0 598.0 604.0 610.0 615.0 621.0 627.0 633.0 717.0
617.0 625.0 626.0 626.0 627.0 628.0 629.0 629.0 630.0 630.0 630.0 631.0 631.0 632.0 632.0 633.0 633.0 634.0 634.0 635.0 635.0 636.0 636.0 637.0 638.0 638.0 639.0 639.0 640.0 641.0 641.0 642.0 642.0 643.0 644.0 644.0 644.0 645.0 646.0 646.0 647.0 648.0 648.0 649.0 649.0 649.0 650.0 651.0 651.0 651.0 652.0 652.0 652.0 653.0 653.0 653.0 654.0 654.0 654.0 654.0 654.0 654.0 654.0 654.0 654.0 654.0 654.0 653.0 653.0 652.0 652.0 651.0 651.0 650.0 650.0 649.0 648.0 648.0 648.0 647.0 646.0 646.0 646.0 645.0 645.0 645.0 645.0 645.0 645.0 645.0 645.0 645.0 645.0 646.0 646.0 647.0 647.0 648.0 648.0 649.0 5.0 49.0 55.0 61.0 67.0 73.0 79.0 85.0 91.0 97.0 103.0 109.0 115.0 121.0 127.0 133.0 139.0 145.0 151.0 157.0 162.0 168.0 174.0 180.0 186.0 192.0 198.0 204.0 210.0 216.0 222.0 228.0 233.0 239.0 245.0 251.0 257.0 263.0 269.0 275.0 281.0 287.0 293.0 299.0 305.0 311.0 317.0 323.0 329.0 335.0 341.0 347.0 353.0 359.0 365.0 371.0 377.0 383.0 389.0 395.0 401.0 407.0 413.0 419.0 425.0 431.0 437.0 443.0 449.0 455.0 461.0 467.0 473.0 479.0 485.0 491.0 497.0 503.0 509.0 515.0 521.0 527.0 532.0 538.0 544.0 550.0 556.0 563.0 569.0 575.0 581.0 587.0 593.0 599.0 605.0 611.0 617.0 623.0 628.0 634.0 718.0
617.0 625.0 626.0 627.0 628.0 628.0 629.0 629.0 630.0 630.0 631.0 631.0 632.0 632.0 633.0 633.0 634.0 634.0 635.0 635.0 636.0 637.0 637.0 638.0 639.0 639.0 640.0 641.0 641.0 642.0 642.0 643.0 643.0 644.0 645.0 645.0 646.0 647.0 648.0 648.0 648.0 649.0 649.0 650.0 651.0 651.0 652.0 652.0 653.0 653.0 653.0 654.0 654.0 655.0 655.0 656.0 656.0 656.0 656.0 656.0 656.0 657.0 657.0 657.0 657.0 656.0 656.0 656.0 656.0 655.0 655.0 654.0 654.0 654.0 653.0 652.0 652.0 652.0 651.0 651.0 650.0 650.0 649.0 649.0 649.0 649.0 649.0 649.0 649.0 649.0 649.0 650.0 650.0 650.0 650.0 651.0 651.0 652.0 653.0 654.0 5.0 49.0 55.0 61.0 67.0 73.0 79.0 85.0 91.0 97.0 103.0 109.0 115.0 121.0 126.0 132.0 138.0 144.0 150.0 156.0 162.0 168.0 174.0 180.0 186.0 192.0 198.0 204.0 210.0 215.0 221.0 227.0 233.0 239.0 245.0 251.0 257.0 263.0 269.0 275.0 280.0 286.0 292.0 298.0 304.0 310.0 316.0 322.0 328.0 334.0 340.0 346.0 352.0 358.0 364.0 370.0 376.0 382.0 388.0 394.0 400.0 406.0 413.0 419.0 424.0 430.0 436.0 442.0 449.0 454.0 460.0 466.0 473.0 479.0 485.0 491.0 497.0 503.0 509.0 514.0 520.0 526.0 532.0 538.0 544.0 550.0 556.0 562.0 568.0 574.0 580.0 586.0 592.0 598.0 604.0 610.0 616.0 622.0 628.0 634.0 719.0
617.0 626.0 627.0 627.0 628.0 629.0 629.0 629.0 630.0 630.0 631.0 631.0 632.0 633.0 633.0 634.0 634.0 635.0 635.0 636.0 637.0 637.0 638.0 639.0 639.0 640.0 640.0 641.0 642.0 642.0 643.0 644.0 644.0 645.0 646.0 646.0 647.0 647.0 648.0 649.0 649.0 650.0 650.0 651.0 652.0 652.0 653.0 654.0 654.0 654.0 655.0 655.0 656.0 656.0 656.0 657.0 657.0 658.0 658.0 658.0 658.0 658.0 658.0 658.0 658.0 658.0 658.0 658.0 657.0 657.0 657.0 656.0 656.0 655.0 655.0 654.0 654.0 654.0 653.0 652.0 652.0 652.0 651.0 651.0 651.0 651.0 651.0 651.0 651.0 651.0 651.0 652.0 652.0 652.0 653.0 653.0 654.0 654.0 655.0 656.0 5.0 49.0 55.0 61.0 67.0 73.0 79.0 85.0 91.0 97.0 103.0 109.0 115.0 121.0 126.0 132.0 138.0 144.0 150.0 156.0 162.0 168.0 174.0 180.0 186.0 192.0 198.0 204.0 209.0 215.0 221.0 227.0 233.0 239.0 245.0 251.0 257.0 263.0 268.0 274.0 280.0 286.0 292.0 298.0 304.0 310.0 316.0 322.0 328.0 334.0 340.0 346.0 352.0 358.0 364.0 370.0 376.0 382.0 388.0 394.0 400.0 406.0 412.0 418.0 424.0 430.0 436.0 442.0 448.0 454.0 460.0 466.0 472.0 478.0 485.0 490.0 496.0 502.0 508.0 514.0 520.0 526.0 532.0 538.0 544.0 550.0 556.0 562.0 568.0 574.0 580.0 586.0 592.0 598.0 604.0 610.0 616.0 622.0 628.0 634.0 720.0
617.0 626.0 626.0 627.0 628.0 629.0 629.0 630.0 630.0 631.0 631.0 632.0 632.0 633.0 633.0 634.0 634.0 635.0 636.0 636.0 637.0 637.0 638.0 639.0 639.0 640.0 641.0 641.0 642.0 643.0 643.0 644.0 644.0 645.0 646.0 646.0 647.0 648.0 648.0 649.0 649.0 650.0 651.0 651.0 652.0 652.0 653.0 654.0 654.0 655.0 655.0 655.0 656.0 656.0 656.0 657.0 657.0 658.0 658.0 658.0 658.0 658.0 658.0 658.0 658.0 658.0 658.0 658.0 658.0 657.0 657.0 656.0 656.0 656.0 655.0 655.0 654.0 654.0 653.0 653.0 652.0 652.0 652.0 651.0 651.0 651.0 651.0 651.0 651.0 651.0 651.0 652.0 652.0 653.0 653.0 654.0 654.0 655.0 655.0 656.0 5.0 49.0 55.0 61.0 67.0 73.0 79.0 85.0 91.0 97.0 102.0 108.0 114.0 120.0 126.0 132.0 138.0 144.0 150.0 156.0 162.0 168.0 174.0 180.0 186.0 191.0 197.0 203.0 209.0 215.0 221.0 227.0 233.0 239.0 245.0 251.0 256.0 262.0 268.0 274.0 280.0 286.0 292.0 298.0 304.0 310.0 316.0 322.0 328.0 333.0 339.0 345.0 351.0 357.0 363.0 369.0 375.0 381.0 388.0 394.0 400.0 406.0 412.0 418.0 424.0 430.0 436.0 442.0 448.0 454.0 460.0 466.0 472.0 478.0 484.0 490.0 496.0 502.0 508.0 514.0 520.0 526.0 532.0 538.0 544.0 550.0 556.0 562.0 568.0 574.0 580.0 586.0 592.0 598.0 604.0 610.0 616.0 622.0 628.0 634.0 721.0
617.0 626.0 626.0 627.0 628.0 628.0 629.0 629.0 630.0 630.0 631.0 631.0 632.0 633.0 633.0 633.0 634.0 635.0 635.0 636.0 637.0 637.0 638.0 638.0 639.0 639.0 640.0 641.0 642.0 642.0 643.0 644.0 644.0 645.0 645.0 646.0 646.0 647.0 648.0 648.0 649.0 649.0 650.0 651.0 651.0 652.0 652.0 653.0 653.0 654.0 654.0 655.0 655.0 656.0 656.0 656.0 657.0 657.0 657.0 657.0 658.0 658.0 658.0 658.0 657.0 657.0 657.0 657.0 656.0 656.0 656.0 655.0 655.0 655.0 654.0 654.0 653.0 653.0 652.0 652.0 651.0 651.0 650.0 650.0 650.0 650.0 650.0 650.0 650.0 650.0 650.0 650.0 650.0 651.0 651.0 652.0 652.0 653.0 654.0 655.0 5.0 49.0 55.0 61.0 67.0 73.0 79.0 85.0 91.0 97.0 103.0 109.0 115.0 121.0 126.0 132.0 138.0 144.0 150.0 156.0 162.0 168.0 174.0 180.0 186.0 192.0 198.0 204.0 209.0 215.0 221.0 227.0 233.0 239.0 245.0 251.0 257.0 263.0 269.0 274.0 280.0 286.0 292.0 298.0 304.0 310.0 316.0 322.0 328.0 334.0 340.0 346.0 352.0 358.0 364.0 370.0 376.0 382.0 388.0 394.0 400.0 406.0 412.0 418.0 424.0 430.0 436.0 442.0 448.0 454.0 460.0 466.0 473.0 479.0 485.0 491.0 497.0 503.0 508.0 514.0 520.0 526.0 532.0 538.0 544.0 550.0 556.0 562.0 568.0 574.0 580.0 586.0 592.0 598.0 604.0 610.0 616.0 622.0 628.0 634.0 722.0
617.0 626.0 626.0 627.0 628.0 628.0 629.0 629.0 630.0 630.0 631.0 631.0 632.0 632.0 633.0 633.0 634.0 634.0 635.0 635.0 636.0 637.0 637.0 638.0 638.0 639.0 640.0 640.0 641.0 641.0 642.0 642.0 643.0 644.0 644.0 645.0 645.0 646.0 647.0 647.0 648.0 648.0 649.0 649.0 650.0 651.0 651.0 652.0 652.0 652.0 653.0 653.0 653.0 654.0 654.0 654.0 655.0 655.0 655.0 655.0 655.0 655.0 655.0 655.0 655.0 655.0 655.0 654.0 654.0 653.0 653.0 653.0 652.0 652.0 651.0 651.0 650.0 649.0 649.0 648.0 648.0 648.0 647.0 647.0 647.0 646.0 646.0 646.0 646.0 646.0 646.0 647.0 647.0 647.0 647.0 648.0 648.0 649.0 650.0 651.0 5.0 49.0 55.0 61.0 67.0 73.0 79.0 85.0 91.0 97.0 103.0 109.0 115.0 121.0 127.0 133.0 139.0 145.0 150.0 156.0 162.0 168.0 174.0 180.0 186.0 192.0 198.0 204.0 210.0 216.0 221.0 227.0 233.0 239.0 245.0 251.0 257.0 263.0 269.0 275.0 281.0 287.0 293.0 299.0 305.0 311.0 317.0 322.0 328.0 334.0 340.0 346.0 352.0 358.0 364.0 371.0 377.0 383.0 389.0 395.0 401.0 407.0 413.0 419.0 425.0 431.0 437.0 443.0 449.0 455.0 461.0 467.0 473.0 479.0 485.0 491.0 497.0 503.0 509.0 515.0 521.0 527.0 533.0 539.0 545.0 551.0 557.0 563.0 569.0 575.0 581.0 587.0 593.0 599.0 605.0 611.0 617.0 623.0 628.0 634.0 723.0
617.0 625.0 626.0 626.0 627.0 628.0 628.0 629.0 629.0 630.0 630.0 630.0 631.0 631.0 632.0 632.0 633.0 634.0 634.0 634.0 635.0 636.0 636.0 637.0 637.0 638.0 639.0 639.0 640.0 640.0 641.0 641.0 642.0 642.0 643.0 643.0 644.0 644.0 645.0 645.0 646.0 646.0 647.0 647.0 648.0 648.0 649.0 649.0 649.0 650.0 650.0 651.0 651.0 651.0 651.0 652.0 652.0 652.0 652.0 652.0 652.0 652.0 652.0 652.0 652.0 651.0 651.0 651.0 650.0 650.0 649.0 649.0 648.0 648.0 647.0 647.0 646.0 645.0 645.0 644.0 643.0 643.0 642.0 642.0 642.0 641.0 641.0 641.0 641.0 641.0 641.0 641.0 641.0 642.0 642.0 643.0 643.0 644.0 644.0 645.0 5.0 50.0 56.0 62.0 67.0 73.0 79.0 85.0 91.0 97.0 103.0 109.0 115.0 121.0 127.0 133.0 139.0 145.0 151.0 157.0 163.0 169.0 175.0 181.0 187.0 192.0 198.0 204.0 210.0 216.0 222.0 228.0 234.0 240.0 246.0 252.0 258.0 264.0 270.0 276.0 282.0 287.0 293.0 299.0 305.0 311.0 317.0 323.0 329.0 335.0 341.0 347.0 353.0 359.0 365.0 372.0 378.0 384.0 390.0 396.0 402.0 408.0 414.0 420.0 426.0 432.0 438.0 444.0 450.0 456.0 462.0 468.0 474.0 480.0 486.0 491.0 497.0 503.0 509.0 515.0 521.0 527.0 533.0 539.0 545.0 551.0 557.0 563.0 569.0 575.0 581.0 587.0 593.0 599.0 605.0 611.0 617.0 623.0 629.0 634.0 724.0
617.0 625.0 626.0 626.0 627.0 627.0 628.0 628.0 629.0 629.0 630.0 630.0 630.0 631.0 631.0 631.0 632.0 632.0 633.0 633.0 634.0 634.0 635.0 635.0 636.0 636.0 637.0 637.0 638.0 638.0 639.0 639.0 640.0 640.0 641.0 641.0 642.0 642.0 643.0 643.0 644.0 644.0 644.0 645.0 645.0 645.0 646.0 647.0 647.0 647.0 647.0 647.0 648.0 648.0 648.0 648.0 648.0 648.0 648.0 648.0 648.0 648.0 648.0 648.0 648.0 647.0 647.0 646.0 646.0 645.0 645.0 644.0 643.0 643.0 642.0 642.0 641.0 640.0 639.0 638.0 638.0 638.0 637.0 636.0 636.0 636.0 636.0 635.0 635.0 635.0 635.0 635.0 635.0 635.0 635.0 636.0 636.0 637.0 637.0 638.0 5.0 49.0 55.0 61.0 67.0 73.0 79.0 85.0 91.0 97.0 102.0 108.0 114.0 120.0 126.0 132.0 138.0 144.0 150.0 156.0 162.0 168.0 174.0 180.0 186.0 192.0 198.0 204.0 210.0 216.0 222.0 228.0 234.0 239.0 245.0 251.0 257.0 263.0 269.0 275.0 281.0 287.0 293.0 299.0 305.0 311.0 317.0 323.0 329.0 335.0 341.0 347.0 353.0 359.0 365.0 371.0 377.0 383.0 389.0 395.0 401.0 408.0 414.0 420.0 426.0 432.0 438.0 444.0 450.0 456.0 461.0 467.0 473.0 479.0 485.0 491.0 497.0 503.0 509.0 514.0 520.0 526.0 532.0 538.0 544.0 550.0 556.0 562.0 568.0 574.0 580.0 586.0 592.0 598.0 604.0 610.0 616.0 622.0 627.0 633.0 725.0
617.0 625.0 625.0 626.0 626.0 627.0 627.0 628.0 628.0 629.0 629.0 629.0 629.0 630.0 630.0 630.0 631.0 631.0 632.0 632.0 632.0 633.0 633.0 634.0 634.0 634.0 635.0 635.0 636.0 636.0 637.0 637.0 638.0 638.0 638.0 639.0 639.0 640.0 640.0 640.0 641.0 641.0 642.0 642.0 642.0 642.0 643.0 643.0 643.0 644.0 644.0 644.0 644.0 644.0 644.0 644.0 644.0 644.0 644.0 644.0 644.0 644.0 644.0 643.0 643.0 642.0 642.0 641.0 641.0 640.0 640.0 639.0 638.0 637.0 636.0 636.0 635.0 634.0 633.0 633.0 632.0 631.0 631.0 630.0 630.0 629.0 629.0 629.0 628.0 628.0 628.0 628.0 628.0 628.0 628.0 628.0 628.0 629.0 629.0 630.0 5.0 48.0 54.0 60.0 66.0 72.0 78.0 84.0 90.0 96.0 102.0 108.0 114.0 120.0 126.0 132.0 138.0 144.0 150.0 156.0 162.0 168.0 174.0 180.0 186.0 191.0 197.0 203.0 209.0 215.0 221.0 227.0 233.0 239.0 245.0 251.0 257.0 262.0 268.0 274.0 280.0 286.0 292.0 298.0 304.0 310.0 317.0 323.0 329.0 335.0 341.0 347.0 353.0 359.0 365.0 371.0 377.0 383.0 389.0 395.0 401.0 407.0 413.0 419.0 425.0 431.0 437.0 443.0 449.0 455.0 460.0 466.0 472.0 478.0 484.0 489.0 495.0 501.0 507.0 513.0 519.0 524.0 530.0 536.0 542.0 548.0 554.0 560.0 566.0 572.0 578.0 584.0 590.0 596.0 602.0 608.0 614.0 620.0 626.0 631.0 726.0
617.0 624.0 625.0 625.0 626.0 626.0 627.0 627.0 627.0 628.0 628.0 628.0 628.0 629.0 629.0 629.0 629.0 630.0 630.0 630.0 631.0 631.0 632.0 632.0 632.0 633.0 633.0 634.0 634.0 634.0 635.0 635.0 635.0 636.0 636.0 637.0 637.0 637.0 637.0 638.0 638.0 639.0 639.0 639.0 639.0 639.0 640.0 640.0 640.0 640.0 640.0 640.0 640.0 640.0 640.0 640.0 640.0 640.0 640.0 640.0 639.0 639.0 639.0 638.0 638.0 637.0 637.0 636.0 635.0 635.0 634.0 633.0 632.0 632.0 630.0 630.0 629.0 628.0 627.0 626.0 625.0 624.0 624.0 623.0 622.0 622.0 622.0 621.0 621.0 621.0 620.0 620.0 620.0 620.0 620.0 621.0 621.0 621.0 621.0 621.0 5.0 49.0 55.0 60.0 66.0 72.0 78.0 84.0 90.0 96.0 102.0 108.0 114.0 120.0 126.0 132.0 138.0 144.0 150.0 156.0 162.0 168.0 174.0 180.0 186.0 192.0 198.0 204.0 210.0 216.0 221.0 227.0 233.0 239.0 245.0 251.0 257.0 263.0 269.0 275.0 281.0 287.0 293.0 299.0 305.0 311.0 317.0 323.0 329.0 335.0 341.0 347.0 353.0 359.0 365.0 371.0 377.0 383.0 389.0 395.0 401.0 407.0 413.0 419.0 425.0 431.0 437.0 443.0 448.0 454.0 460.0 466.0 471.0 477.0 483.0 488.0 494.0 500.0 506.0 511.0 517.0 523.0 529.0 535.0 541.0 546.0 552.0 558.0 564.0 570.0 576.0 582.0 588.0 594.0 600.0 606.0 612.0 618.0 624.0 630.0 727.0
617.0 624.0 625.0 625.0 625.0 626.0 626.0 627.0 627.0 627.0 627.0 627.0 628.0 628.0 628.0 628.0 628.0 629.0 629.0 629.0 629.0 630.0 630.0 630.0 631.0 631.0 631.0 632.0 632.0 632.0 633.0 633.0 633.0 633.0 634.0 634.0 635.0 635.0 635.0 635.0 636.0 636.0 636.0 636.0 636.0 636.0 636.0 636.0 636.0 637.0 637.0 636.0 636.0 636.0 636.0 636.0 636.0 636.0 636.0 635.0 635.0 635.0 634.0 634.0 633.0 632.0 632.0 631.0 630.0 629.0 628.0 627.0 627.0 626.0 624.0 623.0 623.0 621.0 620.0 619.0 618.0 617.0 617.0 616.0 615.0 614.0 614.0 613.0 613.0 613.0 613.0 612.0 612.0 612.0 612.0 613.0 613.0 613.0 613.0 613.0 5.0 49.0 55.0 61.0 67.0 73.0 79.0 84.0 90.0 96.0 102.0 108.0 114.0 121.0 127.0 133.0 139.0 145.0 151.0 157.0 163.0 169.0 175.0 181.0 187.0 192.0 198.0 204.0 210.0 216.0 222.0 228.0 234.0 240.0 246.0 252.0 258.0 264.0 270.0 276.0 282.0 288.0 294.0 300.0 306.0 312.0 318.0 324.0 330.0 336.0 342.0 348.0 354.0 360.0 366.0 372.0 378.0 384.0 390.0 396.0 402.0 408.0 414.0 419.0 425.0 431.0 437.0 443.0 448.0 454.0 460.0 466.0 471.0 477.0 483.0 488.0 494.0 500.0 505.0 511.0 517.0 522.0 528.0 534.0 540.0 545.0 551.0 557.0 563.0 569.0 575.0 581.0 587.0 593.0 599.0 605.0 611.0 617.0 623.0 628.0 728.0
617.0 624.0 624.0 625.0 625.0 625.0 626.0 626.0 626.0 626.0 626.0 626.0 627.0 627.0 627.0 627.0 627.0 628.0 628.0 628.0 628.0 628.0 629.0 629.0 629.0 630.0 630.0 630.0 630.0 631.0 631.0 631.0 631.0 631.0 632.0 632.0 632.0 632.0 633.0 633.0 633.0 633.0 633.0 633.0 633.0 633.0 633.0 633.0 633.0 633.0 633.0 633.0 632.0 633.0 633.0 632.0 632.0 632.0 631.0 631.0 631.0 630.0 630.0 629.0 628.0 628.0 627.0 626.0 625.0 624.0 623.0 622.0 621.0 620.0 619.0 618.0 617.0 616.0 614.0 613.0 612.0 611.0 610.0 610.0 609.0 608.0 608.0 607.0 606.0 606.0 606.0 605.0 605.0 605.0 605.0 605.0 605.0 605.0 605.0 606.0 5.0 50.0 56.0 61.0 67.0 73.0 79.0 85.0 91.0 97.0 103.0 109.0 115.0 121.0 127.0 133.0 139.0 145.0 151.0 157.0 163.0 169.0 175.0 181.0 187.0 193.0 199.0 205.0 211.0 217.0 223.0 229.0 235.0 241.0 247.0 253.0 259.0 265.0 271.0 277.0 283.0 289.0 295.0 301.0 307.0 313.0 319.0 325.0 331.0 337.0 343.0 349.0 355.0 361.0 367.0 373.0 379.0 384.0 390.0 396.0 402.0 408.0 414.0 419.0 425.0 431.0 437.0 443.0 449.0 454.0 460.0 465.0 471.0 477.0 482.0 488.0 494.0 499.0 505.0 510.0 516.0 522.0 527.0 533.0 539.0 545.0 550.0 556.0 562.0 568.0 574.0 579.0 585.0 591.0 597.0 603.0 609.0 615.0 621.0 627.0 729.0
617.0 623.0 624.0 624.0 625.0 625.0 625.0 625.0 625.0 625.0 626.0 626.0 626.0 626.0 627.0 627.0 627.0 627.0 627.0 627.0 627.0 627.0 628.0 628.0 628.0 628.0 628.0 628.0 629.0 629.0 629.0 629.0 630.0 630.0 630.0 630.0 630.0 630.0 631.0 631.0 630.0 630.0 631.0 631.0 631.0 631.0 631.0 631.0 630.0 630.0 630.0 630.0 630.0 630.0 629.0 629.0 629.0 628.0 628.0 628.0 627.0 627.0 626.0 626.0 625.0 624.0 623.0 622.0 621.0 620.0 619.0 618.0 617.0 616.0 615.0 613.0 612.0 611.0 610.0 609.0 607.0 606.0 606.0 605.0 603.0 602.0 602.0 601.0 601.0 601.0 600.0 600.0 600.0 600.0 599.0 599.0 599.0 600.0 600.0 600.0 5.0 49.0 55.0 61.0 67.0 73.0 79.0 85.0 91.0 97.0 103.0 109.0 115.0 121.0 127.0 133.0 139.0 145.0 151.0 157.0 163.0 169.0 175.0 181.0 187.0 193.0 199.0 205.0 211.0 217.0 223.0 229.0 235.0 241.0 247.0 253.0 259.0 265.0 271.0 277.0 283.0 289.0 295.0 301.0 307.0 313.0 319.0 325.0 331.0 337.0 343.0 349.0 355.0 361.0 367.0 373.0 379.0 384.0 390.0 396.0 402.0 408.0 414.0 419.0 425.0 431.0 437.0 443.0 448.0 454.0 460.0 465.0 471.0 476.0 482.0 487.0 493.0 499.0 504.0 510.0 516.0 521.0 527.0 532.0 538.0 544.0 549.0 555.0 561.0 567.0 573.0 578.0 584.0 590.0 596.0 602.0 608.0 614.0 620.0 626.0 730.0
617.0 623.0 624.0 624.0 624.0 625.0 625.0 625.0 625.0 625.0 625.0 625.0 626.0 626.0 626.0 626.0 626.0 626.0 626.0 626.0 626.0 627.0 627.0 627.0 627.0 627.0 627.0 627.0 628.0 628.0 628.0 628.0 629.0 629.0 629.0 629.0 629.0 629.0 629.0 629.0 629.0 629.0 629.0 629.0 629.0 629.0 629.0 629.0 628.0 628.0 628.0 628.0 628.0 627.0 627.0 627.0 627.0 626.0 626.0 625.0 625.0 624.0 623.0 623.0 622.0 621.0 620.0 619.0 619.0 617.0 616.0 615.0 614.0 613.0 611.0 610.0 609.0 608.0 607.0 605.0 604.0 603.0 602.0 601.0 600.0 599.0 599.0 598.0 597.0 597.0 596.0 596.0 596.0 596.0 596.0 595.0 595.0 596.0 596.0 596.0 5.0 49.0 55.0 61.0 67.0 73.0 79.0 85.0 91.0 97.0 103.0 109.0 115.0 121.0 127.0 133.0 139.0 145.0 151.0 157.0 163.0 169.0 175.0 181.0 187.0 193.0 199.0 205.0 211.0 217.0 223.0 229.0 235.0 241.0 247.0 253.0 259.0 265.0 271.0 277.0 283.0 289.0 295.0 301.0 307.0 313.0 319.0 325.0 331.0 337.0 343.0 349.0 355.0 361.0 367.0 373.0 379.0 384.0 390.0 396.0 402.0 408.0 414.0 419.0 425.0 431.0 436.0 442.0 448.0 454.0 459.0 465.0 470.0 476.0 481.0 487.0 492.0 498.0 504.0 509.0 515.0 520.0 526.0 531.0 537.0 543.0 549.0 554.0 560.0 566.0 572.0 578.0 584.0 590.0 596.0 601.0 607.0 613.0 619.0 625.0 731.0
617.0 623.0 623.0 624.0 624.0 624.0 625.0 625.0 625.0 625.0 625.0 625.0 626.0 626.0 626.0 626.0 626.0 626.0 626.0 626.0 626.0 626.0 626.0 626.0 626.0 627.0 627.0 627.0 627.0 627.0 627.0 628.0 628.0 628.0 628.0 628.0 628.0 628.0 628.0 628.0 628.0 628.0 628.0 628.0 628.0 628.0 628.0 628.0 627.0 627.0 627.0 627.0 626.0 626.0 626.0 625.0 625.0 625.0 624.0 624.0 623.0 623.0 622.0 621.0 621.0 620.0 619.0 618.0 617.0 616.0 614.0 613.0 612.0 611.0 610.0 608.0 607.0 606.0 605.0 603.0 602.0 601.0 600.0 599.0 598.0 597.0 596.0 596.0 595.0 595.0 594.0 594.0 594.0 593.0 593.0 593.0 593.0 593.0 593.0 593.0 5.0 49.0 55.0 61.0 67.0 73.0 79.0 85.0 91.0 97.0 103.0 109.0 115.0 121.0 127.0 133.0 139.0 145.0 151.0 157.0 163.0 169.0 175.0 181.0 187.0 193.0 199.0 205.0 211.0 217.0 223.0 229.0 235.0 241.0 247.0 253.0 259.0 265.0 271.0 277.0 283.0 289.0 295.0 301.0 307.0 313.0 319.0 325.0 331.0 337.0 343.0 349.0 355.0 361.0 367.0 373.0 378.0 384.0 390.0 396.0 402.0 408.0 413.0 419.0 425.0 431.0 436.0 442.0 448.0 453.0 459.0 464.0 470.0 476.0 481.0 486.0 492.0 498.0 503.0 509.0 515.0 520.0 526.0 531.0 537.0 543.0 548.0 554.0 560.0 566.0 572.0 577.0 583.0 589.0 595.0 601.0 607.0 613.0 619.0 625.0 732.0
617.0 623.0 623.0 624.0 624.0 624.0 625.0 625.0 625.0 625.0 625.0 625.0 625.0 625.0 626.0 626.0 626.0 626.0 626.0 626.0 626.0 626.0 626.0 626.0 626.0 626.0 626.0 626.0 627.0 627.0 627.0 627.0 628.0 628.0 628.0 628.0 628.0 628.0 628.0 628.0 627.0 627.0 627.0 628.0 628.0 627.0 627.0 627.0 627.0 627.0 627.0 627.0 626.0 626.0 626.0 625.0 625.0 624.0 624.0 623.0 623.0 622.0 622.0 621.0 620.0 619.0 618.0 617.0 616.0 615.0 614.0 613.0 612.0 610.0 609.0 608.0 606.0 605.0 604.0 602.0 601.0 600.0 599.0 598.0 597.0 596.0 596.0 595.0 594.0 594.0 593.0 593.0 593.0 593.0 593.0 593.0 593.0 592.0 592.0 592.0 5.0 49.0 55.0 61.0 67.0 73.0 79.0 85.0 91.0 97.0 103.0 109.0 115.0 121.0 127.0 133.0 139.0 145.0 151.0 157.0 163.0 169.0 175.0 181.0 187.0 193.0 199.0 205.0 211.0 217.0 223.0 229.0 235.0 241.0 247.0 253.0 259.0 265.0 271.0 277.0 283.0 289.0 295.0 301.0 307.0 313.0 319.0 325.0 331.0 337.0 343.0 349.0 355.0 361.0 367.0 373.0 379.0 385.0 391.0 396.0 402.0 408.0 414.0 419.0 425.0 431.0 437.0 442.0 448.0 454.0 459.0 465.0 470.0 476.0 482.0 487.0 493.0 498.0 504.0 509.0 515.0 520.0 526.0 531.0 537.0 543.0 548.0 554.0 560.0 566.0 572.0 577.0 583.0 589.0 595.0 601.0 607.0 613.0 619.0 625.0 733.0
617.0 623.0 623.0 624.0 624.0 625.0 625.0 625.0 625.0 625.0 625.0 625.0 626.0 626.0 626.0 626.0 626.0 626.0 626.0 626.0 626.0 626.0 626.0 627.0 627.0 627.0 627.0 627.0 627.0 627.0 628.0 628.0 628.0 628.0 628.0 628.0 628.0 628.0 628.0 628.0 628.0 628.0 628.0 628.0 628.0 628.0 628.0 628.0 627.0 627.0 627.0 627.0 627.0 626.0 626.0 626.0 625.0 625.0 625.0 624.0 624.0 623.0 623.0 622.0 621.0 620.0 619.0 618.0 617.0 616.0 615.0 614.0 613.0 611.0 610.0 609.0 607.0 606.0 605.0 604.0 602.0 601.0 600.0 599.0 598.0 597.0 597.0 596.0 595.0 595.0 595.0 594.0 594.0 594.0 594.0 594.0 594.0 594.0 594.0 594.0 5.0 50.0 56.0 62.0 68.0 74.0 80.0 86.0 92.0 98.0 104.0 110.0 116.0 122.0 128.0 134.0 140.0 146.0 152.0 158.0 164.0 170.0 176.0 182.0 188.0 194.0 200.0 206.0 212.0 217.0 223.0 230.0 236.0 241.0 247.0 253.0 259.0 265.0 271.0 277.0 283.0 289.0 295.0 301.0 307.0 313.0 319.0 325.0 331.0 337.0 343.0 349.0 355.0 361.0 367.0 373.0 379.0 384.0 390.0 396.0 402.0 408.0 414.0 419.0 425.0 431.0 437.0 442.0 448.0 453.0 459.0 465.0 470.0 476.0 481.0 487.0 492.0 498.0 503.0 509.0 514.0 520.0 526.0 531.0 537.0 543.0 548.0 554.0 560.0 566.0 571.0 577.0 583.0 589.0 595.0 601.0 607.0 613.0 619.0 625.0 734.0
617.0 623.0 624.0 624.0 624.0 625.0 625.0 625.0 625.0 625.0 625.0 625.0 626.0 626.0 626.0 626.0 626.0 626.0 626.0 626.0 626.0 627.0 627.0 627.0 627.0 627.0 628.0 628.0 628.0 628.0 628.0 628.0 628.0 629.0 629.0 629.0 629.0 629.0 629.0 629.0 629.0 629.0 629.0 629.0 629.0 629.0 629.0 629.0 629.0 629.0 629.0 629.0 629.0 628.0 628.0 627.0 627.0 627.0 627.0 626.0 626.0 625.0 625.0 624.0 623.0 622.0 621.0 620.0 620.0 619.0 617.0 616.0 615.0 614.0 613.0 612.0 610.0 609.0 608.0 607.0 606.0 604.0 603.0 602.0 602.0 601.0 600.0 600.0 599.0 599.0 598.0 598.0 598.0 598.0 597.0 597.0 597.0 597.0 597.0 597.0 5.0 49.0 55.0 61.0 67.0 73.0 79.0 85.0 91.0 97.0 103.0 109.0 115.0 121.0 127.0 133.0 139.0 145.0 151.0 157.0 163.0 169.0 175.0 181.0 187.0 193.0 199.0 205.0 211.0 217.0 223.0 229.0 235.0 241.0 247.0 253.0 259.0 265.0 271.0 277.0 283.0 289.0 295.0 301.0 307.0 313.0 319.0 325.0 331.0 337.0 343.0 349.0 354.0 360.0 366.0 372.0 378.0 384.0 390.0 396.0 402.0 408.0 413.0 419.0 425.0 431.0 436.0 442.0 448.0 453.0 459.0 465.0 470.0 476.0 482.0 487.0 493.0 498.0 504.0 509.0 515.0 520.0 526.0 532.0 537.0 543.0 549.0 555.0 560.0 566.0 572.0 578.0 584.0 590.0 596.0 602.0 608.0 614.0 620.0 626.0 735.0
617.0 623.0 624.0 624.0 624.0 625.0 625.0 625.0 626.0 626.0 626.0 626.0 626.0 626.0 626.0 627.0 627.0 627.0 627.0 627.0 627.0 627.0 628.0 628.0 628.0 628.0 629.0 629.0 629.0 629.0 629.0 630.0 630.0 630.0 630.0 630.0 630.0 630.0 631.0 631.0 631.0 631.0 631.0 631.0 631.0 631.0 631.0 631.0 631.0 631.0 631.0 631.0 631.0 630.0 630.0 630.0 630.0 630.0 629.0 629.0 628.0 628.0 627.0 627.0 626.0 625.0 625.0 624.0 623.0 622.0 621.0 620.0 619.0 618.0 617.0 615.0 614.0 613.0 612.0 611.0 610.0 609.0 608.0 607.0 606.0 606.0 605.0 605.0 604.0 604.0 603.0 603.0 603.0 603.0 602.0 603.0 603.0 602.0 602.0 603.0 5.0 50.0 56.0 62.0 67.0 73.0 79.0 85.0 91.0 97.0 103.0 109.0 115.0 121.0 127.0 133.0 139.0 145.0 151.0 157.0 163.0 169.0 175.0 181.0 187.0 193.0 199.0 205.0 211.0 217.0 223.0 229.0 235.0 241.0 247.0 253.0 259.0 265.0 271.0 277.0 283.0 289.0 295.0 301.0 307.0 313.0 319.0 325.0 331.0 337.0 343.0 349.0 355.0 361.0 367.0 373.0 379.0 385.0 391.0 397.0 403.0 409.0 414.0 420.0 426.0 432.0 437.0 443.0 449.0 454.0 460.0 466.0 472.0 477.0 483.0 488.0 494.0 500.0 505.0 511.0 517.0 522.0 528.0 534.0 539.0 545.0 551.0 557.0 562.0 568.0 574.0 580.0 586.0 592.0 598.0 604.0 610.0 616.0 622.0 628.0 736.0
617.0 624.0 624.0 624.0 625.0 625.0 626.0 626.0 626.0 626.0 626.0 627.0 627.0 627.0 627.0 627.0 627.0 628.0 628.0 628.0 628.0 628.0 629.0 629.0 629.0 630.0 630.0 630.0 631.0 631.0 631.0 631.0 632.0 632.0 632.0 632.0 632.0 632.0 633.0 633.0 633.0 633.0 634.0 634.0 634.0 634.0 634.0 634.0 634.0 634.0 634.0 634.0 634.0 634.0 634.0 633.0 633.0 633.0 633.0 632.0 632.0 632.0 631.0 631.0 630.0 629.0 629.0 628.0 627.0 626.0 625.0 624.0 623.0 622.0 621.0 620.0 619.0 618.0 617.0 616.0 615.0 614.0 613.0 613.0 612.0 612.0 611.0 610.0 610.0 609.0 609.0 609.0 609.0 609.0 609.0 609.0 609.0 609.0 609.0 610.0 5.0 50.0 56.0 62.0 68.0 74.0 80.0 86.0 92.0 98.0 104.0 110.0 116.0 122.0 128.0 134.0 140.0 146.0 152.0 158.0 164.0 170.0 176.0 182.0 188.0 193.0 199.0 205.0 211.0 217.0 223.0 229.0 235.0 241.0 247.0 253.0 259.0 265.0 271.0 277.0 283.0 289.0 295.0 301.0 307.0 313.0 319.0 325.0 331.0 337.0 343.0 349.0 355.0 361.0 367.0 373.0 379.0 385.0 391.0 397.0 403.0 409.0 415.0 421.0 426.0 432.0 438.0 444.0 449.0 455.0 461.0 466.0 472.0 478.0 484.0 489.0 495.0 500.0 506.0 512.0 517.0 523.0 529.0 535.0 541.0 546.0 552.0 558.0 564.0 569.0 575.0 581.0 587.0 593.0 599.0 605.0 611.0 617.0 623.0 629.0 737.0
617.0 624.0 624.0 625.0 625.0 626.0 626.0 626.0 627.0 627.0 627.0 627.0 628.0 628.0 628.0 628.0 628.0 629.0 629.0 629.0 630.0 630.0 631.0 631.0 631.0 631.0 632.0 632.0 632.0 633.0 633.0 633.0 634.0 634.0 634.0 635.0 635.0 635.0 635.0 635.0 636.0 636.0 636.0 636.0 637.0 637.0 637.0 637.0 637.0 637.0 637.0 638.0 637.0 637.0 637.0 637.0 637.0 637.0 637.0 636.0 636.0 636.0 636.0 635.0 634.0 634.0 634.0 633.0 632.0 631.0 630.0 630.0 629.0 628.0 627.0 626.0 625.0 624.0 623.0 622.0 622.0 620.0 620.0 619.0 619.0 618.0 617.0 617.0 617.0 616.0 616.0 616.0 616.0 616.0 616.0 616.0 616.0 616.0 617.0 617.0 5.0 50.0 56.0 62.0 67.0 73.0 79.0 85.0 91.0 97.0 103.0 109.0 115.0 121.0 127.0 133.0 139.0 145.0 151.0 157.0 163.0 169.0 175.0 181.0 187.0 193.0 199.0 205.0 210.0 216.0 222.0 228.0 234.0 240.0 246.0 252.0 258.0 264.0 270.0 276.0 282.0 288.0 294.0 300.0 306.0 312.0 318.0 324.0 330.0 336.0 342.0 348.0 354.0 360.0 366.0 372.0 378.0 384.0 390.0 396.0 402.0 408.0 414.0 420.0 426.0 432.0 437.0 443.0 449.0 455.0 461.0 466.0 472.0 478.0 484.0 489.0 495.0 501.0 506.0 512.0 518.0 524.0 529.0 535.0 541.0 547.0 553.0 558.0 564.0 570.0 576.0 582.0 588.0 594.0 600.0 606.0 612.0 618.0 624.0 630.0 738.0
617.0 624.0 625.0 626.0 626.0 626.0 627.0 627.0 627.0 628.0 628.0 628.0 628.0 629.0 629.0 630.0 630.0 630.0 630.0 630.0 631.0 631.0 632.0 632.0 632.0 633.0 633.0 634.0 634.0 635.0 635.0 635.0 635.0 636.0 637.0 637.0 637.0 637.0 638.0 638.0 639.0 639.0 639.0 639.0 640.0 640.0 640.0 640.0 641.0 641.0 641.0 641.0 641.0 641.0 641.0 641.0 641.0 641.0 641.0 641.0 641.0 640.0 640.0 640.0 639.0 639.0 638.0 638.0 637.0 636.0 636.0 635.0 634.0 634.0 633.0 632.0 631.0 630.0 629.0 628.0 628.0 627.0 626.0 626.0 625.0 625.0 624.0 624.0 624.0 623.0 623.0 623.0 623.0 623.0 623.0 623.0 624.0 624.0 625.0 625.0 5.0 50.0 56.0 62.0 68.0 74.0 80.0 86.0 92.0 98.0 104.0 110.0 115.0 121.0 127.0 133.0 139.0 145.0 151.0 157.0 163.0 169.0 175.0 181.0 187.0 193.0 199.0 205.0 210.0 216.0 222.0 228.0 234.0 240.0 246.0 252.0 258.0 264.0 270.0 276.0 282.0 288.0 293.0 299.0 305.0 311.0 317.0 323.0 329.0 335.0 341.0 347.0 353.0 359.0 365.0 371.0 377.0 383.0 389.0 396.0 402.0 408.0 414.0 419.0 425.0 431.0 437.0 443.0 449.0 454.0 460.0 466.0 472.0 478.0 483.0 489.0 495.0 500.0 506.0 512.0 518.0 524.0 529.0 535.0 541.0 547.0 553.0 559.0 565.0 571.0 577.0 583.0 588.0 594.0 600.0 606.0 612.0 618.0 624.0 630.0 739.0
617.0 625.0 625.0 626.0 626.0 627.0 627.0 628.0 628.0 628.0 629.0 629.0 629.0 630.0 630.0 631.0 631.0 631.0 631.0 632.0 632.0 633.0 633.0 634.0 634.0 635.0 635.0 635.0 636.0 636.0 637.0 637.0 637.0 638.0 639.0 639.0 640.0 640.0 640.0 641.0 641.0 641.0 642.0 642.0 643.0 643.0 643.0 644.0 644.0 644.0 644.0 645.0 645.0 645.0 645.0 645.0 645.0 645.0 645.0 645.0 645.0 645.0 645.0 645.0 644.0 644.0 643.0 643.0 642.0 641.0 641.0 641.0 639.0 639.0 638.0 637.0 637.0 636.0 635.0 635.0 634.0 633.0 633.0 632.0 632.0 632.0 631.0 631.0 630.0 630.0 630.0 630.0 630.0 631.0 631.0 631.0 632.0 632.0 632.0 633.0 5.0 50.0 56.0 62.0 67.0 73.0 79.0 85.0 91.0 97.0 103.0 109.0 115.0 121.0 127.0 133.0 139.0 145.0 151.0 157.0 163.0 169.0 175.0 181.0 187.0 192.0 198.0 204.0 210.0 216.0 222.0 228.0 234.0 240.0 246.0 252.0 258.0 263.0 269.0 275.0 281.0 287.0 293.0 299.0 305.0 311.0 317.0 323.0 329.0 335.0 341.0 346.0 352.0 359.0 365.0 371.0 377.0 383.0 389.0 395.0 401.0 407.0 413.0 419.0 425.0 431.0 437.0 443.0 448.0 454.0 460.0 466.0 472.0 478.0 484.0 489.0 495.0 501.0 507.0 513.0 519.0 524.0 530.0 536.0 542.0 548.0 554.0 560.0 566.0 572.0 578.0 584.0 589.0 595.0 601.0 607.0 613.0 619.0 625.0 631.0 740.0
617.0 625.0 625.0 626.0 627.0 627.0 628.0 628.0 629.0 629.0 630.0 630.0 630.0 631.0 631.0 632.0 632.0 632.0 632.0 633.0 633.0 634.0 635.0 635.0 635.0 636.0 637.0 637.0 638.0 638.0 639.0 639.0 639.0 640.0 641.0 641.0 642.0 642.0 643.0 643.0 643.0 644.0 644.0 645.0 646.0 646.0 646.0 646.0 647.0 647.0 647.0 648.0 648.0 648.0 648.0 649.0 649.0 649.0 649.0 649.0 649.0 649.0 649.0 649.0 648.0 648.0 648.0 647.0 647.0 646.0 646.0 645.0 644.0 644.0 643.0 642.0 642.0 641.0 641.0 640.0 639.0 639.0 638.0 638.0 638.0 637.0 637.0 637.0 637.0 636.0 637.0 637.0 637.0 637.0 637.0 638.0 638.0 639.0 639.0 640.0 5.0 49.0 55.0 61.0 67.0 73.0 79.0 85.0 91.0 97.0 103.0 109.0 115.0 121.0 127.0 133.0 139.0 145.0 151.0 157.0 163.0 169.0 175.0 180.0 186.0 192.0 198.0 204.0 210.0 216.0 222.0 228.0 234.0 240.0 245.0 251.0 257.0 263.0 269.0 275.0 281.0 287.0 293.0 299.0 305.0 311.0 317.0 323.0 329.0 335.0 341.0 346.0 352.0 359.0 365.0 371.0 377.0 383.0 389.0 395.0 401.0 407.0 413.0 419.0 425.0 431.0 437.0 443.0 449.0 454.0 460.0 466.0 472.0 478.0 484.0 490.0 496.0 501.0 507.0 513.0 519.0 525.0 531.0 537.0 543.0 549.0 555.0 561.0 567.0 573.0 579.0 585.0 591.0 597.0 603.0 608.0 614.0 620.0 626.0 632.0 741.0
617.0 625.0 626.0 626.0 627.0 627.0 628.0 629.0 629.0 630.0 630.0 631.0 631.0 631.0 631.0 632.0 633.0 633.0 634.0 634.0 634.0 635.0 636.0 636.0 637.0 637.0 638.0 639.0 639.0 640.0 640.0 641.0 641.0 642.0 642.0 643.0 644.0 644.0 645.0 645.0 645.0 646.0 647.0 647.0 648.0 648.0 649.0 649.0 649.0 650.0 650.0 651.0 651.0 651.0 651.0 651.0 652.0 652.0 652.0 652.0 652.0 652.0 652.0 652.0 652.0 652.0 651.0 651.0 650.0 650.0 650.0 649.0 649.0 648.0 647.0 647.0 646.0 646.0 645.0 645.0 644.0 643.0 643.0 643.0 642.0 642.0 642.0 642.0 642.0 642.0 642.0 642.0 642.0 643.0 643.0 643.0 644.0 644.0 645.0 646.0 5.0 49.0 55.0 61.0 67.0 73.0 79.0 85.0 91.0 97.0 103.0 109.0 115.0 121.0 127.0 133.0 139.0 145.0 151.0 156.0 162.0 168.0 174.0 180.0 186.0 192.0 198.0 204.0 210.0 216.0 221.0 227.0 233.0 239.0 245.0 251.0 257.0 263.0 269.0 275.0 281.0 287.0 293.0 298.0 304.0 310.0 316.0 322.0 328.0 334.0 340.0 346.0 352.0 358.0 364.0 370.0 376.0 382.0 388.0 394.0 400.0 406.0 412.0 418.0 425.0 431.0 437.0 443.0 448.0 454.0 460.0 466.0 472.0 478.0 484.0 490.0 496.0 502.0 508.0 514.0 520.0 525.0 531.0 537.0 543.0 549.0 555.0 561.0 567.0 573.0 579.0 585.0 591.0 597.0 603.0 609.0 615.0 621.0 627.0 632.0 742.0
617.0 625.0 626.0 627.0 627.0 628.0 628.0 629.0 629.0 630.0 630.0 631.0 631.0 632.0 632.0 633.0 633.0 634.0 634.0 635.0 635.0 636.0 636.0 637.0 638.0 638.0 639.0 640.0 640.0 641.0 641.0 642.0 642.0 643.0 644.0 644.0 645.0 645.0 646.0 647.0 647.0 648.0 648.0 649.0 649.0 650.0 650.0 651.0 651.0 652.0 652.0 653.0 653.0 653.0 653.0 654.0 654.0 654.0 654.0 654.0 655.0 654.0 654.0 655.0 655.0 654.0 654.0 654.0 653.0 653.0 652.0 652.0 652.0 651.0 651.0 650.0 649.0 649.0 648.0 648.0 648.0 647.0 647.0 646.0 646.0 646.0 646.0 646.0 646.0 646.0 646.0 646.0 646.0 647.0 647.0 647.0 648.0 648.0 649.0 650.0 5.0 49.0 55.0 61.0 67.0 73.0 79.0 85.0 91.0 97.0 103.0 109.0 114.0 120.0 126.0 132.0 138.0 144.0 150.0 156.0 162.0 168.0 174.0 180.0 186.0 191.0 197.0 203.0 209.0 215.0 221.0 227.0 233.0 239.0 244.0 250.0 256.0 262.0 268.0 274.0 280.0 286.0 292.0 298.0 304.0 310.0 316.0 322.0 328.0 334.0 339.0 345.0 351.0 357.0 363.0 369.0 376.0 382.0 388.0 394.0 400.0 406.0 412.0 418.0 424.0 430.0 436.0 442.0 448.0 454.0 460.0 466.0 472.0 478.0 484.0 490.0 496.0 501.0 507.0 513.0 519.0 525.0 531.0 537.0 543.0 549.0 555.0 561.0 567.0 573.0 579.0 585.0 591.0 597.0 603.0 609.0 615.0 621.0 627.0 633.0 743.0
617.0 625.0 626.0 627.0 628.0 628.0 629.0 629.0 630.0 630.0 631.0 631.0 631.0 632.0 633.0 633.0 634.0 634.0 635.0 635.0 636.0 637.0 637.0 638.0 638.0 639.0 639.0 640.0 641.0 641.0 642.0 643.0 643.0 644.0 644.0 645.0 646.0 646.0 647.0 647.0 648.0 649.0 649.0 650.0 650.0 651.0 651.0 652.0 653.0 653.0 653.0 654.0 654.0 654.0 654.0 655.0 655.0 656.0 656.0 656.0 656.0 656.0 656.0 656.0 656.0 656.0 655.0 655.0 655.0 654.0 654.0 654.0 653.0 653.0 652.0 652.0 651.0 651.0 650.0 650.0 650.0 649.0 648.0 648.0 648.0 648.0 648.0 648.0 648.0 648.0 648.0 648.0 649.0 649.0 650.0 650.0 651.0 651.0 652.0 652.0 5.0 49.0 55.0 61.0 67.0 73.0 79.0 85.0 91.0 97.0 103.0 109.0 114.0 120.0 126.0 132.0 138.0 144.0 150.0 156.0 162.0 168.0 174.0 180.0 186.0 192.0 198.0 203.0 209.0 215.0 221.0 227.0 233.0 239.0 245.0 251.0 257.0 263.0 269.0 274.0 280.0 286.0 292.0 298.0 304.0 310.0 316.0 322.0 328.0 334.0 340.0 346.0 352.0 358.0 364.0 370.0 376.0 382.0 388.0 394.0 400.0 406.0 412.0 418.0 424.0 430.0 436.0 442.0 448.0 454.0 460.0 466.0 472.0 478.0 484.0 490.0 496.0 502.0 508.0 514.0 520.0 526.0 532.0 538.0 544.0 550.0 556.0 562.0 568.0 574.0 580.0 586.0 592.0 598.0 604.0 610.0 616.0 622.0 628.0 633.0 744.0
617.0 626.0 626.0 627.0 628.0 628.0 629.0 630.0 630.0 631.0 631.0 631.0 632.0 632.0 633.0 633.0 634.0 634.0 635.0 635.0 636.0 637.0 637.0 638.0 639.0 639.0 640.0 641.0 641.0 642.0 642.0 643.0 643.0 644.0 645.0 645.0 646.0 646.0 647.0 648.0 648.0 649.0 649.0 650.0 651.0 651.0 652.0 652.0 653.0 653.0 653.0 654.0 654.0 655.0 655.0 655.0 656.0 656.0 656.0 656.0 656.0 656.0 656.0 657.0 656.0 656.0 656.0 656.0 656.0 655.0 655.0 654.0 654.0 653.0 653.0 652.0 652.0 651.0 651.0 650.0 650.0 649.0 649.0 649.0 649.0 649.0 648.0 648.0 649.0 649.0 649.0 649.0 649.0 649.0 650.0 650.0 651.0 651.0 652.0 653.0 5.0 49.0 55.0 61.0 67.0 73.0 79.0 85.0 91.0 97.0 103.0 109.0 115.0 120.0 126.0 132.0 138.0 144.0 150.0 156.0 162.0 168.0 174.0 180.0 186.0 192.0 197.0 203.0 209.0 215.0 221.0 227.0 233.0 239.0 245.0 251.0 257.0 263.0 268.0 274.0 280.0 286.0 292.0 298.0 304.0 310.0 316.0 322.0 328.0 334.0 340.0 346.0 352.0 358.0 364.0 370.0 376.0 382.0 388.0 394.0 400.0 406.0 412.0 418.0 424.0 430.0 436.0 442.0 448.0 454.0 460.0 466.0 472.0 478.0 484.0 490.0 496.0 502.0 508.0 514.0 520.0 526.0 532.0 538.0 544.0 550.0 556.0 562.0 568.0 574.0 580.0 586.0 592.0 598.0 604.0 610.0 616.0 622.0 628.0 633.0 745.0
617.0 625.0 626.0 627.0 627.0 628.0 629.0 629.0 630.0 630.0 631.0 631.0 632.0 632.0 633.0 633.0 634.0 634.0 635.0 635.0 636.0 637.0 637.0 638.0 638.0 639.0 639.0 640.0 641.0 641.0 642.0 643.0 643.0 644.0 644.0 645.0 646.0 646.0 647.0 647.0 648.0 649.0 649.0 650.0 650.0 651.0 651.0 652.0 652.0 652.0 653.0 653.0 654.0 654.0 654.0 655.0 655.0 655.0 656.0 655.0 656.0 656.0 656.0 656.0 656.0 655.0 655.0 655.0 655.0 654.0 654.0 654.0 653.0 652.0 652.0 651.0 651.0 650.0 650.0 649.0 649.0 648.0 648.0 648.0 648.0 648.0 647.0 647.0 647.0 647.0 648.0 648.0 648.0 648.0 649.0 649.0 650.0 650.0 651.0 651.0 5.0 49.0 55.0 61.0 67.0 73.0 79.0 85.0 91.0 97.0 103.0 109.0 114.0 120.0 126.0 132.0 138.0 144.0 150.0 156.0 162.0 168.0 174.0 180.0 186.0 191.0 197.0 203.0 209.0 215.0 221.0 227.0 233.0 239.0 245.0 251.0 257.0 262.0 268.0 274.0 280.0 286.0 292.0 298.0 304.0 310.0 316.0 322.0 328.0 334.0 340.0 345.0 351.0 358.0 364.0 370.0 376.0 382.0 388.0 394.0 400.0 406.0 412.0 418.0 424.0 430.0 436.0 442.0 448.0 454.0 460.0 466.0 472.0 478.0 484.0 490.0 496.0 502.0 508.0 514.0 520.0 525.0 531.0 537.0 543.0 549.0 555.0 561.0 567.0 573.0 579.0 585.0 591.0 597.0 603.0 609.0 615.0 621.0 627.0 633.0 746.0
617.0 625.0 626.0 627.0 627.0 628.0 628.0 629.0 630.0 630.0 631.0 631.0 631.0 632.0 632.0 633.0 633.0 634.0 634.0 635.0 635.0 636.0 636.0 637.0 638.0 638.0 639.0 640.0 640.0 641.0 641.0 642.0 643.0 643.0 644.0 644.0 645.0 645.0 646.0 646.0 647.0 647.0 648.0 649.0 649.0 650.0 650.0 651.0 651.0 651.0 652.0 652.0 652.0 653.0 653.0 653.0 654.0 654.0 654.0 654.0 654.0 654.0 654.0 654.0 654.0 653.0 653.0 653.0 653.0 652.0 652.0 652.0 651.0 650.0 650.0 649.0 649.0 648.0 648.0 647.0 647.0 646.0 646.0 645.0 645.0 645.0 645.0 645.0 645.0 645.0 645.0 645.0 645.0 645.0 646.0 646.0 647.0 647.0 648.0 648.0 5.0 49.0 55.0 61.0 67.0 73.0 79.0 85.0 91.0 96.0 102.0 108.0 114.0 120.0 126.0 132.0 138.0 144.0 150.0 156.0 162.0 168.0 174.0 180.0 186.0 191.0 197.0 203.0 209.0 215.0 221.0 227.0 233.0 239.0 245.0 251.0 256.0 262.0 268.0 274.0 280.0 286.0 292.0 298.0 304.0 310.0 316.0 322.0 328.0 334.0 340.0 346.0 352.0 358.0 364.0 370.0 376.0 382.0 388.0 394.0 400.0 406.0 412.0 418.0 424.0 430.0 436.0 442.0 448.0 454.0 460.0 466.0 472.0 478.0 484.0 490.0 495.0 501.0 507.0 513.0 519.0 525.0 531.0 537.0 543.0 549.0 555.0 561.0 567.0 573.0 579.0 585.0 591.0 597.0 603.0 609.0 615.0 621.0 627.0 633.0 747.0
617.0 625.0 626.0 626.0 627.0 628.0 628.0 629.0 629.0 630.0 630.0 631.0 631.0 631.0 632.0 632.0 633.0 633.0 633.0 634.0 635.0 635.0 636.0 636.0 637.0 637.0 638.0 639.0 639.0 640.0 640.0 641.0 642.0 642.0 643.0 643.0 644.0 644.0 645.0 645.0 646.0 646.0 647.0 647.0 647.0 648.0 648.0 649.0 649.0 650.0 650.0 650.0 650.0 651.0 651.0 651.0 651.0 651.0 652.0 651.0 652.0 652.0 652.0 651.0 651.0 651.0 650.0 650.0 650.0 649.0 649.0 648.0 648.0 647.0 647.0 646.0 645.0 645.0 644.0 643.0 643.0 642.0 642.0 641.0 641.0 641.0 641.0 641.0 641.0 641.0 641.0 641.0 641.0 641.0 642.0 642.0 643.0 643.0 643.0 644.0 5.0 50.0 56.0 62.0 67.0 73.0 79.0 85.0 91.0 97.0 103.0 109.0 115.0 121.0 127.0 133.0 139.0 145.0 151.0 157.0 163.0 168.0 174.0 180.0 186.0 192.0 198.0 204.0 210.0 216.0 221.0 227.0 233.0 239.0 245.0 251.0 257.0 263.0 269.0 275.0 281.0 287.0 293.0 299.0 305.0 311.0 317.0 323.0 329.0 335.0 341.0 347.0 353.0 359.0 365.0 371.0 377.0 383.0 389.0 395.0 401.0 407.0 413.0 419.0 425.0 431.0 437.0 443.0 449.0 455.0 461.0 467.0 473.0 479.0 485.0 491.0 497.0 502.0 508.0 514.0 520.0 526.0 532.0 538.0 544.0 550.0 556.0 562.0 568.0 574.0 580.0 586.0 592.0 598.0 604.0 610.0 616.0 622.0 628.0 633.0 748.0
617.0 625.0 626.0 626.0 627.0 627.0 628.0 628.0 629.0 629.0 629.0 630.0 630.0 631.0 631.0 632.0 632.0 632.0 633.0 633.0 634.0 634.0 635.0 635.0 636.0 636.0 637.0 637.0 638.0 638.0 639.0 639.0 640.0 640.0 641.0 641.0 642.0 642.0 643.0 643.0 644.0 644.0 645.0 645.0 645.0 646.0 646.0 647.0 647.0 647.0 647.0 647.0 648.0 648.0 648.0 648.0 648.0 648.0 648.0 648.0 648.0 648.0 648.0 648.0 648.0 647.0 647.0 647.0 646.0 645.0 645.0 644.0 644.0 643.0 642.0 642.0 641.0 640.0 640.0 639.0 638.0 638.0 637.0 637.0 637.0 636.0 636.0 635.0 635.0 635.0 635.0 635.0 635.0 636.0 636.0 636.0 637.0 637.0 637.0 638.0 5.0 49.0 55.0 61.0 67.0 73.0 79.0 85.0 90.0 96.0 102.0 108.0 114.0 120.0 126.0 132.0 138.0 144.0 150.0 156.0 162.0 168.0 174.0 180.0 186.0 192.0 198.0 204.0 210.0 216.0 221.0 227.0 233.0 239.0 245.0 251.0 257.0 263.0 269.0 275.0 281.0 287.0 293.0 299.0 305.0 311.0 317.0 323.0 329.0 335.0 341.0 347.0 353.0 359.0 365.0 371.0 377.0 383.0 389.0 396.0 402.0 408.0 414.0 420.0 426.0 432.0 437.0 443.0 449.0 455.0 461.0 467.0 473.0 479.0 485.0 491.0 497.0 502.0 508.0 514.0 520.0 526.0 532.0 538.0 544.0 549.0 555.0 561.0 567.0 573.0 579.0 585.0 592.0 598.0 603.0 609.0 615.0 621.0 628.0 633.0 749.0
617.0 625.0 626.0 626.0 627.0 627.0 627.0 628.0 628.0 629.0 629.0 629.0 630.0 630.0 630.0 631.0 631.0 631.0 632.0 632.0 632.0 633.0 633.0 634.0 634.0 635.0 635.0 636.0 636.0 637.0 637.0 637.0 638.0 638.0 639.0 639.0 640.0 640.0 640.0 641.0 641.0 642.0 642.0 643.0 643.0 643.0 643.0 644.0 644.0 644.0 644.0 644.0 644.0 645.0 645.0 645.0 645.0 645.0 645.0 645.0 645.0 644.0 644.0 644.0 643.0 643.0 643.0 642.0 641.0 641.0 641.0 640.0 639.0 638.0 637.0 637.0 636.0 635.0 634.0 633.0 633.0 632.0 632.0 631.0 631.0 630.0 630.0 630.0 629.0 629.0 629.0 629.0 629.0 629.0 629.0 630.0 630.0 630.0 630.0 631.0 5.0 50.0 55.0 61.0 67.0 73.0 79.0 85.0 91.0 97.0 103.0 109.0 115.0 121.0 127.0 133.0 139.0 145.0 151.0 157.0 163.0 168.0 174.0 180.0 186.0 192.0 198.0 204.0 210.0 216.0 222.0 228.0 234.0 240.0 246.0 251.0 257.0 263.0 269.0 275.0 281.0 287.0 293.0 299.0 305.0 311.0 317.0 323.0 329.0 335.0 341.0 347.0 353.0 359.0 365.0 371.0 377.0 383.0 390.0 396.0 402.0 408.0 414.0 420.0 426.0 431.0 437.0 443.0 449.0 455.0 461.0 467.0 473.0 478.0 484.0 490.0 496.0 502.0 507.0 513.0 519.0 525.0 531.0 537.0 543.0 548.0 554.0 560.0 566.0 572.0 578.0 584.0 590.0 596.0 602.0 608.0 614.0 620.0 626.0 632.0 750.0
617.0 624.0 625.0 625.0 626.0 626.0 627.0 627.0 628.0 628.0 628.0 629.0 629.0 629.0 629.0 629.0 630.0 630.0 631.0 631.0 631.0 632.0 632.0 632.0 633.0 633.0 634.0 634.0 634.0 635.0 635.0 635.0 636.0 636.0 637.0 637.0 638.0 638.0 638.0 639.0 639.0 639.0 639.0 640.0 640.0 640.0 640.0 640.0 641.0 641.0 641.0 641.0 641.0 641.0 641.0 641.0 641.0 641.0 641.0 641.0 641.0 640.0 640.0 639.0 639.0 639.0 638.0 637.0 637.0 636.0 635.0 634.0 634.0 633.0 632.0 631.0 630.0 629.0 629.0 628.0 627.0 626.0 626.0 625.0 624.0 624.0 624.0 623.0 623.0 623.0 623.0 622.0 622.0 622.0 622.0 622.0 623.0 623.0 623.0 624.0 5.0 50.0 56.0 62.0 68.0 74.0 80.0 86.0 92.0 97.0 103.0 109.0 115.0 121.0 127.0 133.0 139.0 145.0 151.0 157.0 163.0 169.0 175.0 181.0 187.0 193.0 199.0 205.0 211.0 217.0 222.0 228.0 234.0 240.0 246.0 252.0 258.0 264.0 270.0 276.0 282.0 288.0 294.0 300.0 306.0 312.0 318.0 324.0 330.0 336.0 342.0 348.0 354.0 360.0 366.0 372.0 378.0 385.0 391.0 397.0 403.0 409.0 414.0 420.0 426.0 432.0 438.0 444.0 450.0 456.0 461.0 467.0 473.0 478.0 484.0 490.0 496.0 502.0 508.0 513.0 519.0 525.0 531.0 536.0 543.0 548.0 554.0 560.0 566.0 572.0 578.0 584.0 590.0 596.0 602.0 608.0 614.0 620.0 626.0 632.0 751.0
617.0 624.0 625.0 625.0 625.0 626.0 626.0 627.0 627.0 627.0 627.0 628.0 628.0 628.0 628.0 628.0 629.0 629.0 629.0 630.0 630.0 630.0 630.0 631.0 632.0 632.0 632.0 632.0 633.0 633.0 633.0 634.0 634.0 634.0 634.0 635.0 635.0 635.0 636.0 636.0 636.0 636.0 637.0 637.0 637.0 637.0 637.0 637.0 637.0 637.0 638.0 638.0 637.0 638.0 638.0 637.0 637.0 637.0 637.0 636.0 636.0 636.0 635.0 635.0 634.0 634.0 633.0 632.0 632.0 631.0 630.0 629.0 628.0 627.0 626.0 626.0 625.0 624.0 623.0 622.0 621.0 620.0 619.0 619.0 618.0 618.0 617.0 617.0 616.0 616.0 616.0 616.0 616.0 615.0 615.0 615.0 616.0 616.0 616.0 616.0 5.0 49.0 55.0 61.0 67.0 73.0 79.0 85.0 91.0 97.0 103.0 109.0 115.0 121.0 127.0 133.0 139.0 145.0 151.0 157.0 163.0 169.0 175.0 181.0 187.0 192.0 198.0 204.0 210.0 216.0 222.0 228.0 234.0 240.0 246.0 252.0 258.0 264.0 270.0 276.0 282.0 288.0 295.0 301.0 307.0 313.0 319.0 325.0 331.0 337.0 343.0 349.0 355.0 361.0 367.0 373.0 379.0 385.0 391.0 397.0 403.0 409.0 415.0 421.0 426.0 432.0 438.0 444.0 450.0 455.0 461.0 467.0 473.0 478.0 484.0 490.0 496.0 501.0 507.0 513.0 518.0 524.0 530.0 536.0 542.0 548.0 554.0 560.0 565.0 571.0 577.0 583.0 589.0 595.0 601.0 607.0 613.0 619.0 625.0 631.0 752.0
617.0 624.0 625.0 625.0 625.0 626.0 626.0 626.0 626.0 627.0 627.0 627.0 627.0 627.0 628.0 628.0 628.0 628.0 628.0 629.0 629.0 629.0 629.0 630.0 630.0 630.0 631.0 631.0 631.0 631.0 631.0 632.0 632.0 632.0 633.0 633.0 633.0 633.0 633.0 634.0 634.0 634.0 634.0 634.0 634.0 634.0 634.0 635.0 635.0 634.0 634.0 634.0 634.0 634.0 634.0 634.0 634.0 633.0 633.0 633.0 633.0 632.0 631.0 631.0 630.0 630.0 629.0 628.0 627.0 626.0 626.0 624.0 623.0 622.0 622.0 620.0 619.0 618.0 617.0 616.0 615.0 614.0 613.0 613.0 612.0 611.0 611.0 610.0 610.0 609.0 609.0 609.0 609.0 609.0 609.0 609.0 609.0 609.0 609.0 609.0 5.0 50.0 56.0 62.0 67.0 73.0 79.0 85.0 91.0 97.0 103.0 109.0 115.0 121.0 127.0 133.0 140.0 146.0 152.0 158.0 164.0 169.0 175.0 181.0 187.0 193.0 199.0 205.0 211.0 217.0 223.0 229.0 235.0 241.0 247.0 253.0 259.0 265.0 271.0 277.0 283.0 289.0 295.0 301.0 307.0 313.0 319.0 325.0 331.0 337.0 343.0 349.0 355.0 361.0 367.0 373.0 379.0 385.0 391.0 397.0 403.0 409.0 414.0 420.0 426.0 432.0 438.0 444.0 449.0 455.0 460.0 466.0 472.0 478.0 483.0 489.0 495.0 500.0 506.0 512.0 517.0 523.0 529.0 534.0 540.0 546.0 552.0 558.0 564.0 570.0 575.0 581.0 587.0 593.0 599.0 605.0 611.0 617.0 623.0 629.0 753.0
617.0 623.0 624.0 624.0 625.0 625.0 625.0 626.0 626.0 626.0 626.0 626.0 626.0 627.0 627.0 627.0 627.0 627.0 627.0 627.0 628.0 628.0 628.0 629.0 629.0 629.0 629.0 629.0 630.0 630.0 630.0 630.0 631.0 631.0 631.0 631.0 631.0 631.0 631.0 632.0 632.0 632.0 632.0 632.0 632.0 632.0 632.0 632.0 632.0 632.0 632.0 632.0 632.0 632.0 631.0 631.0 631.0 630.0 630.0 630.0 629.0 629.0 628.0 628.0 627.0 626.0 625.0 624.0 624.0 623.0 622.0 620.0 619.0 618.0 617.0 616.0 615.0 614.0 613.0 612.0 611.0 610.0 608.0 608.0 607.0 607.0 606.0 605.0 605.0 604.0 604.0 604.0 604.0 603.0 603.0 603.0 603.0 604.0 604.0 604.0 5.0 50.0 56.0 62.0 68.0 74.0 80.0 86.0 92.0 98.0 104.0 110.0 116.0 122.0 128.0 134.0 140.0 146.0 152.0 158.0 164.0 170.0 176.0 182.0 188.0 194.0 200.0 205.0 211.0 217.0 223.0 229.0 235.0 241.0 247.0 253.0 259.0 265.0 271.0 277.0 283.0 289.0 295.0 301.0 307.0 313.0 319.0 325.0 331.0 337.0 343.0 349.0 355.0 361.0 367.0 373.0 379.0 385.0 391.0 397.0 403.0 408.0 414.0 420.0 426.0 432.0 438.0 443.0 449.0 454.0 460.0 466.0 471.0 477.0 482.0 488.0 494.0 499.0 505.0 511.0 516.0 522.0 528.0 533.0 539.0 545.0 550.0 556.0 562.0 568.0 574.0 580.0 586.0 592.0 598.0 604.0 609.0 615.0 621.0 627.0 754.0
617.0 623.0 624.0 624.0 625.0 625.0 625.0 625.0 625.0 625.0 625.0 626.0 626.0 626.0 626.0 626.0 627.0 627.0 627.0 627.0 627.0 627.0 628.0 628.0 628.0 628.0 628.0 628.0 628.0 629.0 629.0 629.0 629.0 630.0 630.0 630.0 630.0 630.0 630.0 630.0 630.0 630.0 630.0 630.0 630.0 630.0 630.0 630.0 630.0 630.0 630.0 630.0 630.0 629.0 629.0 629.0 628.0 628.0 628.0 627.0 627.0 626.0 625.0 625.0 624.0 623.0 623.0 622.0 621.0 620.0 619.0 618.0 617.0 615.0 614.0 613.0 612.0 611.0 609.0 608.0 607.0 606.0 605.0 604.0 604.0 603.0 602.0 601.0 601.0 601.0 600.0 600.0 600.0 599.0 599.0 599.0 599.0 599.0 599.0 599.0 5.0 50.0 55.0 61.0 67.0 73.0 79.0 85.0 91.0 97.0 103.0 109.0 115.0 121.0 127.0 133.0 139.0 145.0 151.0 157.0 163.0 169.0 175.0 181.0 187.0 193.0 199.0 205.0 211.0 217.0 223.0 229.0 235.0 241.0 247.0 253.0 259.0 265.0 271.0 277.0 283.0 289.0 295.0 301.0 307.0 313.0 319.0 325.0 331.0 337.0 343.0 349.0 355.0 361.0 367.0 373.0 379.0 385.0 390.0 396.0 402.0 408.0 414.0 419.0 425.0 431.0 437.0 442.0 448.0 454.0 459.0 465.0 471.0 476.0 482.0 487.0 493.0 499.0 504.0 510.0 515.0 521.0 527.0 532.0 538.0 544.0 549.0 555.0 561.0 567.0 573.0 579.0 585.0 591.0 597.0 603.0 608.0 614.0 620.0 626.0 755.0
617.0 623.0 624.0 624.0 624.0 625.0 625.0 625.0 625.0 625.0 625.0 626.0 626.0 626.0 626.0 626.0 626.0 626.0 626.0 626.0 627.0 627.0 627.0 627.0 627.0 627.0 628.0 628.0 628.0 628.0 628.0 628.0 628.0 629.0 629.0 629.0 629.0 629.0 629.0 629.0 629.0 629.0 629.0 629.0 629.0 629.0 629.0 629.0 629.0 629.0 628.0 628.0 628.0 628.0 627.0 627.0 627.0 627.0 626.0 625.0 625.0 624.0 624.0 623.0 622.0 622.0 621.0 620.0 619.0 618.0 617.0 616.0 614.0 613.0 612.0 611.0 609.0 608.0 607.0 606.0 605.0 604.0 602.0 601.0 601.0 600.0 599.0 599.0 598.0 598.0 597.0 597.0 597.0 597.0 596.0 596.0 596.0 596.0 596.0 597.0 5.0 50.0 56.0 62.0 68.0 74.0 80.0 86.0 92.0 98.0 103.0 109.0 115.0 122.0 128.0 134.0 140.0 146.0 152.0 158.0 164.0 170.0 176.0 182.0 187.0 193.0 199.0 205.0 211.0 217.0 223.0 229.0 235.0 241.0 247.0 253.0 259.0 265.0 271.0 277.0 283.0 289.0 296.0 302.0 308.0 314.0 320.0 326.0 332.0 338.0 344.0 349.0 355.0 361.0 367.0 373.0 379.0 385.0 391.0 396.0 402.0 408.0 414.0 420.0 426.0 431.0 437.0 443.0 448.0 454.0 460.0 465.0 471.0 476.0 482.0 487.0 493.0 498.0 504.0 510.0 515.0 521.0 526.0 532.0 538.0 544.0 549.0 555.0 561.0 567.0 572.0 578.0 584.0 590.0 596.0 602.0 608.0 614.0 620.0 626.0 756.0
617.0 623.0 623.0 624.0 624.0 624.0 625.0 625.0 625.0 625.0 625.0 625.0 626.0 626.0 626.0 626.0 626.0 626.0 626.0 626.0 627.0 627.0 627.0 627.0 627.0 627.0 627.0 627.0 628.0 628.0 628.0 628.0 628.0 629.0 629.0 629.0 629.0 629.0 629.0 629.0 629.0 629.0 629.0 629.0 629.0 629.0 629.0 629.0 629.0 628.0 628.0 628.0 628.0 627.0 627.0 627.0 627.0 626.0 626.0 625.0 625.0 624.0 623.0 623.0 622.0 621.0 620.0 619.0 618.0 617.0 617.0 615.0 614.0 613.0 612.0 610.0 609.0 608.0 606.0 605.0 604.0 603.0 602.0 601.0 600.0 599.0 599.0 598.0 598.0 597.0 597.0 597.0 596.0 596.0 596.0 596.0 596.0 596.0 596.0 596.0 5.0 49.0 55.0 61.0 67.0 73.0 79.0 85.0 91.0 97.0 103.0 109.0 115.0 121.0 127.0 133.0 139.0 145.0 151.0 157.0 163.0 169.0 175.0 181.0 187.0 193.0 199.0 205.0 211.0 217.0 223.0 229.0 235.0 241.0 247.0 253.0 259.0 265.0 271.0 277.0 283.0 289.0 295.0 301.0 307.0 313.0 319.0 325.0 331.0 337.0 343.0 349.0 354.0 360.0 366.0 372.0 378.0 384.0 390.0 396.0 402.0 408.0 414.0 419.0 425.0 431.0 436.0 442.0 448.0 453.0 459.0 464.0 470.0 475.0 481.0 487.0 492.0 498.0 503.0 509.0 515.0 520.0 526.0 531.0 537.0 543.0 548.0 554.0 560.0 566.0 571.0 577.0 583.0 589.0 595.0 601.0 607.0 613.0 619.0 625.0 757.0
617.0 623.0 624.0 624.0 624.0 625.0 625.0 625.0 625.0 625.0 625.0 626.0 626.0 626.0 626.0 626.0 626.0 626.0 626.0 626.0 627.0 627.0 627.0 627.0 628.0 628.0 628.0 628.0 628.0 628.0 628.0 628.0 628.0 629.0 629.0 629.0 629.0 629.0 629.0 629.0 629.0 629.0 629.0 629.0 629.0 629.0 629.0 629.0 629.0 629.0 629.0 629.0 628.0 628.0 628.0 627.0 627.0 627.0 626.0 626.0 625.0 625.0 624.0 624.0 623.0 622.0 621.0 620.0 619.0 619.0 618.0 616.0 615.0 614.0 613.0 611.0 610.0 609.0 608.0 607.0 606.0 605.0 603.0 602.0 602.0 601.0 601.0 600.0 599.0 599.0 598.0 598.0 598.0 597.0 597.0 597.0 597.0 597.0 597.0 597.0 5.0 49.0 55.0 61.0 67.0 73.0 79.0 85.0 91.0 97.0 102.0 108.0 115.0 121.0 127.0 133.0 139.0 145.0 151.0 157.0 163.0 169.0 175.0 181.0 186.0 192.0 198.0 204.0 210.0 216.0 222.0 228.0 234.0 240.0 246.0 252.0 258.0 264.0 270.0 276.0 282.0 288.0 294.0 300.0 306.0 312.0 318.0 324.0 330.0 336.0 342.0 348.0 354.0 360.0 366.0 372.0 378.0 384.0 390.0 395.0 401.0 407.0 413.0 418.0 424.0 430.0 436.0 442.0 447.0 453.0 458.0 464.0 469.0 475.0 481.0 486.0 492.0 497.0 503.0 509.0 514.0 520.0 525.0 531.0 537.0 542.0 548.0 554.0 560.0 566.0 571.0 577.0 583.0 589.0 595.0 601.0 607.0 613.0 619.0 625.0 758.0
617.0 623.0 624.0 624.0 624.0 625.0 625.0 625.0 625.0 625.0 626.0 626.0 626.0 626.0 626.0 626.0 626.0 626.0 627.0 627.0 627.0 627.0 627.0 628.0 628.0 628.0 628.0 628.0 628.0 629.0 629.0 629.0 629.0 629.0 629.0 630.0 630.0 630.0 630.0 630.0 630.0 630.0 630.0 630.0 630.0 630.0 630.0 630.0 630.0 630.0 630.0 630.0 630.0 629.0 629.0 629.0 629.0 628.0 628.0 627.0 627.0 626.0 626.0 625.0 624.0 623.0 623.0 622.0 621.0 620.0 619.0 618.0 617.0 616.0 615.0 613.0 612.0 611.0 610.0 609.0 608.0 607.0 606.0 605.0 604.0 604.0 603.0 602.0 602.0 601.0 601.0 601.0 601.0 600.0 600.0 600.0 600.0 600.0 600.0 600.0 5.0 50.0 56.0 62.0 68.0 73.0 79.0 85.0 91.0 97.0 103.0 109.0 115.0 121.0 127.0 133.0 139.0 145.0 151.0 157.0 163.0 169.0 175.0 181.0 187.0 193.0 199.0 205.0 211.0 217.0 223.0 229.0 235.0 241.0 247.0 253.0 259.0 265.0 271.0 277.0 283.0 289.0 295.0 301.0 307.0 313.0 319.0 325.0 331.0 337.0 343.0 349.0 355.0 361.0 367.0 373.0 379.0 385.0 391.0 396.0 402.0 408.0 414.0 420.0 425.0 431.0 437.0 443.0 448.0 454.0 460.0 465.0 471.0 476.0 482.0 488.0 493.0 499.0 505.0 510.0 516.0 521.0 527.0 533.0 539.0 544.0 550.0 556.0 562.0 567.0 573.0 579.0 585.0 591.0 597.0 603.0 609.0 615.0 621.0 626.0 759.0
617.0 623.0 624.0 624.0 625.0 625.0 625.0 625.0 626.0 626.0 626.0 626.0 626.0 627.0 627.0 627.0 627.0 627.0 628.0 628.0 628.0 628.0 628.0 628.0 629.0 629.0 629.0 629.0 629.0 630.0 630.0 630.0 630.0 630.0 630.0 631.0 631.0 631.0 631.0 632.0 632.0 632.0 632.0 632.0 632.0 632.0 632.0 632.0 632.0 632.0 632.0 632.0 632.0 631.0 631.0 631.0 631.0 630.0 630.0 630.0 629.0 629.0 628.0 628.0 627.0 626.0 626.0 625.0 624.0 623.0 622.0 621.0 620.0 619.0 618.0 617.0 615.0 614.0 613.0 612.0 612.0 610.0 610.0 609.0 608.0 607.0 607.0 606.0 606.0 606.0 605.0 605.0 605.0 604.0 604.0 604.0 604.0 604.0 604.0 605.0 5.0 50.0 56.0 62.0 67.0 73.0 79.0 85.0 91.0 97.0 103.0 109.0 115.0 121.0 127.0 133.0 139.0 145.0 151.0 157.0 163.0 169.0 175.0 181.0 187.0 193.0 199.0 205.0 211.0 217.0 223.0 229.0 235.0 241.0 247.0 253.0 259.0 265.0 271.0 276.0 282.0 289.0 295.0 301.0 307.0 313.0 318.0 324.0 330.0 336.0 343.0 349.0 355.0 361.0 367.0 373.0 379.0 385.0 390.0 396.0 402.0 408.0 414.0 419.0 425.0 431.0 437.0 443.0 448.0 454.0 460.0 465.0 471.0 477.0 482.0 488.0 494.0 499.0 505.0 510.0 516.0 521.0 527.0 533.0 539.0 545.0 550.0 556.0 562.0 568.0 574.0 580.0 586.0 592.0 598.0 604.0 609.0 615.0 621.0 627.0 760.0
617.0 624.0 624.0 624.0 625.0 625.0 625.0 626.0 626.0 626.0 627.0 627.0 627.0 627.0 627.0 627.0 628.0 628.0 628.0 629.0 629.0 629.0 629.0 629.0 630.0 630.0 630.0 630.0 631.0 631.0 631.0 632.0 632.0 632.0 632.0 633.0 633.0 633.0 633.0 633.0 633.0 634.0 634.0 634.0 634.0 634.0 634.0 634.0 634.0 634.0 634.0 634.0 634.0 634.0 634.0 634.0 634.0 633.0 633.0 633.0 632.0 632.0 631.0 631.0 630.0 630.0 629.0 628.0 627.0 627.0 626.0 625.0 624.0 623.0 622.0 621.0 620.0 618.0 617.0 616.0 616.0 615.0 614.0 613.0 612.0 612.0 611.0 611.0 611.0 610.0 610.0 610.0 610.0 610.0 610.0 610.0 610.0 610.0 610.0 610.0 5.0 49.0 55.0 61.0 67.0 73.0 79.0 85.0 91.0 97.0 103.0 109.0 115.0 121.0 127.0 133.0 139.0 145.0 151.0 157.0 163.0 169.0 175.0 181.0 187.0 193.0 199.0 205.0 211.0 216.0 222.0 228.0 234.0 240.0 247.0 253.0 259.0 265.0 270.0 276.0 282.0 288.0 294.0 300.0 306.0 312.0 318.0 324.0 330.0 336.0 342.0 348.0 354.0 360.0 366.0 372.0 378.0 384.0 390.0 396.0 402.0 408.0 414.0 420.0 425.0 431.0 437.0 443.0 448.0 454.0 460.0 465.0 471.0 477.0 482.0 488.0 494.0 499.0 505.0 511.0 517.0 522.0 528.0 534.0 540.0 545.0 551.0 557.0 563.0 569.0 574.0 580.0 586.0 592.0 598.0 604.0 610.0 616.0 622.0 628.0 761.0
617.0 624.0 624.0 625.0 625.0 626.0 626.0 627.0 627.0 627.0 627.0 627.0 627.0 628.0 628.0 628.0 629.0 629.0 629.0 630.0 630.0 630.0 630.0 631.0 631.0 631.0 632.0 632.0 632.0 632.0 633.0 633.0 633.0 634.0 634.0 634.0 635.0 635.0 635.0 635.0 636.0 636.0 636.0 636.0 636.0 637.0 637.0 637.0 637.0 637.0 637.0 637.0 637.0 637.0 637.0 637.0 637.0 637.0 637.0 636.0 636.0 636.0 635.0 635.0 634.0 634.0 633.0 632.0 631.0 631.0 630.0 629.0 628.0 627.0 626.0 625.0 624.0 623.0 622.0 622.0 621.0 620.0 619.0 618.0 618.0 618.0 617.0 617.0 616.0 616.0 616.0 616.0 616.0 616.0 616.0 616.0 616.0 616.0 617.0 617.0 5.0 50.0 56.0 62.0 67.0 73.0 79.0 85.0 91.0 97.0 103.0 109.0 115.0 121.0 127.0 133.0 139.0 145.0 151.0 157.0 163.0 169.0 175.0 181.0 187.0 193.0 199.0 205.0 211.0 217.0 223.0 229.0 235.0 241.0 247.0 253.0 259.0 265.0 270.0 276.0 282.0 288.0 294.0 300.0 306.0 312.0 318.0 324.0 330.0 336.0 342.0 348.0 354.0 360.0 367.0 373.0 379.0 385.0 391.0 397.0 403.0 409.0 415.0 420.0 426.0 432.0 438.0 443.0 449.0 455.0 461.0 466.0 472.0 478.0 484.0 489.0 495.0 501.0 507.0 512.0 518.0 524.0 529.0 535.0 541.0 547.0 553.0 559.0 565.0 570.0 576.0 582.0 588.0 594.0 600.0 606.0 612.0 618.0 624.0 630.0 762.0
617.0 624.0 625.0 625.0 626.0 626.0 627.0 627.0 627.0 628.0 628.0 628.0 628.0 629.0 629.0 629.0 629.0 630.0 630.0 631.0 631.0 631.0 631.0 632.0 632.0 633.0 633.0 633.0 634.0 634.0 635.0 635.0 635.0 636.0 636.0 636.0 636.0 637.0 637.0 638.0 638.0 638.0 639.0 639.0 639.0 640.0 640.0 640.0 640.0 640.0 640.0 640.0 641.0 641.0 641.0 641.0 641.0 640.0 640.0 640.0 640.0 640.0 639.0 639.0 638.0 638.0 637.0 637.0 636.0 636.0 635.0 634.0 633.0 632.0 632.0 631.0 630.0 629.0 628.0 627.0 627.0 626.0 625.0 624.0 624.0 624.0 623.0 623.0 623.0 623.0 622.0 622.0 622.0 622.0 622.0 623.0 623.0 623.0 623.0 624.0 5.0 49.0 55.0 61.0 67.0 73.0 79.0 85.0 91.0 97.0 103.0 109.0 115.0 121.0 127.0 133.0 139.0 145.0 151.0 157.0 163.0 169.0 175.0 181.0 187.0 192.0 198.0 204.0 210.0 216.0 222.0 228.0 234.0 240.0 246.0 252.0 258.0 264.0 270.0 276.0 282.0 288.0 294.0 300.0 306.0 312.0 318.0 323.0 329.0 335.0 341.0 347.0 353.0 359.0 366.0 372.0 378.0 384.0 390.0 396.0 402.0 408.0 414.0 420.0 426.0 431.0 437.0 443.0 449.0 455.0 461.0 466.0 472.0 478.0 483.0 489.0 495.0 501.0 506.0 512.0 518.0 524.0 530.0 535.0 541.0 547.0 553.0 559.0 565.0 571.0 577.0 583.0 589.0 594.0 600.0 606.0 612.0 618.0 624.0 630.0 763.0
