186.0 187.0 188.0 189.0 190.0 191.0 192.0 192.6 193.3 194.3 195.3 196.3 197.3 198.0 198.3 199.0 199.0 199.1 199.9 200.1 201.0 202.0 203.0 204.0 205.0 205.9 206.1 206.7 206.9 206.6 206.8 207.0 207.0 207.6 207.8 208.0 208.0 208.3 208.5 208.0 208.3 209.0 209.0 209.3 210.0 210.0 209.5 209.0 209.1 209.4 209.6 209.6 209.9 209.9 209.5 209.4 209.4 209.4 209.0 209.2 209.6 209.6 210.0 210.0 210.5 210.7 211.0 211.0 211.0 210.9 210.7 210.2 210.0 210.0 210.1 210.1 210.1 210.1 210.1 210.1 210.1 210.2 210.3 210.3 210.4 210.4 210.4 210.5 211.0 210.9 210.9 210.9 210.9 210.9 210.9 210.9 210.9 210.9 210.9 210.8 210.8 210.8 210.7 210.7 210.7 210.7 210.7 210.7 210.7 210.6 210.6 210.6 210.6 210.6 210.6 210.6 210.6 210.6 210.2 210.2 210.3 210.3 210.3 210.2 210.2 210.2 210.2 210.2 210.3 210.4 210.3 210.3 210.3 210.4 210.4 210.4 210.4 210.4 210.3 210.2 210.1 210.1 210.2 210.7 210.7 211.0 211.0 211.2 211.1 211.5 15.0 17.0 17.0 16.3 16.3 16.9 16.7 16.7 17.3 17.3 17.3 17.0 17.0 17.0 18.0 19.3 20.0 21.0 21.6 22.3 23.2 23.6 23.5 23.3 23.8 24.3 25.0 25.9 27.0 28.0 29.0 30.0 30.9 31.4 32.6 33.4 34.3 35.3 36.3 37.3 38.3 39.3 40.3 41.3 42.3 43.3 44.3 45.3 46.3 47.3 48.3 49.3 50.3 51.3 52.6 53.6 54.6 55.6 56.9 57.9 58.9 59.9 60.7 61.5 62.4 63.6 64.6 65.6 66.6 67.9 68.9 69.9 70.9 71.9 72.9 73.9 74.9 76.0 77.0 78.1 79.2 80.2 81.2 82.2 83.2 84.2 85.3 86.3 87.3 88.6 89.6 90.6 91.6 92.6 93.6 94.6 95.9 96.9 97.9 98.9 99.9 100.9 101.9 102.9 103.9 104.9 105.9 107.0 108.1 109.2 110.2 111.2 112.2 113.2 114.4 115.4 116.4 117.4 118.6 119.6 120.6 121.6 122.6 123.9 124.9 125.9 126.9 127.9 128.9 129.9 130.9 131.9 132.9 133.9 134.9 135.9 136.9 138.0 139.2 140.4 141.4 142.4 143.4 144.4 145.3 146.3 147.3 148.3 149.2 150.0 0.0 1782153044.376328
186.0 187.0 188.0 189.0 190.0 191.0 192.0 192.6 193.4 194.4 195.4 196.4 197.4 198.0 198.4 199.0 199.0 199.1 199.9 200.2 201.1 202.0 203.1 204.1 205.1 205.9 206.2 206.7 206.8 206.6 206.8 207.0 207.0 207.5 207.8 208.0 208.0 208.3 208.5 208.0 208.4 209.0 209.0 209.3 210.0 210.0 209.5 209.1 209.1 209.4 209.6 209.6 209.8 209.9 209.6 209.4 209.4 209.4 209.0 209.1 209.6 209.6 210.0 210.0 210.5 210.6 211.0 211.0 211.0 210.8 210.6 210.2 210.0 210.0 210.1 210.1 210.1 210.1 210.1 210.1 210.1 210.2 210.3 210.4 210.4 210.4 210.5 210.5 211.0 210.9 210.8 210.8 210.9 210.9 210.9 210.9 210.9 210.9 210.8 210.8 210.8 210.7 210.7 210.7 210.7 210.7 210.7 210.6 210.6 210.6 210.6 210.5 210.5 210.6 210.6 210.6 210.6 210.6 210.2 210.3 210.3 210.3 210.3 210.3 210.3 210.2 210.2 210.2 210.4 210.4 210.4 210.4 210.3 210.4 210.4 210.4 210.4 210.4 210.3 210.3 210.2 210.2 210.3 210.6 210.6 210.9 210.9 211.1 211.0 211.4 15.0 17.0 17.0 16.4 16.4 16.8 16.6 16.6 17.2 17.2 17.2 17.0 17.0 17.0 18.0 19.2 20.0 21.0 21.6 22.4 23.2 23.5 23.5 23.3 23.8 24.3 25.0 25.9 27.0 28.0 29.0 30.0 30.9 31.4 32.6 33.4 34.4 35.4 36.4 37.4 38.4 39.4 40.4 41.4 42.4 43.4 44.4 45.4 46.4 47.4 48.4 49.4 50.4 51.4 52.6 53.6 54.6 55.6 56.9 57.9 58.9 59.9 60.7 61.6 62.5 63.6 64.6 65.6 66.6 67.9 68.9 69.9 70.9 71.9 72.9 73.9 74.9 76.0 77.0 78.1 79.2 80.2 81.2 82.2 83.2 84.2 85.4 86.4 87.4 88.6 89.6 90.6 91.6 92.6 93.6 94.6 95.9 96.9 97.9 98.9 99.9 100.9 101.9 102.9 103.9 104.9 105.9 107.0 108.1 109.2 110.2 111.2 112.2 113.2 114.4 115.4 116.4 117.4 118.6 119.6 120.6 121.6 122.6 123.9 124.9 125.9 126.9 127.9 128.9 129.9 130.9 131.9 132.9 133.9 134.9 135.9 136.9 138.0 139.2 140.4 141.4 142.4 143.4 144.4 145.3 146.3 147.3 148.2 149.2 150.0 1.0 1782153044.391534
186.0 187.0 188.0 189.0 190.0 191.0 192.0 192.7 193.4 194.4 195.4 196.4 197.4 198.0 198.4 199.0 199.0 199.1 199.9 200.2 201.1 202.0 203.1 204.1 205.1 205.9 206.2 206.7 206.8 206.6 206.8 207.0 207.0 207.5 207.8 208.0 208.0 208.3 208.5 208.0 208.4 209.0 209.0 209.3 210.0 210.0 209.5 209.1 209.1 209.3 209.6 209.6 209.9 209.9 209.6 209.4 209.4 209.4 209.0 209.1 209.6 209.6 210.0 210.0 210.5 210.6 211.0 211.0 211.0 210.9 210.6 210.1 210.0 210.0 210.1 210.1 210.1 210.1 210.1 210.1 210.1 210.2 210.3 210.4 210.4 210.4 210.4 210.5 211.0 210.9 210.9 210.9 210.9 210.9 210.9 210.9 210.9 210.9 210.8 210.8 210.8 210.7 210.7 210.7 210.7 210.7 210.7 210.7 210.6 210.6 210.6 210.6 210.6 210.6 210.6 210.6 210.6 210.6 210.2 210.2 210.3 210.3 210.3 210.3 210.2 210.2 210.2 210.2 210.3 210.4 210.3 210.3 210.3 210.4 210.4 210.4 210.4 210.4 210.3 210.3 210.2 210.2 210.3 210.6 210.7 210.9 210.9 211.1 211.0 211.3 15.0 17.0 17.0 16.4 16.4 16.8 16.6 16.6 17.1 17.2 17.2 17.0 17.0 17.0 18.0 19.3 20.0 21.0 21.6 22.4 23.2 23.5 23.5 23.3 23.8 24.3 25.0 25.9 27.0 28.0 29.0 30.0 30.9 31.4 32.6 33.4 34.4 35.4 36.4 37.4 38.4 39.4 40.4 41.4 42.4 43.4 44.4 45.4 46.4 47.4 48.4 49.4 50.4 51.4 52.6 53.6 54.6 55.6 56.9 57.9 58.9 59.9 60.7 61.6 62.5 63.6 64.6 65.6 66.6 67.9 68.9 69.9 70.9 71.9 72.9 73.9 74.9 76.0 77.0 78.1 79.2 80.2 81.2 82.2 83.2 84.2 85.4 86.4 87.4 88.6 89.6 90.6 91.6 92.6 93.6 94.6 95.9 96.9 97.9 98.9 99.9 100.9 101.9 102.9 103.9 104.9 105.9 107.0 108.1 109.2 110.2 111.2 112.2 113.2 114.4 115.4 116.4 117.4 118.6 119.6 120.6 121.6 122.6 123.9 124.9 125.9 126.9 127.9 128.9 129.9 130.9 131.9 132.9 133.9 134.9 135.9 136.9 138.0 139.2 140.4 141.4 142.4 143.4 144.4 145.3 146.3 147.3 148.2 149.2 150.0 2.0 1782153044.401848
186.0 187.0 188.0 189.0 190.0 191.0 192.0 192.6 193.4 194.4 195.4 196.4 197.4 198.0 198.4 199.0 199.0 199.1 199.9 200.2 201.1 202.0 203.1 204.1 205.1 205.9 206.2 206.7 206.8 206.7 206.9 207.0 207.0 207.5 207.8 208.0 208.0 208.3 208.5 208.0 208.4 209.0 209.0 209.3 210.0 210.0 209.5 209.1 209.1 209.4 209.6 209.6 209.9 209.9 209.5 209.4 209.4 209.4 209.0 209.1 209.6 209.6 210.0 210.0 210.5 210.6 211.0 211.0 211.0 210.9 210.7 210.1 210.0 210.0 210.1 210.1 210.1 210.1 210.1 210.1 210.1 210.2 210.3 210.3 210.4 210.4 210.4 210.5 211.0 210.9 210.9 210.9 210.9 210.9 210.9 210.9 210.9 210.9 210.8 210.8 210.8 210.7 210.7 210.7 210.7 210.7 210.7 210.7 210.7 210.6 210.6 210.6 210.6 210.6 210.6 210.6 210.6 210.6 210.2 210.2 210.3 210.3 210.3 210.3 210.2 210.2 210.2 210.2 210.3 210.4 210.3 210.3 210.3 210.4 210.4 210.4 210.4 210.4 210.3 210.3 210.2 210.2 210.3 210.7 210.7 210.9 210.9 211.1 211.0 211.3 15.0 17.0 17.0 16.4 16.4 16.8 16.6 16.6 17.2 17.2 17.2 17.0 17.0 17.0 18.0 19.3 20.0 21.0 21.6 22.4 23.2 23.5 23.5 23.3 23.8 24.3 25.0 25.9 27.0 28.0 29.0 30.0 30.9 31.4 32.6 33.4 34.4 35.4 36.4 37.4 38.4 39.4 40.4 41.4 42.4 43.4 44.4 45.4 46.4 47.4 48.4 49.4 50.4 51.4 52.6 53.6 54.6 55.6 56.9 57.9 58.9 59.9 60.7 61.6 62.5 63.6 64.6 65.6 66.6 67.9 68.9 69.9 70.9 71.9 72.9 73.9 74.9 76.0 77.0 78.1 79.2 80.2 81.2 82.2 83.2 84.2 85.4 86.4 87.4 88.6 89.6 90.6 91.6 92.6 93.6 94.6 95.9 96.9 97.9 98.9 99.9 100.9 101.9 102.9 103.9 104.9 105.9 107.0 108.1 109.2 110.2 111.2 112.2 113.2 114.4 115.4 116.4 117.4 118.6 119.6 120.6 121.6 122.6 123.9 124.9 125.9 126.9 127.9 128.9 129.9 130.9 131.9 132.9 133.9 134.9 135.9 136.9 138.0 139.2 140.4 141.4 142.4 143.4 144.3 145.3 146.2 147.2 148.2 149.1 150.0 3.0 1782153044.417433
186.0 187.0 188.0 189.0 190.0 191.0 192.0 192.6 193.4 194.4 195.4 196.4 197.4 198.0 198.4 199.0 199.0 199.1 199.9 200.1 201.1 202.0 203.1 204.1 205.1 205.9 206.1 206.7 206.9 206.7 206.9 207.0 207.0 207.5 207.8 208.0 208.0 208.4 208.5 208.0 208.4 209.0 209.0 209.3 210.0 210.0 209.5 209.1 209.0 209.4 209.6 209.5 209.9 209.9 209.6 209.5 209.5 209.4 209.0 209.1 209.5 209.6 210.0 210.0 210.5 210.6 211.0 211.0 211.0 210.9 210.7 210.1 210.0 210.0 210.1 210.1 210.1 210.1 210.1 210.1 210.1 210.2 210.3 210.3 210.4 210.4 210.4 210.4 211.0 211.0 210.9 210.9 210.9 210.9 210.9 210.9 210.9 210.9 210.8 210.8 210.8 210.8 210.7 210.7 210.7 210.7 210.7 210.7 210.7 210.6 210.6 210.6 210.6 210.6 210.6 210.7 210.7 210.6 210.2 210.2 210.3 210.3 210.3 210.2 210.2 210.2 210.2 210.2 210.3 210.3 210.3 210.3 210.3 210.4 210.4 210.4 210.4 210.4 210.3 210.3 210.2 210.2 210.3 210.7 210.7 210.9 210.9 211.1 211.0 211.3 15.0 17.0 17.0 16.4 16.4 16.8 16.6 16.6 17.1 17.2 17.2 17.0 17.0 17.0 18.0 19.3 20.0 21.0 21.6 22.4 23.3 23.5 23.5 23.3 23.8 24.3 25.0 25.9 27.0 28.0 29.0 30.0 30.9 31.4 32.6 33.4 34.4 35.4 36.4 37.4 38.4 39.4 40.4 41.4 42.4 43.4 44.4 45.4 46.4 47.4 48.4 49.4 50.4 51.4 52.6 53.6 54.6 55.6 56.9 57.9 58.9 59.9 60.7 61.6 62.5 63.6 64.6 65.6 66.6 67.9 68.9 69.9 70.9 71.9 72.9 73.9 74.9 76.0 77.0 78.1 79.1 80.1 81.1 82.1 83.1 84.1 85.4 86.4 87.4 88.6 89.6 90.6 91.6 92.6 93.6 94.6 95.9 96.9 97.9 98.9 99.9 100.9 101.9 102.9 103.9 104.9 105.9 107.0 108.1 109.1 110.1 111.1 112.1 113.1 114.3 115.3 116.3 117.3 118.6 119.6 120.6 121.6 122.6 123.9 124.9 125.9 126.9 127.9 128.9 129.9 130.9 131.9 132.9 133.9 134.9 135.9 136.9 138.0 139.2 140.3 141.3 142.3 143.3 144.3 145.2 146.2 147.2 148.2 149.1 150.0 4.0 1782153044.427619
186.0 187.0 188.0 189.0 190.0 191.0 192.0 192.7 193.4 194.4 195.4 196.4 197.4 198.0 198.4 199.0 199.0 199.0 200.0 200.1 201.1 202.0 203.1 204.1 205.1 205.9 206.1 206.7 206.9 206.6 206.9 207.0 207.0 207.6 207.8 208.0 208.0 208.3 208.5 208.0 208.4 209.0 209.0 209.3 210.0 210.0 209.5 209.1 209.0 209.3 209.6 209.6 209.9 209.9 209.6 209.4 209.4 209.4 209.0 209.1 209.6 209.6 210.0 210.0 210.5 210.6 211.0 211.0 211.0 210.9 210.6 210.1 210.0 210.0 210.1 210.1 210.1 210.1 210.1 210.1 210.1 210.2 210.3 210.4 210.4 210.4 210.4 210.5 211.0 211.0 210.9 210.9 210.9 210.9 210.9 210.9 210.9 210.9 210.9 210.8 210.8 210.7 210.7 210.7 210.7 210.7 210.7 210.7 210.6 210.6 210.6 210.6 210.6 210.6 210.6 210.6 210.6 210.6 210.2 210.3 210.3 210.3 210.3 210.3 210.3 210.2 210.2 210.2 210.3 210.4 210.3 210.3 210.3 210.4 210.4 210.4 210.3 210.4 210.3 210.3 210.2 210.2 210.3 210.6 210.7 210.9 210.9 211.1 211.0 211.4 15.0 17.0 17.0 16.4 16.4 16.8 16.6 16.6 17.2 17.2 17.2 17.0 17.0 17.0 18.0 19.3 20.0 21.0 21.6 22.4 23.3 23.5 23.5 23.3 23.8 24.3 25.0 25.9 27.0 28.0 29.0 30.0 30.9 31.4 32.6 33.4 34.4 35.4 36.4 37.4 38.4 39.4 40.4 41.4 42.4 43.4 44.4 45.4 46.4 47.4 48.4 49.4 50.4 51.4 52.6 53.6 54.6 55.6 56.9 57.9 58.9 59.9 60.7 61.6 62.5 63.6 64.6 65.6 66.6 67.9 68.9 69.9 70.9 71.9 72.9 73.9 74.9 76.0 77.0 78.1 79.1 80.1 81.1 82.1 83.1 84.1 85.4 86.4 87.4 88.6 89.6 90.6 91.6 92.6 93.6 94.6 95.9 96.9 97.9 98.9 99.9 100.9 101.9 102.9 103.9 104.9 105.9 107.0 108.1 109.1 110.1 111.1 112.1 113.1 114.4 115.4 116.4 117.4 118.6 119.6 120.6 121.6 122.6 123.9 124.9 125.9 126.9 127.9 128.9 129.9 130.9 131.9 132.9 133.9 134.9 135.9 136.9 138.0 139.2 140.4 141.4 142.4 143.4 144.4 145.3 146.3 147.3 148.2 149.2 150.0 5.0 1782153044.437920
186.0 187.0 188.0 189.0 190.0 191.0 192.0 192.6 193.4 194.4 195.4 196.4 197.4 198.0 198.4 199.0 199.0 199.0 200.0 200.1 201.1 202.0 203.1 204.1 205.1 205.9 206.1 206.7 206.9 206.7 206.9 207.0 207.0 207.5 207.8 208.0 208.0 208.3 208.5 208.0 208.4 209.0 209.0 209.3 210.0 210.0 209.5 209.1 209.0 209.4 209.6 209.6 209.9 209.9 209.6 209.4 209.4 209.4 209.0 209.1 209.6 209.6 210.0 210.0 210.5 210.6 211.0 211.0 211.0 210.9 210.7 210.1 210.0 210.0 210.1 210.1 210.1 210.1 210.1 210.1 210.1 210.2 210.3 210.3 210.4 210.4 210.4 210.4 211.0 211.0 210.9 210.9 210.9 210.9 210.9 210.9 210.9 210.9 210.9 210.8 210.8 210.7 210.7 210.7 210.7 210.7 210.7 210.7 210.7 210.6 210.6 210.6 210.6 210.6 210.6 210.6 210.6 210.6 210.2 210.3 210.3 210.3 210.3 210.3 210.2 210.2 210.2 210.2 210.3 210.4 210.3 210.3 210.3 210.4 210.4 210.4 210.3 210.3 210.3 210.3 210.2 210.2 210.3 210.7 210.7 210.9 210.9 211.1 211.0 211.3 15.0 17.0 17.0 16.4 16.4 16.8 16.6 16.6 17.2 17.2 17.2 17.0 17.0 17.0 18.0 19.3 20.0 21.0 21.6 22.4 23.2 23.5 23.5 23.3 23.8 24.3 25.0 25.9 27.0 28.0 29.0 30.0 30.9 31.4 32.6 33.4 34.4 35.4 36.4 37.4 38.4 39.4 40.4 41.4 42.4 43.4 44.4 45.4 46.4 47.4 48.4 49.4 50.4 51.4 52.6 53.6 54.6 55.6 56.9 57.9 58.9 59.9 60.7 61.5 62.4 63.6 64.6 65.6 66.6 67.9 68.9 69.9 70.9 71.9 72.9 73.9 74.9 76.0 77.0 78.1 79.1 80.1 81.1 82.1 83.1 84.1 85.4 86.4 87.4 88.6 89.6 90.6 91.6 92.6 93.6 94.6 95.9 96.9 97.9 98.9 99.9 100.9 101.9 102.9 103.9 104.9 105.9 107.0 108.1 109.1 110.1 111.1 112.1 113.1 114.4 115.4 116.4 117.4 118.6 119.6 120.6 121.6 122.6 123.9 124.9 125.9 126.9 127.9 128.9 129.9 130.9 131.9 132.9 133.9 134.9 135.9 136.9 138.0 139.1 140.4 141.4 142.4 143.4 144.3 145.3 146.3 147.3 148.2 149.2 150.0 6.0 1782153044.453573
186.0 187.0 188.0 189.0 190.0 191.0 192.0 192.7 193.4 194.4 195.4 196.4 197.4 198.0 198.4 199.0 199.0 199.0 200.0 200.1 201.1 202.0 203.1 204.1 205.1 205.9 206.1 206.7 206.9 206.6 206.9 207.0 207.0 207.6 207.9 208.0 208.0 208.3 208.5 208.0 208.4 209.0 209.0 209.3 210.0 210.0 209.5 209.1 209.0 209.3 209.6 209.6 209.9 209.9 209.6 209.4 209.4 209.4 209.0 209.1 209.6 209.6 210.0 210.0 210.5 210.6 211.0 211.0 211.0 210.9 210.6 210.1 210.0 210.0 210.1 210.1 210.1 210.1 210.1 210.1 210.1 210.2 210.3 210.4 210.4 210.4 210.4 210.5 211.0 211.0 210.9 210.9 210.9 210.9 210.9 210.9 210.9 210.9 210.9 210.8 210.8 210.7 210.7 210.7 210.7 210.7 210.7 210.6 210.6 210.6 210.6 210.6 210.6 210.6 210.6 210.6 210.6 210.6 210.2 210.3 210.3 210.3 210.3 210.3 210.3 210.2 210.2 210.3 210.4 210.4 210.3 210.3 210.3 210.3 210.3 210.3 210.3 210.3 210.4 210.3 210.2 210.2 210.3 210.6 210.6 210.8 210.9 211.1 211.0 211.4 15.0 17.0 17.0 16.4 16.4 16.8 16.6 16.6 17.2 17.3 17.3 17.0 17.0 17.0 18.0 19.3 20.0 21.0 21.6 22.4 23.2 23.5 23.4 23.3 23.8 24.3 25.0 25.9 27.0 28.0 29.0 30.0 30.9 31.4 32.6 33.4 34.4 35.4 36.4 37.4 38.4 39.4 40.4 41.4 42.4 43.4 44.4 45.4 46.4 47.4 48.4 49.4 50.4 51.4 52.6 53.6 54.6 55.6 56.9 57.9 58.9 59.9 60.7 61.5 62.4 63.6 64.6 65.6 66.6 67.9 68.9 69.9 70.9 71.9 72.9 73.9 74.9 76.0 77.0 78.1 79.1 80.1 81.1 82.1 83.1 84.1 85.4 86.4 87.4 88.6 89.6 90.6 91.6 92.6 93.6 94.6 95.9 96.9 97.9 98.9 99.9 100.9 101.9 102.9 103.9 104.9 105.9 107.0 108.1 109.1 110.1 111.1 112.1 113.1 114.4 115.4 116.4 117.4 118.6 119.6 120.6 121.6 122.6 123.9 124.9 125.9 126.9 127.9 128.9 129.9 130.9 131.9 132.9 133.9 134.9 135.9 136.9 138.0 139.1 140.4 141.4 142.4 143.4 144.4 145.3 146.3 147.3 148.3 149.2 150.0 7.0 1782153044.458617
186.0 187.0 188.0 189.0 190.0 191.0 192.0 192.7 193.3 194.3 195.3 196.3 197.3 198.0 198.3 199.0 199.0 199.0 200.0 200.1 201.1 202.0 203.1 204.1 205.1 205.9 206.1 206.7 206.9 206.6 206.9 207.0 207.0 207.6 207.9 208.0 208.0 208.3 208.5 208.0 208.3 209.0 209.0 209.3 210.0 210.0 209.5 209.0 209.0 209.3 209.6 209.6 209.9 209.9 209.6 209.4 209.4 209.4 209.0 209.1 209.6 209.6 210.0 210.0 210.6 210.7 211.0 211.0 211.0 210.9 210.6 210.1 210.0 210.0 210.1 210.1 210.1 210.1 210.1 210.1 210.1 210.2 210.4 210.4 210.4 210.4 210.5 210.5 211.0 211.0 210.9 210.9 210.9 210.9 210.9 210.9 210.9 210.9 210.9 210.8 210.8 210.7 210.6 210.6 210.6 210.6 210.6 210.6 210.6 210.6 210.6 210.5 210.5 210.6 210.6 210.6 210.6 210.6 210.3 210.3 210.4 210.4 210.4 210.3 210.3 210.3 210.3 210.3 210.4 210.4 210.3 210.3 210.2 210.3 210.3 210.3 210.3 210.3 210.4 210.3 210.3 210.3 210.3 210.6 210.6 210.8 210.8 211.1 211.0 211.4 15.0 17.0 17.0 16.3 16.3 16.9 16.7 16.7 17.3 17.3 17.3 17.0 17.0 17.0 18.0 19.2 20.0 21.0 21.6 22.3 23.2 23.4 23.4 23.3 23.9 24.3 25.0 25.9 27.0 28.0 29.0 30.0 30.9 31.4 32.6 33.4 34.3 35.3 36.3 37.3 38.3 39.3 40.3 41.3 42.3 43.3 44.3 45.3 46.3 47.3 48.3 49.3 50.3 51.3 52.6 53.6 54.6 55.6 56.9 57.9 58.9 59.9 60.7 61.5 62.4 63.6 64.6 65.6 66.6 67.9 68.9 69.9 70.9 71.9 72.9 73.9 74.9 76.0 77.0 78.1 79.1 80.1 81.1 82.1 83.1 84.1 85.3 86.3 87.3 88.6 89.6 90.6 91.6 92.6 93.6 94.6 95.9 96.9 97.9 98.9 99.9 100.9 101.9 102.9 103.9 104.9 105.9 107.0 108.1 109.1 110.1 111.1 112.1 113.1 114.4 115.4 116.4 117.4 118.6 119.6 120.6 121.6 122.6 123.9 124.9 125.9 126.9 127.9 128.9 129.9 130.9 131.9 132.9 133.9 134.9 135.9 136.9 138.0 139.1 140.4 141.4 142.4 143.4 144.4 145.3 146.3 147.3 148.3 149.2 150.0 8.0 1782153044.485194
186.0 187.0 188.0 189.0 190.0 191.0 192.0 192.7 193.3 194.3 195.3 196.3 197.3 198.0 198.3 199.0 199.0 199.0 200.0 200.1 201.1 202.0 203.1 204.1 205.1 205.9 206.1 206.7 206.9 206.6 206.9 207.0 207.0 207.6 207.9 208.0 208.0 208.3 208.6 208.0 208.3 209.0 209.0 209.2 210.0 210.0 209.4 209.0 209.0 209.3 209.6 209.6 209.9 209.9 209.6 209.4 209.4 209.4 209.0 209.1 209.6 209.6 210.0 210.0 210.6 210.7 211.0 211.0 211.0 210.9 210.6 210.1 210.0 210.0 210.1 210.1 210.1 210.1 210.1 210.1 210.1 210.2 210.4 210.4 210.5 210.5 210.5 210.5 211.0 211.0 210.9 210.9 210.9 210.9 210.9 210.9 210.9 210.9 210.9 210.8 210.8 210.6 210.6 210.6 210.6 210.6 210.6 210.6 210.6 210.5 210.5 210.5 210.5 210.5 210.5 210.6 210.6 210.5 210.3 210.4 210.4 210.4 210.4 210.4 210.3 210.3 210.3 210.3 210.4 210.4 210.2 210.2 210.2 210.3 210.3 210.3 210.3 210.3 210.4 210.4 210.3 210.3 210.4 210.6 210.6 210.8 210.8 211.1 211.0 211.4 15.0 17.0 17.0 16.3 16.3 16.9 16.7 16.7 17.3 17.3 17.3 17.0 17.0 17.0 18.0 19.2 20.0 21.0 21.7 22.3 23.2 23.4 23.4 23.3 23.9 24.3 25.0 25.9 27.0 28.0 29.0 30.0 30.9 31.3 32.7 33.4 34.3 35.3 36.3 37.3 38.3 39.3 40.3 41.3 42.3 43.3 44.3 45.3 46.3 47.3 48.3 49.3 50.3 51.3 52.7 53.7 54.7 55.7 56.9 57.9 58.9 59.9 60.7 61.5 62.4 63.7 64.7 65.7 66.7 67.9 68.9 69.9 70.9 71.9 72.9 73.9 74.9 76.0 77.0 78.1 79.1 80.1 81.1 82.1 83.1 84.1 85.3 86.3 87.3 88.7 89.7 90.7 91.7 92.7 93.7 94.7 95.9 96.9 97.9 98.9 99.9 100.9 101.9 102.9 103.9 104.9 105.9 107.0 108.0 109.1 110.1 111.1 112.1 113.1 114.4 115.4 116.4 117.4 118.7 119.7 120.7 121.7 122.7 123.9 124.9 125.9 126.9 127.9 128.9 129.9 130.9 131.9 132.9 133.9 134.9 135.9 136.9 138.0 139.1 140.4 141.4 142.4 143.4 144.4 145.4 146.4 147.4 148.3 149.3 150.0 9.0 1782153044.500050
186.0 187.0 188.0 189.0 190.0 191.0 192.0 192.7 193.4 194.4 195.4 196.4 197.4 198.0 198.4 199.0 199.0 199.1 200.0 200.2 201.1 202.0 203.1 204.1 205.1 205.9 206.2 206.7 206.8 206.6 206.9 207.0 207.0 207.6 207.9 208.0 208.0 208.3 208.5 208.0 208.4 209.0 209.0 209.3 210.0 210.0 209.5 209.0 209.0 209.3 209.6 209.6 209.9 209.9 209.6 209.4 209.4 209.4 209.0 209.1 209.6 209.6 210.0 210.0 210.5 210.7 211.0 211.0 211.0 210.8 210.5 210.1 210.0 210.0 210.1 210.1 210.1 210.1 210.1 210.1 210.1 210.2 210.4 210.5 210.5 210.5 210.5 210.5 211.0 211.0 210.8 210.8 210.9 210.9 210.9 210.9 210.9 210.9 210.8 210.8 210.8 210.6 210.6 210.6 210.6 210.6 210.6 210.5 210.5 210.5 210.6 210.5 210.5 210.6 210.6 210.6 210.6 210.6 210.3 210.4 210.4 210.4 210.4 210.3 210.3 210.3 210.3 210.3 210.4 210.4 210.2 210.2 210.2 210.3 210.3 210.3 210.3 210.3 210.4 210.4 210.3 210.3 210.4 210.5 210.6 210.8 210.8 211.1 211.0 211.5 15.0 17.0 17.0 16.4 16.4 16.8 16.6 16.6 17.2 17.3 17.3 17.0 17.0 17.0 18.0 19.3 20.0 21.0 21.7 22.4 23.2 23.5 23.4 23.3 23.9 24.3 25.0 26.0 27.0 28.0 29.0 30.0 31.0 31.4 32.7 33.4 34.4 35.4 36.4 37.4 38.4 39.4 40.4 41.4 42.4 43.4 44.4 45.4 46.4 47.4 48.4 49.4 50.4 51.4 52.7 53.7 54.7 55.7 57.0 58.0 59.0 60.0 60.7 61.5 62.4 63.7 64.7 65.7 66.7 68.0 69.0 70.0 71.0 72.0 73.0 74.0 75.0 76.0 77.0 78.1 79.2 80.2 81.2 82.2 83.2 84.2 85.4 86.4 87.4 88.7 89.7 90.7 91.7 92.7 93.7 94.7 95.9 96.9 97.9 99.0 100.0 101.0 102.0 103.0 104.0 105.0 106.0 107.0 108.0 109.2 110.2 111.2 112.2 113.2 114.5 115.5 116.5 117.5 118.7 119.7 120.7 121.7 122.7 123.9 124.9 125.9 126.9 127.9 128.9 129.9 130.9 131.9 132.9 133.9 134.9 136.0 137.0 138.0 139.2 140.5 141.5 142.5 143.5 144.5 145.4 146.4 147.4 148.4 149.3 150.0 10.0 1782153044.510283
186.0 187.0 188.0 189.0 190.0 191.0 192.0 192.7 193.4 194.4 195.4 196.4 197.4 198.0 198.4 199.0 199.0 199.1 200.0 200.2 201.2 202.1 203.2 204.2 205.2 205.9 206.2 206.8 206.8 206.6 206.9 207.0 207.0 207.6 207.9 208.0 208.0 208.3 208.5 208.0 208.4 209.0 209.0 209.3 210.0 210.0 209.5 209.0 209.0 209.3 209.6 209.6 209.9 209.9 209.7 209.4 209.4 209.4 209.0 209.1 209.6 209.6 210.0 210.0 210.5 210.7 211.0 211.0 211.0 210.8 210.5 210.1 210.0 210.0 210.2 210.2 210.2 210.2 210.2 210.2 210.2 210.2 210.5 210.5 210.5 210.5 210.5 210.6 211.0 211.0 210.8 210.8 210.8 210.8 210.8 210.8 210.8 210.8 210.8 210.8 210.8 210.6 210.5 210.6 210.5 210.5 210.5 210.5 210.5 210.5 210.6 210.6 210.6 210.6 210.6 210.6 210.6 210.6 210.4 210.4 210.4 210.4 210.4 210.3 210.3 210.3 210.3 210.3 210.4 210.4 210.2 210.2 210.2 210.4 210.4 210.4 210.4 210.4 210.5 210.4 210.3 210.3 210.3 210.5 210.5 210.8 210.8 211.1 211.0 211.5 15.0 17.0 17.0 16.4 16.4 16.8 16.6 16.6 17.2 17.2 17.2 17.0 17.0 17.0 18.0 19.3 20.0 21.0 21.7 22.4 23.2 23.5 23.4 23.2 23.9 24.2 25.0 26.0 27.0 28.0 29.0 30.0 31.0 31.4 32.7 33.4 34.4 35.4 36.4 37.4 38.4 39.4 40.4 41.4 42.4 43.4 44.4 45.4 46.4 47.4 48.4 49.4 50.4 51.4 52.7 53.7 54.7 55.7 57.0 58.0 59.0 60.0 60.8 61.5 62.5 63.7 64.7 65.7 66.7 68.0 69.0 70.0 71.0 72.0 73.0 74.0 75.0 76.0 77.0 78.1 79.2 80.2 81.2 82.2 83.2 84.2 85.4 86.4 87.4 88.7 89.7 90.7 91.7 92.7 93.7 94.7 95.9 96.9 97.9 99.0 100.0 101.0 102.0 103.0 104.0 105.0 106.0 107.0 108.0 109.2 110.2 111.2 112.2 113.2 114.5 115.5 116.5 117.5 118.7 119.7 120.7 121.7 122.7 123.9 124.9 125.9 126.9 127.9 128.9 129.9 130.9 131.9 132.9 133.9 134.9 136.0 137.0 138.0 139.2 140.5 141.5 142.5 143.5 144.5 145.4 146.4 147.4 148.4 149.4 150.0 11.0 1782153044.525797
186.0 187.0 188.0 189.0 190.0 191.0 192.0 192.7 193.4 194.4 195.4 196.4 197.4 198.0 198.4 199.0 199.0 199.1 200.0 200.2 201.2 202.1 203.2 204.2 205.2 206.0 206.2 206.7 206.8 206.6 206.9 207.0 207.0 207.6 207.9 208.0 208.0 208.3 208.5 208.0 208.4 209.0 209.0 209.4 210.0 210.0 209.5 209.0 209.0 209.3 209.5 209.5 209.9 209.9 209.7 209.5 209.5 209.5 209.0 209.1 209.5 209.5 210.0 210.0 210.5 210.7 211.0 211.0 211.0 210.8 210.5 210.1 210.0 210.0 210.2 210.2 210.2 210.2 210.2 210.2 210.2 210.2 210.4 210.5 210.5 210.6 210.6 210.6 211.0 211.0 210.8 210.8 210.8 210.8 210.8 210.8 210.8 210.8 210.8 210.8 210.8 210.6 210.6 210.6 210.6 210.6 210.6 210.5 210.5 210.5 210.6 210.5 210.5 210.6 210.5 210.6 210.6 210.6 210.4 210.4 210.4 210.4 210.4 210.3 210.3 210.3 210.3 210.3 210.4 210.4 210.3 210.3 210.2 210.4 210.4 210.4 210.4 210.4 210.5 210.4 210.2 210.3 210.3 210.5 210.5 210.8 210.8 211.1 211.0 211.5 15.0 17.0 17.0 16.4 16.4 16.8 16.6 16.6 17.1 17.1 17.1 17.0 17.0 17.0 18.0 19.4 20.0 21.0 21.7 22.4 23.2 23.5 23.4 23.3 23.9 24.3 25.0 26.0 27.0 28.0 29.0 30.0 31.0 31.4 32.7 33.5 34.4 35.4 36.4 37.4 38.4 39.4 40.4 41.4 42.4 43.4 44.4 45.4 46.4 47.4 48.4 49.4 50.4 51.4 52.7 53.7 54.7 55.7 57.0 58.0 59.0 60.0 60.8 61.5 62.5 63.7 64.7 65.7 66.7 68.0 69.0 70.0 71.0 72.0 73.0 74.0 75.0 76.0 77.0 78.1 79.3 80.3 81.3 82.3 83.3 84.3 85.4 86.4 87.4 88.7 89.7 90.7 91.7 92.7 93.7 94.7 96.0 97.0 98.0 99.0 100.0 101.0 102.0 103.0 104.0 105.0 106.0 107.0 108.0 109.3 110.3 111.3 112.3 113.3 114.5 115.5 116.5 117.5 118.7 119.7 120.7 121.7 122.7 124.0 125.0 126.0 127.0 128.0 129.0 130.0 131.0 132.0 133.0 134.0 135.0 136.0 137.0 138.0 139.3 140.5 141.5 142.5 143.5 144.5 145.5 146.5 147.5 148.4 149.4 150.0 12.0 1782153044.541000
186.0 187.0 188.0 189.0 190.0 191.0 192.0 192.7 193.4 194.4 195.4 196.4 197.4 198.0 198.4 199.0 199.0 199.1 199.9 200.2 201.1 202.0 203.1 204.1 205.1 205.9 206.2 206.7 206.8 206.7 206.9 207.0 207.0 207.6 207.8 208.0 208.0 208.3 208.5 208.0 208.4 209.0 209.0 209.3 210.0 210.0 209.4 209.0 209.0 209.3 209.6 209.6 209.9 209.9 209.7 209.4 209.4 209.4 209.0 209.1 209.6 209.6 210.0 210.0 210.5 210.7 211.0 211.0 211.0 210.8 210.5 210.1 210.0 210.0 210.2 210.2 210.2 210.2 210.2 210.2 210.2 210.2 210.4 210.5 210.6 210.6 210.6 210.6 211.0 211.0 210.8 210.8 210.8 210.8 210.8 210.8 210.8 210.8 210.8 210.8 210.8 210.6 210.6 210.6 210.6 210.5 210.5 210.5 210.5 210.4 210.5 210.5 210.5 210.5 210.5 210.6 210.6 210.5 210.3 210.4 210.4 210.4 210.4 210.3 210.3 210.3 210.3 210.3 210.4 210.5 210.3 210.3 210.3 210.4 210.4 210.4 210.4 210.4 210.5 210.4 210.2 210.2 210.3 210.5 210.5 210.8 210.8 211.1 211.0 211.5 15.0 17.0 17.0 16.4 16.4 16.8 16.6 16.6 17.1 17.2 17.2 17.0 17.0 17.0 18.0 19.3 20.0 21.0 21.7 22.5 23.2 23.5 23.4 23.3 23.9 24.3 25.0 26.0 27.0 28.0 29.0 30.0 31.0 31.4 32.7 33.5 34.4 35.4 36.4 37.4 38.4 39.4 40.4 41.4 42.4 43.4 44.4 45.4 46.4 47.4 48.4 49.4 50.4 51.4 52.7 53.7 54.7 55.7 57.0 58.0 59.0 60.0 60.8 61.6 62.5 63.7 64.7 65.7 66.7 68.0 69.0 70.0 71.0 72.0 73.0 74.0 75.0 76.0 77.0 78.1 79.2 80.2 81.2 82.2 83.2 84.2 85.4 86.4 87.4 88.7 89.7 90.7 91.7 92.7 93.7 94.7 96.0 97.0 98.0 99.0 100.0 101.0 102.0 103.0 104.0 105.0 106.0 107.0 108.0 109.2 110.2 111.2 112.2 113.2 114.6 115.6 116.6 117.6 118.7 119.7 120.7 121.7 122.7 124.0 125.0 126.0 127.0 128.0 129.0 130.0 131.0 132.0 133.0 134.0 135.0 136.0 137.0 138.0 139.2 140.6 141.6 142.6 143.5 144.5 145.5 146.5 147.5 148.5 149.4 150.0 13.0 1782153044.551368
186.0 187.0 188.0 189.0 190.0 191.0 192.0 192.8 193.4 194.4 195.4 196.4 197.4 198.0 198.4 199.0 199.0 199.2 199.9 200.2 201.1 202.1 203.1 204.1 205.1 205.9 206.2 206.7 206.8 206.7 206.9 207.0 207.0 207.7 207.9 208.0 208.0 208.3 208.5 208.0 208.4 209.0 209.0 209.4 210.0 210.0 209.4 209.0 209.0 209.3 209.6 209.6 209.9 209.9 209.7 209.4 209.4 209.4 209.0 209.1 209.6 209.6 210.0 210.0 210.5 210.8 211.0 211.0 211.0 210.8 210.5 210.1 210.0 210.0 210.2 210.2 210.2 210.2 210.2 210.2 210.2 210.3 210.4 210.5 210.6 210.6 210.6 210.6 211.0 210.9 210.8 210.8 210.8 210.8 210.8 210.8 210.8 210.8 210.8 210.7 210.7 210.6 210.6 210.6 210.6 210.6 210.6 210.5 210.5 210.5 210.6 210.5 210.5 210.6 210.5 210.6 210.6 210.5 210.3 210.4 210.4 210.4 210.4 210.3 210.3 210.2 210.2 210.3 210.4 210.4 210.3 210.3 210.3 210.5 210.5 210.5 210.5 210.5 210.6 210.4 210.2 210.2 210.3 210.4 210.4 210.8 210.8 211.0 211.0 211.6 15.0 17.0 17.0 16.4 16.4 16.7 16.6 16.6 17.1 17.1 17.1 17.0 17.0 17.0 18.0 19.3 20.0 21.0 21.7 22.5 23.2 23.6 23.4 23.3 23.9 24.3 25.0 26.0 27.0 28.0 29.0 30.0 31.0 31.5 32.7 33.5 34.4 35.4 36.4 37.4 38.4 39.4 40.4 41.4 42.4 43.4 44.4 45.4 46.4 47.4 48.4 49.4 50.4 51.4 52.7 53.7 54.7 55.7 57.0 58.0 59.0 60.0 60.8 61.6 62.5 63.7 64.7 65.7 66.7 68.0 69.0 70.0 71.0 72.0 73.0 74.0 75.0 76.0 77.0 78.1 79.3 80.3 81.3 82.3 83.3 84.3 85.4 86.4 87.4 88.7 89.7 90.7 91.7 92.7 93.7 94.7 96.0 97.0 98.0 99.0 100.0 101.0 102.0 103.0 104.0 105.0 106.0 107.0 108.0 109.3 110.3 111.3 112.3 113.3 114.6 115.6 116.6 117.6 118.7 119.7 120.7 121.7 122.7 124.0 125.0 126.0 127.0 128.0 129.0 130.0 131.0 132.0 133.0 134.0 135.0 136.0 137.0 138.0 139.3 140.6 141.6 142.6 143.6 144.6 145.5 146.5 147.5 148.5 149.4 150.0 14.0 1782153044.566882
186.0 187.0 188.0 189.0 190.0 191.0 192.0 192.8 193.5 194.5 195.5 196.5 197.5 198.0 198.5 199.0 199.0 199.2 199.9 200.2 201.1 202.1 203.1 204.1 205.1 205.9 206.2 206.7 206.8 206.7 206.9 207.0 207.0 207.7 207.9 208.0 208.0 208.3 208.4 208.0 208.5 209.0 209.0 209.4 210.0 210.0 209.4 209.0 209.0 209.3 209.6 209.6 209.9 209.9 209.7 209.4 209.4 209.4 209.0 209.1 209.6 209.6 210.0 210.1 210.5 210.8 211.0 211.0 211.0 210.8 210.5 210.1 210.0 210.0 210.2 210.1 210.1 210.2 210.2 210.2 210.2 210.3 210.4 210.5 210.6 210.6 210.6 210.6 210.9 210.9 210.8 210.8 210.8 210.8 210.8 210.8 210.8 210.8 210.8 210.7 210.7 210.6 210.6 210.6 210.6 210.6 210.6 210.6 210.6 210.5 210.6 210.6 210.6 210.5 210.5 210.5 210.5 210.5 210.3 210.3 210.4 210.4 210.4 210.3 210.2 210.2 210.2 210.3 210.4 210.5 210.4 210.4 210.4 210.5 210.5 210.5 210.5 210.5 210.6 210.4 210.2 210.2 210.3 210.4 210.4 210.8 210.8 211.0 211.0 211.6 15.0 17.0 17.0 16.5 16.5 16.7 16.5 16.5 17.0 17.1 17.1 17.0 17.0 17.0 18.0 19.3 20.0 21.0 21.7 22.5 23.2 23.6 23.4 23.3 24.0 24.3 25.0 26.0 27.0 28.0 29.0 30.0 31.0 31.5 32.8 33.5 34.5 35.5 36.5 37.5 38.5 39.5 40.5 41.5 42.5 43.5 44.5 45.5 46.5 47.5 48.5 49.5 50.5 51.5 52.8 53.8 54.8 55.8 57.0 58.0 59.0 60.0 60.8 61.6 62.6 63.8 64.8 65.8 66.8 68.0 69.0 70.0 71.0 72.0 73.0 74.0 75.0 76.0 77.0 78.1 79.3 80.3 81.3 82.3 83.3 84.3 85.5 86.5 87.5 88.8 89.8 90.8 91.8 92.8 93.8 94.8 96.0 97.0 98.0 99.0 100.0 101.0 102.0 103.0 104.0 105.0 106.0 107.0 108.0 109.3 110.3 111.3 112.3 113.3 114.6 115.6 116.6 117.6 118.8 119.8 120.8 121.8 122.8 124.0 125.0 126.0 127.0 128.0 129.0 130.0 131.0 132.0 133.0 134.0 135.0 136.0 137.0 138.0 139.3 140.6 141.6 142.6 143.6 144.6 145.5 146.5 147.5 148.5 149.4 150.0 15.0 1782153044.577023
186.0 187.0 188.0 189.0 190.0 191.0 192.0 192.7 193.4 194.4 195.4 196.4 197.4 198.0 198.4 199.0 199.0 199.2 199.9 200.2 201.1 202.1 203.1 204.1 205.1 205.9 206.2 206.7 206.8 206.7 206.8 207.0 207.0 207.7 207.8 208.0 208.0 208.3 208.4 208.0 208.4 209.0 209.0 209.4 210.0 210.0 209.4 209.0 209.0 209.3 209.6 209.6 209.9 209.8 209.6 209.4 209.4 209.4 209.1 209.2 209.6 209.6 210.0 210.1 210.5 210.7 210.9 210.9 210.9 210.7 210.5 210.1 210.1 210.1 210.2 210.2 210.2 210.2 210.2 210.2 210.2 210.2 210.4 210.5 210.5 210.5 210.6 210.6 210.9 210.9 210.8 210.8 210.8 210.8 210.8 210.8 210.8 210.8 210.8 210.8 210.8 210.6 210.6 210.6 210.6 210.5 210.5 210.5 210.5 210.5 210.6 210.5 210.5 210.5 210.5 210.6 210.6 210.5 210.3 210.4 210.4 210.4 210.4 210.3 210.2 210.2 210.2 210.3 210.4 210.4 210.3 210.3 210.3 210.5 210.5 210.5 210.5 210.5 210.6 210.4 210.2 210.2 210.3 210.4 210.4 210.8 210.9 211.0 211.1 211.6 15.0 17.0 17.0 16.4 16.4 16.7 16.6 16.6 17.1 17.1 17.1 17.0 17.0 17.0 18.0 19.3 20.0 21.0 21.7 22.5 23.2 23.6 23.5 23.3 23.9 24.3 25.0 26.0 27.0 28.0 29.0 30.0 31.0 31.5 32.8 33.5 34.4 35.4 36.4 37.4 38.4 39.4 40.4 41.4 42.4 43.4 44.4 45.4 46.4 47.4 48.4 49.4 50.4 51.4 52.8 53.8 54.8 55.8 57.0 58.0 59.0 60.0 60.8 61.6 62.5 63.8 64.8 65.8 66.8 68.0 69.0 70.0 71.0 72.0 73.0 74.0 75.0 76.0 77.0 78.1 79.3 80.3 81.3 82.3 83.3 84.3 85.4 86.4 87.4 88.8 89.8 90.8 91.8 92.8 93.8 94.8 96.0 97.0 98.0 99.0 100.0 101.0 102.0 103.0 104.0 105.0 106.0 107.0 108.0 109.3 110.3 111.3 112.3 113.3 114.6 115.6 116.6 117.6 118.8 119.8 120.8 121.8 122.8 124.0 125.0 126.0 127.0 128.0 129.0 130.0 131.0 132.0 133.0 134.0 135.0 136.0 137.0 138.0 139.3 140.6 141.6 142.6 143.6 144.6 145.6 146.6 147.6 148.5 149.4 150.0 16.0 1782153044.592576
186.0 187.0 188.0 189.0 190.0 191.0 192.0 192.7 193.4 194.4 195.4 196.4 197.4 198.0 198.4 199.0 199.0 199.2 199.9 200.2 201.1 202.1 203.1 204.1 205.1 205.9 206.2 206.7 206.8 206.7 206.8 207.0 207.0 207.7 207.8 208.0 208.0 208.3 208.4 208.0 208.4 209.0 209.0 209.4 210.0 210.0 209.4 209.0 209.0 209.3 209.6 209.6 209.9 209.9 209.7 209.4 209.4 209.4 209.1 209.2 209.6 209.6 210.0 210.1 210.6 210.7 210.9 210.9 210.9 210.7 210.5 210.1 210.1 210.1 210.2 210.2 210.2 210.2 210.2 210.2 210.2 210.3 210.4 210.5 210.6 210.6 210.6 210.6 210.9 210.9 210.8 210.8 210.8 210.8 210.8 210.8 210.8 210.8 210.7 210.7 210.7 210.5 210.6 210.6 210.6 210.6 210.6 210.6 210.6 210.5 210.6 210.6 210.6 210.5 210.6 210.6 210.6 210.5 210.3 210.4 210.4 210.4 210.4 210.3 210.2 210.2 210.2 210.3 210.4 210.4 210.4 210.4 210.4 210.5 210.5 210.5 210.5 210.5 210.6 210.4 210.2 210.2 210.2 210.4 210.4 210.8 210.9 211.1 211.1 211.6 15.0 17.0 17.0 16.4 16.4 16.7 16.6 16.6 17.1 17.1 17.1 17.0 17.0 17.0 18.0 19.3 20.0 21.0 21.7 22.5 23.2 23.6 23.5 23.3 23.9 24.3 25.0 26.0 27.0 28.0 29.0 30.0 31.0 31.5 32.8 33.5 34.4 35.4 36.4 37.4 38.4 39.4 40.4 41.4 42.4 43.4 44.4 45.4 46.4 47.4 48.4 49.4 50.4 51.4 52.8 53.8 54.8 55.8 57.0 58.0 59.0 60.0 60.8 61.6 62.5 63.8 64.8 65.8 66.8 68.0 69.0 70.0 71.0 72.0 73.0 74.0 75.0 76.0 77.0 78.1 79.3 80.3 81.3 82.3 83.3 84.3 85.4 86.4 87.4 88.8 89.8 90.8 91.8 92.8 93.8 94.8 96.0 97.0 98.0 99.0 100.0 101.0 102.0 103.0 104.0 105.0 106.0 107.0 108.0 109.3 110.3 111.3 112.3 113.3 114.6 115.6 116.6 117.6 118.8 119.8 120.8 121.8 122.8 124.0 125.0 126.0 127.0 128.0 129.0 130.0 131.0 132.0 133.0 134.0 135.0 136.0 137.0 138.0 139.3 140.6 141.6 142.6 143.6 144.6 145.6 146.6 147.6 148.5 149.3 150.1 17.0 1782153044.602795
186.0 187.0 188.0 189.0 190.0 191.0 192.0 192.7 193.4 194.4 195.4 196.4 197.4 198.0 198.4 199.0 199.0 199.1 199.9 200.2 201.1 202.1 203.1 204.1 205.1 205.9 206.2 206.7 206.8 206.6 206.8 207.0 207.0 207.7 207.8 208.0 208.0 208.3 208.4 208.0 208.4 209.0 209.0 209.3 210.0 210.0 209.4 209.0 209.0 209.3 209.7 209.7 209.9 209.9 209.6 209.3 209.3 209.3 209.1 209.2 209.7 209.7 210.0 210.2 210.6 210.8 210.9 210.9 210.9 210.7 210.5 210.2 210.1 210.1 210.2 210.2 210.2 210.2 210.3 210.2 210.2 210.3 210.4 210.5 210.5 210.5 210.5 210.6 210.8 210.8 210.7 210.7 210.7 210.7 210.7 210.8 210.8 210.8 210.8 210.7 210.7 210.6 210.6 210.6 210.6 210.6 210.6 210.6 210.6 210.5 210.6 210.6 210.6 210.6 210.5 210.6 210.6 210.5 210.3 210.3 210.4 210.4 210.4 210.3 210.2 210.2 210.2 210.2 210.3 210.4 210.4 210.4 210.4 210.6 210.6 210.6 210.6 210.6 210.6 210.3 210.2 210.2 210.2 210.4 210.5 210.9 210.9 211.1 211.2 211.5 15.0 17.0 17.0 16.4 16.4 16.8 16.6 16.6 17.1 17.2 17.2 17.0 17.0 17.0 18.0 19.3 20.0 21.0 21.6 22.4 23.2 23.6 23.5 23.3 23.8 24.2 25.0 25.9 26.9 28.0 29.0 30.0 30.9 31.4 32.7 33.5 34.4 35.4 36.4 37.4 38.4 39.4 40.4 41.4 42.4 43.4 44.4 45.4 46.4 47.4 48.4 49.4 50.4 51.4 52.7 53.7 54.7 55.7 56.9 57.9 58.9 59.9 60.7 61.5 62.5 63.7 64.7 65.7 66.7 67.9 68.9 69.9 70.9 71.9 72.9 73.9 74.9 76.0 77.0 78.1 79.3 80.3 81.3 82.3 83.3 84.3 85.4 86.4 87.4 88.7 89.7 90.7 91.7 92.7 93.7 94.7 95.9 96.9 97.9 98.9 99.9 100.9 101.9 102.9 103.9 104.9 105.9 107.0 108.0 109.3 110.3 111.3 112.3 113.3 114.6 115.6 116.6 117.6 118.7 119.7 120.7 121.7 122.7 123.9 124.9 125.9 126.9 127.9 128.9 129.9 130.9 131.9 132.9 133.9 134.9 135.9 136.9 138.0 139.3 140.6 141.6 142.6 143.6 144.6 145.5 146.5 147.5 148.4 149.3 150.1 18.0 1782153044.613326
186.0 187.0 188.0 189.0 190.0 191.0 192.0 192.7 193.4 194.4 195.4 196.4 197.4 198.0 198.4 199.0 199.0 199.1 199.9 200.2 201.1 202.1 203.1 204.1 205.1 205.9 206.2 206.7 206.8 206.6 206.8 207.0 207.0 207.7 207.8 208.0 208.0 208.3 208.5 208.0 208.4 209.0 209.0 209.3 210.0 210.0 209.4 209.0 209.0 209.4 209.7 209.7 209.9 209.8 209.6 209.3 209.3 209.3 209.1 209.3 209.7 209.7 210.0 210.2 210.6 210.8 210.9 210.9 210.9 210.7 210.6 210.2 210.1 210.1 210.2 210.2 210.2 210.2 210.3 210.2 210.2 210.2 210.4 210.4 210.5 210.5 210.5 210.6 210.8 210.8 210.7 210.7 210.7 210.7 210.7 210.8 210.8 210.8 210.8 210.8 210.8 210.6 210.6 210.7 210.6 210.6 210.6 210.6 210.6 210.5 210.6 210.6 210.6 210.5 210.5 210.5 210.5 210.4 210.3 210.3 210.3 210.3 210.3 210.3 210.2 210.2 210.2 210.2 210.4 210.5 210.4 210.4 210.4 210.6 210.6 210.6 210.6 210.6 210.5 210.3 210.2 210.2 210.3 210.4 210.5 210.9 210.9 211.2 211.2 211.6 15.0 17.0 17.0 16.4 16.4 16.8 16.6 16.6 17.2 17.2 17.2 17.0 17.0 17.0 18.0 19.3 20.0 21.0 21.6 22.4 23.2 23.6 23.5 23.3 23.8 24.2 25.0 25.9 26.9 28.0 29.0 30.0 30.9 31.4 32.7 33.5 34.4 35.4 36.4 37.4 38.4 39.4 40.4 41.4 42.4 43.4 44.4 45.4 46.4 47.4 48.4 49.4 50.4 51.4 52.7 53.7 54.7 55.7 56.9 57.9 58.9 59.9 60.7 61.5 62.5 63.7 64.7 65.7 66.7 67.9 68.9 69.9 70.9 71.9 72.9 73.9 74.9 76.0 77.0 78.1 79.3 80.3 81.3 82.3 83.3 84.3 85.4 86.4 87.4 88.7 89.7 90.7 91.7 92.7 93.7 94.7 95.9 96.9 97.9 98.9 99.9 100.9 101.9 102.9 103.9 104.9 105.9 107.0 108.0 109.3 110.3 111.3 112.3 113.3 114.6 115.6 116.6 117.6 118.7 119.7 120.7 121.7 122.7 123.9 124.9 125.9 126.9 127.9 128.9 129.9 130.9 131.9 132.9 133.9 134.9 135.9 136.9 138.0 139.3 140.6 141.6 142.6 143.6 144.6 145.5 146.5 147.5 148.4 149.2 150.1 19.0 1782153044.628589
186.0 187.0 188.0 189.0 190.0 191.0 192.0 192.6 193.4 194.4 195.4 196.4 197.4 198.0 198.4 199.0 199.0 199.1 199.9 200.2 201.1 202.1 203.1 204.1 205.1 205.9 206.2 206.7 206.8 206.6 206.7 207.0 207.0 207.7 207.8 208.0 208.0 208.3 208.5 208.0 208.4 209.0 209.0 209.3 210.0 210.0 209.3 209.0 209.0 209.4 209.7 209.7 209.9 209.8 209.6 209.3 209.3 209.3 209.1 209.3 209.7 209.7 210.0 210.2 210.6 210.8 210.8 210.8 210.8 210.6 210.6 210.2 210.2 210.2 210.3 210.3 210.3 210.3 210.3 210.2 210.2 210.2 210.4 210.4 210.5 210.5 210.5 210.5 210.8 210.8 210.7 210.7 210.7 210.7 210.7 210.8 210.8 210.8 210.8 210.8 210.8 210.6 210.6 210.7 210.7 210.6 210.6 210.6 210.6 210.6 210.6 210.6 210.6 210.6 210.5 210.5 210.5 210.4 210.3 210.3 210.3 210.3 210.3 210.2 210.2 210.2 210.2 210.2 210.3 210.5 210.5 210.5 210.5 210.6 210.6 210.6 210.6 210.6 210.6 210.3 210.2 210.2 210.2 210.4 210.5 210.9 210.9 211.2 211.2 211.5 15.0 17.0 17.0 16.4 16.4 16.8 16.6 16.6 17.1 17.3 17.3 17.0 17.0 17.0 18.0 19.3 20.0 21.0 21.6 22.4 23.2 23.6 23.6 23.3 23.8 24.2 25.0 25.9 26.9 28.0 29.0 30.0 30.9 31.4 32.7 33.4 34.4 35.4 36.4 37.4 38.4 39.4 40.4 41.4 42.4 43.4 44.4 45.4 46.4 47.4 48.4 49.4 50.4 51.4 52.7 53.7 54.7 55.7 56.9 57.9 58.9 59.9 60.7 61.5 62.5 63.7 64.7 65.7 66.7 67.9 68.9 69.9 70.9 71.9 72.9 73.9 74.9 76.0 77.0 78.1 79.2 80.2 81.2 82.2 83.2 84.2 85.4 86.4 87.4 88.7 89.7 90.7 91.7 92.7 93.7 94.7 95.9 96.9 97.9 98.9 99.9 100.9 101.9 102.9 103.9 104.9 105.9 107.0 108.0 109.2 110.2 111.2 112.2 113.2 114.6 115.6 116.6 117.6 118.7 119.7 120.7 121.7 122.7 123.9 124.9 125.9 126.9 127.9 128.9 129.9 130.9 131.9 132.9 133.9 134.9 135.9 136.9 138.0 139.2 140.6 141.6 142.6 143.6 144.6 145.5 146.4 147.4 148.3 149.2 150.1 20.0 1782153044.638937
186.0 187.0 188.0 189.0 190.0 191.0 192.0 192.6 193.3 194.3 195.3 196.3 197.3 198.0 198.3 199.0 199.0 199.1 199.9 200.2 201.1 202.1 203.1 204.1 205.1 205.9 206.2 206.8 206.8 206.5 206.7 207.0 207.0 207.7 207.8 208.0 208.0 208.3 208.5 208.0 208.3 209.0 209.0 209.3 210.0 210.0 209.3 209.0 209.0 209.4 209.7 209.7 209.9 209.8 209.5 209.3 209.3 209.3 209.1 209.3 209.7 209.7 210.0 210.2 210.7 210.8 210.8 210.8 210.8 210.7 210.6 210.2 210.2 210.2 210.3 210.3 210.3 210.3 210.3 210.2 210.2 210.2 210.3 210.4 210.4 210.4 210.5 210.6 210.8 210.8 210.7 210.7 210.7 210.7 210.7 210.8 210.8 210.8 210.8 210.8 210.8 210.6 210.7 210.7 210.7 210.7 210.7 210.6 210.6 210.6 210.7 210.5 210.5 210.5 210.5 210.5 210.5 210.4 210.3 210.3 210.3 210.3 210.3 210.2 210.2 210.2 210.2 210.2 210.4 210.5 210.5 210.5 210.5 210.6 210.6 210.6 210.6 210.6 210.5 210.3 210.2 210.2 210.3 210.4 210.5 211.0 211.0 211.2 211.2 211.6 15.0 17.0 17.0 16.3 16.3 16.8 16.7 16.7 17.2 17.3 17.3 17.0 17.0 17.0 18.0 19.3 20.0 21.0 21.5 22.4 23.2 23.6 23.6 23.2 23.7 24.2 24.9 25.8 26.9 28.0 29.0 30.0 30.8 31.4 32.7 33.4 34.3 35.3 36.3 37.3 38.3 39.3 40.3 41.3 42.3 43.3 44.3 45.3 46.3 47.3 48.3 49.3 50.3 51.3 52.7 53.7 54.7 55.7 56.8 57.8 58.8 59.8 60.6 61.4 62.4 63.7 64.7 65.7 66.7 67.8 68.8 69.8 70.8 71.8 72.8 73.8 74.8 76.0 77.0 78.1 79.2 80.2 81.2 82.2 83.2 84.2 85.3 86.3 87.3 88.7 89.7 90.7 91.7 92.7 93.7 94.7 95.8 96.8 97.8 98.8 99.8 100.8 101.8 102.8 103.8 104.8 105.8 107.0 108.0 109.2 110.2 111.2 112.2 113.2 114.5 115.5 116.5 117.5 118.7 119.7 120.7 121.7 122.7 123.8 124.8 125.8 126.8 127.8 128.8 129.8 130.8 131.8 132.8 133.8 134.8 135.8 136.8 138.0 139.2 140.5 141.5 142.5 143.5 144.5 145.4 146.3 147.3 148.2 149.2 150.0 21.0 1782153044.649254
186.0 187.0 188.0 189.0 190.0 191.0 192.0 192.6 193.3 194.3 195.3 196.3 197.3 198.0 198.3 199.0 199.0 199.1 199.9 200.2 201.1 202.1 203.1 204.1 205.1 205.9 206.2 206.8 206.8 206.5 206.6 207.0 207.0 207.7 207.7 208.0 208.0 208.4 208.6 208.0 208.3 209.0 209.0 209.3 210.0 210.0 209.3 209.0 209.0 209.5 209.7 209.7 209.9 209.8 209.5 209.3 209.3 209.3 209.1 209.4 209.7 209.7 210.0 210.2 210.7 210.8 210.9 210.8 210.8 210.7 210.6 210.2 210.2 210.2 210.2 210.2 210.2 210.2 210.3 210.2 210.2 210.2 210.3 210.4 210.4 210.4 210.4 210.6 210.8 210.8 210.7 210.7 210.7 210.7 210.7 210.8 210.8 210.8 210.8 210.8 210.8 210.6 210.7 210.7 210.7 210.7 210.7 210.7 210.7 210.6 210.7 210.5 210.5 210.5 210.4 210.4 210.4 210.4 210.2 210.3 210.3 210.3 210.3 210.2 210.2 210.2 210.2 210.2 210.4 210.6 210.5 210.5 210.5 210.7 210.7 210.7 210.6 210.6 210.5 210.3 210.1 210.2 210.3 210.5 210.6 211.0 211.0 211.3 211.2 211.6 15.0 17.0 17.0 16.3 16.3 16.8 16.7 16.7 17.2 17.4 17.4 17.0 17.0 17.0 18.0 19.2 20.0 21.0 21.5 22.4 23.2 23.6 23.6 23.2 23.7 24.2 24.9 25.8 26.9 28.0 29.0 30.0 30.8 31.4 32.7 33.4 34.3 35.3 36.3 37.3 38.3 39.3 40.3 41.3 42.3 43.3 44.3 45.3 46.3 47.3 48.3 49.3 50.3 51.3 52.7 53.7 54.7 55.7 56.8 57.8 58.8 59.8 60.6 61.4 62.5 63.7 64.7 65.7 66.7 67.8 68.8 69.8 70.8 71.8 72.8 73.8 74.8 76.0 77.0 78.1 79.2 80.2 81.2 82.2 83.2 84.2 85.3 86.3 87.3 88.7 89.7 90.7 91.7 92.7 93.7 94.7 95.8 96.8 97.8 98.8 99.8 100.8 101.8 102.8 103.8 104.8 105.8 107.0 108.0 109.2 110.2 111.2 112.2 113.2 114.6 115.6 116.6 117.6 118.7 119.7 120.7 121.7 122.7 123.8 124.8 125.8 126.8 127.8 128.8 129.8 130.8 131.8 132.8 133.8 134.8 135.8 136.8 138.0 139.2 140.6 141.6 142.6 143.6 144.6 145.4 146.3 147.3 148.2 149.2 150.0 22.0 1782153044.664746
186.0 187.0 188.0 189.0 190.0 191.0 192.0 192.6 193.3 194.3 195.3 196.3 197.3 198.0 198.3 199.0 199.0 199.1 200.0 200.1 201.1 202.1 203.1 204.1 205.1 205.9 206.1 206.8 206.9 206.5 206.6 207.0 207.0 207.8 207.7 208.0 208.0 208.4 208.6 208.0 208.3 209.0 209.0 209.3 210.0 210.0 209.3 209.0 209.0 209.5 209.7 209.7 209.9 209.8 209.5 209.3 209.3 209.3 209.1 209.4 209.7 209.7 210.0 210.2 210.7 210.8 210.9 210.9 210.9 210.7 210.6 210.2 210.1 210.1 210.2 210.2 210.2 210.2 210.3 210.2 210.2 210.2 210.3 210.4 210.4 210.4 210.4 210.6 210.8 210.8 210.7 210.7 210.7 210.7 210.7 210.8 210.8 210.8 210.8 210.8 210.8 210.7 210.7 210.7 210.7 210.7 210.7 210.7 210.7 210.6 210.7 210.5 210.5 210.5 210.4 210.4 210.4 210.3 210.2 210.3 210.3 210.3 210.3 210.2 210.2 210.1 210.1 210.2 210.4 210.6 210.6 210.6 210.5 210.7 210.7 210.7 210.7 210.7 210.5 210.3 210.1 210.1 210.4 210.5 210.6 211.1 211.1 211.3 211.2 211.6 15.0 17.0 17.0 16.3 16.3 16.8 16.7 16.7 17.3 17.4 17.4 17.0 17.0 17.0 18.0 19.2 20.0 21.0 21.5 22.3 23.2 23.6 23.6 23.2 23.6 24.2 24.9 25.8 26.9 28.0 29.0 30.0 30.8 31.3 32.6 33.4 34.3 35.3 36.3 37.3 38.3 39.3 40.3 41.3 42.3 43.3 44.3 45.3 46.3 47.3 48.3 49.3 50.3 51.3 52.6 53.6 54.6 55.6 56.8 57.8 58.8 59.8 60.6 61.4 62.4 63.6 64.6 65.6 66.6 67.8 68.8 69.8 70.8 71.8 72.8 73.8 74.8 76.0 77.0 78.1 79.2 80.2 81.2 82.2 83.2 84.2 85.3 86.3 87.3 88.6 89.6 90.6 91.6 92.6 93.6 94.6 95.8 96.8 97.8 98.8 99.8 100.8 101.8 102.8 103.8 104.8 105.8 107.0 108.0 109.2 110.2 111.2 112.2 113.2 114.5 115.5 116.5 117.5 118.6 119.6 120.6 121.6 122.6 123.8 124.8 125.8 126.8 127.8 128.8 129.8 130.8 131.8 132.8 133.8 134.8 135.8 136.8 138.0 139.2 140.5 141.5 142.5 143.5 144.5 145.3 146.3 147.3 148.2 149.1 149.9 23.0 1782153044.680094
186.0 187.0 188.0 189.0 190.0 191.0 192.0 192.6 193.3 194.3 195.3 196.3 197.3 198.0 198.3 199.0 199.0 199.1 200.0 200.2 201.1 202.1 203.1 204.1 205.1 205.9 206.2 206.8 206.8 206.5 206.6 207.0 207.0 207.7 207.7 208.0 208.0 208.4 208.5 208.0 208.3 209.0 209.0 209.3 210.0 209.9 209.3 209.0 209.1 209.5 209.8 209.8 210.0 209.8 209.4 209.2 209.2 209.2 209.2 209.4 209.8 209.8 210.0 210.2 210.7 210.8 210.9 210.9 210.9 210.7 210.7 210.2 210.2 210.1 210.2 210.2 210.2 210.2 210.3 210.2 210.2 210.2 210.3 210.3 210.4 210.4 210.4 210.6 210.8 210.8 210.7 210.7 210.7 210.7 210.7 210.8 210.8 210.8 210.8 210.8 210.8 210.7 210.7 210.7 210.7 210.7 210.7 210.7 210.7 210.7 210.7 210.5 210.5 210.4 210.4 210.4 210.4 210.3 210.2 210.2 210.3 210.3 210.3 210.2 210.2 210.1 210.1 210.2 210.4 210.6 210.6 210.6 210.6 210.7 210.7 210.7 210.7 210.7 210.5 210.3 210.1 210.1 210.3 210.5 210.6 211.1 211.1 211.3 211.2 211.6 15.0 17.0 17.0 16.3 16.3 16.8 16.7 16.7 17.2 17.3 17.3 17.0 17.0 17.0 18.0 19.2 20.0 21.0 21.5 22.4 23.2 23.7 23.6 23.2 23.7 24.2 24.9 25.8 26.9 28.0 29.0 30.0 30.8 31.4 32.7 33.5 34.3 35.3 36.3 37.3 38.3 39.3 40.3 41.3 42.3 43.3 44.3 45.3 46.3 47.3 48.3 49.3 50.3 51.3 52.7 53.7 54.7 55.7 56.8 57.8 58.8 59.8 60.6 61.4 62.5 63.7 64.7 65.7 66.7 67.8 68.8 69.8 70.8 71.8 72.8 73.8 74.8 76.0 77.0 78.1 79.2 80.2 81.2 82.2 83.2 84.2 85.3 86.3 87.3 88.6 89.6 90.6 91.6 92.6 93.6 94.6 95.7 96.7 97.7 98.8 99.8 100.8 101.8 102.8 103.8 104.8 105.8 107.0 108.0 109.2 110.2 111.2 112.2 113.2 114.5 115.5 116.5 117.5 118.6 119.6 120.6 121.6 122.6 123.7 124.7 125.7 126.7 127.7 128.7 129.7 130.7 131.7 132.7 133.7 134.7 135.8 136.8 138.0 139.2 140.5 141.5 142.5 143.5 144.5 145.3 146.2 147.2 148.1 149.1 149.9 24.0 1782153044.695674
186.0 187.0 188.0 189.0 190.0 191.0 192.0 192.6 193.3 194.3 195.3 196.3 197.3 198.0 198.3 199.0 199.0 199.1 200.0 200.2 201.1 202.0 203.1 204.1 205.1 206.0 206.2 206.8 206.8 206.4 206.6 207.0 207.0 207.7 207.7 208.0 208.0 208.4 208.6 208.0 208.3 209.0 209.0 209.2 210.0 209.9 209.3 209.0 209.1 209.6 209.8 209.8 210.0 209.8 209.4 209.2 209.2 209.2 209.2 209.5 209.8 209.8 210.0 210.2 210.7 210.8 210.9 210.9 210.9 210.7 210.7 210.2 210.2 210.1 210.2 210.2 210.2 210.2 210.2 210.1 210.1 210.2 210.3 210.3 210.4 210.4 210.4 210.6 210.8 210.8 210.7 210.8 210.8 210.8 210.8 210.9 210.9 210.9 210.8 210.8 210.8 210.7 210.7 210.8 210.7 210.7 210.7 210.7 210.7 210.7 210.7 210.5 210.5 210.4 210.4 210.4 210.4 210.3 210.2 210.2 210.2 210.2 210.2 210.2 210.1 210.1 210.1 210.2 210.4 210.6 210.6 210.6 210.6 210.7 210.7 210.7 210.7 210.7 210.4 210.2 210.1 210.1 210.4 210.6 210.6 211.1 211.1 211.4 211.2 211.6 15.0 17.0 17.0 16.3 16.3 16.8 16.7 16.7 17.2 17.3 17.3 17.0 17.0 17.0 18.0 19.2 20.0 21.0 21.5 22.4 23.1 23.7 23.6 23.2 23.6 24.2 24.8 25.7 26.9 28.0 29.0 30.0 30.7 31.4 32.6 33.4 34.3 35.3 36.3 37.3 38.3 39.3 40.3 41.3 42.3 43.3 44.3 45.3 46.3 47.3 48.3 49.3 50.3 51.3 52.6 53.6 54.6 55.6 56.7 57.7 58.7 59.7 60.5 61.4 62.4 63.6 64.6 65.6 66.6 67.7 68.7 69.7 70.7 71.7 72.7 73.7 74.7 76.0 77.0 78.1 79.2 80.2 81.2 82.2 83.2 84.2 85.3 86.3 87.3 88.6 89.6 90.6 91.6 92.6 93.6 94.6 95.7 96.7 97.7 98.7 99.7 100.7 101.7 102.7 103.7 104.7 105.7 107.0 108.0 109.2 110.2 111.2 112.2 113.2 114.5 115.5 116.5 117.5 118.6 119.6 120.6 121.6 122.6 123.7 124.7 125.7 126.7 127.7 128.7 129.7 130.7 131.7 132.7 133.7 134.7 135.7 136.7 138.0 139.2 140.5 141.5 142.5 143.5 144.5 145.2 146.1 147.1 148.0 149.1 149.9 25.0 1782153044.711063
186.0 187.0 188.0 189.0 190.0 191.0 192.0 192.5 193.3 194.3 195.3 196.3 197.3 198.0 198.3 199.0 199.0 199.1 200.0 200.2 201.1 202.0 203.1 204.1 205.1 206.0 206.2 206.8 206.8 206.4 206.6 207.0 207.0 207.7 207.6 208.0 208.0 208.4 208.6 208.0 208.3 209.0 209.0 209.2 210.0 210.0 209.3 209.0 209.1 209.6 209.8 209.8 210.0 209.8 209.4 209.2 209.2 209.2 209.2 209.5 209.8 209.8 210.0 210.2 210.7 210.8 210.9 210.9 210.9 210.7 210.7 210.2 210.2 210.1 210.2 210.2 210.2 210.2 210.2 210.1 210.1 210.2 210.3 210.3 210.3 210.3 210.3 210.6 210.8 210.8 210.7 210.8 210.8 210.8 210.8 210.9 210.9 210.9 210.8 210.8 210.8 210.7 210.7 210.8 210.8 210.7 210.7 210.7 210.7 210.7 210.7 210.5 210.5 210.4 210.3 210.4 210.4 210.3 210.2 210.2 210.2 210.2 210.2 210.2 210.1 210.1 210.1 210.2 210.5 210.6 210.6 210.6 210.6 210.7 210.7 210.7 210.7 210.7 210.4 210.2 210.1 210.1 210.4 210.6 210.7 211.2 211.2 211.4 211.2 211.6 15.0 17.0 17.0 16.3 16.3 16.8 16.7 16.7 17.3 17.4 17.4 17.0 17.0 17.0 18.0 19.2 20.0 21.0 21.5 22.3 23.1 23.7 23.6 23.2 23.6 24.2 24.8 25.7 26.9 28.0 29.0 30.0 30.7 31.3 32.6 33.4 34.3 35.3 36.3 37.3 38.3 39.3 40.3 41.3 42.3 43.3 44.3 45.3 46.3 47.3 48.3 49.3 50.3 51.3 52.6 53.6 54.6 55.6 56.7 57.7 58.7 59.7 60.5 61.4 62.4 63.6 64.6 65.6 66.6 67.7 68.7 69.7 70.7 71.7 72.7 73.7 74.7 76.0 77.0 78.1 79.2 80.2 81.2 82.2 83.2 84.2 85.3 86.3 87.3 88.5 89.5 90.5 91.5 92.5 93.5 94.5 95.7 96.7 97.7 98.7 99.7 100.7 101.7 102.7 103.7 104.7 105.7 107.0 108.0 109.2 110.2 111.2 112.2 113.2 114.5 115.5 116.5 117.5 118.5 119.5 120.5 121.5 122.5 123.7 124.7 125.7 126.7 127.7 128.7 129.7 130.7 131.7 132.7 133.7 134.7 135.7 136.7 138.0 139.2 140.5 141.5 142.5 143.5 144.4 145.2 146.1 147.1 148.0 149.1 149.8 26.0 1782153044.726460
186.0 187.0 188.0 189.0 190.0 191.0 192.0 192.6 193.3 194.3 195.3 196.3 197.3 198.0 198.3 199.0 199.0 199.1 200.0 200.2 201.1 202.0 203.1 204.2 205.2 206.0 206.2 206.8 206.8 206.4 206.6 207.0 207.0 207.7 207.7 208.0 208.0 208.4 208.6 208.0 208.3 209.0 209.0 209.2 210.0 209.9 209.2 209.0 209.1 209.6 209.8 209.8 210.0 209.8 209.4 209.2 209.2 209.2 209.2 209.5 209.8 209.8 210.0 210.2 210.7 210.8 210.9 210.9 210.9 210.8 210.7 210.2 210.2 210.1 210.2 210.2 210.2 210.2 210.2 210.1 210.1 210.2 210.3 210.3 210.3 210.3 210.4 210.6 210.8 210.8 210.7 210.8 210.8 210.8 210.8 210.9 210.9 210.9 210.9 210.8 210.8 210.7 210.8 210.8 210.8 210.8 210.8 210.7 210.7 210.7 210.8 210.4 210.4 210.4 210.3 210.3 210.3 210.3 210.2 210.2 210.2 210.2 210.2 210.2 210.1 210.1 210.1 210.1 210.5 210.7 210.6 210.6 210.6 210.7 210.7 210.7 210.7 210.7 210.4 210.2 210.1 210.1 210.4 210.6 210.7 211.2 211.2 211.4 211.2 211.6 15.0 17.0 17.0 16.3 16.3 16.8 16.7 16.7 17.2 17.3 17.3 17.0 17.0 17.0 18.0 19.2 20.0 21.0 21.5 22.4 23.1 23.7 23.6 23.2 23.6 24.2 24.8 25.7 26.9 28.0 29.0 30.0 30.7 31.4 32.6 33.4 34.3 35.3 36.3 37.3 38.3 39.3 40.2 41.2 42.2 43.2 44.2 45.3 46.3 47.3 48.3 49.3 50.3 51.3 52.6 53.6 54.6 55.6 56.7 57.7 58.7 59.7 60.5 61.4 62.5 63.6 64.6 65.6 66.6 67.7 68.7 69.7 70.7 71.7 72.7 73.7 74.7 76.0 77.0 78.1 79.2 80.2 81.2 82.2 83.2 84.2 85.2 86.2 87.2 88.5 89.5 90.5 91.5 92.5 93.5 94.5 95.6 96.6 97.6 98.7 99.7 100.7 101.7 102.7 103.7 104.7 105.7 107.0 108.0 109.2 110.2 111.2 112.2 113.2 114.4 115.4 116.4 117.4 118.5 119.5 120.5 121.5 122.5 123.6 124.6 125.6 126.6 127.6 128.6 129.6 130.6 131.6 132.6 133.6 134.6 135.7 136.7 138.0 139.2 140.4 141.4 142.4 143.4 144.4 145.1 146.0 147.0 147.9 149.0 149.8 27.0 1782153044.747118
186.0 187.0 188.0 189.0 190.0 191.0 192.0 192.5 193.3 194.3 195.3 196.3 197.3 198.0 198.3 199.0 199.0 199.1 199.9 200.2 201.0 202.0 203.0 204.1 205.1 205.9 206.2 206.8 206.7 206.4 206.6 207.0 207.0 207.7 207.6 208.0 208.0 208.4 208.5 208.0 208.3 209.0 209.0 209.2 210.0 209.9 209.2 209.0 209.1 209.6 209.8 209.8 210.0 209.8 209.4 209.2 209.2 209.2 209.2 209.5 209.8 209.8 210.0 210.2 210.8 210.9 210.9 210.9 210.9 210.8 210.7 210.2 210.2 210.1 210.2 210.2 210.2 210.2 210.2 210.1 210.1 210.2 210.2 210.3 210.3 210.3 210.4 210.6 210.8 210.8 210.7 210.8 210.8 210.8 210.8 210.9 210.9 210.9 210.9 210.8 210.8 210.7 210.8 210.8 210.8 210.8 210.8 210.8 210.8 210.7 210.8 210.5 210.4 210.4 210.3 210.3 210.3 210.3 210.2 210.2 210.2 210.2 210.2 210.2 210.1 210.1 210.1 210.1 210.5 210.7 210.7 210.7 210.7 210.8 210.8 210.8 210.7 210.7 210.4 210.2 210.1 210.1 210.5 210.6 210.7 211.2 211.3 211.4 211.2 211.6 15.0 17.0 17.0 16.3 16.3 16.8 16.7 16.7 17.2 17.3 17.3 17.0 17.0 17.0 18.0 19.2 20.0 21.0 21.5 22.3 23.1 23.7 23.6 23.2 23.6 24.1 24.8 25.7 26.9 28.0 29.0 30.0 30.7 31.4 32.6 33.4 34.3 35.3 36.3 37.3 38.3 39.3 40.2 41.2 42.2 43.2 44.2 45.3 46.3 47.3 48.3 49.3 50.3 51.3 52.6 53.6 54.6 55.6 56.7 57.7 58.7 59.7 60.5 61.4 62.4 63.6 64.6 65.6 66.6 67.7 68.7 69.7 70.7 71.7 72.7 73.7 74.7 76.0 77.0 78.1 79.2 80.2 81.2 82.2 83.2 84.2 85.2 86.2 87.2 88.5 89.5 90.5 91.5 92.5 93.5 94.5 95.6 96.6 97.6 98.7 99.7 100.7 101.7 102.7 103.7 104.7 105.7 107.0 108.0 109.2 110.2 111.2 112.2 113.2 114.4 115.4 116.4 117.4 118.5 119.5 120.5 121.5 122.5 123.6 124.6 125.6 126.6 127.6 128.6 129.6 130.6 131.6 132.6 133.6 134.6 135.7 136.7 138.0 139.2 140.4 141.4 142.4 143.4 144.4 145.0 146.0 147.0 147.9 149.0 149.8 28.0 1782153044.762687
186.0 187.0 188.0 189.0 190.0 191.0 192.0 192.5 193.3 194.3 195.3 196.3 197.3 198.0 198.3 199.0 199.0 199.1 199.9 200.2 201.0 202.0 203.0 204.1 205.1 205.9 206.2 206.8 206.8 206.4 206.6 207.0 207.0 207.7 207.6 208.0 208.0 208.4 208.6 208.0 208.3 209.0 209.0 209.2 210.0 209.9 209.2 209.0 209.1 209.6 209.8 209.8 210.0 209.8 209.4 209.2 209.2 209.2 209.2 209.5 209.8 209.8 210.0 210.2 210.8 210.9 210.9 210.9 210.9 210.8 210.7 210.2 210.1 210.1 210.2 210.2 210.2 210.2 210.2 210.1 210.1 210.1 210.2 210.3 210.3 210.3 210.3 210.6 210.8 210.8 210.8 210.8 210.8 210.8 210.8 210.9 210.9 210.9 210.9 210.9 210.9 210.8 210.8 210.8 210.8 210.8 210.8 210.8 210.8 210.7 210.8 210.5 210.4 210.3 210.3 210.3 210.3 210.3 210.2 210.2 210.2 210.2 210.2 210.1 210.1 210.1 210.1 210.1 210.5 210.7 210.7 210.7 210.7 210.8 210.8 210.8 210.8 210.8 210.4 210.2 210.1 210.1 210.5 210.6 210.7 211.3 211.3 211.4 211.2 211.7 15.0 17.0 17.0 16.3 16.3 16.8 16.7 16.7 17.2 17.4 17.4 17.0 17.0 17.0 18.0 19.2 20.0 21.0 21.4 22.3 23.1 23.7 23.6 23.2 23.6 24.1 24.8 25.6 26.9 28.0 29.0 30.0 30.6 31.3 32.6 33.4 34.3 35.3 36.3 37.3 38.3 39.3 40.2 41.2 42.2 43.2 44.2 45.3 46.3 47.3 48.3 49.3 50.3 51.3 52.6 53.6 54.6 55.6 56.6 57.6 58.6 59.6 60.5 61.4 62.4 63.6 64.6 65.6 66.6 67.6 68.6 69.6 70.6 71.6 72.6 73.6 74.6 76.0 77.0 78.1 79.1 80.1 81.1 82.1 83.1 84.1 85.2 86.2 87.2 88.5 89.5 90.5 91.5 92.5 93.5 94.5 95.6 96.6 97.6 98.6 99.6 100.6 101.6 102.6 103.6 104.6 105.6 107.0 108.0 109.1 110.1 111.1 112.1 113.1 114.4 115.4 116.4 117.4 118.5 119.5 120.5 121.5 122.5 123.6 124.6 125.6 126.6 127.6 128.6 129.6 130.6 131.6 132.6 133.6 134.6 135.6 136.6 138.0 139.2 140.4 141.4 142.4 143.4 144.4 145.0 145.9 146.9 147.8 149.0 149.7 29.0 1782153044.772849
186.0 187.0 188.0 189.0 190.0 191.0 192.0 192.5 193.3 194.3 195.3 196.3 197.3 198.0 198.3 199.0 199.0 199.1 199.9 200.2 201.0 202.0 203.0 204.1 205.1 205.9 206.2 206.8 206.8 206.4 206.6 207.0 207.0 207.7 207.6 208.0 208.0 208.4 208.5 208.0 208.3 209.0 209.0 209.2 210.0 209.9 209.2 209.0 209.1 209.7 209.8 209.8 210.0 209.8 209.4 209.2 209.2 209.2 209.2 209.5 209.8 209.8 210.0 210.2 210.8 210.9 210.9 210.9 210.9 210.8 210.7 210.2 210.1 210.1 210.2 210.2 210.2 210.2 210.2 210.1 210.1 210.1 210.2 210.2 210.3 210.3 210.4 210.6 210.8 210.8 210.8 210.8 210.8 210.8 210.8 210.9 210.9 210.9 210.9 210.9 210.9 210.8 210.8 210.8 210.8 210.8 210.8 210.8 210.8 210.7 210.8 210.4 210.4 210.3 210.3 210.3 210.3 210.2 210.2 210.2 210.2 210.2 210.2 210.1 210.1 210.1 210.1 210.1 210.5 210.7 210.7 210.7 210.7 210.8 210.8 210.8 210.8 210.8 210.3 210.2 210.1 210.1 210.5 210.7 210.7 211.3 211.3 211.5 211.2 211.7 15.0 17.0 17.0 16.3 16.3 16.7 16.7 16.7 17.2 17.3 17.3 17.0 17.0 17.0 18.0 19.2 20.0 21.0 21.5 22.4 23.2 23.7 23.7 23.2 23.6 24.2 24.8 25.7 26.9 28.0 29.0 30.0 30.7 31.4 32.6 33.4 34.3 35.3 36.3 37.3 38.3 39.3 40.2 41.2 42.2 43.2 44.2 45.3 46.3 47.3 48.3 49.3 50.3 51.3 52.6 53.6 54.6 55.6 56.7 57.7 58.7 59.7 60.5 61.4 62.4 63.6 64.6 65.6 66.6 67.7 68.7 69.7 70.7 71.7 72.7 73.7 74.7 76.0 77.0 78.1 79.1 80.1 81.1 82.1 83.1 84.1 85.2 86.2 87.2 88.4 89.4 90.4 91.4 92.4 93.4 94.4 95.5 96.5 97.5 98.7 99.7 100.7 101.7 102.7 103.7 104.7 105.7 107.0 108.0 109.1 110.1 111.1 112.1 113.1 114.4 115.4 116.4 117.4 118.4 119.4 120.4 121.4 122.4 123.5 124.5 125.5 126.5 127.5 128.5 129.5 130.5 131.5 132.5 133.5 134.5 135.7 136.7 138.0 139.1 140.4 141.4 142.4 143.4 144.4 144.9 145.9 146.9 147.8 148.9 149.7 30.0 1782153044.788353
186.0 187.0 188.0 189.0 190.0 191.0 192.0 192.6 193.4 194.4 195.4 196.4 197.4 198.0 198.4 199.0 199.0 199.1 199.9 200.2 201.0 202.0 203.0 204.1 205.1 205.9 206.2 206.8 206.7 206.4 206.6 207.0 207.0 207.7 207.6 208.0 208.0 208.4 208.5 208.0 208.4 209.0 209.0 209.2 210.0 209.9 209.2 209.0 209.1 209.7 209.8 209.8 210.0 209.8 209.4 209.2 209.2 209.2 209.2 209.5 209.8 209.8 210.0 210.2 210.8 210.9 210.9 210.9 210.9 210.8 210.7 210.2 210.1 210.1 210.2 210.2 210.2 210.2 210.2 210.1 210.1 210.1 210.2 210.2 210.3 210.3 210.4 210.7 210.8 210.8 210.8 210.8 210.8 210.8 210.8 210.9 210.9 210.9 210.9 210.9 210.9 210.8 210.8 210.8 210.8 210.8 210.8 210.8 210.8 210.8 210.8 210.4 210.4 210.3 210.3 210.3 210.3 210.2 210.2 210.2 210.2 210.2 210.2 210.1 210.1 210.1 210.1 210.1 210.5 210.7 210.7 210.7 210.7 210.8 210.8 210.8 210.8 210.8 210.3 210.2 210.1 210.1 210.5 210.7 210.7 211.4 211.4 211.5 211.2 211.7 15.0 17.0 17.0 16.4 16.4 16.7 16.6 16.6 17.1 17.2 17.2 17.0 17.0 17.0 18.0 19.1 20.0 21.0 21.5 22.4 23.2 23.8 23.6 23.2 23.6 24.2 24.8 25.7 26.9 28.0 29.0 30.0 30.7 31.4 32.6 33.5 34.4 35.4 36.4 37.4 38.4 39.4 40.2 41.2 42.2 43.2 44.2 45.3 46.4 47.4 48.4 49.4 50.4 51.4 52.6 53.6 54.6 55.6 56.7 57.7 58.7 59.7 60.5 61.4 62.5 63.6 64.6 65.6 66.6 67.7 68.7 69.7 70.7 71.7 72.7 73.7 74.7 76.0 77.0 78.1 79.1 80.1 81.1 82.1 83.1 84.1 85.2 86.2 87.2 88.4 89.4 90.4 91.4 92.4 93.4 94.4 95.5 96.5 97.5 98.7 99.7 100.7 101.7 102.7 103.7 104.7 105.7 107.0 108.0 109.1 110.1 111.1 112.1 113.1 114.4 115.4 116.4 117.4 118.4 119.4 120.4 121.4 122.4 123.5 124.5 125.5 126.5 127.5 128.5 129.5 130.5 131.5 132.5 133.5 134.5 135.7 136.7 138.0 139.1 140.4 141.4 142.4 143.3 144.3 144.9 145.8 146.8 147.8 148.9 149.7 31.0 1782153044.798584
186.0 187.0 188.0 189.0 190.0 191.0 192.0 192.6 193.4 194.4 195.4 196.4 197.4 198.0 198.4 199.0 199.0 199.1 199.9 200.2 201.0 202.0 202.9 204.1 205.1 205.9 206.2 206.7 206.7 206.4 206.6 207.0 207.0 207.7 207.6 208.0 208.0 208.4 208.5 208.0 208.4 209.0 209.0 209.2 210.0 209.9 209.2 209.0 209.1 209.7 209.8 209.8 210.0 209.8 209.3 209.2 209.2 209.2 209.2 209.5 209.8 209.8 210.0 210.1 210.8 210.9 210.9 210.9 210.9 210.8 210.7 210.2 210.1 210.1 210.1 210.1 210.1 210.1 210.2 210.1 210.1 210.1 210.2 210.2 210.2 210.3 210.4 210.7 210.8 210.8 210.8 210.8 210.8 210.8 210.8 210.9 210.9 210.9 210.9 210.9 210.9 210.8 210.8 210.8 210.8 210.8 210.8 210.8 210.8 210.8 210.8 210.4 210.3 210.3 210.3 210.3 210.3 210.2 210.1 210.2 210.2 210.2 210.2 210.1 210.1 210.1 210.1 210.1 210.6 210.7 210.7 210.7 210.7 210.8 210.8 210.8 210.8 210.8 210.3 210.2 210.1 210.1 210.6 210.7 210.7 211.4 211.4 211.5 211.1 211.7 15.0 17.0 17.0 16.4 16.4 16.7 16.6 16.6 17.1 17.2 17.2 17.0 17.0 17.0 18.0 19.1 20.0 21.0 21.5 22.4 23.2 23.8 23.6 23.3 23.7 24.2 24.8 25.7 26.9 28.0 29.0 30.0 30.7 31.4 32.6 33.5 34.4 35.4 36.4 37.4 38.4 39.4 40.2 41.2 42.2 43.2 44.2 45.3 46.4 47.4 48.4 49.4 50.4 51.4 52.6 53.6 54.6 55.6 56.7 57.7 58.7 59.7 60.6 61.5 62.5 63.6 64.6 65.6 66.6 67.7 68.7 69.7 70.7 71.7 72.7 73.7 74.7 76.0 77.0 78.1 79.1 80.1 81.1 82.1 83.1 84.1 85.2 86.2 87.2 88.4 89.4 90.4 91.4 92.4 93.4 94.4 95.5 96.5 97.5 98.7 99.7 100.7 101.7 102.7 103.7 104.7 105.7 107.0 108.0 109.1 110.1 111.1 112.1 113.1 114.3 115.3 116.3 117.3 118.4 119.4 120.4 121.4 122.4 123.5 124.5 125.5 126.5 127.5 128.5 129.5 130.5 131.5 132.5 133.5 134.5 135.7 136.7 138.0 139.1 140.3 141.3 142.3 143.3 144.3 144.9 145.8 146.8 147.7 148.8 149.6 32.0 1782153044.808997
186.0 187.0 188.0 189.0 190.0 191.0 192.0 192.6 193.4 194.4 195.4 196.4 197.4 198.0 198.4 199.0 199.0 199.1 199.9 200.3 201.1 202.0 203.0 204.2 205.2 205.9 206.3 206.7 206.7 206.5 206.7 207.0 207.0 207.6 207.7 208.0 208.0 208.3 208.4 208.0 208.4 209.0 209.0 209.2 210.0 209.8 209.2 209.0 209.2 209.7 209.9 209.8 210.0 209.7 209.3 209.2 209.2 209.1 209.2 209.5 209.8 209.9 210.0 210.1 210.8 210.9 210.9 210.9 210.9 210.8 210.6 210.1 210.1 210.1 210.1 210.1 210.1 210.1 210.2 210.1 210.1 210.1 210.2 210.3 210.3 210.3 210.5 210.7 210.8 210.9 210.8 210.8 210.8 210.8 210.8 210.9 210.9 210.9 210.9 210.9 210.9 210.8 210.8 210.8 210.8 210.8 210.8 210.8 210.8 210.7 210.8 210.4 210.3 210.3 210.2 210.2 210.2 210.2 210.1 210.2 210.2 210.2 210.2 210.1 210.1 210.1 210.1 210.2 210.6 210.8 210.7 210.7 210.7 210.8 210.8 210.8 210.8 210.7 210.3 210.2 210.1 210.1 210.6 210.7 210.8 211.4 211.4 211.5 211.1 211.7 15.0 17.0 17.0 16.4 16.4 16.6 16.6 16.6 17.0 17.1 17.1 17.0 17.0 17.0 18.0 19.2 20.0 21.0 21.5 22.5 23.2 23.8 23.6 23.3 23.7 24.2 24.8 25.7 26.9 28.0 29.0 30.0 30.7 31.5 32.6 33.5 34.4 35.4 36.4 37.4 38.4 39.4 40.2 41.2 42.2 43.2 44.2 45.4 46.4 47.4 48.4 49.4 50.4 51.4 52.6 53.6 54.6 55.6 56.7 57.7 58.7 59.7 60.6 61.5 62.5 63.6 64.6 65.6 66.6 67.7 68.7 69.7 70.7 71.7 72.7 73.7 74.7 76.0 77.0 78.1 79.2 80.2 81.2 82.2 83.2 84.2 85.2 86.2 87.2 88.4 89.4 90.4 91.4 92.4 93.4 94.4 95.5 96.5 97.5 98.7 99.7 100.7 101.7 102.7 103.7 104.7 105.7 107.0 108.1 109.2 110.2 111.2 112.2 113.2 114.4 115.4 116.4 117.4 118.4 119.4 120.4 121.4 122.4 123.5 124.5 125.5 126.5 127.5 128.5 129.5 130.5 131.5 132.5 133.5 134.5 135.7 136.7 138.1 139.2 140.4 141.4 142.4 143.4 144.4 144.9 145.8 146.8 147.7 148.8 149.6 33.0 1782153044.824391
186.0 187.0 188.0 189.0 190.0 191.0 192.0 192.6 193.5 194.5 195.5 196.5 197.5 198.0 198.5 199.0 199.0 199.2 199.9 200.3 201.1 202.1 203.0 204.2 205.2 205.9 206.3 206.8 206.7 206.5 206.7 207.0 207.0 207.6 207.7 208.0 208.0 208.3 208.4 208.0 208.5 209.0 209.0 209.3 210.0 209.8 209.2 209.0 209.2 209.7 209.9 209.9 210.0 209.7 209.3 209.2 209.1 209.1 209.3 209.5 209.8 209.9 210.0 210.1 210.8 210.9 210.9 210.9 210.9 210.8 210.6 210.1 210.1 210.1 210.1 210.1 210.1 210.1 210.2 210.1 210.1 210.1 210.2 210.3 210.3 210.3 210.5 210.7 210.8 210.9 210.8 210.8 210.8 210.8 210.8 210.9 210.9 210.9 210.9 210.9 210.9 210.8 210.8 210.8 210.7 210.7 210.7 210.7 210.7 210.7 210.7 210.3 210.3 210.3 210.2 210.2 210.2 210.2 210.1 210.1 210.2 210.2 210.2 210.1 210.1 210.2 210.2 210.2 210.6 210.8 210.8 210.7 210.7 210.8 210.8 210.8 210.8 210.7 210.3 210.1 210.1 210.1 210.6 210.7 210.8 211.4 211.5 211.6 211.1 211.7 15.0 17.0 17.0 16.5 16.5 16.6 16.5 16.5 17.0 17.1 17.1 17.0 17.0 17.0 18.0 19.2 20.0 21.0 21.6 22.5 23.2 23.8 23.6 23.2 23.7 24.2 24.8 25.7 26.9 28.0 29.0 30.0 30.7 31.5 32.7 33.5 34.5 35.5 36.5 37.5 38.5 39.5 40.3 41.3 42.3 43.3 44.3 45.4 46.5 47.5 48.5 49.5 50.5 51.5 52.7 53.7 54.7 55.7 56.7 57.7 58.7 59.7 60.6 61.5 62.5 63.7 64.7 65.7 66.7 67.7 68.7 69.7 70.7 71.7 72.7 73.7 74.7 76.0 77.0 78.2 79.2 80.2 81.2 82.2 83.2 84.2 85.3 86.3 87.3 88.5 89.5 90.5 91.5 92.5 93.5 94.5 95.5 96.5 97.5 98.7 99.7 100.7 101.7 102.7 103.7 104.7 105.7 107.0 108.1 109.2 110.2 111.2 112.2 113.2 114.4 115.4 116.4 117.4 118.5 119.5 120.5 121.5 122.5 123.5 124.5 125.5 126.5 127.5 128.5 129.5 130.5 131.5 132.5 133.5 134.5 135.7 136.7 138.1 139.2 140.4 141.4 142.4 143.4 144.4 144.9 145.8 146.8 147.8 148.9 149.7 34.0 1782153044.839951
186.0 187.0 188.0 189.0 190.0 191.0 192.0 192.6 193.4 194.4 195.4 196.4 197.4 198.0 198.4 199.0 199.0 199.2 199.9 200.3 201.1 202.0 203.0 204.2 205.2 205.9 206.3 206.7 206.7 206.5 206.7 207.0 207.0 207.6 207.7 208.0 208.0 208.4 208.5 208.0 208.4 209.0 209.0 209.2 210.0 209.8 209.2 209.0 209.3 209.7 209.9 209.8 209.9 209.6 209.3 209.2 209.2 209.2 209.3 209.5 209.8 209.9 210.0 210.2 210.8 210.9 210.9 210.9 210.9 210.8 210.6 210.2 210.2 210.1 210.2 210.2 210.2 210.1 210.1 210.1 210.1 210.1 210.2 210.3 210.3 210.3 210.5 210.7 210.8 210.8 210.8 210.8 210.8 210.8 210.9 210.9 210.9 210.9 210.9 210.9 210.9 210.8 210.8 210.9 210.7 210.7 210.7 210.7 210.7 210.7 210.7 210.4 210.3 210.3 210.2 210.2 210.2 210.2 210.1 210.1 210.1 210.1 210.1 210.1 210.1 210.2 210.2 210.2 210.6 210.8 210.8 210.8 210.8 210.8 210.8 210.8 210.8 210.7 210.3 210.1 210.1 210.1 210.6 210.7 210.8 211.5 211.5 211.6 211.1 211.8 15.0 17.0 17.0 16.4 16.4 16.6 16.6 16.6 17.0 17.1 17.1 17.0 17.0 17.0 18.0 19.2 20.0 21.0 21.6 22.5 23.2 23.8 23.6 23.3 23.8 24.2 24.8 25.7 26.9 28.0 29.0 30.0 30.7 31.5 32.7 33.6 34.4 35.4 36.4 37.4 38.4 39.4 40.3 41.3 42.3 43.3 44.3 45.4 46.4 47.4 48.4 49.4 50.4 51.4 52.7 53.7 54.7 55.7 56.7 57.7 58.7 59.7 60.6 61.5 62.5 63.7 64.7 65.7 66.7 67.7 68.7 69.7 70.7 71.7 72.7 73.7 74.7 76.0 77.0 78.2 79.2 80.2 81.2 82.2 83.2 84.2 85.3 86.3 87.3 88.5 89.5 90.5 91.5 92.5 93.5 94.5 95.6 96.6 97.6 98.7 99.7 100.7 101.7 102.7 103.7 104.7 105.7 107.0 108.1 109.2 110.2 111.2 112.2 113.2 114.4 115.4 116.4 117.4 118.5 119.5 120.5 121.5 122.5 123.6 124.6 125.6 126.6 127.6 128.6 129.6 130.6 131.6 132.6 133.6 134.6 135.7 136.7 138.1 139.3 140.4 141.4 142.4 143.4 144.4 144.9 145.8 146.8 147.8 148.9 149.7 35.0 1782153044.850348
186.0 187.0 188.0 189.0 190.0 191.0 192.0 192.6 193.5 194.5 195.5 196.5 197.5 198.0 198.5 199.0 199.0 199.2 199.9 200.3 201.1 202.1 203.0 204.2 205.2 205.9 206.3 206.7 206.6 206.5 206.7 207.0 207.0 207.6 207.7 208.0 208.0 208.3 208.4 208.0 208.5 209.0 209.0 209.3 210.0 209.8 209.1 209.0 209.3 209.7 209.9 209.8 209.9 209.6 209.3 209.2 209.2 209.2 209.3 209.5 209.8 209.9 210.0 210.2 210.8 210.9 210.9 210.9 210.9 210.8 210.6 210.2 210.2 210.1 210.2 210.2 210.2 210.1 210.1 210.1 210.1 210.1 210.2 210.3 210.3 210.4 210.5 210.7 210.8 210.8 210.8 210.8 210.8 210.8 210.9 210.9 210.9 210.9 210.9 210.9 210.9 210.8 210.8 210.9 210.7 210.7 210.7 210.7 210.7 210.7 210.7 210.4 210.3 210.2 210.2 210.2 210.2 210.2 210.1 210.1 210.1 210.1 210.1 210.1 210.1 210.2 210.2 210.2 210.7 210.8 210.8 210.8 210.8 210.8 210.8 210.8 210.8 210.6 210.2 210.1 210.1 210.1 210.6 210.7 210.8 211.5 211.5 211.6 211.1 211.8 15.0 17.0 17.0 16.5 16.5 16.6 16.5 16.5 17.0 17.0 17.0 17.0 17.0 17.0 18.0 19.3 20.0 21.0 21.6 22.5 23.2 23.8 23.6 23.3 23.8 24.2 24.8 25.8 26.9 28.0 29.0 30.0 30.8 31.5 32.7 33.6 34.5 35.5 36.5 37.5 38.5 39.5 40.3 41.3 42.3 43.3 44.3 45.4 46.5 47.5 48.5 49.5 50.5 51.5 52.7 53.7 54.7 55.7 56.8 57.8 58.8 59.8 60.6 61.5 62.5 63.7 64.7 65.7 66.7 67.8 68.8 69.8 70.8 71.8 72.8 73.8 74.8 76.0 77.0 78.2 79.3 80.3 81.3 82.3 83.3 84.3 85.3 86.3 87.3 88.5 89.5 90.5 91.5 92.5 93.5 94.5 95.6 96.6 97.6 98.8 99.8 100.8 101.8 102.8 103.8 104.8 105.8 107.0 108.2 109.3 110.3 111.3 112.3 113.3 114.5 115.5 116.5 117.5 118.5 119.5 120.5 121.5 122.5 123.6 124.6 125.6 126.6 127.6 128.6 129.6 130.6 131.6 132.6 133.6 134.6 135.8 136.8 138.2 139.3 140.5 141.5 142.5 143.4 144.4 144.9 145.8 146.8 147.8 148.9 149.7 36.0 1782153044.865786
186.0 187.0 188.0 189.0 190.0 191.0 192.0 192.6 193.5 194.5 195.5 196.5 197.5 198.0 198.5 199.0 199.0 199.2 199.9 200.3 201.1 202.1 203.0 204.2 205.2 205.9 206.3 206.7 206.7 206.6 206.7 207.0 207.0 207.6 207.7 208.0 208.0 208.3 208.4 208.0 208.5 209.0 209.0 209.3 210.0 209.8 209.1 209.0 209.3 209.8 209.9 209.8 209.9 209.6 209.3 209.2 209.2 209.2 209.3 209.6 209.8 209.9 210.0 210.2 210.9 210.9 210.9 210.9 210.9 210.8 210.6 210.2 210.1 210.1 210.2 210.2 210.2 210.1 210.1 210.1 210.1 210.1 210.1 210.3 210.3 210.3 210.5 210.7 210.8 210.8 210.8 210.8 210.8 210.8 210.9 210.9 210.9 210.9 210.9 210.9 210.9 210.8 210.9 210.9 210.7 210.7 210.7 210.7 210.7 210.7 210.7 210.3 210.3 210.2 210.2 210.2 210.2 210.2 210.1 210.1 210.1 210.1 210.1 210.1 210.1 210.2 210.2 210.2 210.7 210.8 210.8 210.8 210.8 210.8 210.8 210.8 210.8 210.7 210.2 210.1 210.1 210.1 210.7 210.8 210.8 211.5 211.5 211.6 211.1 211.8 15.0 17.0 17.0 16.5 16.5 16.6 16.5 16.5 16.9 17.0 17.0 17.0 17.0 17.0 18.0 19.3 20.0 21.0 21.6 22.5 23.2 23.8 23.6 23.3 23.8 24.2 24.9 25.8 26.9 28.0 29.0 30.0 30.8 31.5 32.7 33.6 34.5 35.5 36.5 37.5 38.5 39.5 40.3 41.3 42.3 43.3 44.3 45.4 46.5 47.5 48.5 49.5 50.5 51.5 52.7 53.7 54.7 55.7 56.8 57.8 58.8 59.8 60.7 61.5 62.6 63.7 64.7 65.7 66.7 67.8 68.8 69.8 70.8 71.8 72.8 73.8 74.8 76.0 77.0 78.2 79.3 80.3 81.3 82.3 83.3 84.3 85.3 86.3 87.3 88.5 89.5 90.5 91.5 92.5 93.5 94.5 95.6 96.6 97.6 98.8 99.8 100.8 101.8 102.8 103.8 104.8 105.8 107.0 108.2 109.3 110.3 111.3 112.3 113.3 114.5 115.5 116.5 117.5 118.5 119.5 120.5 121.5 122.5 123.6 124.6 125.6 126.6 127.6 128.6 129.6 130.6 131.6 132.6 133.6 134.6 135.8 136.8 138.1 139.3 140.5 141.5 142.5 143.4 144.4 144.9 145.8 146.8 147.8 148.9 149.7 37.0 1782153044.870686
186.0 187.0 188.0 189.0 190.0 191.0 192.0 192.6 193.5 194.5 195.5 196.5 197.5 198.0 198.5 199.0 199.0 199.2 199.9 200.3 201.1 202.1 203.0 204.2 205.2 205.9 206.3 206.7 206.7 206.5 206.7 207.0 207.0 207.6 207.7 208.0 208.0 208.3 208.4 208.0 208.5 209.0 209.0 209.3 210.0 209.8 209.1 209.0 209.3 209.7 209.9 209.8 209.9 209.6 209.3 209.2 209.2 209.2 209.3 209.5 209.8 209.9 210.0 210.2 210.9 210.9 210.9 210.9 210.9 210.8 210.5 210.2 210.1 210.1 210.2 210.2 210.2 210.1 210.1 210.1 210.1 210.1 210.1 210.3 210.4 210.4 210.5 210.7 210.8 210.8 210.8 210.8 210.8 210.8 210.9 210.9 210.9 210.9 210.9 210.9 210.9 210.8 210.9 210.9 210.7 210.7 210.7 210.7 210.7 210.7 210.7 210.3 210.3 210.2 210.2 210.2 210.2 210.2 210.1 210.1 210.1 210.1 210.1 210.1 210.1 210.2 210.2 210.2 210.7 210.8 210.8 210.8 210.8 210.9 210.9 210.9 210.8 210.7 210.2 210.1 210.1 210.1 210.7 210.8 210.8 211.5 211.6 211.6 211.1 211.8 15.0 17.0 17.0 16.5 16.5 16.6 16.5 16.5 16.9 17.0 17.0 17.0 17.0 17.0 18.0 19.3 20.0 21.0 21.6 22.5 23.2 23.8 23.6 23.3 23.8 24.2 24.9 25.8 26.9 28.0 29.0 30.0 30.8 31.5 32.7 33.6 34.5 35.5 36.5 37.5 38.5 39.5 40.3 41.3 42.3 43.3 44.3 45.4 46.5 47.5 48.5 49.5 50.5 51.5 52.7 53.7 54.7 55.7 56.8 57.8 58.8 59.8 60.7 61.5 62.6 63.7 64.7 65.7 66.7 67.8 68.8 69.8 70.8 71.8 72.8 73.8 74.8 76.0 77.0 78.2 79.3 80.3 81.3 82.3 83.3 84.3 85.3 86.3 87.3 88.6 89.6 90.6 91.6 92.6 93.6 94.6 95.6 96.6 97.6 98.8 99.8 100.8 101.8 102.8 103.8 104.8 105.8 107.0 108.1 109.3 110.3 111.3 112.3 113.3 114.5 115.5 116.5 117.5 118.6 119.6 120.6 121.6 122.6 123.6 124.6 125.6 126.6 127.6 128.6 129.6 130.6 131.6 132.6 133.6 134.6 135.8 136.8 138.1 139.3 140.5 141.5 142.5 143.5 144.5 144.9 145.8 146.8 147.8 148.9 149.7 38.0 1782153044.886384
186.0 187.0 188.0 189.0 190.0 191.0 192.0 192.6 193.5 194.5 195.5 196.5 197.5 198.0 198.5 199.0 199.0 199.2 199.9 200.3 201.0 202.0 203.0 204.1 205.1 205.9 206.3 206.7 206.7 206.6 206.7 207.0 207.0 207.6 207.7 208.0 208.0 208.3 208.4 208.0 208.5 209.0 209.0 209.3 210.0 209.8 209.1 209.0 209.3 209.7 209.9 209.8 209.9 209.6 209.3 209.2 209.2 209.2 209.3 209.5 209.8 209.9 210.0 210.2 210.9 210.9 210.8 210.8 210.8 210.8 210.6 210.2 210.2 210.2 210.2 210.2 210.1 210.1 210.1 210.1 210.1 210.1 210.1 210.3 210.3 210.3 210.5 210.7 210.8 210.8 210.8 210.8 210.8 210.8 210.9 210.9 210.9 210.9 210.9 210.9 210.9 210.9 210.9 210.9 210.7 210.7 210.7 210.7 210.7 210.7 210.7 210.4 210.3 210.3 210.2 210.2 210.2 210.1 210.1 210.1 210.1 210.1 210.1 210.1 210.1 210.2 210.2 210.2 210.6 210.8 210.8 210.8 210.8 210.9 210.9 210.9 210.8 210.7 210.3 210.1 210.1 210.1 210.6 210.7 210.8 211.4 211.5 211.6 211.2 211.8 15.0 17.0 17.0 16.5 16.5 16.6 16.5 16.5 17.0 17.1 17.1 17.0 17.0 17.0 18.0 19.3 20.0 21.0 21.6 22.5 23.2 23.8 23.6 23.3 23.8 24.2 24.9 25.8 27.0 28.0 29.0 30.0 30.8 31.6 32.7 33.5 34.5 35.5 36.5 37.5 38.5 39.5 40.3 41.3 42.3 43.3 44.3 45.4 46.5 47.5 48.5 49.5 50.5 51.5 52.7 53.7 54.7 55.7 56.8 57.8 58.8 59.8 60.7 61.5 62.6 63.7 64.7 65.7 66.7 67.8 68.8 69.8 70.8 71.8 72.8 73.8 74.8 76.0 77.0 78.2 79.3 80.3 81.3 82.3 83.3 84.3 85.3 86.3 87.3 88.6 89.6 90.6 91.6 92.6 93.6 94.6 95.6 96.6 97.6 98.8 99.8 100.8 101.8 102.8 103.8 104.8 105.8 107.0 108.1 109.3 110.3 111.3 112.3 113.3 114.5 115.5 116.5 117.5 118.6 119.6 120.6 121.6 122.6 123.6 124.6 125.6 126.6 127.6 128.6 129.6 130.6 131.6 132.6 133.6 134.6 135.8 136.8 138.1 139.3 140.5 141.5 142.5 143.5 144.5 145.0 145.9 146.9 147.9 148.9 149.7 39.0 1782153044.907090
186.0 187.0 188.0 189.0 190.0 191.0 192.0 192.6 193.5 194.5 195.5 196.5 197.5 198.0 198.5 199.0 199.0 199.2 199.9 200.3 201.0 202.0 203.0 204.1 205.1 205.9 206.3 206.6 206.7 206.6 206.8 207.0 207.0 207.6 207.7 208.0 208.0 208.3 208.4 208.0 208.5 209.0 209.0 209.3 210.0 209.8 209.1 209.0 209.3 209.8 209.9 209.8 209.9 209.6 209.3 209.2 209.2 209.1 209.3 209.5 209.8 209.9 210.0 210.3 210.9 210.9 210.9 210.8 210.8 210.8 210.5 210.2 210.2 210.2 210.2 210.2 210.1 210.1 210.1 210.1 210.1 210.1 210.1 210.3 210.4 210.4 210.5 210.7 210.8 210.8 210.8 210.8 210.8 210.8 210.9 210.9 210.9 210.9 210.9 210.9 210.9 210.9 210.9 210.9 210.8 210.7 210.7 210.7 210.7 210.6 210.7 210.3 210.3 210.2 210.2 210.2 210.2 210.1 210.1 210.1 210.1 210.1 210.1 210.1 210.1 210.2 210.2 210.2 210.7 210.8 210.8 210.8 210.8 210.9 210.9 210.9 210.8 210.7 210.3 210.1 210.1 210.1 210.6 210.7 210.8 211.4 211.5 211.6 211.2 211.8 15.0 17.0 17.0 16.5 16.5 16.6 16.5 16.5 16.9 17.0 17.0 17.0 17.0 17.0 18.0 19.3 20.0 21.0 21.6 22.5 23.2 23.8 23.6 23.4 23.8 24.2 24.9 25.8 27.0 28.0 29.0 30.0 30.8 31.6 32.7 33.6 34.5 35.5 36.5 37.5 38.5 39.5 40.3 41.3 42.3 43.3 44.3 45.4 46.5 47.5 48.5 49.5 50.5 51.5 52.7 53.7 54.7 55.7 56.8 57.8 58.8 59.8 60.7 61.5 62.6 63.7 64.7 65.7 66.7 67.8 68.8 69.8 70.8 71.8 72.8 73.8 74.8 76.0 77.0 78.2 79.3 80.3 81.3 82.3 83.3 84.3 85.3 86.3 87.3 88.6 89.6 90.6 91.6 92.6 93.6 94.6 95.7 96.7 97.7 98.8 99.8 100.8 101.8 102.8 103.8 104.8 105.8 107.0 108.1 109.3 110.3 111.3 112.3 113.3 114.6 115.6 116.6 117.6 118.6 119.6 120.6 121.6 122.6 123.7 124.7 125.7 126.7 127.7 128.7 129.7 130.7 131.7 132.7 133.7 134.7 135.8 136.8 138.1 139.3 140.6 141.6 142.6 143.5 144.5 145.0 146.0 147.0 147.9 148.9 149.8 40.0 1782153044.917191
186.0 187.0 188.0 189.0 190.0 191.0 192.0 192.7 193.5 194.5 195.5 196.5 197.5 198.0 198.5 199.0 199.0 199.2 199.9 200.3 201.1 202.1 203.0 204.2 205.2 205.9 206.3 206.7 206.7 206.6 206.8 207.0 207.0 207.6 207.7 208.0 208.0 208.3 208.3 208.0 208.5 209.0 209.0 209.4 210.0 209.8 209.1 209.0 209.3 209.8 209.9 209.8 209.9 209.6 209.3 209.2 209.2 209.1 209.2 209.6 209.8 209.9 210.0 210.3 210.9 210.9 210.9 210.9 210.9 210.8 210.5 210.2 210.2 210.1 210.2 210.2 210.1 210.1 210.2 210.1 210.1 210.1 210.2 210.3 210.4 210.4 210.6 210.7 210.8 210.8 210.7 210.8 210.8 210.8 210.8 210.9 210.9 210.9 210.9 210.9 210.9 210.8 210.9 210.9 210.8 210.8 210.8 210.8 210.7 210.7 210.7 210.4 210.4 210.3 210.2 210.2 210.2 210.1 210.1 210.1 210.1 210.1 210.1 210.1 210.1 210.2 210.2 210.2 210.6 210.7 210.8 210.8 210.8 210.9 210.9 210.9 210.8 210.7 210.3 210.1 210.1 210.1 210.6 210.7 210.7 211.4 211.5 211.6 211.2 211.8 15.0 17.0 17.0 16.5 16.5 16.5 16.5 16.5 16.9 17.0 17.0 17.0 17.0 17.0 18.0 19.3 20.0 21.0 21.7 22.5 23.2 23.8 23.6 23.3 23.8 24.2 24.9 25.8 27.0 28.0 29.0 30.0 30.8 31.6 32.8 33.6 34.5 35.5 36.5 37.5 38.5 39.5 40.4 41.4 42.4 43.4 44.4 45.5 46.5 47.5 48.5 49.5 50.5 51.5 52.8 53.8 54.8 55.8 56.8 57.8 58.8 59.8 60.7 61.5 62.6 63.8 64.8 65.8 66.8 67.8 68.8 69.8 70.8 71.8 72.8 73.8 74.8 76.0 77.0 78.2 79.3 80.3 81.3 82.3 83.3 84.3 85.4 86.4 87.4 88.6 89.6 90.6 91.6 92.6 93.6 94.6 95.7 96.7 97.7 98.8 99.8 100.8 101.8 102.8 103.8 104.8 105.8 107.0 108.1 109.3 110.3 111.3 112.3 113.3 114.6 115.6 116.6 117.6 118.6 119.6 120.6 121.6 122.6 123.7 124.7 125.7 126.7 127.7 128.7 129.7 130.7 131.7 132.7 133.7 134.7 135.8 136.8 138.1 139.4 140.6 141.6 142.6 143.5 144.5 145.1 146.0 147.0 147.9 148.9 149.8 41.0 1782153044.932536
186.0 187.0 188.0 189.0 190.0 191.0 192.0 192.7 193.5 194.5 195.5 196.5 197.5 198.0 198.5 199.0 199.0 199.2 199.9 200.3 201.1 202.1 203.0 204.2 205.2 205.9 206.3 206.6 206.7 206.6 206.8 207.0 207.0 207.6 207.7 208.0 208.0 208.3 208.3 208.0 208.5 209.0 209.0 209.4 210.0 209.8 209.1 209.0 209.3 209.7 209.9 209.8 209.9 209.6 209.3 209.2 209.2 209.1 209.2 209.5 209.8 209.9 210.0 210.3 210.9 210.9 210.9 210.9 210.9 210.8 210.5 210.2 210.2 210.1 210.2 210.2 210.1 210.1 210.2 210.1 210.1 210.1 210.2 210.3 210.4 210.4 210.5 210.7 210.8 210.7 210.7 210.8 210.8 210.8 210.8 210.9 210.9 210.9 210.9 210.9 210.9 210.8 210.9 210.9 210.8 210.8 210.8 210.8 210.7 210.7 210.7 210.4 210.4 210.3 210.2 210.2 210.2 210.1 210.1 210.1 210.1 210.1 210.1 210.1 210.1 210.2 210.2 210.2 210.6 210.7 210.8 210.8 210.8 210.9 210.9 210.9 210.8 210.7 210.3 210.1 210.1 210.1 210.6 210.6 210.7 211.4 211.5 211.6 211.2 211.8 15.0 17.0 17.0 16.5 16.5 16.5 16.5 16.5 16.8 16.9 16.9 17.0 17.0 17.0 18.0 19.3 20.0 21.0 21.7 22.5 23.2 23.8 23.6 23.4 23.9 24.3 24.9 25.8 27.0 28.0 29.0 30.0 30.8 31.6 32.8 33.6 34.5 35.5 36.5 37.5 38.5 39.5 40.4 41.4 42.4 43.4 44.4 45.5 46.5 47.5 48.5 49.5 50.5 51.5 52.8 53.8 54.8 55.8 56.8 57.8 58.8 59.8 60.7 61.6 62.6 63.8 64.8 65.8 66.8 67.8 68.8 69.8 70.8 71.8 72.8 73.8 74.8 76.0 77.0 78.2 79.4 80.4 81.4 82.4 83.4 84.4 85.4 86.4 87.4 88.6 89.6 90.6 91.6 92.6 93.6 94.6 95.7 96.7 97.7 98.8 99.8 100.8 101.8 102.8 103.8 104.8 105.8 107.0 108.1 109.4 110.4 111.4 112.4 113.4 114.6 115.6 116.6 117.6 118.6 119.6 120.6 121.6 122.6 123.7 124.7 125.7 126.7 127.7 128.7 129.7 130.7 131.7 132.7 133.7 134.7 135.8 136.8 138.1 139.4 140.6 141.6 142.6 143.6 144.6 145.1 146.1 147.1 148.0 148.9 149.8 42.0 1782153044.942958
186.0 187.0 188.0 189.0 190.0 191.0 192.0 192.7 193.6 194.6 195.6 196.6 197.6 198.0 198.6 199.0 199.0 199.2 199.9 200.3 201.1 202.1 203.0 204.2 205.2 205.9 206.3 206.6 206.7 206.6 206.8 207.0 207.0 207.6 207.8 208.0 208.0 208.4 208.3 208.0 208.6 209.0 209.0 209.4 210.0 209.8 209.1 209.0 209.3 209.7 209.9 209.8 209.9 209.6 209.4 209.2 209.2 209.1 209.2 209.5 209.8 209.9 210.0 210.3 210.9 210.9 210.9 210.9 210.9 210.8 210.5 210.2 210.1 210.1 210.2 210.2 210.1 210.1 210.1 210.1 210.2 210.2 210.2 210.3 210.4 210.4 210.6 210.7 210.8 210.7 210.8 210.8 210.8 210.8 210.9 210.9 210.9 210.8 210.8 210.8 210.8 210.8 210.8 210.9 210.7 210.7 210.7 210.7 210.7 210.6 210.7 210.4 210.4 210.3 210.2 210.3 210.3 210.2 210.1 210.1 210.1 210.1 210.1 210.1 210.1 210.2 210.2 210.2 210.6 210.7 210.8 210.8 210.8 210.9 210.9 210.9 210.8 210.7 210.4 210.1 210.0 210.1 210.5 210.6 210.7 211.4 211.4 211.5 211.2 211.8 15.0 16.9 16.9 16.5 16.5 16.5 16.5 16.5 16.8 16.9 16.9 16.9 17.0 17.1 18.0 19.4 20.0 21.0 21.7 22.6 23.3 23.8 23.6 23.4 23.9 24.3 24.9 25.8 27.0 28.0 29.0 30.0 30.8 31.6 32.8 33.6 34.6 35.6 36.6 37.6 38.6 39.6 40.4 41.4 42.4 43.4 44.4 45.5 46.6 47.6 48.6 49.6 50.6 51.6 52.8 53.8 54.8 55.8 56.8 57.8 58.8 59.8 60.8 61.6 62.6 63.8 64.8 65.8 66.8 67.8 68.8 69.8 70.8 71.8 72.8 73.8 74.8 76.0 77.0 78.2 79.4 80.4 81.4 82.4 83.4 84.4 85.4 86.4 87.4 88.7 89.7 90.7 91.7 92.7 93.7 94.7 95.7 96.7 97.7 98.8 99.8 100.8 101.8 102.8 103.8 104.8 105.8 107.0 108.2 109.4 110.4 111.4 112.4 113.4 114.6 115.6 116.6 117.6 118.7 119.7 120.7 121.7 122.7 123.7 124.7 125.7 126.7 127.7 128.7 129.7 130.7 131.7 132.7 133.7 134.7 135.8 136.8 138.1 139.4 140.6 141.6 142.6 143.6 144.6 145.2 146.1 147.1 148.0 149.0 149.8 43.0 1782153044.953464
186.0 187.0 188.0 189.0 190.0 191.0 192.0 192.7 193.5 194.5 195.5 196.5 197.5 198.0 198.5 199.0 199.0 199.2 199.9 200.3 201.1 202.1 203.0 204.1 205.1 205.9 206.3 206.6 206.7 206.6 206.8 207.0 207.0 207.7 207.8 208.0 208.0 208.4 208.3 208.0 208.5 209.0 209.0 209.4 210.0 209.8 209.1 209.0 209.2 209.7 209.9 209.8 209.9 209.6 209.3 209.2 209.2 209.1 209.3 209.5 209.8 209.9 210.0 210.4 210.9 210.9 210.8 210.8 210.8 210.7 210.5 210.2 210.2 210.2 210.2 210.2 210.2 210.2 210.1 210.1 210.2 210.2 210.2 210.3 210.4 210.4 210.5 210.7 210.7 210.7 210.7 210.7 210.7 210.8 210.9 210.9 210.9 210.8 210.8 210.8 210.8 210.8 210.8 210.9 210.8 210.7 210.7 210.7 210.7 210.7 210.7 210.4 210.4 210.3 210.2 210.2 210.2 210.2 210.1 210.1 210.1 210.1 210.1 210.1 210.1 210.1 210.1 210.2 210.5 210.7 210.8 210.8 210.8 210.9 210.9 210.9 210.9 210.8 210.3 210.1 210.0 210.1 210.5 210.6 210.7 211.3 211.4 211.6 211.2 211.8 15.0 16.9 16.9 16.5 16.5 16.6 16.5 16.5 16.8 16.9 16.9 16.9 17.0 17.1 18.0 19.3 20.0 21.0 21.7 22.5 23.3 23.8 23.6 23.4 23.9 24.3 24.9 25.8 27.0 28.0 29.0 30.0 30.8 31.6 32.8 33.7 34.5 35.5 36.5 37.5 38.5 39.5 40.4 41.4 42.4 43.4 44.4 45.5 46.5 47.5 48.5 49.5 50.5 51.5 52.8 53.8 54.8 55.8 56.8 57.8 58.8 59.8 60.7 61.6 62.6 63.8 64.8 65.8 66.8 67.8 68.8 69.8 70.8 71.8 72.8 73.8 74.8 76.0 77.0 78.2 79.4 80.4 81.4 82.4 83.4 84.4 85.4 86.4 87.4 88.7 89.7 90.7 91.7 92.7 93.7 94.7 95.7 96.7 97.7 98.8 99.8 100.8 101.8 102.8 103.8 104.8 105.8 107.0 108.2 109.4 110.4 111.4 112.4 113.4 114.6 115.6 116.6 117.6 118.7 119.7 120.7 121.7 122.7 123.7 124.7 125.7 126.7 127.7 128.7 129.7 130.7 131.7 132.7 133.7 134.7 135.8 136.8 138.1 139.4 140.6 141.6 142.6 143.6 144.6 145.2 146.1 147.1 148.0 149.0 149.9 44.0 1782153044.973889
186.0 187.0 188.0 189.0 190.0 191.0 192.0 192.7 193.6 194.6 195.6 196.6 197.6 198.0 198.6 199.0 199.0 199.2 199.9 200.2 201.1 202.1 203.0 204.1 205.1 205.9 206.2 206.6 206.7 206.6 206.8 207.0 207.0 207.6 207.8 208.0 208.0 208.4 208.3 208.0 208.6 209.0 209.0 209.4 210.0 209.8 209.1 209.0 209.2 209.7 209.9 209.8 209.9 209.6 209.3 209.2 209.2 209.1 209.2 209.5 209.8 209.9 210.0 210.3 210.8 210.9 210.8 210.8 210.8 210.7 210.5 210.2 210.2 210.2 210.2 210.2 210.2 210.2 210.1 210.1 210.1 210.2 210.2 210.4 210.4 210.4 210.6 210.7 210.7 210.7 210.7 210.8 210.8 210.8 210.9 210.9 210.9 210.9 210.8 210.8 210.8 210.8 210.8 210.8 210.7 210.7 210.7 210.7 210.6 210.6 210.6 210.4 210.4 210.3 210.2 210.2 210.2 210.2 210.1 210.1 210.2 210.2 210.2 210.2 210.1 210.2 210.2 210.2 210.6 210.7 210.8 210.8 210.8 210.8 210.8 210.8 210.8 210.7 210.3 210.1 210.1 210.1 210.5 210.6 210.6 211.3 211.3 211.5 211.2 211.8 15.0 17.0 17.0 16.5 16.5 16.5 16.5 16.5 16.8 16.9 16.9 17.0 17.0 17.0 18.0 19.4 20.0 21.0 21.7 22.6 23.3 23.9 23.7 23.4 23.9 24.3 24.9 25.8 27.0 28.0 29.0 30.0 30.8 31.6 32.8 33.7 34.6 35.6 36.6 37.6 38.6 39.6 40.4 41.4 42.4 43.4 44.4 45.5 46.6 47.6 48.6 49.6 50.6 51.6 52.8 53.8 54.8 55.8 56.8 57.8 58.8 59.8 60.7 61.6 62.6 63.8 64.8 65.8 66.8 67.8 68.8 69.8 70.8 71.8 72.8 73.8 74.8 76.0 77.0 78.2 79.4 80.4 81.4 82.4 83.4 84.4 85.4 86.4 87.4 88.7 89.7 90.7 91.7 92.7 93.7 94.7 95.7 96.7 97.7 98.8 99.8 100.8 101.8 102.8 103.8 104.8 105.8 107.0 108.2 109.4 110.4 111.4 112.4 113.4 114.7 115.7 116.7 117.7 118.7 119.7 120.7 121.7 122.7 123.7 124.7 125.7 126.7 127.7 128.7 129.7 130.7 131.7 132.7 133.7 134.7 135.8 136.8 138.1 139.4 140.7 141.7 142.7 143.6 144.6 145.2 146.2 147.2 148.1 149.0 149.9 45.0 1782153044.989647
186.0 187.0 188.0 189.0 190.0 191.0 192.0 192.7 193.6 194.6 195.6 196.6 197.6 198.0 198.6 199.0 199.0 199.2 199.9 200.2 201.1 202.1 203.0 204.1 205.1 205.9 206.2 206.6 206.7 206.7 206.8 207.0 207.0 207.6 207.8 208.0 208.0 208.5 208.3 208.0 208.6 209.0 209.0 209.5 210.0 209.9 209.1 209.0 209.2 209.6 209.9 209.9 209.9 209.6 209.4 209.2 209.1 209.1 209.2 209.5 209.8 209.9 210.0 210.4 210.9 210.9 210.8 210.8 210.8 210.7 210.5 210.2 210.2 210.2 210.2 210.2 210.1 210.2 210.1 210.1 210.2 210.2 210.3 210.4 210.5 210.5 210.6 210.7 210.8 210.7 210.7 210.8 210.8 210.8 210.9 210.9 210.9 210.8 210.8 210.8 210.8 210.8 210.8 210.8 210.7 210.7 210.7 210.7 210.6 210.6 210.6 210.4 210.4 210.4 210.3 210.3 210.3 210.2 210.2 210.2 210.2 210.2 210.2 210.2 210.1 210.2 210.2 210.2 210.5 210.7 210.8 210.8 210.8 210.9 210.9 210.9 210.8 210.7 210.4 210.2 210.1 210.1 210.5 210.6 210.6 211.3 211.3 211.5 211.2 211.8 15.0 16.9 16.9 16.5 16.5 16.6 16.5 16.5 16.8 16.8 16.8 16.9 17.0 17.1 18.0 19.4 20.0 21.0 21.7 22.6 23.3 23.9 23.7 23.4 24.0 24.4 24.9 25.9 27.0 28.0 29.0 30.0 30.9 31.7 32.8 33.7 34.6 35.6 36.6 37.6 38.6 39.6 40.5 41.5 42.5 43.5 44.5 45.5 46.6 47.6 48.6 49.6 50.6 51.6 52.8 53.8 54.8 55.8 56.9 57.9 58.9 59.9 60.7 61.6 62.6 63.8 64.8 65.8 66.8 67.9 68.9 69.9 70.9 71.9 72.9 73.9 74.9 76.0 77.0 78.2 79.4 80.4 81.4 82.4 83.4 84.4 85.5 86.5 87.5 88.7 89.7 90.7 91.7 92.7 93.7 94.7 95.8 96.8 97.8 98.9 99.9 100.9 101.9 102.9 103.9 104.9 105.9 107.0 108.2 109.4 110.4 111.4 112.4 113.4 114.7 115.7 116.7 117.7 118.7 119.7 120.7 121.7 122.7 123.8 124.8 125.8 126.8 127.8 128.8 129.8 130.8 131.8 132.8 133.8 134.8 135.9 136.9 138.1 139.5 140.7 141.7 142.7 143.7 144.6 145.3 146.2 147.2 148.1 149.1 149.9 46.0 1782153045.004730
186.0 187.0 188.0 189.0 190.0 191.0 192.0 192.7 193.6 194.6 195.6 196.6 197.6 198.0 198.6 199.0 199.0 199.2 199.9 200.3 201.1 202.1 203.1 204.2 205.2 205.9 206.3 206.6 206.7 206.7 206.8 207.0 207.0 207.7 207.8 208.0 208.0 208.4 208.3 208.0 208.6 209.0 209.0 209.5 210.0 209.9 209.1 209.0 209.2 209.7 209.9 209.9 209.9 209.6 209.3 209.2 209.1 209.1 209.2 209.5 209.8 209.9 210.0 210.4 210.9 210.9 210.9 210.9 210.9 210.7 210.5 210.2 210.2 210.1 210.2 210.2 210.1 210.2 210.2 210.1 210.2 210.2 210.3 210.4 210.5 210.5 210.6 210.7 210.8 210.7 210.7 210.7 210.7 210.8 210.8 210.9 210.9 210.8 210.8 210.8 210.8 210.7 210.8 210.8 210.7 210.7 210.7 210.7 210.6 210.6 210.6 210.4 210.4 210.4 210.3 210.3 210.3 210.2 210.2 210.2 210.2 210.2 210.2 210.2 210.1 210.2 210.2 210.2 210.5 210.7 210.8 210.8 210.8 210.9 210.9 210.9 210.8 210.7 210.4 210.2 210.1 210.1 210.5 210.6 210.6 211.2 211.3 211.5 211.2 211.8 15.0 16.9 16.9 16.5 16.5 16.5 16.5 16.5 16.8 16.8 16.8 16.9 17.0 17.1 18.0 19.4 20.0 21.0 21.7 22.6 23.3 23.9 23.6 23.4 24.0 24.3 24.9 25.9 27.0 28.0 29.0 30.0 30.9 31.7 32.8 33.7 34.6 35.6 36.6 37.6 38.6 39.6 40.5 41.5 42.5 43.5 44.5 45.6 46.6 47.6 48.6 49.6 50.6 51.6 52.8 53.8 54.8 55.8 56.9 57.9 58.9 59.9 60.8 61.6 62.7 63.8 64.8 65.8 66.8 67.9 68.9 69.9 70.9 71.9 72.9 73.9 74.9 76.0 77.0 78.2 79.5 80.5 81.5 82.5 83.5 84.5 85.5 86.5 87.5 88.7 89.7 90.7 91.7 92.7 93.7 94.7 95.8 96.8 97.8 98.9 99.9 100.9 101.9 102.9 103.9 104.9 105.9 107.0 108.2 109.5 110.5 111.5 112.5 113.5 114.7 115.7 116.7 117.7 118.7 119.7 120.7 121.7 122.7 123.8 124.8 125.8 126.8 127.8 128.8 129.8 130.8 131.8 132.8 133.8 134.8 135.9 136.9 138.1 139.5 140.7 141.7 142.7 143.7 144.7 145.3 146.2 147.2 148.2 149.1 149.9 47.0 1782153045.020442
186.0 187.0 188.0 189.0 190.0 191.0 192.0 192.8 193.6 194.6 195.6 196.6 197.6 198.0 198.6 199.0 199.0 199.2 199.9 200.3 201.1 202.1 203.1 204.2 205.2 205.9 206.3 206.6 206.7 206.6 206.8 207.0 207.0 207.7 207.8 208.0 208.0 208.4 208.3 208.0 208.6 209.0 209.0 209.5 210.0 209.9 209.1 209.0 209.2 209.7 209.9 209.9 209.9 209.6 209.3 209.1 209.1 209.1 209.3 209.5 209.9 209.9 210.0 210.4 210.9 210.9 210.8 210.8 210.8 210.6 210.4 210.2 210.2 210.2 210.2 210.2 210.2 210.2 210.2 210.2 210.3 210.3 210.3 210.4 210.5 210.5 210.6 210.7 210.7 210.7 210.7 210.7 210.7 210.7 210.8 210.8 210.8 210.7 210.7 210.7 210.7 210.7 210.8 210.8 210.7 210.7 210.7 210.7 210.6 210.6 210.6 210.4 210.4 210.4 210.3 210.3 210.3 210.2 210.2 210.2 210.2 210.2 210.2 210.2 210.1 210.2 210.2 210.2 210.5 210.7 210.8 210.7 210.7 210.8 210.8 210.8 210.8 210.8 210.4 210.2 210.1 210.2 210.5 210.5 210.6 211.2 211.2 211.5 211.2 211.8 15.0 16.9 16.9 16.5 16.5 16.6 16.5 16.5 16.8 16.9 16.9 16.9 17.0 17.1 18.0 19.4 20.0 21.0 21.7 22.6 23.3 23.9 23.7 23.4 23.9 24.3 24.9 25.9 27.0 28.0 29.0 30.0 30.9 31.6 32.8 33.7 34.6 35.6 36.6 37.6 38.6 39.6 40.5 41.5 42.5 43.5 44.5 45.5 46.6 47.6 48.6 49.6 50.6 51.6 52.8 53.8 54.8 55.8 56.9 57.9 58.9 59.9 60.7 61.6 62.6 63.8 64.8 65.8 66.8 67.9 68.9 69.9 70.9 71.9 72.9 73.9 74.9 76.0 77.0 78.2 79.4 80.4 81.4 82.4 83.4 84.4 85.5 86.5 87.5 88.7 89.7 90.7 91.7 92.7 93.7 94.7 95.8 96.8 97.8 98.9 99.9 100.9 101.9 102.9 103.9 104.9 105.9 107.0 108.2 109.4 110.4 111.4 112.4 113.4 114.7 115.7 116.7 117.7 118.7 119.7 120.7 121.7 122.7 123.8 124.8 125.8 126.8 127.8 128.8 129.8 130.8 131.8 132.8 133.8 134.8 135.9 136.9 138.1 139.5 140.7 141.7 142.7 143.7 144.7 145.3 146.3 147.3 148.2 149.1 149.9 48.0 1782153045.035737
186.0 187.0 188.0 189.0 190.0 191.0 192.0 192.8 193.5 194.5 195.5 196.5 197.5 198.0 198.5 199.0 199.0 199.2 199.9 200.2 201.1 202.1 203.1 204.2 205.2 205.9 206.2 206.6 206.7 206.6 206.8 207.0 207.0 207.7 207.8 208.0 208.0 208.4 208.4 208.0 208.5 209.0 209.0 209.4 210.0 209.9 209.1 209.0 209.2 209.6 209.9 209.9 209.9 209.6 209.4 209.1 209.1 209.1 209.2 209.5 209.9 209.9 210.0 210.4 210.9 210.9 210.8 210.8 210.8 210.6 210.4 210.2 210.2 210.2 210.2 210.2 210.2 210.2 210.2 210.2 210.3 210.3 210.3 210.4 210.5 210.5 210.6 210.7 210.7 210.7 210.7 210.7 210.7 210.7 210.8 210.8 210.8 210.7 210.7 210.7 210.7 210.7 210.7 210.8 210.7 210.7 210.7 210.7 210.6 210.6 210.6 210.4 210.4 210.4 210.3 210.3 210.3 210.2 210.2 210.2 210.2 210.2 210.2 210.2 210.1 210.2 210.2 210.3 210.6 210.7 210.8 210.7 210.7 210.8 210.8 210.8 210.7 210.7 210.5 210.3 210.2 210.2 210.5 210.5 210.5 211.1 211.2 211.4 211.2 211.8 15.0 16.9 16.9 16.5 16.5 16.6 16.5 16.5 16.9 16.9 16.9 16.9 17.0 17.1 18.0 19.3 20.0 21.0 21.7 22.5 23.3 23.8 23.6 23.4 23.9 24.3 24.9 25.9 27.0 28.0 29.0 30.0 30.9 31.6 32.8 33.6 34.5 35.5 36.5 37.5 38.5 39.5 40.4 41.4 42.4 43.4 44.4 45.5 46.5 47.5 48.5 49.5 50.5 51.5 52.8 53.8 54.8 55.8 56.9 57.9 58.9 59.9 60.7 61.6 62.6 63.8 64.8 65.8 66.8 67.9 68.9 69.9 70.9 71.9 72.9 73.9 74.9 76.0 77.0 78.2 79.4 80.4 81.4 82.4 83.4 84.4 85.4 86.4 87.4 88.8 89.8 90.8 91.8 92.8 93.8 94.8 95.8 96.8 97.8 98.9 99.9 100.9 101.9 102.9 103.9 104.9 105.9 107.0 108.2 109.4 110.4 111.4 112.4 113.4 114.7 115.7 116.7 117.7 118.8 119.8 120.8 121.8 122.8 123.8 124.8 125.8 126.8 127.8 128.8 129.8 130.8 131.8 132.8 133.8 134.8 135.9 136.9 138.1 139.4 140.7 141.7 142.7 143.7 144.7 145.4 146.3 147.3 148.3 149.2 149.9 49.0 1782153045.051347
186.0 187.0 188.0 189.0 190.0 191.0 192.0 192.8 193.5 194.5 195.5 196.5 197.5 198.0 198.5 199.0 199.0 199.2 199.9 200.2 201.1 202.1 203.1 204.1 205.1 205.9 206.2 206.6 206.8 206.6 206.8 207.0 207.0 207.7 207.8 208.0 208.0 208.4 208.4 208.0 208.5 209.0 209.0 209.4 210.0 209.9 209.1 209.0 209.2 209.6 209.9 209.8 209.9 209.6 209.4 209.2 209.2 209.1 209.2 209.5 209.8 209.9 210.0 210.4 210.8 210.9 210.8 210.8 210.8 210.7 210.4 210.2 210.2 210.2 210.2 210.2 210.2 210.2 210.2 210.2 210.2 210.3 210.3 210.4 210.5 210.5 210.6 210.7 210.8 210.7 210.7 210.7 210.7 210.8 210.8 210.8 210.8 210.8 210.8 210.7 210.7 210.7 210.8 210.8 210.7 210.7 210.7 210.7 210.6 210.6 210.6 210.4 210.4 210.4 210.4 210.4 210.4 210.2 210.2 210.2 210.2 210.2 210.2 210.2 210.1 210.2 210.2 210.3 210.5 210.7 210.7 210.7 210.7 210.7 210.7 210.7 210.7 210.7 210.4 210.2 210.2 210.2 210.5 210.5 210.6 211.1 211.2 211.4 211.1 211.8 15.0 16.9 16.9 16.4 16.4 16.6 16.6 16.6 17.0 17.0 17.0 16.9 17.0 17.1 18.0 19.3 20.0 21.0 21.7 22.5 23.3 23.8 23.6 23.4 23.9 24.3 24.9 25.9 27.0 28.0 29.0 30.0 30.9 31.6 32.8 33.6 34.5 35.5 36.5 37.5 38.5 39.5 40.4 41.4 42.4 43.4 44.4 45.5 46.5 47.5 48.5 49.5 50.5 51.5 52.8 53.8 54.8 55.8 56.9 57.9 58.9 59.9 60.7 61.6 62.6 63.8 64.8 65.8 66.8 67.9 68.9 69.9 70.9 71.9 72.9 73.9 74.9 76.0 77.0 78.2 79.4 80.4 81.4 82.4 83.4 84.4 85.4 86.4 87.4 88.7 89.7 90.7 91.7 92.7 93.7 94.7 95.8 96.8 97.8 98.9 99.9 100.9 101.9 102.9 103.9 104.9 105.9 107.0 108.2 109.4 110.4 111.4 112.4 113.4 114.7 115.7 116.7 117.7 118.7 119.7 120.7 121.7 122.7 123.8 124.8 125.8 126.8 127.8 128.8 129.8 130.8 131.8 132.8 133.8 134.8 135.9 136.9 138.1 139.4 140.7 141.7 142.7 143.7 144.7 145.4 146.3 147.3 148.2 149.2 149.9 50.0 1782153045.066859
186.0 187.0 188.0 189.0 190.0 191.0 192.0 192.8 193.5 194.5 195.5 196.5 197.5 198.0 198.5 199.0 199.0 199.2 199.9 200.2 201.1 202.1 203.1 204.1 205.1 205.9 206.2 206.6 206.8 206.6 206.8 207.0 207.0 207.7 207.8 208.0 208.0 208.4 208.4 208.0 208.5 209.0 209.0 209.4 210.0 209.9 209.1 209.0 209.2 209.6 209.8 209.8 209.9 209.6 209.4 209.2 209.2 209.2 209.2 209.5 209.8 209.8 210.0 210.3 210.8 210.8 210.8 210.8 210.8 210.7 210.5 210.2 210.2 210.2 210.2 210.2 210.2 210.2 210.2 210.2 210.2 210.2 210.3 210.4 210.4 210.4 210.5 210.6 210.8 210.7 210.7 210.7 210.7 210.8 210.8 210.8 210.8 210.8 210.8 210.8 210.8 210.7 210.8 210.8 210.7 210.7 210.7 210.7 210.6 210.6 210.7 210.5 210.5 210.5 210.4 210.4 210.4 210.3 210.2 210.2 210.2 210.2 210.2 210.2 210.1 210.2 210.2 210.2 210.5 210.6 210.7 210.6 210.6 210.7 210.7 210.7 210.7 210.6 210.4 210.2 210.2 210.2 210.5 210.6 210.6 211.1 211.2 211.4 211.1 211.7 15.0 16.9 16.9 16.5 16.5 16.6 16.5 16.5 16.9 16.9 16.9 16.9 17.0 17.1 18.0 19.4 20.0 21.0 21.7 22.5 23.3 23.8 23.6 23.4 23.9 24.3 24.9 25.9 27.0 28.0 29.0 30.0 30.9 31.6 32.8 33.6 34.5 35.5 36.5 37.5 38.5 39.5 40.5 41.5 42.5 43.5 44.5 45.5 46.5 47.5 48.5 49.5 50.5 51.5 52.8 53.8 54.8 55.8 56.9 57.9 58.9 59.9 60.8 61.6 62.6 63.8 64.8 65.8 66.8 67.9 68.9 69.9 70.9 71.9 72.9 73.9 74.9 76.0 77.0 78.2 79.4 80.4 81.4 82.4 83.4 84.4 85.5 86.5 87.5 88.7 89.7 90.7 91.7 92.7 93.7 94.7 95.8 96.8 97.8 98.9 99.9 100.9 101.9 102.9 103.9 104.9 105.9 107.0 108.2 109.4 110.4 111.4 112.4 113.4 114.7 115.7 116.7 117.7 118.7 119.7 120.7 121.7 122.7 123.8 124.8 125.8 126.8 127.8 128.8 129.8 130.8 131.8 132.8 133.8 134.8 135.9 136.9 138.1 139.4 140.7 141.7 142.7 143.6 144.6 145.3 146.3 147.3 148.2 149.1 149.9 51.0 1782153045.077089
186.0 187.0 188.0 189.0 190.0 191.0 192.0 192.8 193.6 194.6 195.6 196.6 197.6 198.0 198.6 199.0 199.0 199.2 199.9 200.3 201.1 202.1 203.1 204.2 205.2 205.9 206.3 206.6 206.7 206.6 206.8 207.0 207.0 207.7 207.8 208.0 208.0 208.4 208.4 208.0 208.6 209.0 209.0 209.4 210.0 209.9 209.2 209.1 209.2 209.5 209.8 209.7 209.8 209.7 209.5 209.3 209.3 209.2 209.2 209.4 209.7 209.8 210.0 210.3 210.7 210.8 210.8 210.8 210.8 210.6 210.4 210.2 210.2 210.2 210.2 210.2 210.2 210.3 210.2 210.2 210.3 210.3 210.3 210.4 210.5 210.5 210.6 210.6 210.8 210.7 210.7 210.7 210.7 210.7 210.8 210.8 210.8 210.7 210.7 210.7 210.7 210.7 210.7 210.7 210.7 210.7 210.7 210.7 210.6 210.6 210.6 210.4 210.4 210.4 210.4 210.4 210.4 210.2 210.2 210.2 210.3 210.3 210.3 210.3 210.2 210.2 210.2 210.3 210.5 210.6 210.7 210.7 210.6 210.7 210.7 210.7 210.7 210.7 210.4 210.3 210.2 210.2 210.5 210.5 210.5 211.0 211.1 211.3 211.1 211.6 15.0 16.9 16.9 16.5 16.5 16.6 16.5 16.5 16.9 16.9 16.9 16.9 17.0 17.1 18.0 19.3 20.0 21.0 21.7 22.6 23.3 23.8 23.6 23.4 23.9 24.3 24.9 25.9 27.0 28.0 29.0 30.0 30.9 31.6 32.8 33.6 34.6 35.6 36.6 37.6 38.6 39.6 40.5 41.5 42.5 43.5 44.5 45.5 46.6 47.6 48.6 49.6 50.6 51.6 52.8 53.8 54.8 55.8 56.9 57.9 58.9 59.9 60.8 61.6 62.6 63.8 64.8 65.8 66.8 67.9 68.9 69.9 70.9 71.9 72.9 73.9 74.9 76.0 77.0 78.1 79.4 80.4 81.4 82.4 83.4 84.4 85.5 86.5 87.5 88.7 89.7 90.7 91.7 92.7 93.7 94.7 95.8 96.8 97.8 98.9 99.9 100.9 101.9 102.9 103.9 104.9 105.9 107.0 108.2 109.4 110.4 111.4 112.4 113.4 114.6 115.6 116.6 117.6 118.7 119.7 120.7 121.7 122.7 123.8 124.8 125.8 126.8 127.8 128.8 129.8 130.8 131.8 132.8 133.8 134.8 135.9 136.9 138.1 139.4 140.6 141.6 142.6 143.6 144.6 145.3 146.3 147.3 148.2 149.1 150.0 52.0 1782153045.097768
186.0 187.0 188.0 189.0 190.0 191.0 192.0 192.8 193.6 194.6 195.6 196.6 197.6 198.0 198.6 199.0 199.0 199.1 199.9 200.3 201.2 202.1 203.2 204.2 205.2 205.9 206.3 206.7 206.7 206.6 206.8 207.0 207.0 207.6 207.8 208.0 208.0 208.4 208.4 208.0 208.6 209.0 209.0 209.4 210.0 209.9 209.2 209.1 209.2 209.5 209.8 209.7 209.8 209.7 209.5 209.3 209.3 209.3 209.2 209.4 209.7 209.8 210.0 210.3 210.7 210.7 210.9 210.9 210.9 210.6 210.4 210.2 210.2 210.1 210.3 210.3 210.2 210.3 210.3 210.2 210.3 210.3 210.4 210.4 210.5 210.5 210.6 210.7 210.8 210.7 210.6 210.7 210.7 210.7 210.7 210.8 210.8 210.7 210.7 210.7 210.7 210.7 210.7 210.7 210.6 210.6 210.6 210.6 210.6 210.6 210.6 210.4 210.4 210.4 210.3 210.3 210.3 210.2 210.2 210.3 210.3 210.3 210.3 210.3 210.2 210.3 210.3 210.3 210.6 210.7 210.7 210.7 210.7 210.7 210.7 210.7 210.7 210.7 210.5 210.3 210.3 210.3 210.5 210.5 210.5 211.0 211.0 211.2 211.0 211.5 15.0 16.9 16.9 16.5 16.5 16.6 16.5 16.5 16.8 16.8 16.8 16.9 17.0 17.1 18.0 19.3 20.0 21.0 21.8 22.6 23.3 23.7 23.5 23.3 23.9 24.3 24.9 25.9 27.0 28.0 29.0 30.0 30.9 31.6 32.8 33.7 34.6 35.6 36.6 37.6 38.6 39.6 40.5 41.5 42.5 43.5 44.5 45.6 46.6 47.6 48.6 49.6 50.6 51.6 52.8 53.8 54.8 55.8 56.9 57.9 58.9 59.9 60.8 61.6 62.6 63.8 64.8 65.8 66.8 67.9 68.9 69.9 70.9 71.9 72.9 73.9 74.9 76.0 77.0 78.1 79.3 80.3 81.3 82.3 83.3 84.3 85.5 86.5 87.5 88.8 89.8 90.8 91.8 92.8 93.8 94.8 95.8 96.8 97.8 98.9 99.9 100.9 101.9 102.9 103.9 104.9 105.9 107.0 108.2 109.3 110.3 111.3 112.3 113.3 114.6 115.6 116.6 117.6 118.8 119.8 120.8 121.8 122.8 123.8 124.8 125.8 126.8 127.8 128.8 129.8 130.8 131.8 132.8 133.8 134.8 135.9 136.9 138.1 139.4 140.6 141.6 142.6 143.6 144.6 145.3 146.3 147.3 148.2 149.1 150.0 53.0 1782153045.112892
186.0 187.0 188.0 189.0 190.0 191.0 192.0 192.8 193.6 194.6 195.6 196.6 197.6 198.0 198.6 199.0 199.0 199.1 199.9 200.3 201.2 202.1 203.2 204.2 205.2 205.9 206.3 206.7 206.7 206.7 206.8 207.0 207.0 207.6 207.8 208.0 208.0 208.3 208.4 208.0 208.6 209.0 209.0 209.4 210.0 209.9 209.3 209.1 209.1 209.5 209.8 209.7 209.8 209.7 209.5 209.3 209.3 209.3 209.2 209.4 209.7 209.8 210.0 210.3 210.7 210.7 210.9 210.9 210.9 210.6 210.4 210.2 210.2 210.1 210.3 210.3 210.2 210.3 210.3 210.2 210.3 210.3 210.4 210.4 210.5 210.5 210.6 210.6 210.8 210.8 210.7 210.7 210.7 210.7 210.7 210.8 210.8 210.7 210.7 210.7 210.7 210.7 210.7 210.7 210.6 210.6 210.6 210.6 210.6 210.6 210.6 210.5 210.4 210.4 210.4 210.4 210.4 210.3 210.1 210.3 210.3 210.3 210.3 210.3 210.2 210.3 210.3 210.3 210.5 210.6 210.7 210.6 210.6 210.7 210.7 210.7 210.7 210.7 210.4 210.3 210.2 210.3 210.5 210.5 210.5 211.0 211.0 211.2 211.0 211.5 15.0 16.9 16.9 16.5 16.5 16.6 16.5 16.5 16.9 16.9 16.9 16.9 17.0 17.1 18.0 19.3 20.0 21.0 21.7 22.6 23.3 23.7 23.5 23.3 23.9 24.3 24.9 25.9 27.0 28.0 29.0 30.0 30.9 31.6 32.8 33.6 34.6 35.6 36.6 37.6 38.6 39.6 40.5 41.5 42.5 43.5 44.5 45.5 46.6 47.6 48.6 49.6 50.6 51.6 52.8 53.8 54.8 55.8 56.9 57.9 58.9 59.9 60.7 61.6 62.6 63.8 64.8 65.8 66.8 67.9 68.9 69.9 70.9 71.9 72.9 73.9 74.9 76.0 77.0 78.1 79.3 80.3 81.3 82.3 83.3 84.3 85.5 86.5 87.5 88.7 89.7 90.7 91.7 92.7 93.7 94.7 95.8 96.8 97.8 98.9 99.9 100.9 101.9 102.9 103.9 104.9 105.9 107.0 108.2 109.3 110.3 111.3 112.3 113.3 114.6 115.6 116.6 117.6 118.7 119.7 120.7 121.7 122.7 123.8 124.8 125.8 126.8 127.8 128.8 129.8 130.8 131.8 132.8 133.8 134.8 135.9 136.9 138.1 139.3 140.6 141.6 142.6 143.5 144.5 145.3 146.2 147.2 148.2 149.1 150.0 54.0 1782153045.128553
186.0 187.0 188.0 189.0 190.0 191.0 192.0 192.7 193.5 194.5 195.5 196.5 197.5 198.0 198.5 199.0 199.0 199.1 199.9 200.3 201.2 202.1 203.1 204.2 205.2 205.9 206.3 206.7 206.7 206.7 206.8 207.0 207.0 207.6 207.8 208.0 208.0 208.3 208.3 208.0 208.5 209.0 209.0 209.4 210.0 209.9 209.3 209.1 209.1 209.6 209.8 209.7 209.8 209.7 209.4 209.3 209.3 209.2 209.2 209.4 209.7 209.8 210.0 210.3 210.7 210.8 210.9 210.9 210.9 210.6 210.5 210.2 210.1 210.1 210.2 210.2 210.2 210.3 210.2 210.2 210.3 210.3 210.3 210.4 210.5 210.5 210.5 210.6 210.8 210.8 210.7 210.7 210.7 210.7 210.8 210.8 210.8 210.7 210.7 210.7 210.7 210.7 210.7 210.7 210.7 210.7 210.7 210.7 210.6 210.6 210.6 210.5 210.5 210.5 210.4 210.4 210.4 210.3 210.1 210.2 210.3 210.3 210.3 210.3 210.2 210.2 210.2 210.3 210.5 210.6 210.6 210.6 210.6 210.7 210.7 210.7 210.6 210.6 210.4 210.3 210.2 210.2 210.5 210.5 210.6 211.0 211.0 211.2 211.0 211.5 15.0 16.9 16.9 16.5 16.5 16.6 16.5 16.5 16.9 16.9 16.9 16.9 17.0 17.1 18.0 19.3 20.0 21.0 21.7 22.5 23.3 23.6 23.5 23.3 23.9 24.3 24.9 25.9 27.0 28.0 29.0 30.0 30.9 31.6 32.7 33.6 34.5 35.5 36.5 37.5 38.5 39.5 40.5 41.5 42.5 43.5 44.5 45.5 46.5 47.5 48.5 49.5 50.5 51.5 52.7 53.7 54.7 55.7 56.9 57.9 58.9 59.9 60.7 61.6 62.6 63.7 64.7 65.7 66.7 67.9 68.9 69.9 70.9 71.9 72.9 73.9 74.9 76.0 77.0 78.1 79.3 80.3 81.3 82.3 83.3 84.3 85.5 86.5 87.5 88.7 89.7 90.7 91.7 92.7 93.7 94.7 95.8 96.8 97.8 98.9 99.9 100.9 101.9 102.9 103.9 104.9 105.9 107.0 108.2 109.3 110.3 111.3 112.3 113.3 114.5 115.5 116.5 117.5 118.7 119.7 120.7 121.7 122.7 123.8 124.8 125.8 126.8 127.8 128.8 129.8 130.8 131.8 132.8 133.8 134.8 135.9 136.9 138.1 139.3 140.5 141.5 142.5 143.5 144.5 145.3 146.2 147.2 148.2 149.1 150.0 55.0 1782153045.138647
186.0 187.0 188.0 189.0 190.0 191.0 192.0 192.7 193.6 194.6 195.6 196.6 197.6 198.0 198.6 199.0 199.0 199.1 199.9 200.3 201.2 202.1 203.2 204.3 205.3 205.9 206.3 206.7 206.7 206.7 206.8 207.0 207.0 207.6 207.8 208.0 208.0 208.3 208.3 208.0 208.6 209.0 209.0 209.3 210.0 209.9 209.3 209.2 209.1 209.5 209.7 209.7 209.8 209.7 209.5 209.3 209.3 209.3 209.2 209.3 209.7 209.7 210.0 210.3 210.7 210.7 210.9 210.9 210.9 210.6 210.4 210.2 210.1 210.1 210.3 210.3 210.3 210.3 210.3 210.3 210.3 210.3 210.4 210.4 210.5 210.5 210.6 210.6 210.8 210.8 210.6 210.7 210.7 210.7 210.7 210.7 210.7 210.7 210.7 210.7 210.7 210.6 210.7 210.7 210.6 210.6 210.6 210.6 210.6 210.6 210.6 210.5 210.4 210.4 210.4 210.4 210.4 210.3 210.1 210.3 210.3 210.3 210.3 210.3 210.2 210.3 210.3 210.3 210.5 210.6 210.7 210.6 210.6 210.7 210.7 210.7 210.7 210.6 210.5 210.3 210.3 210.3 210.5 210.5 210.5 210.9 211.0 211.1 211.0 211.4 15.0 16.9 16.9 16.5 16.5 16.6 16.5 16.5 16.9 16.9 16.9 16.9 17.0 17.1 18.0 19.3 20.0 21.0 21.7 22.6 23.2 23.6 23.5 23.3 23.9 24.2 24.9 25.9 27.0 28.0 29.0 30.0 30.9 31.6 32.8 33.6 34.6 35.6 36.6 37.6 38.6 39.6 40.5 41.5 42.5 43.5 44.5 45.5 46.6 47.6 48.6 49.6 50.6 51.6 52.8 53.8 54.8 55.8 56.9 57.9 58.9 59.9 60.7 61.6 62.6 63.8 64.8 65.8 66.8 67.9 68.9 69.9 70.9 71.9 72.9 73.9 74.9 76.0 77.0 78.1 79.3 80.3 81.3 82.3 83.3 84.3 85.5 86.5 87.5 88.7 89.7 90.7 91.7 92.7 93.7 94.7 95.9 96.9 97.9 98.9 99.9 100.9 101.9 102.9 103.9 104.9 105.9 107.0 108.1 109.3 110.3 111.3 112.3 113.3 114.5 115.5 116.5 117.5 118.7 119.7 120.7 121.7 122.7 123.9 124.9 125.9 126.9 127.9 128.9 129.9 130.9 131.9 132.9 133.9 134.9 135.9 136.9 138.1 139.3 140.5 141.5 142.5 143.5 144.5 145.3 146.2 147.2 148.2 149.1 150.1 56.0 1782153045.154125
186.0 187.0 188.0 189.0 190.0 191.0 192.0 192.7 193.5 194.5 195.5 196.5 197.5 198.0 198.5 199.0 199.0 199.1 199.9 200.3 201.2 202.1 203.2 204.2 205.2 205.9 206.3 206.7 206.7 206.7 206.8 207.0 207.0 207.5 207.8 208.0 208.0 208.3 208.3 208.0 208.5 209.0 209.0 209.3 210.0 209.9 209.4 209.1 209.1 209.6 209.7 209.7 209.8 209.7 209.4 209.3 209.3 209.3 209.2 209.3 209.7 209.7 210.0 210.2 210.7 210.7 210.9 210.9 210.9 210.6 210.5 210.2 210.1 210.1 210.3 210.3 210.3 210.3 210.3 210.3 210.3 210.3 210.4 210.4 210.5 210.5 210.5 210.6 210.8 210.8 210.7 210.7 210.7 210.7 210.7 210.7 210.7 210.7 210.7 210.7 210.7 210.7 210.7 210.7 210.6 210.6 210.6 210.6 210.6 210.6 210.6 210.5 210.5 210.5 210.4 210.4 210.4 210.3 210.1 210.3 210.3 210.3 210.3 210.3 210.2 210.3 210.3 210.3 210.5 210.6 210.6 210.6 210.6 210.6 210.6 210.6 210.6 210.6 210.4 210.3 210.3 210.3 210.5 210.5 210.6 210.9 211.0 211.1 211.0 211.4 15.0 16.9 16.9 16.5 16.5 16.6 16.5 16.5 16.9 17.0 17.0 16.9 17.0 17.1 18.0 19.3 20.0 21.0 21.7 22.5 23.2 23.6 23.4 23.3 23.9 24.2 24.9 25.9 27.0 28.0 29.0 30.0 30.9 31.6 32.7 33.6 34.5 35.5 36.5 37.5 38.5 39.5 40.5 41.5 42.5 43.5 44.5 45.5 46.5 47.5 48.5 49.5 50.5 51.5 52.7 53.7 54.7 55.7 56.9 57.9 58.9 59.9 60.7 61.6 62.6 63.7 64.7 65.7 66.7 67.9 68.9 69.9 70.9 71.9 72.9 73.9 74.9 76.0 77.0 78.1 79.3 80.3 81.3 82.3 83.3 84.3 85.5 86.5 87.5 88.7 89.7 90.7 91.7 92.7 93.7 94.7 95.9 96.9 97.9 98.9 99.9 100.9 101.9 102.9 103.9 104.9 105.9 107.0 108.1 109.3 110.3 111.3 112.3 113.3 114.5 115.5 116.5 117.5 118.7 119.7 120.7 121.7 122.7 123.9 124.9 125.9 126.9 127.9 128.9 129.9 130.9 131.9 132.9 133.9 134.9 135.9 136.9 138.1 139.3 140.5 141.5 142.5 143.5 144.5 145.2 146.2 147.2 148.2 149.1 150.1 57.0 1782153045.164374
186.0 187.0 188.0 189.0 190.0 191.0 192.0 192.7 193.5 194.5 195.5 196.5 197.5 198.0 198.5 199.0 199.0 199.1 199.9 200.3 201.2 202.1 203.2 204.2 205.2 205.9 206.3 206.7 206.7 206.7 206.8 207.0 207.0 207.5 207.9 208.0 208.0 208.3 208.3 208.0 208.5 209.0 209.0 209.4 210.0 209.9 209.3 209.1 209.1 209.5 209.7 209.7 209.8 209.8 209.5 209.3 209.3 209.3 209.2 209.3 209.7 209.7 210.0 210.2 210.7 210.7 210.9 210.9 210.9 210.6 210.5 210.2 210.1 210.1 210.3 210.3 210.2 210.3 210.3 210.2 210.3 210.3 210.3 210.4 210.4 210.4 210.5 210.6 210.8 210.8 210.7 210.7 210.7 210.7 210.7 210.8 210.8 210.7 210.7 210.7 210.7 210.7 210.7 210.7 210.7 210.7 210.7 210.7 210.6 210.6 210.6 210.5 210.5 210.5 210.4 210.4 210.4 210.4 210.1 210.3 210.3 210.3 210.3 210.3 210.2 210.3 210.3 210.3 210.5 210.6 210.6 210.6 210.6 210.6 210.6 210.6 210.6 210.6 210.4 210.3 210.2 210.3 210.5 210.6 210.6 210.9 211.0 211.1 211.0 211.4 15.0 16.9 16.9 16.5 16.5 16.6 16.5 16.5 16.9 16.9 16.9 16.9 17.0 17.1 18.0 19.3 20.0 21.0 21.7 22.6 23.3 23.6 23.5 23.3 23.9 24.3 25.0 25.9 27.0 28.0 29.0 30.0 30.9 31.6 32.7 33.6 34.5 35.5 36.5 37.5 38.5 39.5 40.5 41.5 42.5 43.5 44.5 45.5 46.5 47.5 48.5 49.5 50.5 51.5 52.7 53.7 54.7 55.7 56.9 57.9 58.9 59.9 60.7 61.6 62.6 63.7 64.7 65.7 66.7 67.9 68.9 69.9 70.9 71.9 72.9 73.9 74.9 76.0 77.0 78.1 79.3 80.3 81.3 82.3 83.3 84.3 85.5 86.5 87.5 88.7 89.7 90.7 91.7 92.7 93.7 94.7 95.9 96.9 97.9 98.9 99.9 100.9 101.9 102.9 103.9 104.9 105.9 107.0 108.1 109.3 110.3 111.3 112.3 113.3 114.5 115.5 116.5 117.5 118.7 119.7 120.7 121.7 122.7 123.9 124.9 125.9 126.9 127.9 128.9 129.9 130.9 131.9 132.9 133.9 134.9 135.9 136.9 138.1 139.3 140.5 141.5 142.5 143.4 144.4 145.2 146.2 147.2 148.2 149.1 150.1 58.0 1782153045.179974
186.0 187.0 188.0 189.0 190.0 191.0 192.0 192.7 193.5 194.5 195.5 196.5 197.5 198.0 198.5 199.0 199.0 199.1 199.9 200.3 201.2 202.1 203.2 204.2 205.2 205.9 206.3 206.7 206.7 206.7 206.8 207.0 207.0 207.6 207.8 208.0 208.0 208.3 208.4 208.0 208.5 209.0 209.0 209.3 210.0 209.9 209.4 209.1 209.1 209.5 209.7 209.6 209.7 209.8 209.5 209.4 209.4 209.3 209.1 209.3 209.6 209.7 210.0 210.2 210.6 210.7 210.9 210.9 210.9 210.7 210.5 210.2 210.1 210.1 210.2 210.2 210.2 210.3 210.2 210.2 210.3 210.3 210.3 210.4 210.4 210.4 210.5 210.5 210.8 210.8 210.7 210.7 210.7 210.7 210.8 210.8 210.8 210.7 210.7 210.7 210.7 210.7 210.7 210.7 210.7 210.7 210.7 210.7 210.6 210.6 210.6 210.5 210.5 210.5 210.5 210.5 210.5 210.4 210.1 210.2 210.3 210.3 210.3 210.3 210.2 210.2 210.2 210.3 210.5 210.5 210.6 210.5 210.5 210.6 210.6 210.6 210.6 210.6 210.4 210.3 210.2 210.2 210.4 210.6 210.6 210.9 211.0 211.1 211.0 211.4 15.0 17.0 17.0 16.5 16.5 16.6 16.5 16.5 16.9 17.0 17.0 17.0 17.0 17.0 18.0 19.3 20.0 21.0 21.7 22.5 23.2 23.6 23.4 23.3 23.9 24.3 25.0 25.9 27.0 28.0 29.0 30.0 30.9 31.6 32.7 33.6 34.5 35.5 36.5 37.5 38.5 39.5 40.5 41.5 42.5 43.5 44.5 45.5 46.5 47.5 48.5 49.5 50.5 51.5 52.7 53.7 54.7 55.7 56.9 57.9 58.9 59.9 60.7 61.6 62.6 63.7 64.7 65.7 66.7 67.9 68.9 69.9 70.9 71.9 72.9 73.9 74.9 76.0 77.0 78.1 79.2 80.2 81.2 82.2 83.2 84.2 85.5 86.5 87.5 88.6 89.6 90.6 91.6 92.6 93.6 94.6 95.9 96.9 97.9 98.9 99.9 100.9 101.9 102.9 103.9 104.9 105.9 107.0 108.1 109.2 110.2 111.2 112.2 113.2 114.4 115.4 116.4 117.4 118.6 119.6 120.6 121.6 122.6 123.9 124.9 125.9 126.9 127.9 128.9 129.9 130.9 131.9 132.9 133.9 134.9 135.9 136.9 138.1 139.3 140.4 141.4 142.4 143.4 144.4 145.2 146.2 147.2 148.2 149.1 150.1 59.0 1782153045.190229
186.0 187.0 188.0 189.0 190.0 191.0 192.0 192.8 193.5 194.5 195.5 196.5 197.5 198.0 198.5 199.0 199.0 199.1 200.0 200.3 201.2 202.1 203.2 204.2 205.2 206.0 206.3 206.7 206.7 206.7 206.8 207.0 207.0 207.6 207.8 208.0 208.0 208.3 208.4 208.0 208.5 209.0 209.0 209.3 210.0 209.9 209.4 209.1 209.1 209.5 209.6 209.6 209.7 209.8 209.5 209.4 209.4 209.4 209.1 209.3 209.6 209.6 210.0 210.2 210.6 210.6 210.9 210.9 210.9 210.7 210.5 210.2 210.1 210.1 210.2 210.2 210.2 210.2 210.2 210.2 210.3 210.3 210.3 210.4 210.4 210.4 210.5 210.5 210.9 210.8 210.7 210.7 210.7 210.7 210.8 210.8 210.8 210.7 210.7 210.7 210.7 210.7 210.7 210.7 210.7 210.7 210.7 210.7 210.7 210.7 210.7 210.6 210.5 210.5 210.5 210.5 210.5 210.4 210.1 210.2 210.3 210.3 210.3 210.2 210.2 210.2 210.2 210.3 210.4 210.5 210.5 210.5 210.5 210.6 210.6 210.6 210.5 210.5 210.4 210.3 210.2 210.2 210.4 210.6 210.6 210.9 211.0 211.1 211.0 211.3 15.0 17.0 17.0 16.4 16.4 16.6 16.6 16.6 17.0 17.0 17.0 17.0 17.0 17.0 18.0 19.3 20.0 21.0 21.7 22.5 23.2 23.5 23.4 23.3 24.0 24.2 25.0 25.9 27.0 28.0 29.0 30.0 30.9 31.5 32.7 33.5 34.5 35.5 36.5 37.5 38.5 39.5 40.4 41.4 42.4 43.4 44.4 45.5 46.5 47.5 48.5 49.5 50.5 51.5 52.7 53.7 54.7 55.7 56.9 57.9 58.9 59.9 60.7 61.6 62.5 63.7 64.7 65.7 66.7 67.9 68.9 69.9 70.9 71.9 72.9 73.9 74.9 76.0 77.0 78.1 79.2 80.2 81.2 82.2 83.2 84.2 85.4 86.4 87.4 88.6 89.6 90.6 91.6 92.6 93.6 94.6 95.9 96.9 97.9 98.9 99.9 100.9 101.9 102.9 103.9 104.9 105.9 107.0 108.1 109.2 110.2 111.2 112.2 113.2 114.4 115.4 116.4 117.4 118.6 119.6 120.6 121.6 122.6 123.9 124.9 125.9 126.9 127.9 128.9 129.9 130.9 131.9 132.9 133.9 134.9 135.9 136.9 138.1 139.3 140.4 141.4 142.4 143.4 144.4 145.2 146.2 147.2 148.1 149.1 150.1 60.0 1782153045.210734
186.0 187.0 188.0 189.0 190.0 191.0 192.0 192.7 193.5 194.5 195.5 196.5 197.5 198.0 198.5 199.0 199.0 199.1 200.0 200.2 201.2 202.1 203.2 204.2 205.2 206.0 206.2 206.7 206.7 206.7 206.8 207.0 207.0 207.6 207.8 208.0 208.0 208.3 208.4 208.0 208.5 209.0 209.0 209.3 210.0 209.9 209.4 209.1 209.1 209.5 209.7 209.6 209.7 209.8 209.5 209.4 209.4 209.4 209.1 209.3 209.6 209.7 210.0 210.2 210.6 210.6 210.9 210.9 210.9 210.7 210.6 210.2 210.1 210.1 210.2 210.2 210.2 210.2 210.2 210.2 210.3 210.3 210.3 210.3 210.4 210.4 210.4 210.5 210.9 210.8 210.7 210.7 210.7 210.7 210.8 210.8 210.8 210.7 210.7 210.7 210.7 210.7 210.7 210.8 210.7 210.7 210.7 210.7 210.7 210.7 210.7 210.6 210.6 210.6 210.5 210.5 210.5 210.4 210.1 210.2 210.2 210.2 210.2 210.2 210.2 210.2 210.2 210.3 210.4 210.5 210.5 210.5 210.5 210.5 210.5 210.5 210.5 210.5 210.4 210.3 210.2 210.2 210.4 210.6 210.6 210.9 211.0 211.1 211.0 211.3 15.0 17.0 17.0 16.4 16.4 16.7 16.6 16.6 17.0 17.1 17.1 17.0 17.0 17.0 18.0 19.3 20.0 21.0 21.7 22.5 23.2 23.5 23.4 23.3 24.0 24.2 25.0 25.9 27.0 28.0 29.0 30.0 30.9 31.5 32.6 33.5 34.5 35.5 36.5 37.5 38.5 39.5 40.4 41.4 42.4 43.4 44.4 45.5 46.5 47.5 48.5 49.5 50.5 51.5 52.6 53.6 54.6 55.6 56.9 57.9 58.9 59.9 60.7 61.6 62.5 63.6 64.6 65.6 66.6 67.9 68.9 69.9 70.9 71.9 72.9 73.9 74.9 76.0 77.0 78.1 79.2 80.2 81.2 82.2 83.2 84.2 85.4 86.4 87.4 88.6 89.6 90.6 91.6 92.6 93.6 94.6 95.9 96.9 97.9 98.9 99.9 100.9 101.9 102.9 103.9 104.9 105.9 107.0 108.1 109.2 110.2 111.2 112.2 113.2 114.4 115.4 116.4 117.4 118.6 119.6 120.6 121.6 122.6 123.9 124.9 125.9 126.9 127.9 128.9 129.9 130.9 131.9 132.9 133.9 134.9 135.9 136.9 138.1 139.2 140.4 141.4 142.4 143.4 144.4 145.2 146.2 147.2 148.1 149.1 150.1 61.0 1782153045.226175
186.0 187.0 188.0 189.0 190.0 191.0 192.0 192.7 193.5 194.5 195.5 196.5 197.5 198.0 198.5 199.0 199.0 199.1 200.0 200.3 201.2 202.0 203.2 204.2 205.2 206.0 206.3 206.7 206.7 206.7 206.8 207.0 207.0 207.5 207.8 208.0 208.0 208.3 208.4 208.0 208.5 209.0 209.0 209.3 210.0 209.9 209.5 209.2 209.1 209.5 209.6 209.6 209.7 209.8 209.5 209.4 209.4 209.4 209.1 209.3 209.6 209.6 210.0 210.2 210.6 210.6 210.9 210.9 210.9 210.7 210.5 210.2 210.1 210.1 210.3 210.3 210.3 210.3 210.3 210.3 210.3 210.3 210.3 210.4 210.4 210.4 210.5 210.5 210.9 210.8 210.7 210.7 210.7 210.7 210.7 210.7 210.7 210.7 210.7 210.7 210.7 210.7 210.7 210.7 210.7 210.7 210.7 210.7 210.6 210.6 210.6 210.5 210.5 210.5 210.5 210.5 210.5 210.4 210.1 210.3 210.3 210.3 210.3 210.3 210.2 210.3 210.3 210.3 210.4 210.5 210.5 210.5 210.5 210.6 210.6 210.6 210.5 210.5 210.4 210.3 210.3 210.3 210.4 210.6 210.6 210.9 210.9 211.1 210.9 211.2 15.0 17.0 17.0 16.5 16.5 16.6 16.5 16.5 17.0 17.0 17.0 17.0 17.0 17.0 18.0 19.2 20.0 21.0 21.7 22.5 23.2 23.5 23.4 23.3 24.0 24.2 25.0 25.9 27.0 28.0 29.0 30.0 30.9 31.5 32.7 33.5 34.5 35.5 36.5 37.5 38.5 39.5 40.5 41.5 42.5 43.5 44.5 45.5 46.5 47.5 48.5 49.5 50.5 51.5 52.7 53.7 54.7 55.7 56.9 57.9 58.9 59.9 60.7 61.6 62.5 63.7 64.7 65.7 66.7 67.9 68.9 69.9 70.9 71.9 72.9 73.9 74.9 76.0 77.0 78.1 79.2 80.2 81.2 82.2 83.2 84.2 85.5 86.5 87.5 88.6 89.6 90.6 91.6 92.6 93.6 94.6 95.9 96.9 97.9 98.9 99.9 100.9 101.9 102.9 103.9 104.9 105.9 107.0 108.1 109.2 110.2 111.2 112.2 113.2 114.4 115.4 116.4 117.4 118.6 119.6 120.6 121.6 122.6 123.9 124.9 125.9 126.9 127.9 128.9 129.9 130.9 131.9 132.9 133.9 134.9 135.9 136.9 138.1 139.2 140.4 141.4 142.4 143.4 144.4 145.2 146.2 147.2 148.1 149.1 150.1 62.0 1782153045.236566
186.0 187.0 188.0 189.0 190.0 191.0 192.0 192.7 193.5 194.5 195.5 196.5 197.5 198.0 198.5 199.0 199.0 199.1 200.0 200.3 201.2 202.0 203.2 204.2 205.2 206.0 206.3 206.8 206.7 206.7 206.8 207.0 207.0 207.5 207.8 208.0 208.0 208.3 208.3 208.0 208.5 209.0 209.0 209.3 210.0 209.9 209.5 209.2 209.1 209.5 209.6 209.6 209.7 209.8 209.5 209.4 209.4 209.4 209.1 209.2 209.6 209.6 210.0 210.2 210.6 210.6 210.9 210.9 210.9 210.7 210.6 210.2 210.1 210.1 210.3 210.3 210.2 210.3 210.3 210.2 210.3 210.3 210.3 210.4 210.4 210.4 210.4 210.5 210.9 210.8 210.7 210.7 210.7 210.7 210.7 210.8 210.8 210.7 210.7 210.7 210.7 210.7 210.7 210.7 210.7 210.7 210.7 210.7 210.7 210.6 210.7 210.6 210.6 210.6 210.5 210.5 210.5 210.4 210.1 210.3 210.3 210.3 210.3 210.3 210.2 210.3 210.3 210.3 210.4 210.5 210.5 210.5 210.5 210.5 210.5 210.5 210.5 210.5 210.4 210.3 210.2 210.3 210.4 210.6 210.6 210.9 210.9 211.1 210.9 211.2 15.0 17.0 17.0 16.4 16.4 16.6 16.6 16.6 17.0 17.0 17.0 17.0 17.0 17.0 18.0 19.2 20.0 21.0 21.7 22.5 23.2 23.5 23.4 23.2 24.0 24.2 25.0 25.9 27.0 28.0 29.0 30.0 30.9 31.5 32.6 33.5 34.5 35.5 36.5 37.5 38.5 39.5 40.4 41.4 42.4 43.4 44.4 45.5 46.5 47.5 48.5 49.5 50.5 51.5 52.6 53.6 54.6 55.6 56.9 57.9 58.9 59.9 60.7 61.6 62.5 63.6 64.6 65.6 66.6 67.9 68.9 69.9 70.9 71.9 72.9 73.9 74.9 76.0 77.0 78.1 79.2 80.2 81.2 82.2 83.2 84.2 85.4 86.4 87.4 88.6 89.6 90.6 91.6 92.6 93.6 94.6 95.9 96.9 97.9 98.9 99.9 100.9 101.9 102.9 103.9 104.9 105.9 107.0 108.1 109.2 110.2 111.2 112.2 113.2 114.4 115.4 116.4 117.4 118.6 119.6 120.6 121.6 122.6 123.9 124.9 125.9 126.9 127.9 128.9 129.9 130.9 131.9 132.9 133.9 134.9 135.9 136.9 138.1 139.2 140.4 141.4 142.4 143.3 144.3 145.2 146.2 147.2 148.1 149.1 150.1 63.0 1782153045.251958
186.0 187.0 188.0 189.0 190.0 191.0 192.0 192.7 193.5 194.5 195.5 196.5 197.5 198.0 198.5 199.0 199.0 199.1 200.0 200.3 201.2 202.0 203.2 204.2 205.2 206.0 206.3 206.8 206.7 206.7 206.8 207.0 207.0 207.5 207.8 208.0 208.0 208.2 208.3 208.0 208.5 209.0 209.0 209.3 210.0 209.9 209.5 209.2 209.1 209.5 209.7 209.6 209.7 209.8 209.5 209.4 209.4 209.4 209.1 209.2 209.6 209.7 210.0 210.2 210.6 210.6 210.9 210.9 210.9 210.7 210.6 210.2 210.1 210.1 210.2 210.2 210.2 210.3 210.2 210.2 210.3 210.3 210.3 210.3 210.4 210.4 210.4 210.5 210.9 210.9 210.7 210.7 210.7 210.7 210.8 210.8 210.8 210.7 210.7 210.7 210.7 210.7 210.7 210.7 210.7 210.7 210.7 210.7 210.7 210.7 210.7 210.6 210.6 210.6 210.5 210.5 210.5 210.5 210.1 210.2 210.3 210.3 210.3 210.3 210.2 210.2 210.2 210.3 210.4 210.5 210.5 210.5 210.5 210.5 210.5 210.5 210.5 210.5 210.4 210.3 210.2 210.2 210.4 210.6 210.6 210.9 210.9 211.0 210.9 211.2 15.0 17.0 17.0 16.4 16.4 16.7 16.6 16.6 17.1 17.1 17.1 17.0 17.0 17.0 18.0 19.2 20.0 21.0 21.6 22.5 23.2 23.4 23.3 23.2 24.0 24.2 25.0 25.9 27.0 28.0 29.0 30.0 30.9 31.5 32.6 33.5 34.5 35.5 36.5 37.5 38.5 39.5 40.4 41.4 42.4 43.4 44.4 45.4 46.5 47.5 48.5 49.5 50.5 51.5 52.6 53.6 54.6 55.6 56.9 57.9 58.9 59.9 60.7 61.6 62.5 63.6 64.6 65.6 66.6 67.9 68.9 69.9 70.9 71.9 72.9 73.9 74.9 76.0 77.0 78.1 79.2 80.2 81.2 82.2 83.2 84.2 85.4 86.4 87.4 88.6 89.6 90.6 91.6 92.6 93.6 94.6 95.9 96.9 97.9 98.9 99.9 100.9 101.9 102.9 103.9 104.9 105.9 107.0 108.1 109.2 110.2 111.2 112.2 113.2 114.3 115.3 116.3 117.3 118.6 119.6 120.6 121.6 122.6 123.9 124.9 125.9 126.9 127.9 128.9 129.9 130.9 131.9 132.9 133.9 134.9 135.9 136.9 138.1 139.2 140.3 141.3 142.3 143.3 144.3 145.2 146.1 147.1 148.1 149.1 150.1 64.0 1782153045.267436
186.0 187.0 188.0 189.0 190.0 191.0 192.0 192.6 193.4 194.4 195.4 196.4 197.4 198.0 198.4 199.0 199.0 199.1 200.0 200.3 201.2 202.0 203.2 204.2 205.2 206.0 206.3 206.8 206.7 206.7 206.8 207.0 207.0 207.5 207.8 208.0 208.0 208.2 208.3 208.0 208.4 209.0 209.0 209.3 210.0 209.9 209.5 209.1 209.1 209.5 209.7 209.6 209.7 209.8 209.5 209.4 209.4 209.3 209.1 209.2 209.6 209.7 210.0 210.2 210.6 210.7 210.9 210.9 210.9 210.7 210.6 210.2 210.1 210.1 210.2 210.2 210.2 210.2 210.2 210.2 210.3 210.3 210.3 210.3 210.4 210.4 210.4 210.4 210.9 210.9 210.7 210.7 210.7 210.7 210.8 210.8 210.8 210.7 210.7 210.7 210.7 210.7 210.7 210.7 210.7 210.7 210.7 210.7 210.7 210.7 210.7 210.6 210.6 210.6 210.6 210.6 210.6 210.5 210.1 210.2 210.3 210.3 210.3 210.2 210.2 210.2 210.2 210.3 210.4 210.5 210.5 210.5 210.5 210.5 210.5 210.5 210.5 210.5 210.3 210.3 210.2 210.2 210.4 210.6 210.6 210.9 210.9 211.0 210.9 211.2 15.0 17.0 17.0 16.4 16.4 16.7 16.6 16.6 17.1 17.1 17.1 17.0 17.0 17.0 18.0 19.2 20.0 21.0 21.6 22.4 23.2 23.4 23.3 23.2 24.0 24.2 25.0 25.9 27.0 28.0 29.0 30.0 30.9 31.5 32.6 33.5 34.4 35.4 36.4 37.4 38.4 39.4 40.4 41.4 42.4 43.4 44.4 45.4 46.4 47.4 48.4 49.4 50.4 51.4 52.6 53.6 54.6 55.6 56.9 57.9 58.9 59.9 60.6 61.5 62.5 63.6 64.6 65.6 66.6 67.9 68.9 69.9 70.9 71.9 72.9 73.9 74.9 76.0 77.0 78.1 79.2 80.2 81.2 82.2 83.2 84.2 85.4 86.4 87.4 88.5 89.5 90.5 91.5 92.5 93.5 94.5 95.9 96.9 97.9 98.9 99.9 100.9 101.9 102.9 103.9 104.9 105.9 107.0 108.1 109.2 110.2 111.2 112.2 113.2 114.3 115.3 116.3 117.3 118.5 119.5 120.5 121.5 122.5 123.9 124.9 125.9 126.9 127.9 128.9 129.9 130.9 131.9 132.9 133.9 134.9 135.9 136.9 138.1 139.2 140.3 141.3 142.3 143.3 144.3 145.2 146.1 147.1 148.1 149.1 150.1 65.0 1782153045.277776
186.0 187.0 188.0 189.0 190.0 191.0 192.0 192.6 193.4 194.4 195.4 196.4 197.4 198.0 198.4 199.0 199.0 199.1 200.0 200.2 201.2 202.0 203.2 204.2 205.2 206.0 206.2 206.8 206.8 206.7 206.8 207.0 207.0 207.4 207.8 208.0 208.0 208.2 208.3 208.0 208.4 209.0 209.0 209.2 210.0 209.9 209.6 209.1 209.1 209.6 209.7 209.7 209.7 209.8 209.4 209.3 209.3 209.3 209.1 209.2 209.7 209.7 210.0 210.2 210.7 210.7 210.9 210.9 210.9 210.7 210.6 210.2 210.1 210.1 210.2 210.2 210.2 210.2 210.2 210.2 210.2 210.2 210.3 210.3 210.3 210.3 210.4 210.4 210.9 210.9 210.7 210.7 210.7 210.8 210.8 210.8 210.8 210.8 210.8 210.8 210.8 210.7 210.8 210.8 210.7 210.7 210.7 210.7 210.7 210.7 210.7 210.6 210.6 210.6 210.6 210.6 210.6 210.5 210.1 210.2 210.2 210.2 210.2 210.2 210.2 210.2 210.2 210.3 210.4 210.4 210.5 210.4 210.4 210.5 210.5 210.5 210.5 210.4 210.3 210.2 210.2 210.2 210.4 210.7 210.7 210.9 210.9 211.0 210.9 211.2 15.0 17.0 17.0 16.4 16.4 16.7 16.6 16.6 17.2 17.2 17.2 17.0 17.0 17.0 18.0 19.2 20.0 21.0 21.6 22.4 23.2 23.4 23.3 23.2 24.0 24.2 25.0 25.9 27.0 28.0 29.0 30.0 30.9 31.4 32.5 33.5 34.4 35.4 36.4 37.4 38.4 39.4 40.4 41.4 42.4 43.4 44.4 45.4 46.4 47.4 48.4 49.4 50.4 51.4 52.5 53.5 54.5 55.5 56.9 57.9 58.9 59.9 60.6 61.5 62.4 63.5 64.5 65.5 66.5 67.9 68.9 69.9 70.9 71.9 72.9 73.9 74.9 76.0 77.0 78.1 79.2 80.2 81.2 82.2 83.2 84.2 85.4 86.4 87.4 88.5 89.5 90.5 91.5 92.5 93.5 94.5 95.9 96.9 97.9 98.9 99.9 100.9 101.9 102.9 103.9 104.9 105.9 107.0 108.1 109.2 110.2 111.2 112.2 113.2 114.3 115.3 116.3 117.3 118.5 119.5 120.5 121.5 122.5 123.9 124.9 125.9 126.9 127.9 128.9 129.9 130.9 131.9 132.9 133.9 134.9 135.9 136.9 138.1 139.2 140.3 141.3 142.3 143.3 144.3 145.2 146.1 147.1 148.1 149.1 150.1 66.0 1782153045.293263
186.0 187.0 188.0 189.0 190.0 191.0 192.0 192.6 193.4 194.4 195.4 196.4 197.4 198.0 198.4 199.0 199.0 199.1 200.0 200.2 201.2 202.0 203.2 204.2 205.2 206.0 206.2 206.8 206.8 206.7 206.8 207.0 207.0 207.4 207.8 208.0 208.0 208.2 208.3 208.0 208.4 209.0 209.0 209.2 210.0 209.9 209.6 209.1 209.1 209.6 209.7 209.7 209.7 209.8 209.4 209.3 209.3 209.3 209.1 209.2 209.7 209.7 210.0 210.2 210.7 210.7 210.9 210.9 210.9 210.7 210.6 210.2 210.1 210.1 210.2 210.2 210.2 210.2 210.2 210.2 210.2 210.2 210.3 210.3 210.3 210.3 210.4 210.4 210.9 210.9 210.7 210.7 210.7 210.8 210.8 210.8 210.8 210.8 210.8 210.8 210.8 210.7 210.8 210.8 210.7 210.7 210.7 210.7 210.7 210.7 210.7 210.6 210.6 210.6 210.6 210.6 210.6 210.5 210.1 210.2 210.2 210.2 210.2 210.2 210.2 210.2 210.2 210.2 210.4 210.4 210.4 210.4 210.4 210.4 210.4 210.4 210.4 210.4 210.3 210.2 210.2 210.2 210.3 210.7 210.7 210.9 210.9 211.0 210.9 211.2 15.0 17.0 17.0 16.4 16.4 16.7 16.6 16.6 17.2 17.2 17.2 17.0 17.0 17.0 18.0 19.2 20.0 21.0 21.6 22.4 23.2 23.4 23.3 23.2 24.0 24.2 25.0 25.9 27.0 28.0 29.0 30.0 30.9 31.4 32.5 33.4 34.4 35.4 36.4 37.4 38.4 39.4 40.4 41.4 42.4 43.4 44.4 45.4 46.4 47.4 48.4 49.4 50.4 51.4 52.5 53.5 54.5 55.5 56.9 57.9 58.9 59.9 60.6 61.5 62.4 63.5 64.5 65.5 66.5 67.9 68.9 69.9 70.9 71.9 72.9 73.9 74.9 76.0 77.0 78.1 79.2 80.2 81.2 82.2 83.2 84.2 85.4 86.4 87.4 88.5 89.5 90.5 91.5 92.5 93.5 94.5 95.9 96.9 97.9 98.9 99.9 100.9 101.9 102.9 103.9 104.9 105.9 107.0 108.1 109.2 110.2 111.2 112.2 113.2 114.3 115.3 116.3 117.3 118.5 119.5 120.5 121.5 122.5 123.9 124.9 125.9 126.9 127.9 128.9 129.9 130.9 131.9 132.9 133.9 134.9 135.9 136.9 138.0 139.2 140.3 141.3 142.3 143.3 144.3 145.2 146.1 147.1 148.1 149.1 150.1 67.0 1782153045.308803
186.0 187.0 188.0 189.0 190.0 191.0 192.0 192.6 193.4 194.4 195.4 196.4 197.4 198.0 198.4 199.0 199.0 199.1 199.9 200.2 201.1 202.0 203.1 204.1 205.1 205.9 206.2 206.8 206.8 206.7 206.8 207.0 207.0 207.5 207.8 208.0 208.0 208.2 208.3 208.0 208.4 209.0 209.0 209.2 210.0 210.0 209.6 209.1 209.1 209.6 209.7 209.6 209.8 209.8 209.4 209.4 209.4 209.3 209.1 209.2 209.6 209.7 210.0 210.1 210.6 210.7 210.9 210.9 210.9 210.7 210.6 210.2 210.1 210.1 210.2 210.2 210.2 210.2 210.2 210.2 210.2 210.2 210.3 210.3 210.3 210.3 210.4 210.4 210.9 210.9 210.8 210.8 210.8 210.8 210.8 210.8 210.8 210.8 210.8 210.8 210.8 210.8 210.8 210.8 210.7 210.7 210.7 210.7 210.7 210.7 210.7 210.6 210.6 210.6 210.6 210.6 210.6 210.6 210.1 210.2 210.2 210.2 210.2 210.2 210.2 210.2 210.2 210.2 210.3 210.4 210.4 210.4 210.4 210.4 210.4 210.4 210.4 210.4 210.3 210.2 210.2 210.2 210.3 210.7 210.7 210.9 210.9 211.0 210.9 211.2 15.0 17.0 17.0 16.4 16.4 16.7 16.6 16.6 17.2 17.2 17.2 17.0 17.0 17.0 18.0 19.2 20.0 21.0 21.6 22.4 23.2 23.4 23.3 23.2 24.0 24.2 25.0 26.0 27.0 28.0 29.0 30.0 31.0 31.4 32.5 33.4 34.4 35.4 36.4 37.4 38.4 39.4 40.3 41.3 42.3 43.3 44.3 45.4 46.4 47.4 48.4 49.4 50.4 51.4 52.5 53.5 54.5 55.5 57.0 58.0 59.0 60.0 60.6 61.5 62.4 63.5 64.5 65.5 66.5 68.0 69.0 70.0 71.0 72.0 73.0 74.0 75.0 76.0 77.0 78.1 79.2 80.2 81.2 82.2 83.2 84.2 85.3 86.3 87.3 88.5 89.5 90.5 91.5 92.5 93.5 94.5 95.9 96.9 97.9 99.0 100.0 101.0 102.0 103.0 104.0 105.0 106.0 107.0 108.1 109.2 110.2 111.2 112.2 113.2 114.3 115.3 116.3 117.3 118.5 119.5 120.5 121.5 122.5 123.9 124.9 125.9 126.9 127.9 128.9 129.9 130.9 131.9 132.9 133.9 134.9 136.0 137.0 138.0 139.2 140.3 141.3 142.3 143.3 144.3 145.1 146.1 147.1 148.1 149.1 150.1 68.0 1782153045.324125
186.0 187.0 188.0 189.0 190.0 191.0 192.0 192.6 193.4 194.4 195.4 196.4 197.4 198.0 198.4 199.0 199.0 199.1 199.9 200.2 201.1 202.0 203.1 204.1 205.1 205.9 206.2 206.7 206.8 206.7 206.8 207.0 207.0 207.5 207.8 208.0 208.0 208.2 208.3 208.0 208.4 209.0 209.0 209.3 210.0 210.0 209.6 209.1 209.1 209.5 209.7 209.7 209.8 209.9 209.5 209.3 209.3 209.3 209.1 209.2 209.7 209.7 210.0 210.1 210.6 210.7 210.9 210.9 210.9 210.7 210.7 210.2 210.1 210.1 210.2 210.2 210.2 210.2 210.2 210.2 210.2 210.2 210.2 210.3 210.3 210.3 210.3 210.4 210.9 210.9 210.8 210.8 210.8 210.8 210.8 210.8 210.8 210.8 210.8 210.8 210.8 210.8 210.8 210.8 210.8 210.8 210.8 210.8 210.7 210.7 210.7 210.7 210.7 210.7 210.6 210.6 210.6 210.6 210.1 210.2 210.2 210.2 210.2 210.2 210.2 210.2 210.2 210.2 210.3 210.4 210.4 210.4 210.4 210.4 210.4 210.4 210.4 210.4 210.3 210.2 210.2 210.2 210.3 210.7 210.7 210.9 210.9 211.0 210.9 211.2 15.0 17.0 17.0 16.4 16.4 16.7 16.6 16.6 17.2 17.2 17.2 17.0 17.0 17.0 18.0 19.2 20.0 21.0 21.6 22.4 23.2 23.4 23.4 23.3 24.0 24.2 25.0 26.0 27.0 28.0 29.0 30.0 31.0 31.4 32.5 33.4 34.4 35.4 36.4 37.4 38.4 39.4 40.4 41.4 42.4 43.4 44.4 45.4 46.4 47.4 48.4 49.4 50.4 51.4 52.5 53.5 54.5 55.5 57.0 58.0 59.0 60.0 60.6 61.5 62.4 63.5 64.5 65.5 66.5 68.0 69.0 70.0 71.0 72.0 73.0 74.0 75.0 76.0 77.0 78.1 79.2 80.2 81.2 82.2 83.2 84.2 85.4 86.4 87.4 88.5 89.5 90.5 91.5 92.5 93.5 94.5 95.9 96.9 97.9 99.0 100.0 101.0 102.0 103.0 104.0 105.0 106.0 107.0 108.1 109.2 110.2 111.2 112.2 113.2 114.3 115.3 116.3 117.3 118.5 119.5 120.5 121.5 122.5 123.9 124.9 125.9 126.9 127.9 128.9 129.9 130.9 131.9 132.9 133.9 134.9 136.0 137.0 138.0 139.2 140.3 141.3 142.3 143.3 144.3 145.1 146.1 147.1 148.1 149.1 150.1 69.0 1782153045.334452
186.0 187.0 188.0 189.0 190.0 191.0 192.0 192.6 193.4 194.4 195.4 196.4 197.4 198.0 198.4 199.0 199.0 199.1 199.9 200.2 201.1 202.0 203.1 204.1 205.1 205.9 206.2 206.7 206.8 206.7 206.9 207.0 207.0 207.5 207.8 208.0 208.0 208.2 208.3 208.0 208.4 209.0 209.0 209.2 210.0 210.0 209.6 209.1 209.1 209.5 209.7 209.7 209.8 209.9 209.5 209.3 209.3 209.3 209.1 209.2 209.7 209.7 210.0 210.1 210.6 210.7 210.9 210.9 210.9 210.8 210.7 210.2 210.1 210.1 210.2 210.2 210.2 210.2 210.2 210.2 210.2 210.2 210.2 210.3 210.3 210.3 210.3 210.4 210.9 210.9 210.8 210.8 210.8 210.8 210.8 210.8 210.8 210.8 210.8 210.8 210.8 210.8 210.8 210.8 210.8 210.8 210.8 210.8 210.7 210.7 210.7 210.7 210.7 210.7 210.6 210.6 210.6 210.6 210.1 210.2 210.2 210.2 210.2 210.2 210.2 210.2 210.2 210.2 210.3 210.4 210.4 210.4 210.4 210.4 210.4 210.4 210.4 210.4 210.3 210.2 210.2 210.2 210.3 210.7 210.7 210.9 210.9 211.0 210.9 211.2 15.0 17.0 17.0 16.4 16.4 16.7 16.6 16.6 17.2 17.2 17.2 17.0 17.0 17.0 18.0 19.2 20.0 21.0 21.6 22.4 23.2 23.4 23.4 23.3 24.0 24.2 25.0 26.0 27.0 28.0 29.0 30.0 31.0 31.4 32.5 33.4 34.4 35.4 36.4 37.4 38.4 39.4 40.4 41.4 42.4 43.4 44.4 45.4 46.4 47.4 48.4 49.4 50.4 51.4 52.5 53.5 54.5 55.5 57.0 58.0 59.0 60.0 60.6 61.5 62.4 63.5 64.5 65.5 66.5 68.0 69.0 70.0 71.0 72.0 73.0 74.0 75.0 76.0 77.0 78.1 79.1 80.1 81.1 82.1 83.1 84.1 85.4 86.4 87.4 88.5 89.5 90.5 91.5 92.5 93.5 94.5 95.9 96.9 97.9 99.0 100.0 101.0 102.0 103.0 104.0 105.0 106.0 107.0 108.1 109.1 110.1 111.1 112.1 113.1 114.3 115.3 116.3 117.3 118.5 119.5 120.5 121.5 122.5 123.9 124.9 125.9 126.9 127.9 128.9 129.9 130.9 131.9 132.9 133.9 134.9 136.0 137.0 138.0 139.2 140.3 141.3 142.3 143.2 144.2 145.1 146.1 147.1 148.1 149.1 150.1 70.0 1782153045.349996
186.0 187.0 188.0 189.0 190.0 191.0 192.0 192.6 193.4 194.4 195.4 196.4 197.4 198.0 198.4 199.0 199.0 199.1 199.9 200.2 201.1 202.0 203.1 204.1 205.1 205.9 206.2 206.7 206.8 206.8 206.9 207.0 207.0 207.5 207.8 208.0 208.0 208.3 208.3 208.0 208.4 209.0 209.0 209.3 210.0 210.0 209.6 209.1 209.1 209.5 209.7 209.6 209.8 209.9 209.5 209.4 209.4 209.3 209.1 209.2 209.6 209.7 210.0 210.1 210.6 210.7 210.9 210.9 210.9 210.8 210.7 210.2 210.1 210.1 210.2 210.2 210.2 210.2 210.2 210.2 210.2 210.2 210.2 210.3 210.3 210.3 210.3 210.3 210.9 210.9 210.8 210.8 210.8 210.8 210.8 210.8 210.8 210.8 210.8 210.8 210.8 210.8 210.8 210.8 210.8 210.8 210.8 210.8 210.8 210.8 210.8 210.7 210.7 210.7 210.7 210.7 210.7 210.6 210.1 210.2 210.2 210.2 210.2 210.2 210.2 210.2 210.2 210.2 210.3 210.3 210.4 210.3 210.3 210.4 210.4 210.4 210.4 210.4 210.3 210.2 210.2 210.2 210.3 210.7 210.7 210.9 210.9 211.0 210.9 211.2 15.0 17.0 17.0 16.4 16.4 16.7 16.6 16.6 17.1 17.2 17.2 17.0 17.0 17.0 18.0 19.2 20.0 21.0 21.6 22.4 23.2 23.5 23.4 23.3 24.0 24.3 25.0 26.0 27.0 28.0 29.0 30.0 31.0 31.4 32.5 33.5 34.4 35.4 36.4 37.4 38.4 39.4 40.4 41.4 42.4 43.4 44.4 45.4 46.4 47.4 48.4 49.4 50.4 51.4 52.5 53.5 54.5 55.5 57.0 58.0 59.0 60.0 60.6 61.5 62.4 63.5 64.5 65.5 66.5 68.0 69.0 70.0 71.0 72.0 73.0 74.0 75.0 76.0 77.0 78.1 79.1 80.1 81.1 82.1 83.1 84.1 85.4 86.4 87.4 88.5 89.5 90.5 91.5 92.5 93.5 94.5 95.9 96.9 97.9 99.0 100.0 101.0 102.0 103.0 104.0 105.0 106.0 107.0 108.1 109.1 110.1 111.1 112.1 113.1 114.2 115.2 116.2 117.2 118.5 119.5 120.5 121.5 122.5 123.9 124.9 125.9 126.9 127.9 128.9 129.9 130.9 131.9 132.9 133.9 134.9 136.0 137.0 138.0 139.2 140.2 141.2 142.2 143.2 144.2 145.1 146.1 147.1 148.1 149.1 150.1 71.0 1782153045.365308
186.0 187.0 188.0 189.0 190.0 191.0 192.0 192.6 193.4 194.4 195.4 196.4 197.4 198.0 198.4 199.0 199.0 199.1 199.9 200.2 201.1 202.0 203.1 204.1 205.1 205.9 206.2 206.7 206.8 206.8 206.9 207.0 207.0 207.5 207.8 208.0 208.0 208.3 208.3 208.0 208.4 209.0 209.0 209.3 210.0 210.0 209.5 209.1 209.1 209.5 209.7 209.7 209.8 209.9 209.5 209.3 209.3 209.3 209.1 209.2 209.7 209.7 210.0 210.1 210.6 210.7 210.9 210.9 210.9 210.8 210.7 210.2 210.1 210.1 210.2 210.2 210.2 210.2 210.2 210.2 210.2 210.2 210.2 210.2 210.3 210.3 210.3 210.3 210.9 210.9 210.8 210.8 210.8 210.8 210.8 210.8 210.8 210.8 210.8 210.8 210.8 210.8 210.8 210.8 210.8 210.8 210.8 210.8 210.8 210.8 210.8 210.7 210.7 210.7 210.7 210.7 210.7 210.6 210.1 210.2 210.2 210.2 210.2 210.2 210.1 210.2 210.2 210.2 210.3 210.3 210.3 210.3 210.3 210.4 210.4 210.4 210.3 210.3 210.3 210.2 210.2 210.2 210.3 210.7 210.7 210.9 210.9 211.0 210.9 211.2 15.0 17.0 17.0 16.4 16.4 16.7 16.6 16.6 17.1 17.1 17.1 17.0 17.0 17.0 18.0 19.3 20.0 21.0 21.6 22.4 23.3 23.5 23.4 23.3 24.0 24.3 25.0 26.0 27.0 28.0 29.0 30.0 31.0 31.5 32.5 33.5 34.4 35.4 36.4 37.4 38.4 39.4 40.4 41.4 42.4 43.4 44.4 45.4 46.4 47.4 48.4 49.4 50.4 51.4 52.5 53.5 54.5 55.5 57.0 58.0 59.0 60.0 60.6 61.6 62.5 63.5 64.5 65.5 66.5 68.0 69.0 70.0 71.0 72.0 73.0 74.0 75.0 76.0 77.0 78.1 79.1 80.1 81.1 82.1 83.1 84.1 85.4 86.4 87.4 88.5 89.5 90.5 91.5 92.5 93.5 94.5 95.9 96.9 97.9 99.0 100.0 101.0 102.0 103.0 104.0 105.0 106.0 107.0 108.1 109.1 110.1 111.1 112.1 113.1 114.2 115.2 116.2 117.2 118.5 119.5 120.5 121.5 122.5 123.9 124.9 125.9 126.9 127.9 128.9 129.9 130.9 131.9 132.9 133.9 134.9 136.0 137.0 138.0 139.1 140.2 141.2 142.2 143.2 144.2 145.1 146.1 147.1 148.1 149.1 150.1 72.0 1782153045.375663
186.0 187.0 188.0 189.0 190.0 191.0 192.0 192.7 193.4 194.4 195.4 196.4 197.4 198.0 198.4 199.0 199.0 199.1 199.9 200.2 201.1 202.0 203.1 204.1 205.1 205.9 206.2 206.7 206.8 206.7 206.9 207.0 207.0 207.5 207.8 208.0 208.0 208.3 208.3 208.0 208.4 209.0 209.0 209.3 210.0 210.0 209.5 209.1 209.1 209.5 209.7 209.7 209.8 209.9 209.5 209.3 209.3 209.3 209.1 209.2 209.7 209.7 210.0 210.1 210.6 210.7 210.9 210.9 210.9 210.8 210.7 210.2 210.1 210.1 210.2 210.2 210.2 210.2 210.2 210.2 210.2 210.2 210.3 210.3 210.3 210.3 210.3 210.4 210.9 210.9 210.8 210.8 210.8 210.8 210.8 210.8 210.8 210.8 210.8 210.8 210.8 210.8 210.8 210.8 210.7 210.7 210.7 210.7 210.7 210.7 210.7 210.7 210.7 210.7 210.6 210.6 210.6 210.6 210.1 210.2 210.2 210.2 210.2 210.2 210.2 210.2 210.2 210.2 210.3 210.4 210.3 210.3 210.3 210.3 210.3 210.3 210.3 210.3 210.3 210.2 210.2 210.2 210.3 210.7 210.7 210.9 210.9 211.0 210.9 211.2 15.0 17.0 17.0 16.4 16.4 16.7 16.6 16.6 17.1 17.2 17.2 17.0 17.0 17.0 18.0 19.3 20.0 21.0 21.6 22.4 23.2 23.5 23.4 23.3 24.0 24.3 25.0 26.0 27.0 28.0 29.0 30.0 31.0 31.4 32.6 33.5 34.4 35.4 36.4 37.4 38.4 39.4 40.4 41.4 42.4 43.4 44.4 45.4 46.4 47.4 48.4 49.4 50.4 51.4 52.6 53.6 54.6 55.6 57.0 58.0 59.0 60.0 60.6 61.5 62.4 63.6 64.6 65.6 66.6 68.0 69.0 70.0 71.0 72.0 73.0 74.0 75.0 76.0 77.0 78.1 79.1 80.1 81.1 82.1 83.1 84.1 85.4 86.4 87.4 88.5 89.5 90.5 91.5 92.5 93.5 94.5 95.9 96.9 97.9 99.0 100.0 101.0 102.0 103.0 104.0 105.0 106.0 107.0 108.1 109.1 110.1 111.1 112.1 113.1 114.3 115.3 116.3 117.3 118.5 119.5 120.5 121.5 122.5 123.9 124.9 125.9 126.9 127.9 128.9 129.9 130.9 131.9 132.9 133.9 134.9 136.0 137.0 138.0 139.1 140.3 141.3 142.3 143.3 144.3 145.2 146.1 147.1 148.1 149.1 150.1 73.0 1782153045.391096
186.0 187.0 188.0 189.0 190.0 191.0 192.0 192.7 193.5 194.5 195.5 196.5 197.5 198.0 198.5 199.0 199.0 199.1 199.9 200.2 201.1 202.0 203.1 204.1 205.1 205.9 206.2 206.7 206.8 206.7 206.9 207.0 207.0 207.5 207.9 208.0 208.0 208.3 208.3 208.0 208.5 209.0 209.0 209.3 210.0 210.0 209.5 209.1 209.1 209.4 209.7 209.7 209.8 209.9 209.5 209.3 209.3 209.3 209.1 209.1 209.7 209.7 210.0 210.1 210.6 210.7 210.9 210.9 210.9 210.8 210.6 210.2 210.1 210.1 210.2 210.2 210.1 210.2 210.2 210.1 210.2 210.2 210.3 210.3 210.3 210.3 210.4 210.4 210.9 210.9 210.8 210.8 210.8 210.8 210.8 210.9 210.9 210.8 210.8 210.8 210.8 210.8 210.7 210.7 210.7 210.7 210.7 210.7 210.7 210.7 210.7 210.6 210.6 210.6 210.6 210.6 210.6 210.6 210.1 210.2 210.3 210.3 210.3 210.3 210.2 210.3 210.3 210.3 210.4 210.4 210.4 210.4 210.4 210.3 210.3 210.3 210.3 210.3 210.3 210.2 210.2 210.3 210.3 210.7 210.7 210.8 210.9 211.0 211.0 211.2 15.0 17.0 17.0 16.4 16.4 16.7 16.6 16.6 17.1 17.1 17.1 17.0 17.0 17.0 18.0 19.3 20.0 21.0 21.6 22.5 23.3 23.5 23.4 23.3 24.0 24.3 25.0 26.0 27.0 28.0 29.0 30.0 31.0 31.5 32.6 33.5 34.5 35.5 36.5 37.5 38.5 39.5 40.4 41.4 42.4 43.4 44.4 45.4 46.5 47.5 48.5 49.5 50.5 51.5 52.6 53.6 54.6 55.6 57.0 58.0 59.0 60.0 60.7 61.6 62.5 63.6 64.6 65.6 66.6 68.0 69.0 70.0 71.0 72.0 73.0 74.0 75.0 76.0 77.0 78.1 79.2 80.2 81.2 82.2 83.2 84.2 85.4 86.4 87.4 88.6 89.6 90.6 91.6 92.6 93.6 94.6 95.9 96.9 97.9 99.0 100.0 101.0 102.0 103.0 104.0 105.0 106.0 107.0 108.1 109.2 110.2 111.2 112.2 113.2 114.3 115.3 116.3 117.3 118.6 119.6 120.6 121.6 122.6 123.9 124.9 125.9 126.9 127.9 128.9 129.9 130.9 131.9 132.9 133.9 134.9 136.0 137.0 138.1 139.2 140.3 141.3 142.3 143.3 144.3 145.2 146.2 147.2 148.2 149.1 150.1 74.0 1782153045.401476
186.0 187.0 188.0 189.0 190.0 191.0 192.0 192.6 193.4 194.4 195.4 196.4 197.4 198.0 198.4 199.0 199.0 199.1 199.9 200.2 201.1 202.0 203.1 204.1 205.1 205.9 206.2 206.7 206.8 206.8 206.9 207.0 207.0 207.5 207.9 208.0 208.0 208.3 208.3 208.0 208.4 209.0 209.0 209.3 210.0 210.0 209.5 209.1 209.1 209.4 209.7 209.7 209.8 209.9 209.5 209.3 209.3 209.3 209.1 209.1 209.7 209.7 210.0 210.1 210.6 210.7 210.9 210.9 210.9 210.8 210.6 210.2 210.1 210.1 210.1 210.1 210.1 210.2 210.2 210.2 210.2 210.2 210.3 210.4 210.4 210.4 210.4 210.4 210.9 210.9 210.8 210.8 210.8 210.8 210.8 210.8 210.8 210.8 210.8 210.8 210.8 210.7 210.7 210.7 210.7 210.7 210.7 210.7 210.7 210.7 210.7 210.7 210.6 210.6 210.6 210.6 210.6 210.5 210.1 210.2 210.3 210.3 210.3 210.3 210.2 210.2 210.2 210.3 210.3 210.4 210.4 210.4 210.4 210.4 210.4 210.4 210.3 210.3 210.3 210.2 210.2 210.2 210.3 210.7 210.7 210.8 210.9 211.1 211.0 211.2 15.0 17.0 17.0 16.4 16.4 16.7 16.6 16.6 17.1 17.1 17.1 17.0 17.0 17.0 18.0 19.3 20.0 21.0 21.6 22.4 23.3 23.5 23.4 23.3 23.9 24.3 25.0 26.0 27.0 28.0 29.0 30.0 31.0 31.5 32.6 33.5 34.4 35.4 36.4 37.4 38.4 39.4 40.4 41.4 42.4 43.4 44.4 45.4 46.4 47.4 48.4 49.4 50.4 51.4 52.6 53.6 54.6 55.6 57.0 58.0 59.0 60.0 60.7 61.5 62.4 63.6 64.6 65.6 66.6 68.0 69.0 70.0 71.0 72.0 73.0 74.0 75.0 76.0 77.0 78.1 79.2 80.2 81.2 82.2 83.2 84.2 85.4 86.4 87.4 88.6 89.6 90.6 91.6 92.6 93.6 94.6 95.9 96.9 97.9 99.0 100.0 101.0 102.0 103.0 104.0 105.0 106.0 107.0 108.1 109.2 110.2 111.2 112.2 113.2 114.3 115.3 116.3 117.3 118.6 119.6 120.6 121.6 122.6 123.9 124.9 125.9 126.9 127.9 128.9 129.9 130.9 131.9 132.9 133.9 134.9 136.0 137.0 138.1 139.2 140.3 141.3 142.3 143.3 144.3 145.3 146.2 147.2 148.2 149.1 150.1 75.0 1782153045.416855
186.0 187.0 188.0 189.0 190.0 191.0 192.0 192.7 193.5 194.5 195.5 196.5 197.5 198.0 198.5 199.0 199.0 199.1 199.9 200.2 201.1 202.0 203.1 204.1 205.1 205.9 206.2 206.7 206.8 206.8 206.9 207.0 207.0 207.4 207.9 208.0 208.0 208.3 208.3 208.0 208.5 209.0 209.0 209.4 210.0 210.0 209.5 209.1 209.0 209.5 209.7 209.7 209.8 209.9 209.5 209.3 209.3 209.3 209.1 209.1 209.7 209.7 210.0 210.1 210.6 210.7 211.0 211.0 211.0 210.7 210.6 210.1 210.1 210.0 210.1 210.1 210.1 210.1 210.2 210.2 210.3 210.3 210.4 210.4 210.4 210.4 210.4 210.5 210.9 210.9 210.8 210.7 210.7 210.7 210.8 210.8 210.8 210.7 210.7 210.7 210.7 210.7 210.7 210.7 210.7 210.7 210.7 210.7 210.7 210.7 210.7 210.7 210.7 210.7 210.6 210.6 210.6 210.6 210.1 210.2 210.2 210.2 210.2 210.2 210.2 210.2 210.2 210.2 210.3 210.4 210.4 210.4 210.4 210.4 210.4 210.4 210.4 210.4 210.3 210.2 210.2 210.2 210.3 210.6 210.6 210.9 210.9 211.1 211.0 211.3 15.0 17.0 17.0 16.4 16.4 16.6 16.6 16.6 17.1 17.1 17.1 17.0 17.0 17.0 18.0 19.3 20.0 21.0 21.6 22.5 23.3 23.5 23.4 23.3 23.9 24.3 25.0 26.0 27.0 28.0 29.0 30.0 31.0 31.5 32.6 33.5 34.5 35.5 36.5 37.5 38.5 39.5 40.4 41.4 42.4 43.4 44.4 45.5 46.5 47.5 48.5 49.5 50.5 51.5 52.6 53.6 54.6 55.6 57.0 58.0 59.0 60.0 60.7 61.6 62.5 63.6 64.6 65.6 66.6 68.0 69.0 70.0 71.0 72.0 73.0 74.0 75.0 76.0 77.0 78.1 79.2 80.2 81.2 82.2 83.2 84.2 85.4 86.4 87.4 88.6 89.6 90.6 91.6 92.6 93.6 94.6 95.9 96.9 97.9 99.0 100.0 101.0 102.0 103.0 104.0 105.0 106.0 107.0 108.1 109.2 110.2 111.2 112.2 113.2 114.4 115.4 116.4 117.4 118.6 119.6 120.6 121.6 122.6 123.9 124.9 125.9 126.9 127.9 128.9 129.9 130.9 131.9 132.9 133.9 134.9 136.0 137.0 138.1 139.2 140.4 141.4 142.4 143.4 144.4 145.3 146.3 147.3 148.2 149.1 150.1 76.0 1782153045.422000
186.0 187.0 188.0 189.0 190.0 191.0 192.0 192.7 193.4 194.4 195.4 196.4 197.4 198.0 198.4 199.0 199.0 199.1 199.9 200.2 201.1 202.0 203.1 204.1 205.1 205.9 206.2 206.7 206.8 206.7 206.8 207.0 207.0 207.5 207.9 208.0 208.0 208.3 208.3 208.0 208.4 209.0 209.0 209.3 210.0 210.0 209.5 209.1 209.0 209.5 209.8 209.7 209.8 209.9 209.5 209.3 209.3 209.3 209.1 209.2 209.7 209.8 210.0 210.1 210.6 210.7 210.9 210.9 210.9 210.7 210.6 210.2 210.1 210.1 210.2 210.2 210.2 210.2 210.2 210.2 210.2 210.2 210.3 210.4 210.4 210.4 210.4 210.4 210.9 210.9 210.7 210.7 210.7 210.7 210.7 210.8 210.8 210.8 210.8 210.8 210.8 210.7 210.7 210.7 210.8 210.7 210.7 210.7 210.7 210.7 210.7 210.7 210.7 210.7 210.6 210.6 210.6 210.5 210.1 210.2 210.2 210.2 210.2 210.2 210.2 210.2 210.2 210.2 210.3 210.3 210.4 210.4 210.4 210.4 210.4 210.4 210.4 210.4 210.4 210.2 210.2 210.2 210.3 210.6 210.7 210.9 210.9 211.1 211.1 211.3 15.0 17.0 17.0 16.4 16.4 16.7 16.6 16.6 17.1 17.1 17.1 17.0 17.0 17.0 18.0 19.3 20.0 21.0 21.6 22.4 23.2 23.6 23.5 23.3 23.9 24.3 25.0 26.0 27.0 28.0 29.0 30.0 31.0 31.5 32.7 33.5 34.4 35.4 36.4 37.4 38.4 39.4 40.4 41.4 42.4 43.4 44.4 45.4 46.4 47.4 48.4 49.4 50.4 51.4 52.7 53.7 54.7 55.7 57.0 58.0 59.0 60.0 60.7 61.5 62.5 63.7 64.7 65.7 66.7 68.0 69.0 70.0 71.0 72.0 73.0 74.0 75.0 76.0 77.0 78.1 79.2 80.2 81.2 82.2 83.2 84.2 85.4 86.4 87.4 88.6 89.6 90.6 91.6 92.6 93.6 94.6 95.9 96.9 97.9 99.0 100.0 101.0 102.0 103.0 104.0 105.0 106.0 107.0 108.1 109.2 110.2 111.2 112.2 113.2 114.4 115.4 116.4 117.4 118.6 119.6 120.6 121.6 122.6 123.9 124.9 125.9 126.9 127.9 128.9 129.9 130.9 131.9 132.9 133.9 134.9 136.0 137.0 138.1 139.2 140.4 141.4 142.4 143.4 144.4 145.3 146.3 147.3 148.2 149.1 150.2 77.0 1782153045.442634
186.0 187.0 188.0 189.0 190.0 191.0 192.0 192.6 193.4 194.4 195.4 196.4 197.4 198.0 198.4 199.0 199.0 199.1 200.0 200.2 201.1 202.0 203.1 204.1 205.1 206.0 206.2 206.7 206.8 206.7 206.9 207.0 207.0 207.5 207.9 208.0 208.0 208.3 208.3 208.0 208.4 209.0 209.0 209.3 210.0 210.0 209.5 209.1 209.0 209.5 209.8 209.8 209.9 209.9 209.5 209.3 209.2 209.2 209.1 209.2 209.7 209.8 210.0 210.1 210.6 210.7 210.9 210.9 210.9 210.7 210.6 210.2 210.1 210.1 210.2 210.2 210.2 210.2 210.3 210.3 210.3 210.3 210.4 210.4 210.4 210.4 210.4 210.5 210.9 210.9 210.7 210.7 210.7 210.7 210.7 210.7 210.7 210.7 210.7 210.7 210.7 210.7 210.6 210.7 210.8 210.8 210.8 210.8 210.7 210.7 210.7 210.7 210.7 210.7 210.6 210.6 210.6 210.5 210.1 210.2 210.2 210.2 210.2 210.2 210.2 210.2 210.2 210.2 210.3 210.3 210.4 210.5 210.5 210.4 210.4 210.4 210.4 210.4 210.4 210.2 210.2 210.2 210.3 210.6 210.7 210.9 210.9 211.1 211.1 211.2 15.0 17.0 17.0 16.4 16.4 16.7 16.6 16.6 17.1 17.2 17.2 17.0 17.0 17.0 18.0 19.3 20.0 21.0 21.6 22.4 23.2 23.6 23.5 23.3 23.8 24.3 25.0 26.0 27.0 28.0 29.0 30.0 31.0 31.5 32.7 33.5 34.4 35.4 36.4 37.4 38.4 39.4 40.4 41.4 42.4 43.4 44.4 45.4 46.4 47.4 48.4 49.4 50.4 51.4 52.7 53.7 54.7 55.7 57.0 58.0 59.0 60.0 60.7 61.5 62.4 63.7 64.7 65.7 66.7 68.0 69.0 70.0 71.0 72.0 73.0 74.0 75.0 76.0 77.0 78.1 79.2 80.2 81.2 82.2 83.2 84.2 85.4 86.4 87.4 88.6 89.6 90.6 91.6 92.6 93.6 94.6 95.9 96.9 97.9 99.0 100.0 101.0 102.0 103.0 104.0 105.0 106.0 107.0 108.1 109.2 110.2 111.2 112.2 113.2 114.4 115.4 116.4 117.4 118.6 119.6 120.6 121.6 122.6 123.9 124.9 125.9 126.9 127.9 128.9 129.9 130.9 131.9 132.9 133.9 134.9 136.0 137.0 138.1 139.2 140.4 141.4 142.4 143.4 144.4 145.4 146.3 147.3 148.2 149.1 150.2 78.0 1782153045.452886
186.0 187.0 188.0 189.0 190.0 191.0 192.0 192.6 193.4 194.4 195.4 196.4 197.4 198.0 198.4 199.0 199.0 199.1 200.0 200.2 201.1 202.0 203.1 204.1 205.1 206.0 206.2 206.7 206.8 206.7 206.8 207.0 207.0 207.5 207.9 208.0 208.0 208.3 208.4 208.0 208.4 209.0 209.0 209.3 210.0 210.0 209.5 209.1 209.0 209.5 209.8 209.8 209.9 209.9 209.5 209.2 209.2 209.2 209.1 209.2 209.8 209.8 210.0 210.2 210.6 210.7 210.9 210.9 210.9 210.6 210.6 210.2 210.1 210.1 210.2 210.2 210.2 210.2 210.3 210.2 210.3 210.3 210.4 210.4 210.4 210.4 210.4 210.4 210.8 210.8 210.7 210.6 210.6 210.6 210.6 210.8 210.8 210.7 210.7 210.7 210.7 210.7 210.7 210.7 210.8 210.8 210.8 210.8 210.8 210.8 210.8 210.7 210.7 210.7 210.6 210.6 210.6 210.5 210.1 210.2 210.2 210.2 210.2 210.2 210.2 210.2 210.2 210.2 210.3 210.4 210.5 210.5 210.5 210.5 210.5 210.5 210.5 210.5 210.4 210.2 210.2 210.2 210.3 210.6 210.7 210.9 210.9 211.2 211.2 211.2 15.0 17.0 17.0 16.4 16.4 16.7 16.6 16.6 17.1 17.2 17.2 17.0 17.0 17.0 18.0 19.3 20.0 21.0 21.5 22.4 23.2 23.5 23.5 23.3 23.8 24.2 25.0 25.9 26.9 28.0 29.0 30.0 30.9 31.5 32.6 33.5 34.4 35.4 36.4 37.4 38.4 39.4 40.4 41.4 42.4 43.4 44.4 45.4 46.4 47.4 48.4 49.4 50.4 51.4 52.6 53.6 54.6 55.6 56.9 57.9 58.9 59.9 60.6 61.5 62.4 63.6 64.6 65.6 66.6 67.9 68.9 69.9 70.9 71.9 72.9 73.9 74.9 76.0 77.0 78.1 79.2 80.2 81.2 82.2 83.2 84.2 85.4 86.4 87.4 88.6 89.6 90.6 91.6 92.6 93.6 94.6 95.9 96.9 97.9 98.9 99.9 100.9 101.9 102.9 103.9 104.9 105.9 107.0 108.1 109.2 110.2 111.2 112.2 113.2 114.4 115.4 116.4 117.4 118.6 119.6 120.6 121.6 122.6 123.9 124.9 125.9 126.9 127.9 128.9 129.9 130.9 131.9 132.9 133.9 134.9 135.9 136.9 138.1 139.2 140.4 141.4 142.4 143.4 144.4 145.3 146.3 147.3 148.1 149.1 150.2 79.0 1782153045.468366
186.0 187.0 188.0 189.0 190.0 191.0 192.0 192.6 193.4 194.4 195.4 196.4 197.4 198.0 198.4 199.0 199.0 199.1 200.0 200.2 201.1 202.0 203.1 204.1 205.1 206.0 206.2 206.7 206.8 206.7 206.8 207.0 207.0 207.5 207.8 208.0 208.0 208.3 208.4 208.0 208.4 209.0 209.0 209.3 210.0 210.0 209.4 209.1 209.0 209.5 209.8 209.8 209.9 209.9 209.4 209.2 209.2 209.2 209.1 209.3 209.8 209.8 210.0 210.2 210.6 210.7 210.9 210.9 210.9 210.6 210.6 210.2 210.1 210.1 210.2 210.2 210.2 210.2 210.3 210.2 210.2 210.2 210.3 210.4 210.4 210.4 210.4 210.5 210.8 210.8 210.7 210.6 210.6 210.7 210.7 210.8 210.8 210.8 210.8 210.8 210.8 210.7 210.7 210.8 210.8 210.8 210.8 210.8 210.8 210.8 210.8 210.7 210.7 210.7 210.6 210.6 210.6 210.4 210.1 210.1 210.2 210.2 210.2 210.2 210.2 210.2 210.2 210.2 210.3 210.4 210.5 210.5 210.5 210.5 210.5 210.5 210.5 210.5 210.4 210.2 210.2 210.2 210.3 210.6 210.7 210.9 211.0 211.2 211.1 211.3 15.0 17.0 17.0 16.4 16.4 16.7 16.6 16.6 17.2 17.3 17.3 17.0 17.0 17.0 18.0 19.3 20.0 21.0 21.5 22.4 23.2 23.6 23.5 23.3 23.7 24.2 24.9 25.9 26.9 28.0 29.0 30.0 30.9 31.5 32.6 33.4 34.4 35.4 36.4 37.4 38.4 39.4 40.4 41.4 42.4 43.4 44.4 45.4 46.4 47.4 48.4 49.4 50.4 51.4 52.6 53.6 54.6 55.6 56.9 57.9 58.9 59.9 60.6 61.4 62.4 63.6 64.6 65.6 66.6 67.9 68.9 69.9 70.9 71.9 72.9 73.9 74.9 76.0 77.0 78.1 79.2 80.2 81.2 82.2 83.2 84.2 85.4 86.4 87.4 88.6 89.6 90.6 91.6 92.6 93.6 94.6 95.8 96.8 97.8 98.9 99.9 100.9 101.9 102.9 103.9 104.9 105.9 107.0 108.1 109.2 110.2 111.2 112.2 113.2 114.4 115.4 116.4 117.4 118.6 119.6 120.6 121.6 122.6 123.8 124.8 125.8 126.8 127.8 128.8 129.8 130.8 131.8 132.8 133.8 134.8 135.9 136.9 138.1 139.2 140.4 141.4 142.4 143.4 144.4 145.3 146.2 147.2 148.1 149.1 150.1 80.0 1782153045.478830
186.0 187.0 188.0 189.0 190.0 191.0 192.0 192.5 193.4 194.4 195.4 196.4 197.4 198.0 198.4 199.0 199.0 199.1 200.0 200.2 201.1 202.0 203.1 204.1 205.1 206.0 206.2 206.8 206.8 206.6 206.7 207.0 207.0 207.5 207.8 208.0 208.0 208.4 208.4 208.0 208.4 209.0 209.0 209.3 210.0 210.0 209.4 209.1 209.0 209.5 209.8 209.8 209.9 209.9 209.4 209.2 209.2 209.2 209.1 209.3 209.8 209.8 210.0 210.2 210.7 210.8 210.9 210.9 210.9 210.7 210.6 210.2 210.1 210.1 210.2 210.2 210.2 210.2 210.3 210.2 210.2 210.2 210.3 210.3 210.3 210.3 210.4 210.5 210.9 210.8 210.7 210.7 210.7 210.7 210.7 210.8 210.8 210.8 210.8 210.8 210.8 210.7 210.7 210.8 210.8 210.8 210.8 210.8 210.8 210.8 210.8 210.6 210.6 210.6 210.5 210.5 210.5 210.4 210.1 210.1 210.2 210.2 210.2 210.2 210.2 210.2 210.2 210.2 210.4 210.4 210.5 210.6 210.6 210.5 210.5 210.5 210.5 210.5 210.3 210.1 210.2 210.2 210.3 210.7 210.7 211.0 211.0 211.3 211.1 211.3 15.0 17.0 17.0 16.3 16.3 16.7 16.7 16.7 17.2 17.3 17.3 17.0 17.0 17.0 18.0 19.2 20.0 21.0 21.5 22.4 23.2 23.6 23.6 23.2 23.7 24.2 24.9 25.8 26.9 28.0 29.0 30.0 30.8 31.4 32.6 33.4 34.4 35.4 36.4 37.4 38.4 39.4 40.3 41.3 42.3 43.3 44.3 45.3 46.4 47.4 48.4 49.4 50.4 51.4 52.6 53.6 54.6 55.6 56.8 57.8 58.8 59.8 60.6 61.4 62.4 63.6 64.6 65.6 66.6 67.8 68.8 69.8 70.8 71.8 72.8 73.8 74.8 76.0 77.0 78.1 79.2 80.2 81.2 82.2 83.2 84.2 85.3 86.3 87.3 88.5 89.5 90.5 91.5 92.5 93.5 94.5 95.8 96.8 97.8 98.8 99.8 100.8 101.8 102.8 103.8 104.8 105.8 107.0 108.1 109.2 110.2 111.2 112.2 113.2 114.4 115.4 116.4 117.4 118.5 119.5 120.5 121.5 122.5 123.8 124.8 125.8 126.8 127.8 128.8 129.8 130.8 131.8 132.8 133.8 134.8 135.8 136.8 138.1 139.2 140.4 141.4 142.4 143.4 144.4 145.2 146.1 147.1 148.0 149.0 150.1 81.0 1782153045.489105
186.0 187.0 188.0 189.0 190.0 191.0 192.0 192.5 193.3 194.3 195.3 196.3 197.3 198.0 198.3 199.0 199.0 199.1 200.0 200.1 201.1 202.0 203.1 204.1 205.1 206.0 206.1 206.8 206.9 206.6 206.7 207.0 207.0 207.6 207.7 208.0 208.0 208.4 208.5 208.0 208.3 209.0 209.0 209.3 210.0 210.0 209.4 209.1 209.0 209.6 209.8 209.8 209.9 209.9 209.4 209.2 209.2 209.2 209.1 209.3 209.8 209.8 210.0 210.2 210.7 210.8 210.9 210.9 210.9 210.7 210.7 210.2 210.1 210.1 210.2 210.2 210.2 210.2 210.3 210.2 210.2 210.2 210.3 210.3 210.3 210.3 210.3 210.5 210.9 210.9 210.7 210.7 210.7 210.7 210.7 210.8 210.8 210.8 210.8 210.8 210.8 210.7 210.7 210.8 210.8 210.8 210.8 210.8 210.8 210.8 210.8 210.6 210.6 210.6 210.5 210.5 210.5 210.4 210.1 210.1 210.2 210.2 210.2 210.2 210.2 210.2 210.2 210.2 210.4 210.5 210.6 210.6 210.6 210.6 210.6 210.6 210.6 210.6 210.3 210.1 210.2 210.2 210.4 210.7 210.7 211.1 211.1 211.3 211.1 211.4 15.0 17.0 17.0 16.3 16.3 16.7 16.7 16.7 17.2 17.3 17.3 17.0 17.0 17.0 18.0 19.2 20.0 21.0 21.5 22.3 23.2 23.6 23.6 23.2 23.7 24.2 24.8 25.8 26.9 28.0 29.0 30.0 30.8 31.4 32.5 33.4 34.3 35.3 36.3 37.3 38.3 39.3 40.3 41.3 42.3 43.3 44.3 45.3 46.3 47.3 48.3 49.3 50.3 51.3 52.5 53.5 54.5 55.5 56.8 57.8 58.8 59.8 60.5 61.4 62.3 63.5 64.5 65.5 66.5 67.8 68.8 69.8 70.8 71.8 72.8 73.8 74.8 76.0 77.0 78.1 79.2 80.2 81.2 82.2 83.2 84.2 85.3 86.3 87.3 88.5 89.5 90.5 91.5 92.5 93.5 94.5 95.8 96.8 97.8 98.8 99.8 100.8 101.8 102.8 103.8 104.8 105.8 107.0 108.1 109.2 110.2 111.2 112.2 113.2 114.4 115.4 116.4 117.4 118.5 119.5 120.5 121.5 122.5 123.8 124.8 125.8 126.8 127.8 128.8 129.8 130.8 131.8 132.8 133.8 134.8 135.8 136.8 138.1 139.2 140.4 141.4 142.4 143.3 144.3 145.1 146.1 147.1 147.9 149.0 150.0 82.0 1782153045.504684
186.0 187.0 188.0 189.0 190.0 191.0 192.0 192.5 193.3 194.3 195.3 196.3 197.3 198.0 198.3 199.0 199.0 199.1 200.0 200.1 201.1 202.0 203.1 204.1 205.1 206.0 206.1 206.8 206.9 206.6 206.6 207.0 207.0 207.6 207.7 208.0 208.0 208.4 208.5 208.0 208.3 209.0 209.0 209.2 210.0 210.0 209.4 209.1 209.0 209.6 209.8 209.8 209.9 209.9 209.4 209.2 209.2 209.2 209.1 209.4 209.8 209.8 210.0 210.2 210.7 210.8 210.9 210.9 210.9 210.7 210.7 210.2 210.1 210.1 210.2 210.2 210.2 210.2 210.2 210.2 210.2 210.2 210.3 210.3 210.3 210.3 210.3 210.5 210.9 210.9 210.7 210.7 210.7 210.7 210.7 210.8 210.8 210.8 210.8 210.8 210.8 210.8 210.7 210.8 210.8 210.8 210.8 210.8 210.8 210.8 210.8 210.6 210.6 210.6 210.5 210.5 210.5 210.4 210.1 210.1 210.2 210.2 210.2 210.2 210.1 210.2 210.2 210.2 210.4 210.5 210.6 210.6 210.6 210.6 210.6 210.6 210.6 210.6 210.3 210.1 210.2 210.2 210.4 210.7 210.8 211.1 211.1 211.3 211.1 211.4 15.0 17.0 17.0 16.3 16.3 16.8 16.7 16.7 17.3 17.4 17.4 17.0 17.0 17.0 18.0 19.2 20.0 21.0 21.4 22.3 23.2 23.6 23.6 23.2 23.6 24.2 24.8 25.7 26.9 28.0 29.0 30.0 30.7 31.4 32.5 33.4 34.3 35.3 36.3 37.3 38.3 39.3 40.3 41.3 42.3 43.3 44.3 45.3 46.3 47.3 48.3 49.3 50.3 51.3 52.5 53.5 54.5 55.5 56.7 57.7 58.7 59.7 60.5 61.4 62.3 63.5 64.5 65.5 66.5 67.7 68.7 69.7 70.7 71.7 72.7 73.7 74.7 76.0 77.0 78.1 79.1 80.1 81.1 82.1 83.1 84.1 85.3 86.3 87.3 88.5 89.5 90.5 91.5 92.5 93.5 94.5 95.7 96.7 97.7 98.7 99.7 100.7 101.7 102.7 103.7 104.7 105.7 107.0 108.1 109.1 110.1 111.1 112.1 113.1 114.3 115.3 116.3 117.3 118.5 119.5 120.5 121.5 122.5 123.7 124.7 125.7 126.7 127.7 128.7 129.7 130.7 131.7 132.7 133.7 134.7 135.7 136.7 138.1 139.1 140.3 141.3 142.3 143.3 144.3 145.1 146.0 147.0 147.9 149.0 149.9 83.0 1782153045.525272
186.0 187.0 188.0 189.0 190.0 191.0 192.0 192.5 193.4 194.4 195.4 196.4 197.4 198.0 198.4 199.0 199.0 199.1 200.0 200.2 201.1 202.0 203.1 204.1 205.1 206.0 206.2 206.8 206.8 206.5 206.7 207.0 207.0 207.6 207.7 208.0 208.0 208.4 208.5 208.0 208.4 209.0 209.0 209.2 210.0 209.9 209.3 209.1 209.1 209.6 209.8 209.8 209.9 209.8 209.4 209.2 209.2 209.2 209.1 209.4 209.8 209.8 210.0 210.1 210.7 210.8 210.9 210.9 210.9 210.7 210.7 210.2 210.1 210.1 210.2 210.2 210.2 210.2 210.2 210.2 210.2 210.2 210.3 210.3 210.3 210.3 210.4 210.6 210.9 210.9 210.7 210.7 210.7 210.7 210.7 210.8 210.8 210.8 210.8 210.8 210.8 210.8 210.7 210.8 210.8 210.8 210.8 210.8 210.8 210.8 210.8 210.5 210.5 210.5 210.5 210.5 210.5 210.4 210.1 210.1 210.2 210.2 210.2 210.2 210.1 210.1 210.1 210.2 210.4 210.5 210.6 210.6 210.6 210.6 210.6 210.6 210.6 210.6 210.3 210.1 210.1 210.1 210.4 210.7 210.8 211.1 211.2 211.4 211.1 211.4 15.0 17.0 17.0 16.3 16.3 16.7 16.7 16.7 17.2 17.3 17.3 17.0 17.0 17.0 18.0 19.2 20.0 21.0 21.5 22.4 23.2 23.7 23.6 23.2 23.7 24.2 24.8 25.7 26.9 28.0 29.0 30.0 30.7 31.4 32.5 33.4 34.4 35.4 36.4 37.4 38.4 39.4 40.3 41.3 42.3 43.3 44.3 45.3 46.4 47.4 48.4 49.4 50.4 51.4 52.5 53.5 54.5 55.5 56.7 57.7 58.7 59.7 60.5 61.4 62.4 63.5 64.5 65.5 66.5 67.7 68.7 69.7 70.7 71.7 72.7 73.7 74.7 76.0 77.0 78.1 79.1 80.1 81.1 82.1 83.1 84.1 85.3 86.3 87.3 88.5 89.5 90.5 91.5 92.5 93.5 94.5 95.7 96.7 97.7 98.7 99.7 100.7 101.7 102.7 103.7 104.7 105.7 107.0 108.1 109.1 110.1 111.1 112.1 113.1 114.3 115.3 116.3 117.3 118.5 119.5 120.5 121.5 122.5 123.7 124.7 125.7 126.7 127.7 128.7 129.7 130.7 131.7 132.7 133.7 134.7 135.7 136.7 138.1 139.1 140.3 141.3 142.3 143.3 144.3 145.0 146.0 147.0 147.9 149.0 149.9 84.0 1782153045.535622
186.0 187.0 188.0 189.0 190.0 191.0 192.0 192.5 193.3 194.3 195.3 196.3 197.3 198.0 198.3 199.0 199.0 199.1 200.0 200.2 201.1 202.0 203.1 204.1 205.1 206.0 206.2 206.8 206.8 206.5 206.6 207.0 207.0 207.6 207.7 208.0 208.0 208.4 208.5 208.0 208.3 209.0 209.0 209.2 210.0 209.9 209.3 209.1 209.1 209.6 209.8 209.8 209.9 209.9 209.3 209.2 209.2 209.2 209.1 209.4 209.8 209.8 210.0 210.1 210.7 210.8 210.9 210.9 210.9 210.7 210.7 210.2 210.1 210.1 210.2 210.2 210.2 210.2 210.2 210.2 210.2 210.2 210.3 210.3 210.3 210.3 210.3 210.6 210.9 210.9 210.8 210.7 210.7 210.7 210.7 210.8 210.8 210.8 210.8 210.8 210.8 210.8 210.8 210.8 210.8 210.8 210.8 210.8 210.8 210.8 210.8 210.5 210.5 210.5 210.4 210.4 210.4 210.3 210.1 210.1 210.1 210.1 210.1 210.1 210.1 210.1 210.1 210.2 210.5 210.5 210.6 210.6 210.6 210.6 210.6 210.6 210.6 210.6 210.3 210.1 210.1 210.1 210.5 210.7 210.8 211.2 211.2 211.4 211.1 211.4 15.0 17.0 17.0 16.3 16.3 16.7 16.7 16.7 17.3 17.3 17.3 17.0 17.0 17.0 18.0 19.2 20.0 21.0 21.4 22.3 23.2 23.7 23.6 23.2 23.6 24.2 24.8 25.7 27.0 28.0 29.0 30.0 30.7 31.4 32.5 33.4 34.3 35.3 36.3 37.3 38.3 39.3 40.3 41.3 42.3 43.3 44.3 45.3 46.3 47.3 48.3 49.3 50.3 51.3 52.5 53.5 54.5 55.5 56.7 57.7 58.7 59.7 60.5 61.4 62.3 63.5 64.5 65.5 66.5 67.7 68.7 69.7 70.7 71.7 72.7 73.7 74.7 76.0 77.0 78.1 79.1 80.1 81.1 82.1 83.1 84.1 85.3 86.3 87.3 88.4 89.4 90.4 91.4 92.4 93.4 94.4 95.6 96.6 97.6 98.7 99.7 100.7 101.7 102.7 103.7 104.7 105.7 107.0 108.1 109.1 110.1 111.1 112.1 113.1 114.3 115.3 116.3 117.3 118.4 119.4 120.4 121.4 122.4 123.6 124.6 125.6 126.6 127.6 128.6 129.6 130.6 131.6 132.6 133.6 134.6 135.7 136.7 138.0 139.1 140.3 141.3 142.3 143.3 144.3 145.0 145.9 146.9 147.8 149.0 149.9 85.0 1782153045.550925
186.0 187.0 188.0 189.0 190.0 191.0 192.0 192.5 193.3 194.3 195.3 196.3 197.3 198.0 198.3 199.0 199.0 199.1 200.0 200.2 201.1 202.0 203.1 204.1 205.1 206.0 206.2 206.8 206.8 206.5 206.6 207.0 207.0 207.6 207.7 208.0 208.0 208.5 208.5 208.0 208.3 209.0 209.0 209.2 210.0 209.9 209.3 209.1 209.1 209.7 209.8 209.8 209.9 209.9 209.3 209.2 209.2 209.2 209.1 209.5 209.8 209.8 210.0 210.1 210.7 210.8 210.9 210.9 210.9 210.7 210.7 210.2 210.1 210.1 210.2 210.2 210.1 210.2 210.2 210.2 210.2 210.2 210.2 210.3 210.3 210.3 210.3 210.6 210.9 210.9 210.8 210.7 210.7 210.7 210.8 210.8 210.8 210.8 210.8 210.8 210.8 210.8 210.8 210.8 210.8 210.8 210.8 210.8 210.8 210.8 210.8 210.5 210.5 210.5 210.4 210.4 210.4 210.3 210.1 210.1 210.1 210.1 210.1 210.1 210.1 210.1 210.1 210.1 210.5 210.6 210.6 210.7 210.7 210.6 210.6 210.6 210.6 210.6 210.3 210.1 210.1 210.1 210.5 210.7 210.8 211.2 211.2 211.4 211.1 211.5 15.0 17.0 17.0 16.3 16.3 16.7 16.7 16.7 17.3 17.4 17.4 17.0 17.0 17.0 18.0 19.2 20.0 21.0 21.4 22.3 23.2 23.7 23.6 23.2 23.6 24.2 24.7 25.7 27.0 28.0 29.0 30.0 30.7 31.4 32.5 33.4 34.3 35.3 36.3 37.3 38.3 39.3 40.3 41.3 42.3 43.3 44.3 45.3 46.3 47.3 48.3 49.3 50.3 51.3 52.5 53.5 54.5 55.5 56.7 57.7 58.7 59.7 60.5 61.4 62.3 63.5 64.5 65.5 66.5 67.7 68.7 69.7 70.7 71.7 72.7 73.7 74.7 76.0 77.0 78.1 79.1 80.1 81.1 82.1 83.1 84.1 85.3 86.3 87.3 88.4 89.4 90.4 91.4 92.4 93.4 94.4 95.6 96.6 97.6 98.7 99.7 100.7 101.7 102.7 103.7 104.7 105.7 107.0 108.1 109.1 110.1 111.1 112.1 113.1 114.3 115.3 116.3 117.3 118.4 119.4 120.4 121.4 122.4 123.6 124.6 125.6 126.6 127.6 128.6 129.6 130.6 131.6 132.6 133.6 134.6 135.7 136.7 138.0 139.1 140.3 141.3 142.3 143.3 144.3 144.9 145.9 146.9 147.8 149.0 149.8 86.0 1782153045.566377
186.0 187.0 188.0 189.0 190.0 191.0 192.0 192.4 193.3 194.3 195.3 196.3 197.3 198.0 198.3 199.0 199.0 199.1 199.9 200.2 201.0 202.0 203.0 204.1 205.1 205.9 206.2 206.8 206.8 206.5 206.6 207.0 207.0 207.6 207.7 208.0 208.0 208.5 208.5 208.0 208.3 209.0 209.0 209.2 210.0 209.9 209.3 209.0 209.1 209.7 209.9 209.8 209.9 209.9 209.3 209.2 209.2 209.1 209.1 209.5 209.8 209.9 210.0 210.2 210.8 210.8 210.9 210.9 210.9 210.7 210.7 210.2 210.2 210.1 210.2 210.2 210.2 210.2 210.3 210.2 210.2 210.2 210.2 210.2 210.3 210.3 210.3 210.6 210.8 210.8 210.7 210.7 210.7 210.7 210.7 210.8 210.8 210.8 210.8 210.8 210.8 210.8 210.8 210.8 210.9 210.9 210.9 210.9 210.8 210.8 210.8 210.5 210.5 210.5 210.4 210.4 210.4 210.3 210.1 210.1 210.1 210.1 210.1 210.1 210.1 210.1 210.1 210.1 210.5 210.6 210.7 210.7 210.7 210.7 210.7 210.7 210.7 210.7 210.3 210.1 210.1 210.1 210.5 210.7 210.8 211.3 211.3 211.5 211.1 211.5 15.0 17.0 17.0 16.3 16.3 16.8 16.7 16.7 17.3 17.4 17.4 17.0 17.0 17.0 18.0 19.2 20.0 21.0 21.4 22.3 23.1 23.7 23.6 23.2 23.6 24.2 24.7 25.6 26.9 28.0 29.0 30.0 30.6 31.4 32.5 33.3 34.3 35.3 36.3 37.3 38.3 39.3 40.2 41.2 42.2 43.2 44.2 45.3 46.3 47.3 48.3 49.3 50.3 51.3 52.5 53.5 54.5 55.5 56.6 57.6 58.6 59.6 60.5 61.4 62.3 63.5 64.5 65.5 66.5 67.6 68.6 69.6 70.6 71.6 72.6 73.6 74.6 76.0 77.0 78.1 79.1 80.1 81.1 82.1 83.1 84.1 85.2 86.2 87.2 88.4 89.4 90.4 91.4 92.4 93.4 94.4 95.6 96.6 97.6 98.6 99.6 100.6 101.6 102.6 103.6 104.6 105.6 107.0 108.1 109.1 110.1 111.1 112.1 113.1 114.3 115.3 116.3 117.3 118.4 119.4 120.4 121.4 122.4 123.6 124.6 125.6 126.6 127.6 128.6 129.6 130.6 131.6 132.6 133.6 134.6 135.6 136.6 138.0 139.1 140.3 141.3 142.3 143.3 144.3 144.9 145.8 146.8 147.7 148.9 149.8 87.0 1782153045.581883
186.0 187.0 188.0 189.0 190.0 191.0 192.0 192.5 193.3 194.3 195.3 196.3 197.3 198.0 198.3 199.0 199.0 199.1 199.9 200.1 201.0 202.0 203.0 204.1 205.1 205.9 206.1 206.7 206.8 206.5 206.6 207.0 207.0 207.6 207.7 208.0 208.0 208.5 208.5 208.0 208.3 209.0 209.0 209.2 210.0 209.9 209.3 209.0 209.1 209.7 209.9 209.9 209.9 209.8 209.3 209.1 209.1 209.1 209.1 209.5 209.9 209.9 210.0 210.2 210.8 210.8 210.9 210.9 210.9 210.7 210.6 210.2 210.1 210.1 210.2 210.2 210.2 210.2 210.2 210.2 210.2 210.2 210.2 210.2 210.3 210.3 210.4 210.6 210.8 210.8 210.7 210.7 210.7 210.7 210.7 210.8 210.8 210.8 210.8 210.8 210.8 210.8 210.8 210.8 210.9 210.9 210.9 210.8 210.8 210.8 210.8 210.5 210.5 210.5 210.4 210.4 210.4 210.3 210.0 210.1 210.1 210.1 210.1 210.1 210.1 210.1 210.1 210.2 210.5 210.6 210.7 210.7 210.7 210.7 210.7 210.7 210.6 210.6 210.2 210.1 210.1 210.2 210.6 210.8 210.8 211.3 211.3 211.4 211.1 211.5 15.0 17.0 17.0 16.3 16.3 16.7 16.7 16.7 17.2 17.3 17.3 17.0 17.0 17.0 18.0 19.2 20.0 21.0 21.4 22.3 23.2 23.7 23.7 23.3 23.6 24.3 24.8 25.7 26.9 28.0 29.0 30.0 30.7 31.4 32.5 33.4 34.3 35.3 36.3 37.3 38.3 39.3 40.3 41.3 42.3 43.3 44.3 45.3 46.3 47.3 48.3 49.3 50.3 51.3 52.5 53.5 54.5 55.5 56.7 57.7 58.7 59.7 60.5 61.4 62.3 63.5 64.5 65.5 66.5 67.7 68.7 69.7 70.7 71.7 72.7 73.7 74.7 76.0 77.0 78.0 79.2 80.2 81.2 82.2 83.2 84.2 85.3 86.3 87.3 88.4 89.4 90.4 91.4 92.4 93.4 94.4 95.6 96.6 97.6 98.7 99.7 100.7 101.7 102.7 103.7 104.7 105.7 107.0 108.1 109.2 110.2 111.2 112.2 113.2 114.3 115.3 116.3 117.3 118.4 119.4 120.4 121.4 122.4 123.6 124.6 125.6 126.6 127.6 128.6 129.6 130.6 131.6 132.6 133.6 134.6 135.7 136.7 138.1 139.2 140.3 141.3 142.3 143.3 144.3 144.9 145.8 146.8 147.7 148.9 149.8 88.0 1782153045.597162
186.0 187.0 188.0 189.0 190.0 191.0 192.0 192.5 193.4 194.4 195.4 196.4 197.4 198.0 198.4 199.0 199.0 199.1 199.9 200.2 201.0 202.0 203.0 204.1 205.1 205.9 206.2 206.7 206.8 206.5 206.7 207.0 207.0 207.6 207.7 208.0 208.0 208.4 208.5 208.0 208.4 209.0 209.0 209.2 210.0 209.9 209.3 209.0 209.1 209.7 209.9 209.9 209.9 209.8 209.3 209.1 209.1 209.1 209.1 209.5 209.9 209.9 210.0 210.2 210.7 210.8 210.9 210.9 210.9 210.7 210.6 210.2 210.1 210.1 210.2 210.2 210.2 210.2 210.2 210.2 210.2 210.2 210.2 210.3 210.3 210.3 210.4 210.6 210.9 210.8 210.8 210.7 210.7 210.7 210.7 210.8 210.8 210.8 210.8 210.8 210.8 210.8 210.8 210.9 210.9 210.8 210.8 210.8 210.8 210.8 210.8 210.5 210.5 210.5 210.4 210.3 210.3 210.3 210.0 210.1 210.1 210.1 210.1 210.1 210.1 210.2 210.2 210.2 210.5 210.6 210.7 210.7 210.7 210.7 210.7 210.7 210.6 210.6 210.2 210.1 210.1 210.2 210.6 210.8 210.8 211.3 211.4 211.5 211.1 211.6 15.0 17.0 17.0 16.4 16.4 16.7 16.6 16.6 17.1 17.3 17.3 17.0 17.0 17.0 18.0 19.2 20.0 21.0 21.5 22.4 23.2 23.7 23.6 23.3 23.7 24.2 24.8 25.7 26.9 28.0 29.0 30.0 30.7 31.4 32.5 33.4 34.4 35.4 36.4 37.4 38.4 39.4 40.3 41.3 42.3 43.3 44.3 45.4 46.4 47.4 48.4 49.4 50.4 51.4 52.5 53.5 54.5 55.5 56.7 57.7 58.7 59.7 60.5 61.4 62.4 63.5 64.5 65.5 66.5 67.7 68.7 69.7 70.7 71.7 72.7 73.7 74.7 76.0 77.0 78.0 79.2 80.2 81.2 82.2 83.2 84.2 85.3 86.3 87.3 88.4 89.4 90.4 91.4 92.4 93.4 94.4 95.6 96.6 97.6 98.7 99.7 100.7 101.7 102.7 103.7 104.7 105.7 107.0 108.1 109.2 110.2 111.2 112.2 113.2 114.3 115.3 116.3 117.3 118.4 119.4 120.4 121.4 122.4 123.6 124.6 125.6 126.6 127.6 128.6 129.6 130.6 131.6 132.6 133.6 134.6 135.7 136.7 138.1 139.2 140.3 141.3 142.3 143.3 144.2 144.8 145.8 146.8 147.7 148.9 149.7 89.0 1782153045.607499
186.0 187.0 188.0 189.0 190.0 191.0 192.0 192.5 193.4 194.4 195.4 196.4 197.4 198.0 198.4 199.0 199.0 199.0 199.9 200.2 201.0 202.0 203.0 204.1 205.1 205.9 206.2 206.7 206.8 206.5 206.7 207.0 207.0 207.6 207.7 208.0 208.0 208.4 208.5 208.0 208.4 209.0 209.0 209.2 210.0 209.9 209.2 209.0 209.1 209.7 209.9 209.9 209.9 209.8 209.3 209.1 209.1 209.1 209.1 209.5 209.9 209.9 210.0 210.2 210.7 210.9 210.9 210.9 210.9 210.7 210.6 210.2 210.1 210.1 210.2 210.2 210.2 210.2 210.2 210.2 210.2 210.1 210.2 210.3 210.3 210.3 210.4 210.6 210.9 210.9 210.8 210.7 210.7 210.8 210.8 210.8 210.8 210.8 210.9 210.9 210.9 210.8 210.8 210.9 210.9 210.8 210.8 210.8 210.8 210.8 210.8 210.4 210.4 210.4 210.4 210.3 210.3 210.3 210.0 210.1 210.1 210.1 210.1 210.1 210.1 210.2 210.2 210.2 210.6 210.6 210.7 210.7 210.7 210.7 210.7 210.7 210.7 210.6 210.2 210.1 210.1 210.2 210.6 210.8 210.8 211.4 211.4 211.5 211.1 211.6 15.0 17.0 17.0 16.4 16.4 16.6 16.6 16.6 17.1 17.2 17.2 17.0 17.0 17.0 18.0 19.2 20.0 21.0 21.5 22.4 23.2 23.7 23.6 23.3 23.7 24.3 24.8 25.7 26.9 28.0 29.0 30.0 30.7 31.5 32.5 33.4 34.4 35.4 36.4 37.4 38.4 39.4 40.3 41.3 42.3 43.3 44.3 45.4 46.4 47.4 48.4 49.4 50.4 51.4 52.5 53.5 54.5 55.5 56.7 57.7 58.7 59.7 60.5 61.4 62.4 63.5 64.5 65.5 66.5 67.7 68.7 69.7 70.7 71.7 72.7 73.7 74.7 76.0 77.0 78.0 79.2 80.2 81.2 82.2 83.2 84.2 85.3 86.3 87.3 88.4 89.4 90.4 91.4 92.4 93.4 94.4 95.5 96.5 97.5 98.7 99.7 100.7 101.7 102.7 103.7 104.7 105.7 107.0 108.0 109.2 110.2 111.2 112.2 113.2 114.3 115.3 116.3 117.3 118.4 119.4 120.4 121.4 122.4 123.5 124.5 125.5 126.5 127.5 128.5 129.5 130.5 131.5 132.5 133.5 134.5 135.7 136.7 138.1 139.2 140.3 141.3 142.3 143.3 144.2 144.8 145.7 146.7 147.7 148.8 149.7 90.0 1782153045.617866
186.0 187.0 188.0 189.0 190.0 191.0 192.0 192.5 193.4 194.4 195.4 196.4 197.4 198.0 198.4 199.0 199.0 199.0 199.9 200.2 201.0 202.0 203.0 204.1 205.1 205.9 206.2 206.7 206.8 206.5 206.6 207.0 207.0 207.6 207.7 208.0 208.0 208.4 208.5 208.0 208.4 209.0 209.0 209.2 210.0 209.9 209.2 209.0 209.1 209.7 209.9 209.9 209.9 209.8 209.2 209.1 209.1 209.1 209.1 209.5 209.9 209.9 210.0 210.1 210.8 210.9 210.9 210.9 210.9 210.8 210.6 210.2 210.1 210.1 210.2 210.2 210.2 210.2 210.2 210.2 210.2 210.1 210.2 210.2 210.3 210.3 210.4 210.7 210.9 210.9 210.8 210.8 210.8 210.8 210.8 210.8 210.8 210.8 210.9 210.9 210.9 210.8 210.8 210.9 210.9 210.8 210.8 210.8 210.8 210.8 210.8 210.4 210.4 210.4 210.4 210.3 210.3 210.3 210.0 210.1 210.1 210.1 210.1 210.1 210.1 210.2 210.2 210.2 210.6 210.7 210.7 210.7 210.7 210.7 210.7 210.7 210.7 210.6 210.2 210.1 210.1 210.2 210.6 210.8 210.8 211.4 211.4 211.5 211.1 211.6 15.0 17.0 17.0 16.4 16.4 16.7 16.6 16.6 17.1 17.2 17.2 17.0 17.0 17.0 18.0 19.2 20.0 21.0 21.5 22.4 23.2 23.8 23.7 23.3 23.6 24.3 24.7 25.7 26.9 28.0 29.0 30.0 30.7 31.4 32.5 33.4 34.4 35.4 36.4 37.4 38.4 39.4 40.2 41.2 42.2 43.2 44.2 45.3 46.4 47.4 48.4 49.4 50.4 51.4 52.5 53.5 54.5 55.5 56.7 57.7 58.7 59.7 60.5 61.4 62.4 63.5 64.5 65.5 66.5 67.7 68.7 69.7 70.7 71.7 72.7 73.7 74.7 76.0 77.0 78.0 79.1 80.1 81.1 82.1 83.1 84.1 85.2 86.2 87.2 88.4 89.4 90.4 91.4 92.4 93.4 94.4 95.5 96.5 97.5 98.7 99.7 100.7 101.7 102.7 103.7 104.7 105.7 107.0 108.0 109.1 110.1 111.1 112.1 113.1 114.3 115.3 116.3 117.3 118.4 119.4 120.4 121.4 122.4 123.5 124.5 125.5 126.5 127.5 128.5 129.5 130.5 131.5 132.5 133.5 134.5 135.7 136.7 138.1 139.1 140.3 141.3 142.3 143.3 144.2 144.8 145.7 146.7 147.6 148.9 149.7 91.0 1782153045.628166
186.0 187.0 188.0 189.0 190.0 191.0 192.0 192.5 193.4 194.4 195.4 196.4 197.4 198.0 198.4 199.0 199.0 199.0 199.9 200.2 201.0 202.0 203.0 204.1 205.1 205.9 206.2 206.7 206.8 206.4 206.6 207.0 207.0 207.7 207.7 208.0 208.0 208.5 208.5 208.0 208.4 209.0 209.0 209.2 210.0 209.9 209.2 209.0 209.1 209.7 209.9 209.9 209.9 209.8 209.2 209.1 209.1 209.1 209.1 209.6 209.9 209.9 210.0 210.2 210.8 210.9 210.8 210.8 210.8 210.7 210.6 210.2 210.2 210.2 210.2 210.2 210.2 210.2 210.2 210.2 210.2 210.1 210.2 210.2 210.3 210.3 210.4 210.6 210.8 210.8 210.7 210.7 210.7 210.7 210.7 210.8 210.8 210.8 210.9 210.9 210.9 210.8 210.8 210.9 210.9 210.8 210.8 210.8 210.8 210.8 210.8 210.5 210.5 210.5 210.3 210.3 210.3 210.2 210.0 210.1 210.1 210.1 210.1 210.1 210.1 210.1 210.1 210.2 210.6 210.7 210.7 210.8 210.8 210.7 210.7 210.7 210.6 210.6 210.2 210.1 210.1 210.2 210.6 210.8 210.8 211.4 211.4 211.5 211.1 211.6 15.0 17.0 17.0 16.4 16.4 16.7 16.6 16.6 17.1 17.3 17.3 17.0 17.0 17.0 18.0 19.2 20.0 21.0 21.4 22.4 23.2 23.8 23.7 23.3 23.6 24.3 24.8 25.6 26.9 28.0 29.0 30.0 30.6 31.4 32.5 33.4 34.4 35.4 36.4 37.4 38.4 39.4 40.2 41.2 42.2 43.2 44.2 45.3 46.4 47.4 48.4 49.4 50.4 51.4 52.5 53.5 54.5 55.5 56.6 57.6 58.6 59.6 60.5 61.4 62.4 63.5 64.5 65.5 66.5 67.6 68.6 69.6 70.6 71.6 72.6 73.6 74.6 76.0 77.0 78.0 79.1 80.1 81.1 82.1 83.1 84.1 85.2 86.2 87.2 88.3 89.3 90.3 91.3 92.3 93.3 94.3 95.5 96.5 97.5 98.6 99.6 100.6 101.6 102.6 103.6 104.6 105.6 107.0 108.0 109.1 110.1 111.1 112.1 113.1 114.3 115.3 116.3 117.3 118.3 119.3 120.3 121.3 122.3 123.5 124.5 125.5 126.5 127.5 128.5 129.5 130.5 131.5 132.5 133.5 134.5 135.6 136.6 138.1 139.1 140.3 141.3 142.3 143.3 144.2 144.7 145.7 146.7 147.6 148.8 149.6 92.0 1782153045.648790
186.0 187.0 188.0 189.0 190.0 191.0 192.0 192.5 193.4 194.4 195.4 196.4 197.4 198.0 198.4 199.0 199.0 199.0 199.9 200.2 201.0 202.0 202.9 204.1 205.1 205.9 206.2 206.7 206.8 206.5 206.6 207.0 207.0 207.7 207.7 208.0 208.0 208.5 208.5 208.0 208.4 209.0 209.0 209.2 210.0 209.9 209.2 209.0 209.1 209.8 209.9 209.9 209.9 209.8 209.2 209.1 209.1 209.1 209.1 209.5 209.9 209.9 210.0 210.2 210.8 210.9 210.8 210.8 210.8 210.7 210.6 210.2 210.2 210.2 210.2 210.2 210.2 210.2 210.2 210.2 210.2 210.1 210.2 210.2 210.3 210.3 210.4 210.6 210.8 210.8 210.8 210.7 210.7 210.7 210.7 210.8 210.8 210.8 210.9 210.9 210.9 210.9 210.8 210.9 210.9 210.8 210.8 210.8 210.8 210.8 210.8 210.4 210.4 210.4 210.3 210.3 210.3 210.2 210.0 210.1 210.1 210.1 210.1 210.1 210.1 210.1 210.1 210.2 210.6 210.7 210.7 210.8 210.8 210.8 210.8 210.8 210.7 210.6 210.2 210.1 210.1 210.2 210.7 210.8 210.9 211.5 211.5 211.5 211.1 211.6 15.0 17.0 17.0 16.4 16.4 16.6 16.6 16.6 17.1 17.2 17.2 17.0 17.0 17.0 18.0 19.2 20.0 21.0 21.5 22.4 23.2 23.8 23.7 23.3 23.6 24.3 24.8 25.6 26.9 28.0 29.0 30.0 30.6 31.4 32.5 33.4 34.4 35.4 36.4 37.4 38.4 39.4 40.2 41.2 42.2 43.2 44.2 45.3 46.4 47.4 48.4 49.4 50.4 51.4 52.5 53.5 54.5 55.5 56.6 57.6 58.6 59.6 60.5 61.4 62.4 63.5 64.5 65.5 66.5 67.6 68.6 69.6 70.6 71.6 72.6 73.6 74.6 76.0 77.0 78.0 79.1 80.1 81.1 82.1 83.1 84.1 85.2 86.2 87.2 88.3 89.3 90.3 91.3 92.3 93.3 94.3 95.5 96.5 97.5 98.6 99.6 100.6 101.6 102.6 103.6 104.6 105.6 107.0 108.0 109.1 110.1 111.1 112.1 113.1 114.2 115.2 116.2 117.2 118.3 119.3 120.3 121.3 122.3 123.5 124.5 125.5 126.5 127.5 128.5 129.5 130.5 131.5 132.5 133.5 134.5 135.6 136.6 138.1 139.1 140.2 141.2 142.2 143.2 144.1 144.7 145.6 146.6 147.6 148.8 149.6 93.0 1782153045.664291
186.0 187.0 188.0 189.0 190.0 191.0 192.0 192.5 193.4 194.4 195.4 196.4 197.4 198.0 198.4 199.0 199.0 199.0 199.9 200.1 201.0 202.0 202.9 204.0 205.1 205.9 206.1 206.7 206.8 206.5 206.7 207.0 207.0 207.7 207.7 208.0 208.0 208.5 208.5 208.0 208.4 209.0 209.0 209.2 210.0 209.9 209.2 209.0 209.1 209.8 209.9 209.9 209.9 209.8 209.2 209.1 209.1 209.1 209.1 209.6 209.9 209.9 210.0 210.2 210.8 210.9 210.8 210.8 210.8 210.7 210.6 210.2 210.2 210.2 210.2 210.2 210.2 210.2 210.3 210.2 210.2 210.2 210.2 210.3 210.3 210.3 210.4 210.6 210.8 210.8 210.7 210.7 210.7 210.7 210.7 210.8 210.8 210.8 210.8 210.8 210.8 210.8 210.8 210.8 210.8 210.8 210.8 210.8 210.8 210.8 210.8 210.5 210.5 210.5 210.4 210.3 210.3 210.3 210.1 210.1 210.2 210.2 210.2 210.1 210.1 210.2 210.1 210.2 210.6 210.7 210.7 210.7 210.7 210.7 210.7 210.8 210.7 210.6 210.2 210.1 210.1 210.2 210.7 210.8 210.9 211.5 211.5 211.5 211.1 211.7 15.0 17.0 17.0 16.4 16.4 16.6 16.6 16.6 17.0 17.1 17.1 17.0 17.0 17.0 18.0 19.2 20.0 21.0 21.5 22.4 23.3 23.8 23.7 23.3 23.6 24.3 24.8 25.7 26.9 28.0 29.0 30.0 30.7 31.5 32.5 33.5 34.4 35.4 36.4 37.4 38.4 39.4 40.2 41.2 42.2 43.2 44.2 45.3 46.4 47.4 48.4 49.4 50.4 51.4 52.5 53.5 54.5 55.5 56.7 57.7 58.7 59.7 60.5 61.5 62.4 63.5 64.5 65.5 66.5 67.7 68.7 69.7 70.7 71.7 72.7 73.7 74.7 76.0 77.0 78.0 79.1 80.1 81.1 82.1 83.1 84.1 85.2 86.2 87.2 88.3 89.3 90.3 91.3 92.3 93.3 94.3 95.4 96.4 97.4 98.7 99.7 100.7 101.7 102.7 103.7 104.7 105.7 107.0 108.0 109.1 110.1 111.1 112.1 113.1 114.2 115.2 116.2 117.2 118.3 119.3 120.3 121.3 122.3 123.4 124.4 125.4 126.4 127.4 128.4 129.4 130.4 131.4 132.4 133.4 134.4 135.7 136.7 138.1 139.1 140.2 141.2 142.2 143.2 144.1 144.6 145.6 146.6 147.5 148.8 149.6 94.0 1782153045.674549
186.0 187.0 188.0 189.0 190.0 191.0 192.0 192.5 193.4 194.4 195.4 196.4 197.4 198.0 198.4 199.0 199.0 199.0 199.9 200.1 201.0 202.0 202.9 204.0 205.1 205.9 206.1 206.7 206.8 206.5 206.6 207.0 207.0 207.7 207.7 208.0 208.0 208.5 208.5 208.0 208.4 209.0 209.0 209.2 210.0 209.9 209.2 209.0 209.1 209.8 209.9 209.9 209.9 209.8 209.2 209.1 209.1 209.1 209.1 209.6 209.9 209.9 210.0 210.2 210.8 210.9 210.8 210.8 210.8 210.7 210.6 210.2 210.2 210.2 210.2 210.2 210.2 210.2 210.3 210.2 210.2 210.2 210.2 210.3 210.3 210.3 210.4 210.6 210.8 210.8 210.7 210.7 210.7 210.7 210.7 210.8 210.8 210.8 210.8 210.8 210.8 210.8 210.8 210.8 210.8 210.8 210.8 210.8 210.8 210.8 210.8 210.4 210.4 210.4 210.3 210.3 210.3 210.3 210.1 210.1 210.1 210.1 210.1 210.1 210.1 210.2 210.1 210.2 210.6 210.7 210.7 210.7 210.7 210.7 210.7 210.8 210.7 210.7 210.2 210.1 210.1 210.2 210.7 210.8 210.9 211.5 211.5 211.6 211.1 211.7 15.0 17.0 17.0 16.4 16.4 16.6 16.6 16.6 17.1 17.2 17.2 17.0 17.0 17.0 18.0 19.2 20.0 21.0 21.5 22.4 23.3 23.8 23.7 23.3 23.6 24.3 24.7 25.6 26.9 28.0 29.0 30.0 30.6 31.5 32.5 33.4 34.4 35.4 36.4 37.4 38.4 39.4 40.2 41.2 42.2 43.2 44.2 45.3 46.4 47.4 48.4 49.4 50.4 51.4 52.5 53.5 54.5 55.5 56.6 57.6 58.6 59.6 60.5 61.4 62.4 63.5 64.5 65.5 66.5 67.6 68.6 69.6 70.6 71.6 72.6 73.6 74.6 76.0 77.0 78.0 79.1 80.1 81.1 82.1 83.1 84.1 85.2 86.2 87.2 88.3 89.3 90.3 91.3 92.3 93.3 94.3 95.4 96.4 97.4 98.6 99.6 100.6 101.6 102.6 103.6 104.6 105.6 107.0 108.0 109.1 110.1 111.1 112.1 113.1 114.2 115.2 116.2 117.2 118.3 119.3 120.3 121.3 122.3 123.4 124.4 125.4 126.4 127.4 128.4 129.4 130.4 131.4 132.4 133.4 134.4 135.6 136.6 138.1 139.1 140.2 141.2 142.2 143.2 144.1 144.6 145.6 146.6 147.5 148.8 149.5 95.0 1782153045.695181
186.0 187.0 188.0 189.0 190.0 191.0 192.0 192.5 193.4 194.4 195.4 196.4 197.4 198.0 198.4 199.0 199.0 199.0 199.9 200.1 201.0 202.0 202.9 204.0 205.1 205.9 206.1 206.7 206.8 206.5 206.6 207.0 207.0 207.7 207.6 208.0 208.0 208.5 208.5 208.0 208.4 209.0 209.0 209.2 210.0 209.9 209.2 209.0 209.1 209.8 209.9 209.9 209.9 209.8 209.2 209.1 209.1 209.1 209.1 209.6 209.9 209.9 210.0 210.2 210.8 210.9 210.8 210.8 210.8 210.7 210.6 210.2 210.2 210.2 210.2 210.2 210.2 210.2 210.3 210.2 210.2 210.2 210.2 210.2 210.3 210.3 210.3 210.6 210.8 210.8 210.7 210.7 210.7 210.7 210.7 210.8 210.8 210.8 210.8 210.8 210.8 210.8 210.8 210.8 210.9 210.8 210.8 210.8 210.8 210.8 210.8 210.4 210.4 210.4 210.3 210.3 210.3 210.2 210.1 210.1 210.1 210.1 210.1 210.1 210.1 210.2 210.1 210.2 210.6 210.7 210.7 210.7 210.7 210.7 210.7 210.8 210.7 210.7 210.2 210.1 210.1 210.2 210.7 210.8 210.9 211.5 211.5 211.6 211.1 211.7 15.0 17.0 17.0 16.4 16.4 16.6 16.6 16.6 17.1 17.2 17.2 17.0 17.0 17.0 18.0 19.2 20.0 21.0 21.5 22.4 23.3 23.8 23.7 23.3 23.6 24.3 24.7 25.6 26.9 28.0 29.0 30.0 30.6 31.4 32.5 33.4 34.4 35.4 36.4 37.4 38.4 39.4 40.2 41.2 42.2 43.2 44.2 45.3 46.4 47.4 48.4 49.4 50.4 51.4 52.5 53.5 54.5 55.5 56.6 57.6 58.6 59.6 60.5 61.4 62.4 63.5 64.5 65.5 66.5 67.6 68.6 69.6 70.6 71.6 72.6 73.6 74.6 76.0 77.0 78.0 79.1 80.1 81.1 82.1 83.1 84.1 85.2 86.2 87.2 88.3 89.3 90.3 91.3 92.3 93.3 94.3 95.4 96.4 97.4 98.6 99.6 100.6 101.6 102.6 103.6 104.6 105.6 107.0 108.0 109.1 110.1 111.1 112.1 113.1 114.2 115.2 116.2 117.2 118.3 119.3 120.3 121.3 122.3 123.4 124.4 125.4 126.4 127.4 128.4 129.4 130.4 131.4 132.4 133.4 134.4 135.6 136.6 138.1 139.1 140.2 141.2 142.2 143.2 144.1 144.6 145.6 146.6 147.5 148.8 149.5 96.0 1782153045.711188
186.0 187.0 188.0 189.0 190.0 191.0 192.0 192.5 193.4 194.4 195.4 196.4 197.4 198.0 198.4 199.0 199.0 199.0 200.0 200.1 201.0 202.0 202.9 204.0 205.1 205.9 206.1 206.7 206.8 206.4 206.6 207.0 207.0 207.7 207.6 208.0 208.0 208.6 208.5 208.0 208.4 209.0 209.0 209.2 210.0 209.9 209.2 209.0 209.1 209.8 209.9 209.9 209.9 209.8 209.2 209.1 209.1 209.1 209.1 209.6 209.9 209.9 210.0 210.2 210.8 210.9 210.8 210.8 210.8 210.7 210.6 210.2 210.2 210.2 210.3 210.3 210.3 210.3 210.3 210.2 210.2 210.2 210.2 210.2 210.3 210.3 210.3 210.6 210.8 210.8 210.7 210.7 210.7 210.7 210.7 210.8 210.8 210.8 210.8 210.8 210.8 210.8 210.8 210.9 210.9 210.8 210.8 210.8 210.8 210.8 210.8 210.5 210.4 210.4 210.3 210.3 210.3 210.2 210.1 210.1 210.1 210.1 210.1 210.1 210.1 210.2 210.1 210.2 210.6 210.7 210.7 210.8 210.8 210.7 210.7 210.8 210.7 210.6 210.2 210.1 210.1 210.2 210.7 210.8 210.9 211.6 211.6 211.6 211.1 211.7 15.0 17.0 17.0 16.4 16.4 16.7 16.6 16.6 17.1 17.3 17.3 17.0 17.0 17.0 18.0 19.1 20.0 21.0 21.4 22.4 23.2 23.8 23.7 23.3 23.6 24.3 24.7 25.6 26.9 28.0 29.0 30.0 30.6 31.4 32.5 33.4 34.4 35.4 36.4 37.4 38.4 39.4 40.2 41.2 42.2 43.2 44.2 45.3 46.4 47.4 48.4 49.4 50.4 51.4 52.5 53.5 54.5 55.5 56.6 57.6 58.6 59.6 60.5 61.4 62.4 63.5 64.5 65.5 66.5 67.6 68.6 69.6 70.6 71.6 72.6 73.6 74.6 76.0 77.0 78.0 79.1 80.1 81.1 82.1 83.1 84.1 85.2 86.2 87.2 88.3 89.3 90.3 91.3 92.3 93.3 94.3 95.4 96.4 97.4 98.6 99.6 100.6 101.6 102.6 103.6 104.6 105.6 107.0 108.0 109.1 110.1 111.1 112.1 113.1 114.2 115.2 116.2 117.2 118.3 119.3 120.3 121.3 122.3 123.4 124.4 125.4 126.4 127.4 128.4 129.4 130.4 131.4 132.4 133.4 134.4 135.6 136.6 138.1 139.1 140.2 141.2 142.2 143.2 144.1 144.6 145.5 146.5 147.5 148.8 149.5 97.0 1782153045.726097
186.0 187.0 188.0 189.0 190.0 191.0 192.0 192.4 193.4 194.4 195.4 196.4 197.4 198.0 198.4 199.0 199.0 199.0 200.0 200.1 201.0 202.0 202.9 204.0 205.1 206.0 206.1 206.7 206.8 206.5 206.5 207.0 207.0 207.7 207.6 208.0 208.0 208.5 208.5 208.0 208.4 209.0 209.0 209.2 210.0 209.9 209.2 209.0 209.1 209.8 209.9 209.9 209.9 209.8 209.2 209.1 209.1 209.1 209.1 209.6 209.9 209.9 210.0 210.2 210.8 210.9 210.8 210.8 210.8 210.7 210.6 210.2 210.2 210.2 210.2 210.2 210.2 210.2 210.3 210.2 210.2 210.1 210.2 210.2 210.3 210.3 210.4 210.6 210.8 210.8 210.7 210.7 210.7 210.7 210.7 210.8 210.8 210.8 210.9 210.9 210.9 210.8 210.8 210.9 210.9 210.8 210.8 210.8 210.8 210.8 210.8 210.4 210.4 210.4 210.3 210.3 210.3 210.2 210.1 210.1 210.1 210.1 210.1 210.1 210.1 210.2 210.1 210.1 210.7 210.7 210.8 210.8 210.8 210.8 210.8 210.8 210.7 210.7 210.2 210.1 210.1 210.2 210.7 210.9 210.9 211.5 211.6 211.6 211.1 211.7 15.0 17.0 17.0 16.3 16.3 16.7 16.7 16.7 17.1 17.3 17.3 17.0 17.0 17.0 18.0 19.1 20.0 21.0 21.4 22.4 23.2 23.8 23.8 23.3 23.5 24.3 24.7 25.5 26.8 28.0 29.0 30.0 30.5 31.4 32.4 33.4 34.4 35.4 36.4 37.4 38.4 39.4 40.2 41.2 42.2 43.2 44.2 45.3 46.4 47.4 48.4 49.4 50.4 51.4 52.4 53.4 54.4 55.4 56.5 57.5 58.5 59.5 60.4 61.4 62.4 63.4 64.4 65.4 66.4 67.5 68.5 69.5 70.5 71.5 72.5 73.5 74.5 76.0 77.0 78.0 79.1 80.1 81.1 82.1 83.1 84.1 85.2 86.2 87.2 88.3 89.3 90.3 91.3 92.3 93.3 94.3 95.4 96.4 97.4 98.5 99.5 100.5 101.5 102.5 103.5 104.5 105.5 107.0 108.0 109.1 110.1 111.1 112.1 113.1 114.2 115.2 116.2 117.2 118.3 119.3 120.3 121.3 122.3 123.4 124.4 125.4 126.4 127.4 128.4 129.4 130.4 131.4 132.4 133.4 134.4 135.5 136.5 138.1 139.1 140.2 141.2 142.2 143.2 144.1 144.5 145.5 146.5 147.5 148.7 149.5 98.0 1782153045.736291
186.0 187.0 188.0 189.0 190.0 191.0 192.0 192.4 193.3 194.3 195.3 196.3 197.3 198.0 198.3 199.0 199.0 199.0 200.0 200.1 201.0 202.0 202.9 204.0 205.1 206.0 206.1 206.7 206.9 206.5 206.5 207.0 207.0 207.7 207.6 208.0 208.0 208.5 208.5 208.0 208.3 209.0 209.0 209.2 210.0 209.9 209.2 209.0 209.1 209.7 209.9 209.9 210.0 209.8 209.2 209.1 209.1 209.1 209.1 209.6 209.9 209.9 210.0 210.2 210.7 210.9 210.8 210.8 210.8 210.7 210.6 210.2 210.2 210.2 210.2 210.2 210.2 210.2 210.3 210.2 210.2 210.1 210.2 210.2 210.2 210.3 210.4 210.6 210.8 210.8 210.7 210.7 210.7 210.7 210.7 210.8 210.8 210.8 210.9 210.9 210.9 210.8 210.8 210.9 210.9 210.8 210.8 210.8 210.8 210.8 210.8 210.4 210.4 210.4 210.3 210.3 210.3 210.2 210.1 210.1 210.1 210.1 210.1 210.1 210.1 210.1 210.1 210.1 210.7 210.7 210.8 210.8 210.8 210.8 210.8 210.8 210.7 210.7 210.2 210.1 210.1 210.2 210.7 210.9 210.9 211.5 211.6 211.6 211.1 211.7 15.0 17.0 17.0 16.3 16.3 16.7 16.7 16.7 17.1 17.3 17.3 17.0 17.0 17.0 18.0 19.1 20.0 21.0 21.4 22.3 23.2 23.8 23.8 23.3 23.5 24.3 24.7 25.5 26.8 28.0 29.0 30.0 30.5 31.4 32.4 33.4 34.3 35.3 36.3 37.3 38.3 39.3 40.2 41.2 42.2 43.2 44.2 45.3 46.3 47.3 48.3 49.3 50.3 51.3 52.4 53.4 54.4 55.4 56.5 57.5 58.5 59.5 60.4 61.4 62.3 63.4 64.4 65.4 66.4 67.5 68.5 69.5 70.5 71.5 72.5 73.5 74.5 76.0 77.0 78.0 79.1 80.1 81.1 82.1 83.1 84.1 85.2 86.2 87.2 88.2 89.2 90.2 91.2 92.2 93.2 94.2 95.3 96.3 97.3 98.5 99.5 100.5 101.5 102.5 103.5 104.5 105.5 107.0 108.0 109.1 110.1 111.1 112.1 113.1 114.2 115.2 116.2 117.2 118.2 119.2 120.2 121.2 122.2 123.3 124.3 125.3 126.3 127.3 128.3 129.3 130.3 131.3 132.3 133.3 134.3 135.5 136.5 138.1 139.1 140.2 141.2 142.2 143.2 144.1 144.5 145.5 146.5 147.4 148.7 149.5 99.0 1782153045.751957
186.0 187.0 188.0 189.0 190.0 191.0 192.0 192.4 193.3 194.3 195.3 196.3 197.3 198.0 198.3 199.0 199.0 199.0 200.0 200.1 201.0 202.0 202.9 204.0 205.1 206.0 206.1 206.7 206.9 206.5 206.5 207.0 207.0 207.7 207.6 208.0 208.0 208.5 208.5 208.0 208.3 209.0 209.0 209.2 210.0 209.9 209.2 209.0 209.1 209.7 209.9 209.9 210.0 209.8 209.2 209.1 209.1 209.1 209.1 209.6 209.9 209.9 210.0 210.2 210.8 210.9 210.8 210.8 210.8 210.7 210.7 210.2 210.2 210.2 210.2 210.2 210.2 210.2 210.3 210.2 210.2 210.1 210.2 210.2 210.2 210.3 210.4 210.7 210.8 210.8 210.7 210.7 210.7 210.7 210.7 210.8 210.8 210.8 210.9 210.9 210.9 210.9 210.8 210.9 210.9 210.8 210.8 210.8 210.8 210.8 210.8 210.4 210.4 210.4 210.3 210.2 210.2 210.2 210.1 210.1 210.1 210.1 210.1 210.1 210.1 210.1 210.1 210.1 210.7 210.7 210.8 210.8 210.8 210.8 210.8 210.8 210.7 210.7 210.2 210.1 210.1 210.2 210.8 210.9 210.9 211.5 211.6 211.6 211.1 211.7 15.0 17.0 17.0 16.3 16.3 16.7 16.7 16.7 17.1 17.4 17.4 17.0 17.0 17.0 18.0 19.1 20.0 21.0 21.4 22.3 23.2 23.8 23.8 23.3 23.5 24.3 24.8 25.5 26.8 28.0 29.0 30.0 30.5 31.4 32.5 33.4 34.3 35.3 36.3 37.3 38.3 39.3 40.2 41.2 42.2 43.2 44.2 45.3 46.3 47.3 48.3 49.3 50.3 51.3 52.5 53.5 54.5 55.5 56.5 57.5 58.5 59.5 60.4 61.4 62.4 63.5 64.5 65.5 66.5 67.5 68.5 69.5 70.5 71.5 72.5 73.5 74.5 76.0 77.0 78.0 79.1 80.1 81.1 82.1 83.1 84.1 85.2 86.2 87.2 88.3 89.3 90.3 91.3 92.3 93.3 94.3 95.4 96.4 97.4 98.5 99.5 100.5 101.5 102.5 103.5 104.5 105.5 107.0 108.0 109.1 110.1 111.1 112.1 113.1 114.2 115.2 116.2 117.2 118.3 119.3 120.3 121.3 122.3 123.4 124.4 125.4 126.4 127.4 128.4 129.4 130.4 131.4 132.4 133.4 134.4 135.5 136.5 138.1 139.1 140.2 141.2 142.2 143.2 144.1 144.5 145.5 146.5 147.5 148.7 149.5 100.0 1782153045.762267
186.0 187.0 188.0 189.0 190.0 191.0 192.0 192.5 193.3 194.3 195.3 196.3 197.3 198.0 198.3 199.0 199.0 199.0 200.0 200.1 201.0 202.0 202.9 204.0 205.1 206.0 206.1 206.8 206.9 206.4 206.5 207.0 207.0 207.7 207.6 208.0 208.0 208.6 208.5 208.0 208.3 209.0 209.0 209.2 210.0 209.9 209.2 209.0 209.1 209.8 209.9 209.9 210.0 209.7 209.2 209.1 209.1 209.1 209.2 209.6 209.9 209.9 210.0 210.2 210.8 210.9 210.8 210.8 210.8 210.7 210.7 210.2 210.2 210.2 210.2 210.2 210.2 210.2 210.2 210.1 210.2 210.1 210.2 210.2 210.2 210.3 210.4 210.7 210.8 210.8 210.8 210.7 210.7 210.7 210.7 210.9 210.9 210.8 210.9 210.9 210.9 210.9 210.8 210.9 210.9 210.9 210.9 210.8 210.8 210.8 210.8 210.4 210.4 210.4 210.3 210.2 210.2 210.2 210.1 210.1 210.1 210.1 210.1 210.1 210.1 210.1 210.1 210.1 210.7 210.8 210.8 210.8 210.8 210.8 210.8 210.8 210.7 210.7 210.2 210.1 210.1 210.2 210.8 210.9 210.9 211.6 211.6 211.6 211.0 211.8 15.0 17.0 17.0 16.3 16.3 16.7 16.7 16.7 17.2 17.4 17.4 17.0 17.0 17.0 18.0 19.1 20.0 21.0 21.4 22.3 23.2 23.8 23.8 23.2 23.5 24.2 24.8 25.6 26.8 28.0 29.0 30.0 30.6 31.3 32.5 33.4 34.3 35.3 36.3 37.3 38.3 39.3 40.2 41.2 42.2 43.2 44.2 45.2 46.3 47.3 48.3 49.3 50.3 51.3 52.5 53.5 54.5 55.5 56.6 57.6 58.6 59.6 60.4 61.3 62.4 63.5 64.5 65.5 66.5 67.6 68.6 69.6 70.6 71.6 72.6 73.6 74.6 76.0 77.0 78.0 79.1 80.1 81.1 82.1 83.1 84.1 85.2 86.2 87.2 88.3 89.3 90.3 91.3 92.3 93.3 94.3 95.4 96.4 97.4 98.6 99.6 100.6 101.6 102.6 103.6 104.6 105.6 107.0 108.0 109.1 110.1 111.1 112.1 113.1 114.3 115.3 116.3 117.3 118.3 119.3 120.3 121.3 122.3 123.4 124.4 125.4 126.4 127.4 128.4 129.4 130.4 131.4 132.4 133.4 134.4 135.6 136.6 138.1 139.1 140.3 141.3 142.3 143.3 144.2 144.6 145.5 146.5 147.5 148.7 149.5 101.0 1782153045.777833
186.0 187.0 188.0 189.0 190.0 191.0 192.0 192.5 193.3 194.3 195.3 196.3 197.3 198.0 198.3 199.0 199.0 199.0 200.0 200.1 201.0 202.0 202.9 204.0 205.1 206.0 206.1 206.8 206.9 206.4 206.4 207.0 207.0 207.7 207.5 208.0 208.0 208.6 208.6 208.0 208.3 209.0 209.0 209.2 210.0 209.9 209.2 209.0 209.1 209.8 209.9 209.9 210.0 209.7 209.1 209.1 209.1 209.1 209.2 209.6 209.9 209.9 210.0 210.2 210.8 210.9 210.8 210.8 210.8 210.7 210.7 210.2 210.2 210.2 210.2 210.2 210.2 210.2 210.2 210.1 210.1 210.1 210.1 210.2 210.2 210.3 210.3 210.7 210.8 210.8 210.8 210.8 210.8 210.8 210.8 210.9 210.9 210.9 210.9 210.9 210.9 210.9 210.9 210.9 210.9 210.9 210.9 210.8 210.8 210.8 210.8 210.4 210.4 210.4 210.2 210.2 210.2 210.2 210.1 210.1 210.1 210.1 210.1 210.1 210.1 210.1 210.1 210.1 210.7 210.8 210.8 210.8 210.8 210.8 210.8 210.8 210.7 210.7 210.2 210.1 210.1 210.2 210.8 210.9 210.9 211.6 211.7 211.6 211.0 211.8 15.0 17.0 17.0 16.3 16.3 16.7 16.7 16.7 17.2 17.4 17.4 17.0 17.0 17.0 18.0 19.1 20.0 21.0 21.3 22.3 23.2 23.8 23.8 23.2 23.4 24.2 24.8 25.6 26.8 28.0 29.0 30.0 30.6 31.3 32.5 33.4 34.3 35.3 36.3 37.3 38.3 39.3 40.1 41.1 42.1 43.1 44.1 45.2 46.3 47.3 48.3 49.3 50.3 51.3 52.5 53.5 54.5 55.5 56.6 57.6 58.6 59.6 60.4 61.3 62.4 63.5 64.5 65.5 66.5 67.6 68.6 69.6 70.6 71.6 72.6 73.6 74.6 76.0 77.0 78.0 79.1 80.1 81.1 82.1 83.1 84.1 85.1 86.1 87.1 88.3 89.3 90.3 91.3 92.3 93.3 94.3 95.4 96.4 97.4 98.6 99.6 100.6 101.6 102.6 103.6 104.6 105.6 107.0 108.0 109.1 110.1 111.1 112.1 113.1 114.3 115.3 116.3 117.3 118.3 119.3 120.3 121.3 122.3 123.4 124.4 125.4 126.4 127.4 128.4 129.4 130.4 131.4 132.4 133.4 134.4 135.6 136.6 138.0 139.1 140.3 141.3 142.3 143.3 144.2 144.6 145.6 146.6 147.5 148.7 149.5 102.0 1782153045.788099
186.0 187.0 188.0 189.0 190.0 191.0 192.0 192.5 193.3 194.3 195.3 196.3 197.3 198.0 198.3 199.0 199.0 199.0 200.0 200.1 201.0 202.0 202.9 204.0 205.1 206.0 206.1 206.7 206.9 206.4 206.5 207.0 207.0 207.7 207.6 208.0 208.0 208.6 208.5 208.0 208.3 209.0 209.0 209.2 210.0 209.9 209.2 209.0 209.1 209.7 209.9 209.9 210.0 209.7 209.2 209.1 209.1 209.1 209.2 209.6 209.9 209.9 210.0 210.2 210.8 210.9 210.8 210.8 210.8 210.8 210.7 210.2 210.2 210.2 210.2 210.2 210.2 210.2 210.2 210.1 210.1 210.1 210.1 210.2 210.2 210.3 210.3 210.7 210.8 210.8 210.8 210.8 210.8 210.8 210.8 210.9 210.9 210.9 210.9 210.9 210.9 210.9 210.9 210.9 210.9 210.9 210.9 210.8 210.8 210.8 210.8 210.4 210.4 210.3 210.2 210.2 210.2 210.2 210.1 210.1 210.1 210.1 210.1 210.1 210.1 210.1 210.1 210.1 210.7 210.8 210.8 210.8 210.8 210.8 210.8 210.8 210.8 210.7 210.2 210.0 210.1 210.1 210.7 210.8 210.9 211.5 211.6 211.6 211.0 211.8 15.0 17.0 17.0 16.3 16.3 16.7 16.7 16.7 17.1 17.3 17.3 17.0 17.0 17.0 18.0 19.2 20.0 21.0 21.4 22.3 23.2 23.8 23.8 23.3 23.5 24.3 24.8 25.6 26.8 28.0 29.0 30.0 30.6 31.4 32.5 33.5 34.3 35.3 36.3 37.3 38.3 39.3 40.2 41.2 42.2 43.2 44.2 45.3 46.3 47.3 48.3 49.3 50.3 51.3 52.5 53.5 54.5 55.5 56.6 57.6 58.6 59.6 60.4 61.4 62.5 63.5 64.5 65.5 66.5 67.6 68.6 69.6 70.6 71.6 72.6 73.6 74.6 76.0 77.0 78.1 79.1 80.1 81.1 82.1 83.1 84.1 85.2 86.2 87.2 88.4 89.4 90.4 91.4 92.4 93.4 94.4 95.5 96.5 97.5 98.6 99.6 100.6 101.6 102.6 103.6 104.6 105.6 107.0 108.0 109.1 110.1 111.1 112.1 113.1 114.3 115.3 116.3 117.3 118.4 119.4 120.4 121.4 122.4 123.5 124.5 125.5 126.5 127.5 128.5 129.5 130.5 131.5 132.5 133.5 134.5 135.6 136.6 138.0 139.1 140.3 141.3 142.3 143.3 144.2 144.7 145.6 146.6 147.6 148.8 149.6 103.0 1782153045.803427
186.0 187.0 188.0 189.0 190.0 191.0 192.0 192.6 193.4 194.4 195.4 196.4 197.4 198.0 198.4 199.0 199.0 199.0 200.0 200.1 201.0 202.0 202.9 204.0 205.1 206.0 206.1 206.7 206.9 206.5 206.5 207.0 207.0 207.7 207.6 208.0 208.0 208.6 208.5 208.0 208.4 209.0 209.0 209.3 210.0 209.9 209.2 209.0 209.1 209.7 209.9 209.9 210.0 209.7 209.2 209.1 209.1 209.1 209.2 209.6 209.9 209.9 210.0 210.2 210.7 210.9 210.8 210.8 210.8 210.8 210.7 210.1 210.2 210.2 210.2 210.2 210.2 210.2 210.2 210.1 210.1 210.1 210.2 210.2 210.3 210.3 210.4 210.7 210.8 210.8 210.8 210.8 210.8 210.8 210.8 210.9 210.9 210.9 210.9 210.9 210.9 210.9 210.8 210.8 210.8 210.8 210.8 210.8 210.8 210.8 210.8 210.4 210.4 210.3 210.2 210.2 210.2 210.2 210.1 210.1 210.2 210.2 210.2 210.2 210.1 210.2 210.1 210.2 210.7 210.8 210.8 210.8 210.8 210.8 210.8 210.8 210.7 210.7 210.2 210.0 210.1 210.2 210.7 210.8 210.8 211.4 211.5 211.6 211.0 211.8 15.0 17.0 17.0 16.4 16.4 16.6 16.6 16.6 17.1 17.2 17.2 17.0 17.0 17.0 18.0 19.2 20.0 21.0 21.4 22.4 23.3 23.8 23.8 23.3 23.6 24.3 24.8 25.6 26.8 28.0 29.0 30.0 30.6 31.4 32.6 33.5 34.4 35.4 36.4 37.4 38.4 39.4 40.2 41.2 42.2 43.2 44.2 45.3 46.4 47.4 48.4 49.4 50.4 51.4 52.6 53.6 54.6 55.6 56.6 57.6 58.6 59.6 60.4 61.4 62.5 63.6 64.6 65.6 66.6 67.6 68.6 69.6 70.6 71.6 72.6 73.6 74.6 76.0 77.0 78.1 79.2 80.2 81.2 82.2 83.2 84.2 85.2 86.2 87.2 88.4 89.4 90.4 91.4 92.4 93.4 94.4 95.5 96.5 97.5 98.6 99.6 100.6 101.6 102.6 103.6 104.6 105.6 107.0 108.1 109.2 110.2 111.2 112.2 113.2 114.4 115.4 116.4 117.4 118.4 119.4 120.4 121.4 122.4 123.5 124.5 125.5 126.5 127.5 128.5 129.5 130.5 131.5 132.5 133.5 134.5 135.6 136.6 138.1 139.2 140.4 141.4 142.4 143.4 144.3 144.7 145.7 146.7 147.7 148.8 149.6 104.0 1782153045.819018
186.0 187.0 188.0 189.0 190.0 191.0 192.0 192.6 193.4 194.4 195.4 196.4 197.4 198.0 198.4 199.0 199.0 199.0 200.0 200.1 201.0 202.0 202.9 204.0 205.1 206.0 206.1 206.7 206.9 206.5 206.5 207.0 207.0 207.7 207.6 208.0 208.0 208.6 208.5 208.0 208.4 209.0 209.0 209.2 210.0 209.9 209.2 209.0 209.1 209.6 209.9 209.9 210.0 209.8 209.2 209.1 209.1 209.1 209.2 209.5 209.9 209.9 210.0 210.2 210.8 210.9 210.8 210.8 210.8 210.8 210.6 210.1 210.2 210.2 210.2 210.2 210.2 210.2 210.2 210.1 210.1 210.2 210.2 210.3 210.3 210.4 210.4 210.7 210.8 210.8 210.8 210.8 210.8 210.8 210.8 210.9 210.9 210.9 210.8 210.8 210.8 210.8 210.8 210.8 210.8 210.8 210.8 210.8 210.7 210.7 210.7 210.4 210.3 210.4 210.3 210.2 210.2 210.2 210.1 210.1 210.2 210.2 210.2 210.2 210.1 210.2 210.1 210.2 210.7 210.8 210.8 210.8 210.8 210.8 210.8 210.8 210.7 210.7 210.2 210.1 210.1 210.2 210.7 210.8 210.8 211.4 211.5 211.5 211.0 211.8 15.0 17.0 17.0 16.4 16.4 16.7 16.6 16.6 17.1 17.3 17.3 17.0 17.0 17.0 18.0 19.2 20.0 21.0 21.4 22.4 23.3 23.8 23.8 23.3 23.5 24.3 24.8 25.7 26.8 28.0 29.0 30.0 30.7 31.4 32.6 33.5 34.4 35.4 36.4 37.4 38.4 39.4 40.2 41.2 42.2 43.2 44.2 45.3 46.4 47.4 48.4 49.4 50.4 51.4 52.6 53.6 54.6 55.6 56.7 57.7 58.7 59.7 60.5 61.4 62.5 63.6 64.6 65.6 66.6 67.7 68.7 69.7 70.7 71.7 72.7 73.7 74.7 76.0 77.0 78.1 79.2 80.2 81.2 82.2 83.2 84.2 85.2 86.2 87.2 88.5 89.5 90.5 91.5 92.5 93.5 94.5 95.5 96.5 97.5 98.7 99.7 100.7 101.7 102.7 103.7 104.7 105.7 107.0 108.1 109.2 110.2 111.2 112.2 113.2 114.4 115.4 116.4 117.4 118.5 119.5 120.5 121.5 122.5 123.5 124.5 125.5 126.5 127.5 128.5 129.5 130.5 131.5 132.5 133.5 134.5 135.7 136.7 138.1 139.2 140.4 141.4 142.4 143.4 144.3 144.8 145.8 146.8 147.7 148.8 149.6 105.0 1782153045.829297
186.0 187.0 188.0 189.0 190.0 191.0 192.0 192.6 193.3 194.3 195.3 196.3 197.3 198.0 198.3 199.0 199.0 199.0 200.0 200.1 201.0 202.0 202.9 204.0 205.0 206.0 206.1 206.7 206.9 206.4 206.6 207.0 207.0 207.7 207.6 208.0 208.0 208.6 208.5 208.0 208.3 209.0 209.0 209.2 210.0 209.9 209.2 209.0 209.0 209.6 209.9 209.9 210.0 209.8 209.3 209.1 209.1 209.1 209.2 209.5 209.9 209.9 210.0 210.2 210.8 210.9 210.9 210.9 210.9 210.8 210.6 210.1 210.1 210.1 210.2 210.2 210.2 210.2 210.2 210.1 210.1 210.1 210.3 210.3 210.3 210.4 210.4 210.7 210.8 210.8 210.8 210.8 210.8 210.8 210.8 210.9 210.9 210.9 210.9 210.9 210.9 210.8 210.7 210.7 210.8 210.7 210.7 210.7 210.7 210.7 210.7 210.3 210.3 210.3 210.2 210.2 210.2 210.2 210.2 210.2 210.2 210.2 210.2 210.2 210.2 210.2 210.2 210.2 210.7 210.8 210.7 210.7 210.7 210.7 210.7 210.8 210.7 210.7 210.3 210.1 210.2 210.2 210.7 210.8 210.7 211.4 211.4 211.5 211.0 211.8 15.0 17.0 17.0 16.3 16.3 16.7 16.7 16.7 17.2 17.3 17.3 17.0 17.0 17.0 18.0 19.2 20.0 21.0 21.4 22.3 23.3 23.8 23.8 23.3 23.6 24.3 24.8 25.7 26.8 28.0 29.0 30.0 30.7 31.4 32.6 33.5 34.3 35.3 36.3 37.3 38.3 39.3 40.2 41.2 42.2 43.2 44.2 45.3 46.3 47.3 48.3 49.3 50.3 51.3 52.6 53.6 54.6 55.6 56.7 57.7 58.7 59.7 60.5 61.4 62.4 63.6 64.6 65.6 66.6 67.7 68.7 69.7 70.7 71.7 72.7 73.7 74.7 76.0 77.0 78.1 79.2 80.2 81.2 82.2 83.2 84.2 85.2 86.2 87.2 88.5 89.5 90.5 91.5 92.5 93.5 94.5 95.6 96.6 97.6 98.7 99.7 100.7 101.7 102.7 103.7 104.7 105.7 107.0 108.1 109.2 110.2 111.2 112.2 113.2 114.4 115.4 116.4 117.4 118.5 119.5 120.5 121.5 122.5 123.6 124.6 125.6 126.6 127.6 128.6 129.6 130.6 131.6 132.6 133.6 134.6 135.7 136.7 138.1 139.2 140.4 141.4 142.4 143.4 144.4 144.9 145.8 146.8 147.8 148.9 149.6 106.0 1782153045.844836
186.0 187.0 188.0 189.0 190.0 191.0 192.0 192.6 193.3 194.3 195.3 196.3 197.3 198.0 198.3 199.0 199.0 199.0 200.0 200.1 201.0 202.0 202.9 204.0 205.0 206.0 206.1 206.7 206.9 206.4 206.6 207.0 207.0 207.7 207.7 208.0 208.0 208.5 208.6 208.0 208.3 209.0 209.0 209.2 210.0 209.9 209.2 209.0 209.0 209.6 209.9 209.9 210.0 209.7 209.3 209.1 209.1 209.1 209.2 209.5 209.9 209.9 210.0 210.2 210.8 210.9 210.8 210.8 210.8 210.8 210.6 210.2 210.2 210.2 210.2 210.2 210.2 210.2 210.2 210.2 210.2 210.2 210.3 210.3 210.3 210.4 210.4 210.7 210.8 210.8 210.8 210.8 210.8 210.8 210.8 210.8 210.8 210.8 210.8 210.8 210.8 210.8 210.7 210.8 210.8 210.7 210.7 210.7 210.7 210.7 210.7 210.4 210.4 210.4 210.3 210.3 210.3 210.2 210.1 210.2 210.2 210.2 210.2 210.2 210.2 210.2 210.2 210.2 210.7 210.8 210.8 210.7 210.7 210.7 210.7 210.7 210.6 210.7 210.3 210.2 210.2 210.3 210.7 210.7 210.7 211.3 211.3 211.5 211.0 211.8 15.0 17.0 17.0 16.3 16.3 16.7 16.7 16.7 17.2 17.4 17.4 17.0 17.0 17.0 18.0 19.2 20.0 21.0 21.4 22.3 23.2 23.8 23.8 23.3 23.5 24.3 24.8 25.7 26.9 28.0 29.0 30.0 30.7 31.3 32.6 33.4 34.3 35.3 36.3 37.3 38.3 39.3 40.2 41.2 42.2 43.2 44.2 45.3 46.3 47.3 48.3 49.3 50.3 51.3 52.6 53.6 54.6 55.6 56.7 57.7 58.7 59.7 60.5 61.3 62.4 63.6 64.6 65.6 66.6 67.7 68.7 69.7 70.7 71.7 72.7 73.7 74.7 76.0 77.0 78.1 79.2 80.2 81.2 82.2 83.2 84.2 85.2 86.2 87.2 88.5 89.5 90.5 91.5 92.5 93.5 94.5 95.6 96.6 97.6 98.7 99.7 100.7 101.7 102.7 103.7 104.7 105.7 107.0 108.1 109.2 110.2 111.2 112.2 113.2 114.5 115.5 116.5 117.5 118.5 119.5 120.5 121.5 122.5 123.6 124.6 125.6 126.6 127.6 128.6 129.6 130.6 131.6 132.6 133.6 134.6 135.7 136.7 138.1 139.2 140.5 141.5 142.5 143.5 144.4 144.9 145.9 146.9 147.9 149.0 149.6 107.0 1782153045.854994
186.0 187.0 188.0 189.0 190.0 191.0 192.0 192.6 193.4 194.4 195.4 196.4 197.4 198.0 198.4 199.0 199.0 199.0 200.0 200.1 201.1 202.0 203.0 204.1 205.1 206.0 206.1 206.7 206.9 206.4 206.6 207.0 207.0 207.7 207.7 208.0 208.0 208.5 208.5 208.0 208.4 209.0 209.0 209.2 210.0 209.9 209.2 209.0 209.1 209.6 210.0 209.9 210.0 209.7 209.2 209.1 209.1 209.0 209.2 209.5 209.9 210.0 210.0 210.2 210.8 210.9 210.8 210.8 210.8 210.8 210.5 210.2 210.2 210.2 210.2 210.2 210.2 210.2 210.2 210.1 210.2 210.2 210.2 210.3 210.3 210.3 210.4 210.6 210.8 210.8 210.8 210.8 210.8 210.8 210.8 210.9 210.9 210.8 210.8 210.8 210.8 210.8 210.8 210.8 210.8 210.8 210.8 210.7 210.7 210.7 210.7 210.4 210.4 210.4 210.3 210.3 210.3 210.2 210.1 210.2 210.2 210.2 210.2 210.2 210.2 210.2 210.2 210.2 210.7 210.7 210.7 210.7 210.7 210.7 210.7 210.7 210.6 210.6 210.3 210.2 210.2 210.3 210.7 210.7 210.7 211.3 211.3 211.5 211.0 211.8 15.0 17.0 17.0 16.4 16.4 16.7 16.6 16.6 17.1 17.3 17.3 17.0 17.0 17.0 18.0 19.2 20.0 21.0 21.4 22.4 23.2 23.7 23.8 23.3 23.6 24.3 24.8 25.7 26.9 28.0 29.0 30.0 30.7 31.4 32.6 33.5 34.4 35.4 36.4 37.4 38.4 39.4 40.2 41.2 42.2 43.2 44.2 45.3 46.4 47.4 48.4 49.4 50.4 51.4 52.6 53.6 54.6 55.6 56.7 57.7 58.7 59.7 60.5 61.4 62.5 63.6 64.6 65.6 66.6 67.7 68.7 69.7 70.7 71.7 72.7 73.7 74.7 76.0 77.0 78.1 79.2 80.2 81.2 82.2 83.2 84.2 85.2 86.2 87.2 88.5 89.5 90.5 91.5 92.5 93.5 94.5 95.6 96.6 97.6 98.7 99.7 100.7 101.7 102.7 103.7 104.7 105.7 107.0 108.1 109.2 110.2 111.2 112.2 113.2 114.4 115.4 116.4 117.4 118.5 119.5 120.5 121.5 122.5 123.6 124.6 125.6 126.6 127.6 128.6 129.6 130.6 131.6 132.6 133.6 134.6 135.7 136.7 138.1 139.2 140.4 141.4 142.4 143.4 144.4 144.9 145.9 146.9 147.9 149.0 149.7 108.0 1782153045.870428
186.0 187.0 188.0 189.0 190.0 191.0 192.0 192.6 193.3 194.3 195.3 196.3 197.3 198.0 198.3 199.0 199.0 199.0 200.0 200.1 201.1 202.0 203.0 204.1 205.1 206.0 206.1 206.8 206.9 206.5 206.6 207.0 207.0 207.7 207.7 208.0 208.0 208.5 208.5 208.0 208.3 209.0 209.0 209.2 210.0 209.9 209.2 209.0 209.1 209.7 210.0 210.0 210.0 209.7 209.2 209.0 209.0 209.0 209.2 209.5 210.0 210.0 210.0 210.2 210.8 210.9 210.8 210.8 210.8 210.8 210.6 210.2 210.2 210.2 210.2 210.2 210.2 210.2 210.2 210.1 210.1 210.2 210.2 210.3 210.3 210.3 210.4 210.6 210.8 210.8 210.8 210.8 210.8 210.8 210.8 210.9 210.9 210.9 210.8 210.8 210.8 210.8 210.8 210.8 210.8 210.8 210.8 210.8 210.8 210.7 210.7 210.4 210.4 210.4 210.4 210.3 210.3 210.3 210.1 210.1 210.2 210.2 210.2 210.2 210.2 210.2 210.2 210.2 210.6 210.7 210.7 210.6 210.6 210.6 210.6 210.7 210.6 210.6 210.3 210.2 210.2 210.2 210.7 210.7 210.7 211.3 211.3 211.4 211.0 211.7 15.0 17.0 17.0 16.3 16.3 16.7 16.7 16.7 17.2 17.3 17.3 17.0 17.0 17.0 18.0 19.2 20.0 21.0 21.4 22.3 23.2 23.7 23.7 23.2 23.6 24.2 24.9 25.7 26.9 28.0 29.0 30.0 30.7 31.4 32.6 33.4 34.3 35.3 36.3 37.3 38.3 39.3 40.2 41.2 42.2 43.2 44.2 45.3 46.3 47.3 48.3 49.3 50.3 51.3 52.6 53.6 54.6 55.6 56.7 57.7 58.7 59.7 60.5 61.4 62.4 63.6 64.6 65.6 66.6 67.7 68.7 69.7 70.7 71.7 72.7 73.7 74.7 76.0 77.0 78.1 79.1 80.1 81.1 82.1 83.1 84.1 85.2 86.2 87.2 88.5 89.5 90.5 91.5 92.5 93.5 94.5 95.6 96.6 97.6 98.7 99.7 100.7 101.7 102.7 103.7 104.7 105.7 107.0 108.1 109.1 110.1 111.1 112.1 113.1 114.4 115.4 116.4 117.4 118.5 119.5 120.5 121.5 122.5 123.6 124.6 125.6 126.6 127.6 128.6 129.6 130.6 131.6 132.6 133.6 134.6 135.7 136.7 138.1 139.1 140.4 141.4 142.4 143.4 144.4 144.9 145.9 146.9 147.9 149.0 149.7 109.0 1782153045.885883
186.0 187.0 188.0 189.0 190.0 191.0 192.0 192.6 193.3 194.3 195.3 196.3 197.3 198.0 198.3 199.0 199.0 199.0 200.0 200.1 201.1 202.0 203.0 204.1 205.1 206.0 206.1 206.8 206.9 206.5 206.6 207.0 207.0 207.6 207.7 208.0 208.0 208.5 208.5 208.0 208.3 209.0 209.0 209.2 210.0 209.9 209.2 209.0 209.1 209.7 210.0 210.0 210.0 209.7 209.2 209.0 209.0 209.0 209.2 209.5 210.0 210.0 210.0 210.2 210.8 210.9 210.8 210.8 210.8 210.8 210.6 210.2 210.2 210.2 210.2 210.2 210.2 210.2 210.2 210.1 210.1 210.2 210.2 210.2 210.3 210.3 210.3 210.6 210.8 210.8 210.8 210.8 210.8 210.8 210.8 210.9 210.9 210.9 210.8 210.8 210.8 210.8 210.8 210.8 210.8 210.8 210.8 210.8 210.8 210.7 210.7 210.5 210.5 210.5 210.4 210.4 210.4 210.3 210.1 210.1 210.2 210.2 210.2 210.2 210.1 210.2 210.1 210.2 210.6 210.7 210.6 210.6 210.6 210.6 210.6 210.6 210.6 210.6 210.3 210.2 210.2 210.2 210.6 210.8 210.7 211.2 211.3 211.4 211.0 211.7 15.0 17.0 17.0 16.3 16.3 16.7 16.7 16.7 17.2 17.3 17.3 17.0 17.0 17.0 18.0 19.2 20.0 21.0 21.4 22.3 23.2 23.7 23.7 23.2 23.6 24.2 24.9 25.7 26.9 28.0 29.0 30.0 30.7 31.3 32.6 33.4 34.3 35.3 36.3 37.3 38.3 39.3 40.2 41.2 42.2 43.2 44.2 45.3 46.3 47.3 48.3 49.3 50.3 51.3 52.6 53.6 54.6 55.6 56.7 57.7 58.7 59.7 60.5 61.3 62.4 63.6 64.6 65.6 66.6 67.7 68.7 69.7 70.7 71.7 72.7 73.7 74.7 76.0 77.0 78.1 79.1 80.1 81.1 82.1 83.1 84.1 85.2 86.2 87.2 88.5 89.5 90.5 91.5 92.5 93.5 94.5 95.6 96.6 97.6 98.7 99.7 100.7 101.7 102.7 103.7 104.7 105.7 107.0 108.1 109.1 110.1 111.1 112.1 113.1 114.4 115.4 116.4 117.4 118.5 119.5 120.5 121.5 122.5 123.6 124.6 125.6 126.6 127.6 128.6 129.6 130.6 131.6 132.6 133.6 134.6 135.7 136.7 138.1 139.1 140.4 141.4 142.4 143.4 144.3 144.9 145.9 146.9 147.9 149.0 149.7 110.0 1782153045.896165
186.0 187.0 188.0 189.0 190.0 191.0 192.0 192.6 193.3 194.3 195.3 196.3 197.3 198.0 198.3 199.0 199.0 199.0 200.0 200.1 201.1 202.0 203.0 204.1 205.1 206.0 206.1 206.8 206.9 206.5 206.6 207.0 207.0 207.7 207.7 208.0 208.0 208.4 208.5 208.0 208.3 209.0 209.0 209.2 210.0 209.9 209.3 209.0 209.1 209.6 209.9 209.9 209.9 209.7 209.3 209.1 209.1 209.1 209.2 209.5 209.9 209.9 210.0 210.2 210.8 210.9 210.8 210.8 210.8 210.8 210.6 210.2 210.2 210.2 210.2 210.2 210.2 210.2 210.2 210.1 210.1 210.2 210.2 210.2 210.3 210.3 210.3 210.6 210.8 210.8 210.8 210.8 210.8 210.8 210.8 210.9 210.9 210.9 210.8 210.8 210.8 210.8 210.8 210.8 210.8 210.8 210.8 210.8 210.8 210.8 210.8 210.5 210.5 210.5 210.4 210.4 210.4 210.3 210.1 210.1 210.2 210.2 210.2 210.2 210.1 210.2 210.1 210.2 210.6 210.6 210.6 210.6 210.6 210.6 210.6 210.6 210.5 210.6 210.3 210.2 210.2 210.2 210.6 210.8 210.7 211.2 211.3 211.4 211.0 211.7 15.0 17.0 17.0 16.3 16.3 16.7 16.7 16.7 17.3 17.4 17.4 17.0 17.0 17.0 18.0 19.2 20.0 21.0 21.4 22.3 23.2 23.6 23.7 23.2 23.6 24.2 24.9 25.7 26.9 28.0 29.0 30.0 30.7 31.3 32.6 33.4 34.3 35.3 36.3 37.3 38.3 39.3 40.2 41.2 42.2 43.2 44.2 45.3 46.3 47.3 48.3 49.3 50.3 51.3 52.6 53.6 54.6 55.6 56.7 57.7 58.7 59.7 60.5 61.4 62.4 63.6 64.6 65.6 66.6 67.7 68.7 69.7 70.7 71.7 72.7 73.7 74.7 76.0 77.0 78.1 79.1 80.1 81.1 82.1 83.1 84.1 85.2 86.2 87.2 88.5 89.5 90.5 91.5 92.5 93.5 94.5 95.7 96.7 97.7 98.7 99.7 100.7 101.7 102.7 103.7 104.7 105.7 107.0 108.1 109.1 110.1 111.1 112.1 113.1 114.4 115.4 116.4 117.4 118.5 119.5 120.5 121.5 122.5 123.7 124.7 125.7 126.7 127.7 128.7 129.7 130.7 131.7 132.7 133.7 134.7 135.7 136.7 138.1 139.1 140.4 141.4 142.4 143.4 144.3 144.9 145.9 146.9 147.9 149.0 149.7 111.0 1782153045.916980
186.0 187.0 188.0 189.0 190.0 191.0 192.0 192.6 193.3 194.3 195.3 196.3 197.3 198.0 198.3 199.0 199.0 199.0 199.9 200.1 201.0 201.9 202.9 204.0 205.0 205.9 206.1 206.7 206.9 206.4 206.6 207.0 207.0 207.7 207.6 208.0 208.0 208.4 208.5 208.0 208.3 209.0 209.0 209.2 210.0 209.9 209.3 209.0 209.1 209.6 209.9 209.9 209.9 209.7 209.3 209.1 209.1 209.1 209.2 209.5 209.9 209.9 210.0 210.2 210.7 210.9 210.9 210.9 210.9 210.8 210.6 210.2 210.1 210.1 210.2 210.2 210.2 210.2 210.2 210.1 210.1 210.1 210.2 210.2 210.2 210.3 210.3 210.5 210.8 210.8 210.8 210.8 210.8 210.8 210.8 210.9 210.9 210.9 210.9 210.9 210.9 210.8 210.8 210.8 210.8 210.8 210.8 210.8 210.8 210.8 210.8 210.5 210.5 210.5 210.4 210.4 210.4 210.4 210.1 210.1 210.2 210.2 210.2 210.2 210.1 210.2 210.1 210.2 210.5 210.6 210.6 210.6 210.6 210.5 210.5 210.6 210.5 210.5 210.2 210.1 210.2 210.2 210.6 210.8 210.7 211.2 211.3 211.4 211.0 211.6 15.0 17.0 17.0 16.3 16.3 16.7 16.7 16.7 17.3 17.4 17.4 17.0 17.0 17.0 18.0 19.1 20.0 21.0 21.5 22.3 23.2 23.7 23.7 23.3 23.6 24.3 24.9 25.8 26.9 28.0 29.0 30.0 30.8 31.3 32.5 33.4 34.3 35.3 36.3 37.3 38.3 39.3 40.2 41.2 42.2 43.2 44.2 45.3 46.3 47.3 48.3 49.3 50.3 51.3 52.5 53.5 54.5 55.5 56.8 57.8 58.8 59.8 60.5 61.4 62.4 63.5 64.5 65.5 66.5 67.8 68.8 69.8 70.8 71.8 72.8 73.8 74.8 76.0 77.0 78.1 79.1 80.1 81.1 82.1 83.1 84.1 85.2 86.2 87.2 88.4 89.4 90.4 91.4 92.4 93.4 94.4 95.7 96.7 97.7 98.8 99.8 100.8 101.8 102.8 103.8 104.8 105.8 107.0 108.1 109.1 110.1 111.1 112.1 113.1 114.4 115.4 116.4 117.4 118.4 119.4 120.4 121.4 122.4 123.7 124.7 125.7 126.7 127.7 128.7 129.7 130.7 131.7 132.7 133.7 134.7 135.8 136.8 138.1 139.1 140.4 141.4 142.4 143.4 144.3 144.9 145.9 146.9 147.9 149.0 149.7 112.0 1782153045.927248
186.0 187.0 188.0 189.0 190.0 191.0 192.0 192.6 193.3 194.3 195.3 196.3 197.3 198.0 198.3 199.0 199.0 199.0 199.9 200.1 201.0 201.9 202.9 204.0 205.0 205.9 206.1 206.7 206.9 206.5 206.6 207.0 207.0 207.6 207.7 208.0 208.0 208.4 208.5 208.0 208.3 209.0 209.0 209.2 210.0 209.9 209.3 209.0 209.1 209.6 209.9 209.9 209.9 209.8 209.3 209.1 209.1 209.1 209.2 209.4 209.9 209.9 210.0 210.2 210.7 210.9 210.9 210.9 210.9 210.8 210.6 210.2 210.1 210.1 210.2 210.2 210.2 210.2 210.2 210.1 210.1 210.1 210.2 210.2 210.2 210.3 210.3 210.5 210.8 210.8 210.8 210.8 210.8 210.8 210.8 210.9 210.9 210.9 210.9 210.9 210.9 210.9 210.8 210.8 210.8 210.8 210.8 210.8 210.8 210.8 210.8 210.5 210.5 210.5 210.5 210.4 210.4 210.4 210.1 210.1 210.2 210.2 210.2 210.2 210.1 210.1 210.1 210.2 210.5 210.6 210.6 210.5 210.5 210.5 210.5 210.5 210.5 210.5 210.2 210.1 210.1 210.2 210.6 210.8 210.8 211.2 211.3 211.4 211.0 211.6 15.0 17.0 17.0 16.3 16.3 16.7 16.7 16.7 17.3 17.4 17.4 17.0 17.0 17.0 18.0 19.1 20.0 21.0 21.4 22.3 23.2 23.6 23.6 23.3 23.6 24.2 24.9 25.8 26.9 28.0 29.0 30.0 30.8 31.3 32.5 33.4 34.3 35.3 36.3 37.3 38.3 39.3 40.2 41.2 42.2 43.2 44.2 45.2 46.3 47.3 48.3 49.3 50.3 51.3 52.5 53.5 54.5 55.5 56.8 57.8 58.8 59.8 60.5 61.4 62.4 63.5 64.5 65.5 66.5 67.8 68.8 69.8 70.8 71.8 72.8 73.8 74.8 76.0 77.0 78.1 79.1 80.1 81.1 82.1 83.1 84.1 85.2 86.2 87.2 88.4 89.4 90.4 91.4 92.4 93.4 94.4 95.7 96.7 97.7 98.8 99.8 100.8 101.8 102.8 103.8 104.8 105.8 107.0 108.1 109.1 110.1 111.1 112.1 113.1 114.4 115.4 116.4 117.4 118.4 119.4 120.4 121.4 122.4 123.7 124.7 125.7 126.7 127.7 128.7 129.7 130.7 131.7 132.7 133.7 134.7 135.8 136.8 138.1 139.1 140.4 141.4 142.4 143.3 144.3 144.9 145.9 146.9 147.9 149.0 149.7 113.0 1782153045.942810
186.0 187.0 188.0 189.0 190.0 191.0 192.0 192.6 193.3 194.3 195.3 196.3 197.3 198.0 198.3 199.0 199.0 199.0 199.9 200.2 201.1 202.0 203.0 204.1 205.1 205.9 206.2 206.8 206.8 206.5 206.7 207.0 207.0 207.6 207.7 208.0 208.0 208.4 208.5 208.0 208.3 209.0 209.0 209.2 210.0 209.9 209.4 209.1 209.1 209.6 209.8 209.8 209.9 209.8 209.3 209.2 209.2 209.2 209.2 209.4 209.8 209.8 210.0 210.2 210.7 210.8 210.9 210.9 210.9 210.8 210.6 210.2 210.1 210.1 210.2 210.2 210.2 210.2 210.2 210.2 210.2 210.2 210.2 210.3 210.3 210.3 210.3 210.5 210.8 210.8 210.8 210.8 210.8 210.8 210.8 210.8 210.8 210.8 210.8 210.8 210.8 210.8 210.8 210.8 210.8 210.8 210.8 210.7 210.7 210.7 210.7 210.5 210.5 210.5 210.4 210.4 210.4 210.4 210.1 210.2 210.2 210.2 210.2 210.2 210.2 210.2 210.2 210.2 210.5 210.6 210.6 210.6 210.6 210.6 210.6 210.6 210.5 210.5 210.3 210.2 210.2 210.3 210.6 210.7 210.7 211.1 211.2 211.3 211.0 211.5 15.0 17.0 17.0 16.3 16.3 16.7 16.7 16.7 17.2 17.3 17.3 17.0 17.0 17.0 18.0 19.1 20.0 21.0 21.5 22.3 23.2 23.6 23.6 23.2 23.7 24.2 24.9 25.8 26.9 28.0 29.0 30.0 30.8 31.3 32.5 33.4 34.3 35.3 36.3 37.3 38.3 39.3 40.2 41.2 42.2 43.2 44.2 45.3 46.3 47.3 48.3 49.3 50.3 51.3 52.5 53.5 54.5 55.5 56.8 57.8 58.8 59.8 60.5 61.4 62.4 63.5 64.5 65.5 66.5 67.8 68.8 69.8 70.8 71.8 72.8 73.8 74.8 76.0 77.0 78.1 79.1 80.1 81.1 82.1 83.1 84.1 85.2 86.2 87.2 88.5 89.5 90.5 91.5 92.5 93.5 94.5 95.7 96.7 97.7 98.8 99.8 100.8 101.8 102.8 103.8 104.8 105.8 107.0 108.1 109.1 110.1 111.1 112.1 113.1 114.3 115.3 116.3 117.3 118.5 119.5 120.5 121.5 122.5 123.7 124.7 125.7 126.7 127.7 128.7 129.7 130.7 131.7 132.7 133.7 134.7 135.8 136.8 138.1 139.1 140.3 141.3 142.3 143.3 144.3 144.9 145.9 146.9 147.9 149.0 149.8 114.0 1782153045.953062
186.0 187.0 188.0 189.0 190.0 191.0 192.0 192.6 193.3 194.3 195.3 196.3 197.3 198.0 198.3 199.0 199.0 199.0 199.9 200.1 201.1 202.0 203.0 204.1 205.1 205.9 206.1 206.8 206.8 206.5 206.7 207.0 207.0 207.6 207.7 208.0 208.0 208.4 208.5 208.0 208.3 209.0 209.0 209.1 210.0 210.0 209.4 209.1 209.1 209.6 209.8 209.8 209.9 209.8 209.3 209.2 209.2 209.2 209.2 209.4 209.8 209.8 210.0 210.2 210.7 210.8 210.9 210.9 210.9 210.8 210.6 210.2 210.1 210.1 210.2 210.2 210.2 210.2 210.2 210.2 210.2 210.2 210.2 210.3 210.3 210.3 210.3 210.5 210.8 210.8 210.8 210.8 210.8 210.8 210.8 210.8 210.8 210.8 210.8 210.8 210.8 210.8 210.8 210.8 210.8 210.8 210.8 210.8 210.8 210.7 210.7 210.5 210.5 210.5 210.5 210.4 210.4 210.4 210.1 210.2 210.2 210.2 210.2 210.2 210.2 210.2 210.2 210.2 210.5 210.6 210.6 210.5 210.5 210.5 210.5 210.5 210.5 210.5 210.3 210.2 210.2 210.2 210.6 210.7 210.7 211.1 211.2 211.3 211.0 211.5 15.0 17.0 17.0 16.3 16.3 16.7 16.7 16.7 17.3 17.4 17.4 17.0 17.0 17.0 18.0 19.1 20.0 21.0 21.4 22.3 23.2 23.6 23.6 23.2 23.7 24.2 24.9 25.8 26.9 28.0 29.0 30.0 30.8 31.3 32.5 33.4 34.3 35.3 36.3 37.3 38.3 39.3 40.2 41.2 42.2 43.2 44.2 45.3 46.3 47.3 48.3 49.3 50.3 51.3 52.5 53.5 54.5 55.5 56.8 57.8 58.8 59.8 60.5 61.4 62.4 63.5 64.5 65.5 66.5 67.8 68.8 69.8 70.8 71.8 72.8 73.8 74.8 76.0 77.0 78.1 79.1 80.1 81.1 82.1 83.1 84.1 85.2 86.2 87.2 88.4 89.4 90.4 91.4 92.4 93.4 94.4 95.7 96.7 97.7 98.8 99.8 100.8 101.8 102.8 103.8 104.8 105.8 107.0 108.0 109.1 110.1 111.1 112.1 113.1 114.3 115.3 116.3 117.3 118.4 119.4 120.4 121.4 122.4 123.7 124.7 125.7 126.7 127.7 128.7 129.7 130.7 131.7 132.7 133.7 134.7 135.8 136.8 138.1 139.1 140.3 141.3 142.3 143.3 144.3 145.0 145.9 146.9 147.9 149.0 149.8 115.0 1782153045.968295
186.0 187.0 188.0 189.0 190.0 191.0 192.0 192.6 193.3 194.3 195.3 196.3 197.3 198.0 198.3 199.0 199.0 199.0 199.9 200.1 201.1 202.0 203.0 204.1 205.1 205.9 206.1 206.8 206.8 206.5 206.7 207.0 207.0 207.6 207.7 208.0 208.0 208.3 208.5 208.0 208.3 209.0 209.0 209.1 210.0 210.0 209.4 209.1 209.1 209.6 209.8 209.8 209.8 209.8 209.3 209.2 209.2 209.2 209.1 209.4 209.8 209.8 210.0 210.2 210.7 210.8 210.9 210.9 210.9 210.8 210.6 210.2 210.1 210.1 210.2 210.2 210.2 210.2 210.2 210.2 210.2 210.2 210.2 210.2 210.3 210.3 210.3 210.5 210.8 210.8 210.8 210.8 210.8 210.8 210.8 210.8 210.8 210.8 210.8 210.8 210.8 210.8 210.8 210.8 210.8 210.8 210.8 210.8 210.8 210.7 210.7 210.5 210.5 210.5 210.5 210.5 210.5 210.4 210.1 210.2 210.2 210.2 210.2 210.2 210.2 210.2 210.2 210.2 210.5 210.6 210.5 210.5 210.5 210.5 210.5 210.5 210.5 210.5 210.3 210.2 210.2 210.2 210.5 210.8 210.7 211.1 211.2 211.3 211.0 211.5 15.0 17.0 17.0 16.3 16.3 16.7 16.7 16.7 17.3 17.4 17.4 17.0 17.0 17.0 18.0 19.1 20.0 21.0 21.5 22.3 23.2 23.5 23.6 23.2 23.7 24.2 24.9 25.8 26.9 28.0 29.0 30.0 30.8 31.3 32.5 33.4 34.3 35.3 36.3 37.3 38.3 39.3 40.2 41.2 42.2 43.2 44.2 45.3 46.3 47.3 48.3 49.3 50.3 51.3 52.5 53.5 54.5 55.5 56.8 57.8 58.8 59.8 60.5 61.4 62.4 63.5 64.5 65.5 66.5 67.8 68.8 69.8 70.8 71.8 72.8 73.8 74.8 76.0 77.0 78.1 79.1 80.1 81.1 82.1 83.1 84.1 85.2 86.2 87.2 88.4 89.4 90.4 91.4 92.4 93.4 94.4 95.7 96.7 97.7 98.8 99.8 100.8 101.8 102.8 103.8 104.8 105.8 107.0 108.0 109.1 110.1 111.1 112.1 113.1 114.3 115.3 116.3 117.3 118.4 119.4 120.4 121.4 122.4 123.7 124.7 125.7 126.7 127.7 128.7 129.7 130.7 131.7 132.7 133.7 134.7 135.8 136.8 138.1 139.1 140.3 141.3 142.3 143.3 144.3 145.0 145.9 146.9 147.9 149.0 149.8 116.0 1782153045.983739
186.0 187.0 188.0 189.0 190.0 191.0 192.0 192.6 193.3 194.3 195.3 196.3 197.3 198.0 198.3 199.0 199.0 199.0 199.9 200.1 201.1 202.0 203.0 204.1 205.1 205.9 206.1 206.7 206.9 206.5 206.7 207.0 207.0 207.6 207.7 208.0 208.0 208.4 208.5 208.0 208.3 209.0 209.0 209.2 210.0 210.0 209.4 209.1 209.1 209.6 209.8 209.7 209.8 209.8 209.4 209.3 209.3 209.2 209.1 209.4 209.7 209.8 210.0 210.2 210.6 210.7 210.9 210.9 210.9 210.8 210.6 210.2 210.1 210.1 210.2 210.2 210.2 210.2 210.2 210.2 210.2 210.2 210.2 210.2 210.2 210.3 210.3 210.5 210.9 210.9 210.8 210.8 210.8 210.8 210.8 210.8 210.8 210.8 210.8 210.8 210.8 210.8 210.8 210.8 210.8 210.8 210.8 210.8 210.8 210.8 210.8 210.6 210.6 210.6 210.5 210.5 210.5 210.4 210.1 210.2 210.2 210.2 210.2 210.2 210.2 210.2 210.2 210.2 210.5 210.5 210.5 210.5 210.5 210.5 210.5 210.5 210.5 210.5 210.2 210.2 210.2 210.2 210.5 210.8 210.7 211.1 211.2 211.2 211.0 211.4 15.0 17.0 17.0 16.3 16.3 16.7 16.7 16.7 17.2 17.3 17.3 17.0 17.0 17.0 18.0 19.2 20.0 21.0 21.5 22.3 23.2 23.6 23.6 23.3 23.7 24.3 24.9 25.8 26.9 28.0 29.0 30.0 30.8 31.3 32.5 33.4 34.3 35.3 36.3 37.3 38.3 39.3 40.3 41.3 42.3 43.3 44.3 45.3 46.3 47.3 48.3 49.3 50.3 51.3 52.5 53.5 54.5 55.5 56.8 57.8 58.8 59.8 60.5 61.5 62.4 63.5 64.5 65.5 66.5 67.8 68.8 69.8 70.8 71.8 72.8 73.8 74.8 76.0 77.0 78.1 79.1 80.1 81.1 82.1 83.1 84.1 85.3 86.3 87.3 88.5 89.5 90.5 91.5 92.5 93.5 94.5 95.7 96.7 97.7 98.8 99.8 100.8 101.8 102.8 103.8 104.8 105.8 107.0 108.0 109.1 110.1 111.1 112.1 113.1 114.3 115.3 116.3 117.3 118.5 119.5 120.5 121.5 122.5 123.7 124.7 125.7 126.7 127.7 128.7 129.7 130.7 131.7 132.7 133.7 134.7 135.8 136.8 138.1 139.1 140.3 141.3 142.3 143.3 144.2 145.0 145.9 146.9 147.9 149.0 149.8 117.0 1782153045.999545
186.0 187.0 188.0 189.0 190.0 191.0 192.0 192.6 193.4 194.4 195.4 196.4 197.4 198.0 198.4 199.0 199.0 199.0 199.9 200.1 201.1 202.0 203.0 204.1 205.1 205.9 206.1 206.7 206.9 206.5 206.7 207.0 207.0 207.6 207.7 208.0 208.0 208.4 208.5 208.0 208.4 209.0 209.0 209.2 210.0 210.0 209.4 209.1 209.1 209.5 209.7 209.7 209.9 209.8 209.4 209.3 209.3 209.3 209.1 209.3 209.7 209.7 210.0 210.1 210.6 210.7 210.9 210.9 210.9 210.8 210.7 210.2 210.1 210.1 210.2 210.2 210.2 210.2 210.2 210.1 210.1 210.2 210.2 210.2 210.2 210.3 210.3 210.4 210.9 210.9 210.8 210.8 210.8 210.8 210.8 210.9 210.9 210.9 210.8 210.8 210.8 210.8 210.8 210.8 210.8 210.8 210.8 210.8 210.8 210.8 210.8 210.6 210.6 210.6 210.5 210.5 210.5 210.5 210.1 210.1 210.2 210.2 210.2 210.2 210.2 210.2 210.2 210.2 210.5 210.5 210.5 210.5 210.5 210.5 210.5 210.5 210.4 210.5 210.2 210.2 210.2 210.2 210.5 210.8 210.8 211.1 211.1 211.2 211.0 211.4 15.0 17.0 17.0 16.4 16.4 16.7 16.6 16.6 17.2 17.3 17.3 17.0 17.0 17.0 18.0 19.2 20.0 21.0 21.5 22.4 23.2 23.6 23.6 23.3 23.7 24.3 24.9 25.8 26.9 28.0 29.0 30.0 30.8 31.4 32.5 33.4 34.4 35.4 36.4 37.4 38.4 39.4 40.3 41.3 42.3 43.3 44.3 45.3 46.4 47.4 48.4 49.4 50.4 51.4 52.5 53.5 54.5 55.5 56.8 57.8 58.8 59.8 60.6 61.5 62.4 63.5 64.5 65.5 66.5 67.8 68.8 69.8 70.8 71.8 72.8 73.8 74.8 76.0 77.0 78.1 79.1 80.1 81.1 82.1 83.1 84.1 85.3 86.3 87.3 88.5 89.5 90.5 91.5 92.5 93.5 94.5 95.8 96.8 97.8 98.8 99.8 100.8 101.8 102.8 103.8 104.8 105.8 107.0 108.0 109.1 110.1 111.1 112.1 113.1 114.3 115.3 116.3 117.3 118.5 119.5 120.5 121.5 122.5 123.8 124.8 125.8 126.8 127.8 128.8 129.8 130.8 131.8 132.8 133.8 134.8 135.8 136.8 138.1 139.1 140.3 141.3 142.3 143.3 144.2 145.0 145.9 146.9 147.9 149.0 149.8 118.0 1782153046.009449
186.0 187.0 188.0 189.0 190.0 191.0 192.0 192.7 193.4 194.4 195.4 196.4 197.4 198.0 198.4 199.0 199.0 199.0 200.0 200.2 201.1 202.0 203.1 204.1 205.1 206.0 206.2 206.7 206.8 206.6 206.7 207.0 207.0 207.6 207.7 208.0 208.0 208.4 208.5 208.0 208.4 209.0 209.0 209.2 210.0 210.0 209.4 209.1 209.1 209.5 209.7 209.7 209.8 209.8 209.4 209.3 209.3 209.3 209.1 209.3 209.7 209.7 210.0 210.1 210.6 210.7 210.9 210.9 210.9 210.8 210.6 210.2 210.1 210.1 210.2 210.2 210.2 210.2 210.2 210.2 210.2 210.2 210.3 210.3 210.3 210.3 210.3 210.5 210.9 210.9 210.8 210.8 210.8 210.8 210.8 210.8 210.8 210.8 210.8 210.8 210.8 210.8 210.7 210.8 210.8 210.8 210.8 210.7 210.7 210.7 210.7 210.5 210.5 210.5 210.5 210.5 210.5 210.4 210.1 210.2 210.2 210.2 210.2 210.2 210.2 210.2 210.2 210.2 210.5 210.5 210.5 210.5 210.5 210.5 210.5 210.5 210.5 210.5 210.3 210.2 210.2 210.3 210.5 210.7 210.7 211.0 211.1 211.2 210.9 211.3 15.0 17.0 17.0 16.4 16.4 16.7 16.6 16.6 17.1 17.2 17.2 17.0 17.0 17.0 18.0 19.2 20.0 21.0 21.6 22.4 23.2 23.6 23.6 23.3 23.7 24.3 24.9 25.8 26.9 28.0 29.0 30.0 30.8 31.4 32.6 33.5 34.4 35.4 36.4 37.4 38.4 39.4 40.3 41.3 42.3 43.3 44.3 45.4 46.4 47.4 48.4 49.4 50.4 51.4 52.6 53.6 54.6 55.6 56.8 57.8 58.8 59.8 60.6 61.5 62.5 63.6 64.6 65.6 66.6 67.8 68.8 69.8 70.8 71.8 72.8 73.8 74.8 76.0 77.0 78.1 79.1 80.1 81.1 82.1 83.1 84.1 85.3 86.3 87.3 88.5 89.5 90.5 91.5 92.5 93.5 94.5 95.8 96.8 97.8 98.8 99.8 100.8 101.8 102.8 103.8 104.8 105.8 107.0 108.0 109.1 110.1 111.1 112.1 113.1 114.3 115.3 116.3 117.3 118.5 119.5 120.5 121.5 122.5 123.8 124.8 125.8 126.8 127.8 128.8 129.8 130.8 131.8 132.8 133.8 134.8 135.8 136.8 138.0 139.1 140.3 141.3 142.3 143.3 144.2 145.0 146.0 147.0 147.9 149.0 149.9 119.0 1782153046.024934
186.0 187.0 188.0 189.0 190.0 191.0 192.0 192.7 193.4 194.4 195.4 196.4 197.4 198.0 198.4 199.0 199.0 199.0 200.0 200.2 201.1 202.0 203.1 204.1 205.1 206.0 206.2 206.7 206.8 206.6 206.7 207.0 207.0 207.6 207.7 208.0 208.0 208.4 208.5 208.0 208.4 209.0 209.0 209.2 210.0 210.0 209.4 209.1 209.1 209.5 209.6 209.6 209.8 209.8 209.5 209.4 209.4 209.4 209.1 209.3 209.6 209.6 210.0 210.1 210.6 210.6 210.9 210.9 210.9 210.8 210.6 210.2 210.1 210.1 210.2 210.2 210.2 210.2 210.2 210.2 210.2 210.2 210.2 210.3 210.3 210.3 210.3 210.5 210.9 210.9 210.8 210.8 210.8 210.8 210.8 210.8 210.8 210.8 210.8 210.8 210.8 210.8 210.8 210.8 210.8 210.8 210.8 210.8 210.8 210.7 210.7 210.6 210.6 210.6 210.5 210.5 210.5 210.5 210.1 210.2 210.2 210.2 210.2 210.2 210.2 210.2 210.2 210.2 210.5 210.5 210.5 210.5 210.5 210.5 210.5 210.5 210.4 210.5 210.3 210.2 210.2 210.2 210.5 210.7 210.7 211.0 211.1 211.1 210.9 211.3 15.0 17.0 17.0 16.4 16.4 16.7 16.6 16.6 17.1 17.1 17.1 17.0 17.0 17.0 18.0 19.2 20.0 21.0 21.6 22.4 23.3 23.6 23.6 23.3 23.8 24.3 24.9 25.8 26.9 28.0 29.0 30.0 30.8 31.4 32.6 33.5 34.4 35.4 36.4 37.4 38.4 39.4 40.4 41.4 42.4 43.4 44.4 45.4 46.4 47.4 48.4 49.4 50.4 51.4 52.6 53.6 54.6 55.6 56.8 57.8 58.8 59.8 60.6 61.5 62.5 63.6 64.6 65.6 66.6 67.8 68.8 69.8 70.8 71.8 72.8 73.8 74.8 76.0 77.0 78.1 79.1 80.1 81.1 82.1 83.1 84.1 85.4 86.4 87.4 88.5 89.5 90.5 91.5 92.5 93.5 94.5 95.8 96.8 97.8 98.8 99.8 100.8 101.8 102.8 103.8 104.8 105.8 107.0 108.0 109.1 110.1 111.1 112.1 113.1 114.2 115.2 116.2 117.2 118.5 119.5 120.5 121.5 122.5 123.8 124.8 125.8 126.8 127.8 128.8 129.8 130.8 131.8 132.8 133.8 134.8 135.8 136.8 138.0 139.1 140.2 141.2 142.2 143.2 144.2 145.0 146.0 147.0 147.9 149.0 149.9 120.0 1782153046.040465
186.0 187.0 188.0 189.0 190.0 191.0 192.0 192.7 193.4 194.4 195.4 196.4 197.4 198.0 198.4 199.0 199.0 199.0 200.0 200.2 201.1 202.0 203.1 204.1 205.1 206.0 206.2 206.7 206.8 206.6 206.7 207.0 207.0 207.6 207.7 208.0 208.0 208.4 208.5 208.0 208.4 209.0 209.0 209.2 210.0 210.0 209.4 209.1 209.1 209.5 209.6 209.6 209.8 209.8 209.5 209.4 209.4 209.4 209.1 209.3 209.6 209.6 210.0 210.1 210.5 210.6 210.9 210.9 210.9 210.8 210.7 210.2 210.1 210.1 210.2 210.2 210.2 210.2 210.2 210.2 210.2 210.2 210.2 210.2 210.3 210.3 210.3 210.4 210.9 210.9 210.8 210.8 210.8 210.8 210.8 210.8 210.8 210.8 210.8 210.8 210.8 210.8 210.8 210.8 210.8 210.8 210.8 210.8 210.8 210.7 210.7 210.6 210.6 210.6 210.5 210.5 210.5 210.5 210.1 210.2 210.2 210.2 210.2 210.2 210.2 210.2 210.2 210.2 210.4 210.5 210.5 210.5 210.5 210.4 210.4 210.5 210.4 210.4 210.3 210.2 210.2 210.2 210.5 210.8 210.7 211.0 211.1 211.1 210.9 211.3 15.0 17.0 17.0 16.4 16.4 16.7 16.6 16.6 17.1 17.2 17.2 17.0 17.0 17.0 18.0 19.2 20.0 21.0 21.6 22.4 23.2 23.5 23.6 23.3 23.8 24.3 24.9 25.8 26.9 28.0 29.0 30.0 30.8 31.4 32.6 33.5 34.4 35.4 36.4 37.4 38.4 39.4 40.4 41.4 42.4 43.4 44.4 45.4 46.4 47.4 48.4 49.4 50.4 51.4 52.6 53.6 54.6 55.6 56.8 57.8 58.8 59.8 60.6 61.6 62.5 63.6 64.6 65.6 66.6 67.8 68.8 69.8 70.8 71.8 72.8 73.8 74.8 76.0 77.0 78.1 79.1 80.1 81.1 82.1 83.1 84.1 85.4 86.4 87.4 88.5 89.5 90.5 91.5 92.5 93.5 94.5 95.8 96.8 97.8 98.8 99.8 100.8 101.8 102.8 103.8 104.8 105.8 107.0 108.0 109.1 110.1 111.1 112.1 113.1 114.2 115.2 116.2 117.2 118.5 119.5 120.5 121.5 122.5 123.8 124.8 125.8 126.8 127.8 128.8 129.8 130.8 131.8 132.8 133.8 134.8 135.8 136.8 138.0 139.1 140.2 141.2 142.2 143.2 144.2 145.0 146.0 147.0 147.9 149.0 149.9 121.0 1782153046.061323
186.0 187.0 188.0 189.0 190.0 191.0 192.0 192.7 193.4 194.4 195.4 196.4 197.4 198.0 198.4 199.0 199.0 199.0 200.0 200.2 201.1 202.0 203.1 204.1 205.1 206.0 206.2 206.7 206.8 206.6 206.7 207.0 207.0 207.6 207.7 208.0 208.0 208.4 208.5 208.0 208.4 209.0 209.0 209.2 210.0 210.0 209.5 209.1 209.0 209.5 209.6 209.6 209.8 209.8 209.5 209.4 209.4 209.4 209.1 209.3 209.6 209.6 210.0 210.1 210.5 210.6 210.9 210.9 210.9 210.8 210.7 210.2 210.1 210.1 210.2 210.2 210.2 210.2 210.2 210.2 210.2 210.2 210.2 210.2 210.2 210.3 210.3 210.4 210.9 210.9 210.8 210.8 210.8 210.8 210.8 210.8 210.8 210.8 210.8 210.8 210.8 210.8 210.8 210.8 210.8 210.8 210.8 210.8 210.8 210.8 210.8 210.6 210.6 210.6 210.6 210.6 210.6 210.5 210.1 210.2 210.2 210.2 210.2 210.2 210.2 210.2 210.2 210.2 210.4 210.5 210.5 210.4 210.4 210.4 210.4 210.4 210.4 210.4 210.2 210.2 210.2 210.2 210.4 210.8 210.8 211.0 211.1 211.1 210.9 211.3 15.0 17.0 17.0 16.4 16.4 16.7 16.6 16.6 17.1 17.2 17.2 17.0 17.0 17.0 18.0 19.2 20.0 21.0 21.6 22.4 23.2 23.5 23.5 23.3 23.8 24.3 24.9 25.9 26.9 28.0 29.0 30.0 30.9 31.4 32.5 33.5 34.4 35.4 36.4 37.4 38.4 39.4 40.3 41.3 42.3 43.3 44.3 45.4 46.4 47.4 48.4 49.4 50.4 51.4 52.5 53.5 54.5 55.5 56.9 57.9 58.9 59.9 60.6 61.5 62.4 63.5 64.5 65.5 66.5 67.9 68.9 69.9 70.9 71.9 72.9 73.9 74.9 76.0 77.0 78.1 79.1 80.1 81.1 82.1 83.1 84.1 85.3 86.3 87.3 88.5 89.5 90.5 91.5 92.5 93.5 94.5 95.8 96.8 97.8 98.9 99.9 100.9 101.9 102.9 103.9 104.9 105.9 107.0 108.0 109.1 110.1 111.1 112.1 113.1 114.2 115.2 116.2 117.2 118.5 119.5 120.5 121.5 122.5 123.8 124.8 125.8 126.8 127.8 128.8 129.8 130.8 131.8 132.8 133.8 134.8 135.9 136.9 138.0 139.1 140.2 141.2 142.2 143.2 144.2 145.0 146.0 147.0 147.9 149.0 149.9 122.0 1782153046.076651
186.0 187.0 188.0 189.0 190.0 191.0 192.0 192.7 193.4 194.4 195.4 196.4 197.4 198.0 198.4 199.0 199.0 199.0 200.0 200.2 201.1 202.0 203.1 204.1 205.1 206.0 206.2 206.7 206.8 206.6 206.7 207.0 207.0 207.6 207.7 208.0 208.0 208.4 208.5 208.0 208.4 209.0 209.0 209.2 210.0 210.0 209.5 209.1 209.0 209.5 209.6 209.6 209.8 209.8 209.5 209.4 209.4 209.4 209.1 209.3 209.6 209.6 210.0 210.1 210.5 210.6 210.9 210.9 210.9 210.8 210.7 210.2 210.1 210.1 210.2 210.2 210.2 210.2 210.2 210.2 210.2 210.2 210.2 210.2 210.2 210.3 210.3 210.4 210.9 210.9 210.8 210.8 210.8 210.8 210.8 210.8 210.8 210.8 210.8 210.8 210.8 210.8 210.8 210.8 210.8 210.8 210.8 210.8 210.8 210.8 210.8 210.6 210.6 210.6 210.6 210.6 210.6 210.5 210.1 210.2 210.2 210.2 210.2 210.2 210.2 210.2 210.2 210.2 210.4 210.4 210.4 210.4 210.4 210.4 210.4 210.4 210.4 210.4 210.2 210.2 210.2 210.2 210.4 210.8 210.8 211.0 211.1 211.1 210.9 211.3 15.0 17.0 17.0 16.4 16.4 16.7 16.6 16.6 17.2 17.2 17.2 17.0 17.0 17.0 18.0 19.2 20.0 21.0 21.6 22.4 23.2 23.5 23.5 23.3 23.8 24.3 24.9 25.9 26.9 28.0 29.0 30.0 30.9 31.4 32.5 33.4 34.4 35.4 36.4 37.4 38.4 39.4 40.3 41.3 42.3 43.3 44.3 45.4 46.4 47.4 48.4 49.4 50.4 51.4 52.5 53.5 54.5 55.5 56.9 57.9 58.9 59.9 60.6 61.6 62.4 63.5 64.5 65.5 66.5 67.9 68.9 69.9 70.9 71.9 72.9 73.9 74.9 76.0 77.0 78.1 79.1 80.1 81.1 82.1 83.1 84.1 85.3 86.3 87.3 88.5 89.5 90.5 91.5 92.5 93.5 94.5 95.8 96.8 97.8 98.9 99.9 100.9 101.9 102.9 103.9 104.9 105.9 107.0 108.0 109.1 110.1 111.1 112.1 113.1 114.2 115.2 116.2 117.2 118.5 119.5 120.5 121.5 122.5 123.8 124.8 125.8 126.8 127.8 128.8 129.8 130.8 131.8 132.8 133.8 134.8 135.9 136.9 138.0 139.1 140.2 141.2 142.2 143.2 144.2 145.0 146.0 147.0 147.9 149.0 149.9 123.0 1782153046.086770
186.0 187.0 188.0 189.0 190.0 191.0 192.0 192.7 193.4 194.4 195.4 196.4 197.4 198.0 198.4 199.0 199.0 199.0 199.9 200.1 201.0 201.9 203.0 204.1 205.1 205.9 206.1 206.7 206.8 206.5 206.7 207.0 207.0 207.6 207.6 208.0 208.0 208.3 208.6 208.0 208.4 209.0 209.0 209.2 210.0 210.0 209.5 209.1 209.0 209.4 209.6 209.6 209.8 209.9 209.5 209.4 209.4 209.4 209.1 209.3 209.6 209.6 210.0 210.1 210.5 210.6 210.9 210.9 210.9 210.8 210.7 210.3 210.1 210.1 210.2 210.2 210.2 210.2 210.2 210.2 210.2 210.2 210.2 210.2 210.2 210.2 210.3 210.4 210.9 210.9 210.8 210.8 210.8 210.8 210.8 210.8 210.8 210.8 210.8 210.8 210.8 210.8 210.8 210.8 210.8 210.8 210.8 210.8 210.8 210.8 210.8 210.6 210.6 210.6 210.6 210.6 210.6 210.6 210.1 210.2 210.2 210.2 210.2 210.2 210.2 210.2 210.2 210.2 210.4 210.4 210.4 210.4 210.4 210.4 210.4 210.4 210.4 210.4 210.2 210.2 210.2 210.2 210.4 210.8 210.8 211.0 211.1 211.1 210.9 211.3 15.0 17.0 17.0 16.4 16.4 16.8 16.6 16.6 17.2 17.3 17.3 17.0 17.0 17.0 18.0 19.2 20.0 21.0 21.6 22.4 23.2 23.5 23.5 23.3 23.8 24.3 24.9 25.9 26.9 28.0 29.0 30.0 30.9 31.4 32.5 33.4 34.4 35.4 36.4 37.4 38.4 39.4 40.3 41.3 42.3 43.3 44.3 45.3 46.4 47.4 48.4 49.4 50.4 51.4 52.5 53.5 54.5 55.5 56.9 57.9 58.9 59.9 60.6 61.6 62.4 63.5 64.5 65.5 66.5 67.9 68.9 69.9 70.9 71.9 72.9 73.9 74.9 76.0 77.0 78.1 79.1 80.1 81.1 82.1 83.1 84.1 85.3 86.3 87.3 88.4 89.4 90.4 91.4 92.4 93.4 94.4 95.8 96.8 97.8 98.9 99.9 100.9 101.9 102.9 103.9 104.9 105.9 107.0 108.0 109.1 110.1 111.1 112.1 113.1 114.2 115.2 116.2 117.2 118.4 119.4 120.4 121.4 122.4 123.8 124.8 125.8 126.8 127.8 128.8 129.8 130.8 131.8 132.8 133.8 134.8 135.9 136.9 138.0 139.1 140.2 141.2 142.2 143.2 144.2 145.0 146.0 147.0 147.9 149.0 149.9 124.0 1782153046.102126
186.0 187.0 188.0 189.0 190.0 191.0 192.0 192.7 193.3 194.3 195.3 196.3 197.3 198.0 198.3 199.0 199.0 199.0 199.9 200.1 201.0 201.9 203.0 204.0 205.1 205.9 206.1 206.7 206.9 206.6 206.7 207.0 207.0 207.6 207.7 208.0 208.0 208.3 208.5 208.0 208.3 209.0 209.0 209.2 210.0 210.0 209.5 209.1 209.0 209.5 209.6 209.6 209.8 209.9 209.5 209.4 209.4 209.4 209.1 209.2 209.6 209.6 210.0 210.1 210.5 210.6 210.9 210.9 210.9 210.8 210.7 210.3 210.1 210.1 210.2 210.2 210.2 210.2 210.2 210.2 210.2 210.2 210.2 210.2 210.2 210.2 210.3 210.4 210.9 210.9 210.8 210.8 210.8 210.8 210.8 210.8 210.8 210.8 210.8 210.8 210.8 210.8 210.8 210.8 210.8 210.8 210.8 210.8 210.8 210.8 210.8 210.6 210.6 210.6 210.6 210.6 210.6 210.6 210.1 210.2 210.2 210.2 210.2 210.2 210.2 210.2 210.2 210.2 210.4 210.4 210.4 210.4 210.4 210.4 210.4 210.4 210.4 210.4 210.2 210.2 210.2 210.2 210.4 210.8 210.8 211.0 211.1 211.1 210.9 211.3 15.0 17.0 17.0 16.3 16.3 16.8 16.7 16.7 17.2 17.3 17.3 17.0 17.0 17.0 18.0 19.2 20.0 21.0 21.6 22.3 23.2 23.5 23.5 23.3 23.8 24.3 24.9 25.9 26.9 28.0 29.0 30.0 30.9 31.4 32.5 33.4 34.3 35.3 36.3 37.3 38.3 39.3 40.3 41.3 42.3 43.3 44.3 45.3 46.3 47.3 48.3 49.3 50.3 51.3 52.5 53.5 54.5 55.5 56.9 57.9 58.9 59.9 60.6 61.6 62.4 63.5 64.5 65.5 66.5 67.9 68.9 69.9 70.9 71.9 72.9 73.9 74.9 76.0 77.0 78.0 79.1 80.1 81.1 82.1 83.1 84.1 85.3 86.3 87.3 88.4 89.4 90.4 91.4 92.4 93.4 94.4 95.8 96.8 97.8 98.9 99.9 100.9 101.9 102.9 103.9 104.9 105.9 107.0 108.0 109.1 110.1 111.1 112.1 113.1 114.2 115.2 116.2 117.2 118.4 119.4 120.4 121.4 122.4 123.8 124.8 125.8 126.8 127.8 128.8 129.8 130.8 131.8 132.8 133.8 134.8 135.9 136.9 138.0 139.1 140.2 141.2 142.2 143.2 144.2 145.0 146.0 147.0 147.9 149.0 149.9 125.0 1782153046.117735
186.0 187.0 188.0 189.0 190.0 191.0 192.0 192.7 193.4 194.4 195.4 196.4 197.4 198.0 198.4 199.0 199.0 199.0 199.9 200.1 201.0 201.9 203.0 204.0 205.1 205.9 206.1 206.7 206.9 206.6 206.7 207.0 207.0 207.6 207.7 208.0 208.0 208.4 208.6 208.0 208.4 209.0 209.0 209.2 210.0 210.0 209.5 209.1 209.0 209.4 209.6 209.6 209.8 209.9 209.5 209.4 209.4 209.4 209.1 209.2 209.6 209.6 210.0 210.1 210.5 210.6 210.9 210.9 210.9 210.8 210.7 210.3 210.1 210.1 210.2 210.2 210.2 210.2 210.2 210.1 210.1 210.2 210.2 210.2 210.2 210.2 210.2 210.3 210.9 210.9 210.8 210.8 210.8 210.8 210.8 210.9 210.9 210.9 210.8 210.8 210.8 210.8 210.8 210.8 210.8 210.8 210.8 210.8 210.8 210.8 210.8 210.7 210.7 210.7 210.6 210.6 210.6 210.6 210.1 210.1 210.2 210.2 210.2 210.2 210.2 210.2 210.1 210.2 210.4 210.4 210.4 210.4 210.4 210.4 210.4 210.4 210.3 210.4 210.2 210.2 210.2 210.2 210.4 210.8 210.8 211.0 211.1 211.1 210.9 211.3 15.0 17.0 17.0 16.4 16.4 16.8 16.6 16.6 17.2 17.2 17.2 17.0 17.0 17.0 18.0 19.2 20.0 21.0 21.6 22.4 23.2 23.5 23.5 23.3 23.8 24.3 24.9 25.9 26.9 28.0 29.0 30.0 30.9 31.4 32.5 33.4 34.4 35.4 36.4 37.4 38.4 39.4 40.3 41.3 42.3 43.3 44.3 45.4 46.4 47.4 48.4 49.4 50.4 51.4 52.5 53.5 54.5 55.5 56.9 57.9 58.9 59.9 60.6 61.6 62.4 63.5 64.5 65.5 66.5 67.9 68.9 69.9 70.9 71.9 72.9 73.9 74.9 76.0 77.0 78.0 79.1 80.1 81.1 82.1 83.1 84.1 85.3 86.3 87.3 88.5 89.5 90.5 91.5 92.5 93.5 94.5 95.8 96.8 97.8 98.9 99.9 100.9 101.9 102.9 103.9 104.9 105.9 107.0 108.0 109.1 110.1 111.1 112.1 113.1 114.2 115.2 116.2 117.2 118.5 119.5 120.5 121.5 122.5 123.8 124.8 125.8 126.8 127.8 128.8 129.8 130.8 131.8 132.8 133.8 134.8 135.9 136.9 138.0 139.1 140.2 141.2 142.2 143.2 144.2 145.0 146.0 147.0 148.0 149.0 149.9 126.0 1782153046.138363
186.0 187.0 188.0 189.0 190.0 191.0 192.0 192.7 193.4 194.4 195.4 196.4 197.4 198.0 198.4 199.0 199.0 199.0 199.9 200.1 201.0 201.9 203.0 204.0 205.1 205.9 206.1 206.7 206.9 206.6 206.7 207.0 207.0 207.6 207.7 208.0 208.0 208.3 208.6 208.0 208.4 209.0 209.0 209.2 210.0 210.0 209.5 209.1 209.0 209.4 209.5 209.5 209.8 209.9 209.5 209.5 209.5 209.5 209.1 209.2 209.5 209.5 210.0 210.1 210.5 210.5 210.9 210.9 210.9 210.8 210.7 210.3 210.1 210.1 210.2 210.2 210.2 210.2 210.2 210.1 210.1 210.2 210.2 210.2 210.2 210.2 210.2 210.3 210.9 210.9 210.8 210.8 210.8 210.8 210.8 210.9 210.9 210.9 210.8 210.8 210.8 210.8 210.8 210.8 210.8 210.8 210.8 210.8 210.8 210.8 210.8 210.7 210.7 210.7 210.6 210.6 210.6 210.6 210.1 210.1 210.2 210.2 210.2 210.2 210.1 210.2 210.1 210.2 210.3 210.4 210.4 210.3 210.3 210.3 210.3 210.4 210.3 210.3 210.2 210.2 210.2 210.2 210.4 210.8 210.8 211.0 211.1 211.1 210.9 211.2 15.0 17.0 17.0 16.4 16.4 16.8 16.6 16.6 17.2 17.3 17.3 17.0 17.0 17.0 18.0 19.2 20.0 21.0 21.6 22.4 23.2 23.5 23.5 23.3 23.8 24.3 24.9 25.9 26.9 28.0 29.0 30.0 30.9 31.4 32.5 33.4 34.4 35.4 36.4 37.4 38.4 39.4 40.3 41.3 42.3 43.3 44.3 45.3 46.4 47.4 48.4 49.4 50.4 51.4 52.5 53.5 54.5 55.5 56.9 57.9 58.9 59.9 60.6 61.6 62.4 63.5 64.5 65.5 66.5 67.9 68.9 69.9 70.9 71.9 72.9 73.9 74.9 76.0 77.0 78.0 79.1 80.1 81.1 82.1 83.1 84.1 85.3 86.3 87.3 88.4 89.4 90.4 91.4 92.4 93.4 94.4 95.8 96.8 97.8 98.9 99.9 100.9 101.9 102.9 103.9 104.9 105.9 107.0 108.0 109.1 110.1 111.1 112.1 113.1 114.2 115.2 116.2 117.2 118.4 119.4 120.4 121.4 122.4 123.8 124.8 125.8 126.8 127.8 128.8 129.8 130.8 131.8 132.8 133.8 134.8 135.9 136.9 138.0 139.1 140.2 141.2 142.2 143.2 144.2 145.0 146.0 147.0 148.0 149.0 149.9 127.0 1782153046.153825
186.0 187.0 188.0 189.0 190.0 191.0 192.0 192.7 193.3 194.3 195.3 196.3 197.3 198.0 198.3 199.0 199.0 199.0 199.9 200.1 201.0 201.9 203.0 204.0 205.1 205.9 206.1 206.7 206.9 206.5 206.7 207.0 207.0 207.7 207.7 208.0 208.0 208.3 208.6 208.0 208.3 209.0 209.0 209.2 210.0 210.0 209.5 209.1 209.0 209.5 209.6 209.6 209.8 209.8 209.5 209.4 209.4 209.4 209.1 209.3 209.6 209.6 210.0 210.1 210.5 210.6 210.9 210.9 210.9 210.8 210.7 210.3 210.1 210.1 210.2 210.2 210.2 210.2 210.2 210.2 210.2 210.2 210.2 210.2 210.2 210.2 210.2 210.3 210.9 210.9 210.8 210.8 210.8 210.8 210.8 210.8 210.8 210.8 210.8 210.8 210.8 210.9 210.8 210.8 210.8 210.8 210.8 210.8 210.8 210.8 210.8 210.7 210.7 210.7 210.7 210.7 210.7 210.6 210.1 210.1 210.2 210.2 210.2 210.2 210.1 210.1 210.1 210.2 210.4 210.4 210.4 210.3 210.3 210.3 210.3 210.3 210.3 210.4 210.2 210.2 210.2 210.2 210.4 210.8 210.8 211.0 211.0 211.1 210.9 211.3 15.0 17.0 17.0 16.3 16.3 16.8 16.7 16.7 17.3 17.3 17.3 17.0 17.0 17.0 18.0 19.2 20.0 21.0 21.6 22.3 23.2 23.5 23.5 23.3 23.8 24.3 24.9 25.9 26.9 28.0 29.0 30.0 30.9 31.4 32.5 33.4 34.3 35.3 36.3 37.3 38.3 39.3 40.3 41.3 42.3 43.3 44.3 45.3 46.3 47.3 48.3 49.3 50.3 51.3 52.5 53.5 54.5 55.5 56.9 57.9 58.9 59.9 60.6 61.6 62.4 63.5 64.5 65.5 66.5 67.9 68.9 69.9 70.9 71.9 72.9 73.9 74.9 76.0 77.0 78.0 79.1 80.1 81.1 82.1 83.1 84.1 85.3 86.3 87.3 88.5 89.5 90.5 91.5 92.5 93.5 94.5 95.8 96.8 97.8 98.9 99.9 100.9 101.9 102.9 103.9 104.9 105.9 107.0 108.0 109.1 110.1 111.1 112.1 113.1 114.2 115.2 116.2 117.2 118.5 119.5 120.5 121.5 122.5 123.8 124.8 125.8 126.8 127.8 128.8 129.8 130.8 131.8 132.8 133.8 134.8 135.9 136.9 138.0 139.1 140.2 141.2 142.2 143.2 144.2 145.0 146.0 147.0 148.0 149.0 149.9 128.0 1782153046.174331
186.0 187.0 188.0 189.0 190.0 191.0 192.0 192.7 193.4 194.4 195.4 196.4 197.4 198.0 198.4 199.0 199.0 199.0 199.9 200.1 201.0 201.9 203.0 204.0 205.1 205.9 206.1 206.7 206.9 206.5 206.7 207.0 207.0 207.7 207.7 208.0 208.0 208.4 208.6 208.0 208.4 209.0 209.0 209.2 210.0 210.0 209.5 209.1 209.0 209.4 209.6 209.6 209.8 209.8 209.5 209.4 209.4 209.4 209.1 209.3 209.6 209.6 210.0 210.1 210.5 210.6 210.9 210.9 210.9 210.8 210.7 210.3 210.1 210.1 210.2 210.2 210.2 210.2 210.2 210.2 210.2 210.2 210.2 210.2 210.2 210.2 210.2 210.3 210.9 210.9 210.8 210.8 210.8 210.8 210.8 210.8 210.8 210.8 210.8 210.8 210.8 210.9 210.8 210.8 210.8 210.8 210.8 210.8 210.8 210.8 210.8 210.7 210.7 210.7 210.7 210.7 210.7 210.6 210.1 210.1 210.1 210.1 210.1 210.1 210.1 210.1 210.1 210.2 210.4 210.4 210.4 210.3 210.3 210.3 210.3 210.3 210.3 210.4 210.2 210.2 210.2 210.2 210.4 210.8 210.8 211.0 211.0 211.1 210.9 211.3 15.0 17.0 17.0 16.4 16.4 16.8 16.6 16.6 17.2 17.3 17.3 17.0 17.0 17.0 18.0 19.2 20.0 21.0 21.6 22.4 23.3 23.6 23.6 23.3 23.8 24.3 24.9 25.9 26.9 28.0 29.0 30.0 30.9 31.4 32.5 33.4 34.4 35.4 36.4 37.4 38.4 39.4 40.3 41.3 42.3 43.3 44.3 45.4 46.4 47.4 48.4 49.4 50.4 51.4 52.5 53.5 54.5 55.5 56.9 57.9 58.9 59.9 60.6 61.6 62.4 63.5 64.5 65.5 66.5 67.9 68.9 69.9 70.9 71.9 72.9 73.9 74.9 76.0 77.0 78.0 79.1 80.1 81.1 82.1 83.1 84.1 85.3 86.3 87.3 88.5 89.5 90.5 91.5 92.5 93.5 94.5 95.9 96.9 97.9 98.9 99.9 100.9 101.9 102.9 103.9 104.9 105.9 107.0 108.0 109.1 110.1 111.1 112.1 113.1 114.2 115.2 116.2 117.2 118.5 119.5 120.5 121.5 122.5 123.9 124.9 125.9 126.9 127.9 128.9 129.9 130.9 131.9 132.9 133.9 134.9 135.9 136.9 138.0 139.1 140.2 141.2 142.2 143.2 144.2 145.0 146.0 147.0 148.0 149.0 149.9 129.0 1782153046.189965
186.0 187.0 188.0 189.0 190.0 191.0 192.0 192.7 193.4 194.4 195.4 196.4 197.4 198.0 198.4 199.0 199.0 199.0 199.9 200.1 201.0 201.9 203.0 204.0 205.0 205.9 206.1 206.6 206.9 206.6 206.7 207.0 207.0 207.7 207.7 208.0 208.0 208.4 208.6 208.0 208.4 209.0 209.0 209.3 210.0 210.0 209.4 209.1 209.0 209.4 209.6 209.6 209.8 209.8 209.5 209.4 209.4 209.4 209.1 209.2 209.6 209.6 210.0 210.1 210.5 210.6 210.9 210.9 210.9 210.8 210.7 210.3 210.1 210.1 210.2 210.2 210.2 210.2 210.2 210.2 210.2 210.2 210.2 210.2 210.2 210.2 210.2 210.3 210.9 210.9 210.8 210.8 210.8 210.8 210.8 210.8 210.8 210.8 210.8 210.8 210.8 210.9 210.8 210.9 210.9 210.8 210.8 210.8 210.8 210.8 210.8 210.7 210.7 210.7 210.7 210.7 210.7 210.6 210.0 210.1 210.1 210.1 210.1 210.1 210.1 210.1 210.1 210.2 210.3 210.4 210.4 210.3 210.3 210.3 210.3 210.3 210.3 210.3 210.2 210.2 210.2 210.2 210.4 210.8 210.8 211.0 211.0 211.1 210.9 211.3 15.0 17.0 17.0 16.4 16.4 16.8 16.6 16.6 17.1 17.2 17.2 17.0 17.0 17.0 18.0 19.3 20.0 21.0 21.6 22.4 23.3 23.6 23.6 23.4 23.8 24.4 24.9 25.9 27.0 28.0 29.0 30.0 30.9 31.4 32.6 33.4 34.4 35.4 36.4 37.4 38.4 39.4 40.4 41.4 42.4 43.4 44.4 45.4 46.4 47.4 48.4 49.4 50.4 51.4 52.6 53.6 54.6 55.6 56.9 57.9 58.9 59.9 60.6 61.6 62.4 63.6 64.6 65.6 66.6 67.9 68.9 69.9 70.9 71.9 72.9 73.9 74.9 76.0 77.0 78.0 79.1 80.1 81.1 82.1 83.1 84.1 85.4 86.4 87.4 88.5 89.5 90.5 91.5 92.5 93.5 94.5 95.9 96.9 97.9 98.9 99.9 100.9 101.9 102.9 103.9 104.9 105.9 107.0 108.0 109.1 110.1 111.1 112.1 113.1 114.2 115.2 116.2 117.2 118.5 119.5 120.5 121.5 122.5 123.9 124.9 125.9 126.9 127.9 128.9 129.9 130.9 131.9 132.9 133.9 134.9 135.9 136.9 138.0 139.1 140.2 141.2 142.2 143.2 144.2 145.0 146.0 147.0 148.0 149.0 149.9 130.0 1782153046.205353
186.0 187.0 188.0 189.0 190.0 191.0 192.0 192.8 193.4 194.4 195.4 196.4 197.4 198.0 198.4 199.0 199.0 199.0 199.9 200.1 201.0 201.9 203.0 204.0 205.0 205.9 206.1 206.7 206.9 206.5 206.7 207.0 207.0 207.7 207.7 208.0 208.0 208.4 208.6 208.0 208.4 209.0 209.0 209.3 210.0 210.0 209.5 209.1 209.0 209.4 209.5 209.5 209.8 209.9 209.6 209.5 209.5 209.5 209.1 209.2 209.5 209.5 210.0 210.1 210.4 210.5 210.9 210.9 210.9 210.8 210.7 210.3 210.1 210.1 210.2 210.2 210.2 210.2 210.2 210.2 210.2 210.2 210.2 210.2 210.2 210.2 210.2 210.3 210.9 210.9 210.8 210.8 210.8 210.8 210.8 210.8 210.8 210.8 210.8 210.8 210.8 210.8 210.8 210.8 210.8 210.8 210.8 210.8 210.8 210.8 210.8 210.7 210.7 210.7 210.7 210.7 210.7 210.6 210.1 210.2 210.2 210.2 210.2 210.2 210.1 210.1 210.1 210.2 210.3 210.4 210.3 210.3 210.3 210.3 210.3 210.3 210.3 210.4 210.3 210.2 210.2 210.2 210.3 210.7 210.7 211.0 211.0 211.1 210.9 211.3 15.0 17.0 17.0 16.4 16.4 16.8 16.6 16.6 17.1 17.2 17.2 17.0 17.0 17.0 18.0 19.3 20.0 21.0 21.6 22.4 23.3 23.6 23.6 23.3 23.8 24.3 24.9 25.9 27.0 28.0 29.0 30.0 30.9 31.4 32.6 33.4 34.4 35.4 36.4 37.4 38.4 39.4 40.3 41.3 42.3 43.3 44.3 45.4 46.4 47.4 48.4 49.4 50.4 51.4 52.6 53.6 54.6 55.6 56.9 57.9 58.9 59.9 60.7 61.6 62.5 63.6 64.6 65.6 66.6 67.9 68.9 69.9 70.9 71.9 72.9 73.9 74.9 76.0 77.0 78.0 79.1 80.1 81.1 82.1 83.1 84.1 85.3 86.3 87.3 88.5 89.5 90.5 91.5 92.5 93.5 94.5 95.9 96.9 97.9 98.9 99.9 100.9 101.9 102.9 103.9 104.9 105.9 107.0 108.0 109.1 110.1 111.1 112.1 113.1 114.2 115.2 116.2 117.2 118.5 119.5 120.5 121.5 122.5 123.9 124.9 125.9 126.9 127.9 128.9 129.9 130.9 131.9 132.9 133.9 134.9 135.9 136.9 138.0 139.1 140.2 141.2 142.2 143.2 144.2 145.1 146.1 147.1 148.1 149.0 150.0 131.0 1782153046.215527
186.0 187.0 188.0 189.0 190.0 191.0 192.0 192.7 193.4 194.4 195.4 196.4 197.4 198.0 198.4 199.0 199.0 199.0 199.9 200.1 201.0 201.9 203.0 204.0 205.0 205.9 206.1 206.7 206.9 206.6 206.8 207.0 207.0 207.7 207.7 208.0 208.0 208.4 208.6 208.0 208.4 209.0 209.0 209.3 210.0 210.0 209.5 209.1 209.0 209.4 209.6 209.6 209.8 209.9 209.6 209.4 209.4 209.4 209.1 209.2 209.6 209.6 210.0 210.1 210.5 210.6 210.9 210.9 210.9 210.8 210.7 210.3 210.1 210.1 210.2 210.2 210.2 210.2 210.2 210.2 210.3 210.3 210.2 210.2 210.3 210.3 210.3 210.4 210.9 210.9 210.8 210.8 210.8 210.8 210.8 210.8 210.8 210.7 210.7 210.7 210.7 210.8 210.8 210.8 210.8 210.8 210.8 210.8 210.8 210.8 210.8 210.7 210.7 210.7 210.7 210.7 210.7 210.6 210.1 210.2 210.2 210.2 210.2 210.2 210.1 210.1 210.1 210.2 210.3 210.3 210.4 210.3 210.3 210.4 210.4 210.4 210.4 210.4 210.3 210.2 210.2 210.2 210.3 210.7 210.8 211.0 211.0 211.1 211.0 211.3 15.0 17.0 17.0 16.4 16.4 16.8 16.6 16.6 17.2 17.3 17.3 17.0 17.0 17.0 18.0 19.2 20.0 21.0 21.6 22.4 23.3 23.6 23.6 23.3 23.7 24.3 25.0 25.9 27.0 28.0 29.0 30.0 30.9 31.4 32.6 33.4 34.4 35.4 36.4 37.4 38.4 39.4 40.3 41.3 42.3 43.3 44.3 45.3 46.4 47.4 48.4 49.4 50.4 51.4 52.6 53.6 54.6 55.6 56.9 57.9 58.9 59.9 60.7 61.6 62.4 63.6 64.6 65.6 66.6 67.9 68.9 69.9 70.9 71.9 72.9 73.9 74.9 76.0 77.0 78.0 79.0 80.0 81.0 82.0 83.0 84.0 85.3 86.3 87.3 88.6 89.6 90.6 91.6 92.6 93.6 94.6 95.9 96.9 97.9 98.9 99.9 100.9 101.9 102.9 103.9 104.9 105.9 107.0 108.0 109.0 110.0 111.0 112.0 113.0 114.3 115.3 116.3 117.3 118.6 119.6 120.6 121.6 122.6 123.9 124.9 125.9 126.9 127.9 128.9 129.9 130.9 131.9 132.9 133.9 134.9 135.9 136.9 138.0 139.0 140.3 141.3 142.3 143.3 144.3 145.1 146.1 147.1 148.1 149.0 150.0 132.0 1782153046.236092
186.0 187.0 188.0 189.0 190.0 191.0 192.0 192.7 193.3 194.3 195.3 196.3 197.3 198.0 198.3 199.0 199.0 199.0 199.9 200.1 201.0 202.0 203.0 204.0 205.0 205.9 206.1 206.7 206.9 206.5 206.7 207.0 207.0 207.7 207.7 208.0 208.0 208.4 208.6 208.0 208.3 209.0 209.0 209.2 210.0 210.0 209.5 209.1 209.0 209.4 209.6 209.6 209.8 209.9 209.6 209.4 209.4 209.4 209.1 209.3 209.6 209.6 210.0 210.2 210.5 210.6 210.8 210.8 210.8 210.7 210.7 210.3 210.2 210.2 210.2 210.2 210.2 210.2 210.3 210.2 210.2 210.2 210.2 210.2 210.2 210.3 210.3 210.3 210.8 210.8 210.7 210.7 210.7 210.7 210.7 210.8 210.8 210.8 210.8 210.8 210.8 210.8 210.8 210.8 210.8 210.8 210.8 210.8 210.8 210.8 210.8 210.7 210.7 210.8 210.7 210.7 210.7 210.6 210.1 210.1 210.2 210.2 210.2 210.2 210.1 210.1 210.1 210.2 210.3 210.4 210.4 210.4 210.4 210.4 210.4 210.4 210.4 210.4 210.3 210.2 210.2 210.2 210.3 210.7 210.8 211.0 211.0 211.2 211.1 211.3 15.0 17.0 17.0 16.3 16.3 16.8 16.7 16.7 17.2 17.3 17.3 17.0 17.0 17.0 18.0 19.2 20.0 21.0 21.5 22.3 23.2 23.6 23.6 23.3 23.7 24.3 25.0 25.9 26.9 28.0 29.0 30.0 30.9 31.4 32.6 33.4 34.3 35.3 36.3 37.3 38.3 39.3 40.3 41.3 42.3 43.3 44.3 45.3 46.3 47.3 48.3 49.3 50.3 51.3 52.6 53.6 54.6 55.6 56.9 57.9 58.9 59.9 60.6 61.6 62.4 63.6 64.6 65.6 66.6 67.9 68.9 69.9 70.9 71.9 72.9 73.9 74.9 76.0 77.0 78.0 79.0 80.0 81.0 82.0 83.0 84.0 85.3 86.3 87.3 88.5 89.5 90.5 91.5 92.5 93.5 94.5 95.8 96.8 97.8 98.9 99.9 100.9 101.9 102.9 103.9 104.9 105.9 107.0 108.0 109.0 110.0 111.0 112.0 113.0 114.3 115.3 116.3 117.3 118.5 119.5 120.5 121.5 122.5 123.8 124.8 125.8 126.8 127.8 128.8 129.8 130.8 131.8 132.8 133.8 134.8 135.9 136.9 138.0 139.0 140.3 141.3 142.3 143.3 144.2 145.1 146.1 147.1 148.0 149.0 150.0 133.0 1782153046.251511
186.0 187.0 188.0 189.0 190.0 191.0 192.0 192.6 193.3 194.3 195.3 196.3 197.3 198.0 198.3 199.0 199.0 199.0 199.9 200.1 201.0 202.0 203.0 204.0 205.0 205.9 206.1 206.7 206.9 206.6 206.7 207.0 207.0 207.7 207.8 208.0 208.0 208.4 208.6 208.0 208.3 209.0 209.0 209.2 210.0 210.0 209.5 209.1 209.0 209.4 209.6 209.6 209.8 209.9 209.5 209.4 209.4 209.4 209.1 209.2 209.6 209.6 210.0 210.2 210.5 210.6 210.9 210.9 210.9 210.7 210.7 210.3 210.1 210.1 210.2 210.2 210.2 210.2 210.3 210.2 210.2 210.2 210.2 210.2 210.2 210.3 210.3 210.4 210.8 210.8 210.7 210.7 210.7 210.7 210.7 210.8 210.8 210.8 210.8 210.8 210.8 210.8 210.8 210.8 210.8 210.8 210.8 210.8 210.8 210.8 210.8 210.7 210.7 210.7 210.6 210.6 210.6 210.5 210.1 210.1 210.2 210.2 210.2 210.2 210.1 210.1 210.1 210.2 210.3 210.4 210.4 210.4 210.4 210.4 210.4 210.4 210.4 210.5 210.3 210.2 210.1 210.2 210.3 210.7 210.8 211.0 211.1 211.2 211.1 211.3 15.0 17.0 17.0 16.3 16.3 16.8 16.7 16.7 17.2 17.4 17.4 17.0 17.0 17.0 18.0 19.2 20.0 21.0 21.5 22.3 23.2 23.5 23.7 23.3 23.6 24.3 25.0 25.8 26.9 28.0 29.0 30.0 30.8 31.4 32.5 33.4 34.3 35.3 36.3 37.3 38.3 39.3 40.3 41.3 42.3 43.3 44.3 45.3 46.3 47.3 48.3 49.3 50.3 51.3 52.5 53.5 54.5 55.5 56.8 57.8 58.8 59.8 60.6 61.5 62.4 63.5 64.5 65.5 66.5 67.8 68.8 69.8 70.8 71.8 72.8 73.8 74.8 76.0 77.0 78.0 79.0 80.0 81.0 82.0 83.0 84.0 85.3 86.3 87.3 88.5 89.5 90.5 91.5 92.5 93.5 94.5 95.8 96.8 97.8 98.8 99.8 100.8 101.8 102.8 103.8 104.8 105.8 107.0 108.0 109.0 110.0 111.0 112.0 113.0 114.3 115.3 116.3 117.3 118.5 119.5 120.5 121.5 122.5 123.8 124.8 125.8 126.8 127.8 128.8 129.8 130.8 131.8 132.8 133.8 134.8 135.8 136.8 138.0 139.0 140.3 141.3 142.3 143.3 144.2 145.1 146.0 147.0 147.9 148.9 149.9 134.0 1782153046.262030
186.0 187.0 188.0 189.0 190.0 191.0 192.0 192.7 193.4 194.4 195.4 196.4 197.4 198.0 198.4 199.0 199.0 199.0 200.0 200.1 201.0 202.0 203.0 204.1 205.1 206.0 206.1 206.7 206.9 206.5 206.7 207.0 207.0 207.6 207.8 208.0 208.0 208.3 208.5 208.0 208.4 209.0 209.0 209.2 210.0 209.9 209.5 209.1 209.1 209.4 209.6 209.6 209.8 209.8 209.5 209.4 209.4 209.4 209.1 209.3 209.6 209.6 210.0 210.1 210.4 210.6 210.9 210.9 210.9 210.8 210.7 210.3 210.1 210.1 210.2 210.2 210.2 210.2 210.2 210.2 210.2 210.2 210.2 210.3 210.3 210.3 210.3 210.4 210.9 210.9 210.8 210.8 210.8 210.8 210.8 210.8 210.8 210.8 210.8 210.8 210.8 210.8 210.8 210.8 210.8 210.8 210.8 210.8 210.8 210.7 210.7 210.6 210.6 210.7 210.6 210.6 210.6 210.5 210.1 210.1 210.1 210.1 210.1 210.1 210.1 210.2 210.1 210.2 210.4 210.4 210.5 210.4 210.4 210.5 210.5 210.5 210.5 210.4 210.3 210.2 210.1 210.2 210.4 210.8 210.8 211.0 211.1 211.3 211.1 211.3 15.0 17.0 17.0 16.4 16.4 16.8 16.6 16.6 17.1 17.3 17.3 17.0 17.0 17.0 18.0 19.2 20.0 21.0 21.5 22.4 23.2 23.6 23.6 23.3 23.7 24.3 25.0 25.8 26.9 28.0 29.0 30.0 30.8 31.4 32.6 33.4 34.4 35.4 36.4 37.4 38.4 39.4 40.3 41.3 42.3 43.3 44.3 45.3 46.4 47.4 48.4 49.4 50.4 51.4 52.6 53.6 54.6 55.6 56.8 57.8 58.8 59.8 60.6 61.5 62.4 63.6 64.6 65.6 66.6 67.8 68.8 69.8 70.8 71.8 72.8 73.8 74.8 76.0 77.0 78.0 79.0 80.0 81.0 82.0 83.0 84.0 85.3 86.3 87.3 88.5 89.5 90.5 91.5 92.5 93.5 94.5 95.7 96.7 97.7 98.8 99.8 100.8 101.8 102.8 103.8 104.8 105.8 107.0 108.0 109.0 110.0 111.0 112.0 113.0 114.2 115.2 116.2 117.2 118.5 119.5 120.5 121.5 122.5 123.7 124.7 125.7 126.7 127.7 128.7 129.7 130.7 131.7 132.7 133.7 134.7 135.8 136.8 138.0 139.0 140.2 141.2 142.2 143.2 144.2 145.0 145.9 146.9 147.9 148.9 149.9 135.0 1782153046.282431
186.0 187.0 188.0 189.0 190.0 191.0 192.0 192.7 193.4 194.4 195.4 196.4 197.4 198.0 198.4 199.0 199.0 199.0 200.0 200.1 201.0 202.0 203.0 204.1 205.1 206.0 206.1 206.7 206.9 206.5 206.7 207.0 207.0 207.6 207.8 208.0 208.0 208.3 208.5 208.0 208.4 209.0 209.0 209.2 210.0 209.9 209.4 209.1 209.1 209.4 209.6 209.6 209.8 209.8 209.5 209.4 209.4 209.4 209.1 209.3 209.6 209.6 210.0 210.1 210.5 210.6 210.9 210.9 210.9 210.8 210.7 210.3 210.1 210.1 210.2 210.2 210.2 210.2 210.2 210.2 210.2 210.2 210.2 210.2 210.3 210.3 210.4 210.4 210.9 210.9 210.8 210.8 210.8 210.8 210.8 210.8 210.8 210.8 210.8 210.8 210.8 210.8 210.8 210.9 210.9 210.8 210.8 210.8 210.8 210.7 210.7 210.6 210.6 210.6 210.6 210.6 210.6 210.5 210.1 210.1 210.1 210.1 210.1 210.1 210.1 210.1 210.1 210.2 210.4 210.5 210.5 210.5 210.5 210.5 210.5 210.5 210.5 210.5 210.2 210.2 210.1 210.1 210.4 210.8 210.8 211.1 211.1 211.3 211.0 211.4 15.0 17.0 17.0 16.4 16.4 16.7 16.6 16.6 17.0 17.2 17.2 17.0 17.0 17.0 18.0 19.2 20.0 21.0 21.5 22.4 23.3 23.6 23.6 23.3 23.7 24.3 25.0 25.8 26.9 28.0 29.0 30.0 30.8 31.4 32.6 33.4 34.4 35.4 36.4 37.4 38.4 39.4 40.3 41.3 42.3 43.3 44.3 45.3 46.4 47.4 48.4 49.4 50.4 51.4 52.6 53.6 54.6 55.6 56.8 57.8 58.8 59.8 60.6 61.6 62.5 63.6 64.6 65.6 66.6 67.8 68.8 69.8 70.8 71.8 72.8 73.8 74.8 76.0 77.0 78.0 79.0 80.0 81.0 82.0 83.0 84.0 85.3 86.3 87.3 88.4 89.4 90.4 91.4 92.4 93.4 94.4 95.7 96.7 97.7 98.8 99.8 100.8 101.8 102.8 103.8 104.8 105.8 107.0 108.0 109.0 110.0 111.0 112.0 113.0 114.2 115.2 116.2 117.2 118.4 119.4 120.4 121.4 122.4 123.7 124.7 125.7 126.7 127.7 128.7 129.7 130.7 131.7 132.7 133.7 134.7 135.8 136.8 138.0 139.0 140.2 141.2 142.2 143.2 144.2 144.9 145.9 146.9 147.8 148.8 149.9 136.0 1782153046.297994
186.0 187.0 188.0 189.0 190.0 191.0 192.0 192.7 193.4 194.4 195.4 196.4 197.4 198.0 198.4 199.0 199.0 199.0 200.0 200.1 201.0 202.0 202.9 204.1 205.1 206.0 206.1 206.7 206.9 206.6 206.7 207.0 207.0 207.7 207.8 208.0 208.0 208.3 208.5 208.0 208.4 209.0 209.0 209.2 210.0 209.9 209.4 209.1 209.1 209.5 209.7 209.7 209.9 209.8 209.5 209.3 209.3 209.3 209.1 209.3 209.7 209.7 210.0 210.1 210.5 210.7 210.9 210.9 210.9 210.8 210.6 210.2 210.1 210.1 210.2 210.2 210.2 210.2 210.2 210.2 210.2 210.2 210.2 210.2 210.2 210.3 210.4 210.5 210.9 210.9 210.8 210.8 210.8 210.8 210.8 210.8 210.8 210.8 210.8 210.8 210.8 210.8 210.8 210.9 210.9 210.8 210.8 210.8 210.8 210.8 210.8 210.6 210.6 210.6 210.6 210.5 210.5 210.5 210.1 210.1 210.1 210.1 210.1 210.1 210.1 210.1 210.1 210.2 210.4 210.5 210.5 210.5 210.5 210.5 210.5 210.5 210.5 210.5 210.2 210.2 210.1 210.1 210.4 210.8 210.8 211.1 211.2 211.3 211.0 211.4 15.0 17.0 17.0 16.4 16.4 16.7 16.6 16.6 17.0 17.2 17.2 17.0 17.0 17.0 18.0 19.2 20.0 21.0 21.6 22.4 23.3 23.6 23.7 23.3 23.7 24.3 25.0 25.8 26.9 28.0 29.0 30.0 30.8 31.5 32.6 33.4 34.4 35.4 36.4 37.4 38.4 39.4 40.2 41.2 42.2 43.2 44.2 45.3 46.4 47.4 48.4 49.4 50.4 51.4 52.6 53.6 54.6 55.6 56.8 57.8 58.8 59.8 60.7 61.6 62.5 63.6 64.6 65.6 66.6 67.8 68.8 69.8 70.8 71.8 72.8 73.8 74.8 76.0 77.0 78.0 79.0 80.0 81.0 82.0 83.0 84.0 85.2 86.2 87.2 88.4 89.4 90.4 91.4 92.4 93.4 94.4 95.7 96.7 97.7 98.8 99.8 100.8 101.8 102.8 103.8 104.8 105.8 107.0 108.0 109.0 110.0 111.0 112.0 113.0 114.2 115.2 116.2 117.2 118.4 119.4 120.4 121.4 122.4 123.7 124.7 125.7 126.7 127.7 128.7 129.7 130.7 131.7 132.7 133.7 134.7 135.8 136.8 138.0 139.0 140.2 141.2 142.2 143.2 144.2 144.9 145.8 146.8 147.8 148.8 149.8 137.0 1782153046.313517
186.0 187.0 188.0 189.0 190.0 191.0 192.0 192.7 193.4 194.4 195.4 196.4 197.4 198.0 198.4 199.0 199.0 199.0 200.0 200.1 201.0 202.0 202.9 204.1 205.1 206.0 206.1 206.7 206.9 206.6 206.7 207.0 207.0 207.6 207.8 208.0 208.0 208.3 208.5 208.0 208.4 209.0 209.0 209.2 210.0 209.9 209.5 209.0 209.1 209.5 209.7 209.7 209.9 209.9 209.4 209.3 209.3 209.3 209.1 209.2 209.7 209.7 210.0 210.1 210.5 210.7 210.9 210.9 210.9 210.8 210.6 210.2 210.1 210.1 210.2 210.2 210.2 210.2 210.2 210.1 210.2 210.2 210.2 210.2 210.2 210.3 210.4 210.5 210.9 210.9 210.8 210.8 210.8 210.8 210.8 210.9 210.8 210.8 210.8 210.8 210.8 210.8 210.8 210.9 210.9 210.8 210.8 210.8 210.8 210.7 210.7 210.5 210.5 210.6 210.5 210.5 210.5 210.4 210.1 210.1 210.1 210.1 210.1 210.1 210.1 210.1 210.1 210.2 210.5 210.5 210.6 210.5 210.5 210.5 210.5 210.5 210.5 210.5 210.2 210.2 210.1 210.1 210.5 210.8 210.8 211.1 211.2 211.4 211.0 211.4 15.0 17.0 17.0 16.4 16.4 16.7 16.6 16.6 17.0 17.2 17.2 17.0 17.0 17.0 18.0 19.2 20.0 21.0 21.5 22.4 23.3 23.6 23.7 23.3 23.7 24.3 25.0 25.8 26.8 28.0 29.0 30.0 30.8 31.4 32.6 33.4 34.4 35.4 36.4 37.4 38.4 39.4 40.2 41.2 42.2 43.2 44.2 45.3 46.4 47.4 48.4 49.4 50.4 51.4 52.6 53.6 54.6 55.6 56.8 57.8 58.8 59.8 60.6 61.6 62.5 63.6 64.6 65.6 66.6 67.8 68.8 69.8 70.8 71.8 72.8 73.8 74.8 76.0 77.0 78.0 79.0 80.0 81.0 82.0 83.0 84.0 85.2 86.2 87.2 88.4 89.4 90.4 91.4 92.4 93.4 94.4 95.6 96.6 97.6 98.8 99.8 100.8 101.8 102.8 103.8 104.8 105.8 107.0 108.0 109.0 110.0 111.0 112.0 113.0 114.2 115.2 116.2 117.2 118.4 119.4 120.4 121.4 122.4 123.6 124.6 125.6 126.6 127.6 128.6 129.6 130.6 131.6 132.6 133.6 134.6 135.8 136.8 138.0 139.0 140.2 141.2 142.2 143.2 144.2 144.9 145.8 146.8 147.8 148.7 149.8 138.0 1782153046.329075
186.0 187.0 188.0 189.0 190.0 191.0 192.0 192.6 193.4 194.4 195.4 196.4 197.4 198.0 198.4 199.0 199.0 199.0 200.0 200.1 201.0 202.0 202.9 204.1 205.1 206.0 206.1 206.7 206.9 206.6 206.6 207.0 207.0 207.6 207.8 208.0 208.0 208.3 208.5 208.0 208.4 209.0 209.0 209.2 210.0 209.9 209.4 209.0 209.1 209.5 209.7 209.7 209.9 209.9 209.4 209.3 209.3 209.3 209.1 209.3 209.7 209.7 210.0 210.1 210.5 210.7 210.9 210.9 210.9 210.8 210.7 210.2 210.1 210.1 210.2 210.2 210.2 210.2 210.2 210.1 210.2 210.2 210.2 210.2 210.2 210.3 210.4 210.5 210.9 210.9 210.8 210.8 210.8 210.8 210.8 210.9 210.8 210.8 210.8 210.8 210.8 210.9 210.8 210.9 210.9 210.8 210.8 210.8 210.8 210.7 210.7 210.5 210.5 210.6 210.5 210.5 210.5 210.4 210.1 210.1 210.1 210.1 210.1 210.1 210.1 210.1 210.1 210.2 210.5 210.5 210.6 210.5 210.5 210.6 210.6 210.6 210.6 210.5 210.2 210.1 210.1 210.1 210.5 210.8 210.8 211.2 211.3 211.4 211.0 211.5 15.0 17.0 17.0 16.4 16.4 16.7 16.6 16.6 17.0 17.2 17.2 17.0 17.0 17.0 18.0 19.2 20.0 21.0 21.5 22.4 23.3 23.6 23.7 23.3 23.6 24.3 24.9 25.8 26.8 28.0 29.0 30.0 30.8 31.4 32.5 33.4 34.4 35.4 36.4 37.4 38.4 39.4 40.2 41.2 42.2 43.2 44.2 45.3 46.4 47.4 48.4 49.4 50.4 51.4 52.5 53.5 54.5 55.5 56.8 57.8 58.8 59.8 60.6 61.5 62.4 63.5 64.5 65.5 66.5 67.8 68.8 69.8 70.8 71.8 72.8 73.8 74.8 76.0 77.0 78.0 79.0 80.0 81.0 82.0 83.0 84.0 85.2 86.2 87.2 88.4 89.4 90.4 91.4 92.4 93.4 94.4 95.6 96.6 97.6 98.8 99.8 100.8 101.8 102.8 103.8 104.8 105.8 107.0 108.0 109.0 110.0 111.0 112.0 113.0 114.2 115.2 116.2 117.2 118.4 119.4 120.4 121.4 122.4 123.6 124.6 125.6 126.6 127.6 128.6 129.6 130.6 131.6 132.6 133.6 134.6 135.8 136.8 138.0 139.0 140.2 141.2 142.2 143.2 144.2 144.8 145.8 146.8 147.7 148.8 149.7 139.0 1782153046.344381
186.0 187.0 188.0 189.0 190.0 191.0 192.0 192.6 193.4 194.4 195.4 196.4 197.4 198.0 198.4 199.0 199.0 199.0 200.0 200.1 201.0 202.0 202.9 204.1 205.1 206.0 206.1 206.7 206.9 206.5 206.6 207.0 207.0 207.7 207.7 208.0 208.0 208.4 208.5 208.0 208.4 209.0 209.0 209.2 210.0 209.9 209.4 209.0 209.1 209.5 209.7 209.7 209.9 209.9 209.4 209.3 209.3 209.3 209.1 209.3 209.7 209.7 210.0 210.2 210.5 210.7 210.8 210.8 210.8 210.8 210.7 210.3 210.2 210.2 210.2 210.2 210.2 210.2 210.2 210.1 210.2 210.2 210.2 210.2 210.2 210.3 210.4 210.5 210.8 210.8 210.8 210.8 210.8 210.8 210.8 210.9 210.8 210.8 210.8 210.8 210.8 210.9 210.8 210.9 210.9 210.8 210.8 210.8 210.8 210.7 210.7 210.5 210.5 210.6 210.5 210.5 210.5 210.4 210.1 210.1 210.1 210.1 210.1 210.1 210.1 210.1 210.1 210.2 210.5 210.6 210.6 210.6 210.6 210.6 210.6 210.6 210.5 210.5 210.2 210.1 210.1 210.2 210.5 210.8 210.8 211.2 211.3 211.4 211.0 211.5 15.0 17.0 17.0 16.4 16.4 16.7 16.6 16.6 17.0 17.3 17.3 17.0 17.0 17.0 18.0 19.2 20.0 21.0 21.5 22.4 23.3 23.6 23.7 23.3 23.6 24.3 24.9 25.7 26.8 28.0 29.0 30.0 30.7 31.4 32.5 33.4 34.4 35.4 36.4 37.4 38.4 39.4 40.2 41.2 42.2 43.2 44.2 45.3 46.4 47.4 48.4 49.4 50.4 51.4 52.5 53.5 54.5 55.5 56.7 57.7 58.7 59.7 60.6 61.5 62.4 63.5 64.5 65.5 66.5 67.7 68.7 69.7 70.7 71.7 72.7 73.7 74.7 76.0 77.0 78.0 79.0 80.0 81.0 82.0 83.0 84.0 85.2 86.2 87.2 88.4 89.4 90.4 91.4 92.4 93.4 94.4 95.6 96.6 97.6 98.7 99.7 100.7 101.7 102.7 103.7 104.7 105.7 107.0 108.0 109.0 110.0 111.0 112.0 113.0 114.2 115.2 116.2 117.2 118.4 119.4 120.4 121.4 122.4 123.6 124.6 125.6 126.6 127.6 128.6 129.6 130.6 131.6 132.6 133.6 134.6 135.7 136.7 138.0 139.0 140.2 141.2 142.2 143.2 144.1 144.8 145.7 146.7 147.7 148.7 149.7 140.0 1782153046.354631
186.0 187.0 188.0 189.0 190.0 191.0 192.0 192.6 193.3 194.3 195.3 196.3 197.3 198.0 198.3 199.0 199.0 199.0 200.0 200.1 201.0 202.0 202.9 204.1 205.1 206.0 206.1 206.7 206.9 206.5 206.6 207.0 207.0 207.7 207.7 208.0 208.0 208.4 208.5 208.0 208.3 209.0 209.0 209.2 210.0 209.9 209.4 209.0 209.1 209.5 209.7 209.7 209.9 209.9 209.4 209.3 209.3 209.3 209.1 209.4 209.7 209.7 210.0 210.2 210.5 210.7 210.8 210.8 210.8 210.7 210.7 210.3 210.2 210.2 210.2 210.2 210.2 210.2 210.3 210.1 210.2 210.2 210.1 210.2 210.2 210.3 210.4 210.5 210.8 210.8 210.7 210.7 210.7 210.7 210.7 210.9 210.8 210.8 210.8 210.8 210.8 210.9 210.9 210.9 210.9 210.8 210.8 210.8 210.8 210.8 210.8 210.6 210.6 210.6 210.4 210.4 210.4 210.4 210.1 210.1 210.1 210.1 210.1 210.1 210.1 210.1 210.1 210.2 210.5 210.6 210.6 210.6 210.6 210.6 210.6 210.6 210.5 210.5 210.2 210.1 210.1 210.2 210.5 210.8 210.8 211.3 211.3 211.4 211.0 211.5 15.0 17.0 17.0 16.3 16.3 16.8 16.7 16.7 17.0 17.3 17.3 17.0 17.0 17.0 18.0 19.2 20.0 21.0 21.5 22.3 23.2 23.6 23.7 23.3 23.6 24.3 24.9 25.7 26.8 28.0 29.0 30.0 30.7 31.4 32.5 33.4 34.3 35.3 36.3 37.3 38.3 39.3 40.2 41.2 42.2 43.2 44.2 45.3 46.3 47.3 48.3 49.3 50.3 51.3 52.5 53.5 54.5 55.5 56.7 57.7 58.7 59.7 60.5 61.5 62.4 63.5 64.5 65.5 66.5 67.7 68.7 69.7 70.7 71.7 72.7 73.7 74.7 76.0 77.0 78.0 79.0 80.0 81.0 82.0 83.0 84.0 85.2 86.2 87.2 88.3 89.3 90.3 91.3 92.3 93.3 94.3 95.5 96.5 97.5 98.7 99.7 100.7 101.7 102.7 103.7 104.7 105.7 107.0 108.0 109.0 110.0 111.0 112.0 113.0 114.2 115.2 116.2 117.2 118.3 119.3 120.3 121.3 122.3 123.5 124.5 125.5 126.5 127.5 128.5 129.5 130.5 131.5 132.5 133.5 134.5 135.7 136.7 138.0 139.0 140.2 141.2 142.2 143.2 144.1 144.7 145.7 146.7 147.7 148.7 149.7 141.0 1782153046.375536
186.0 187.0 188.0 189.0 190.0 191.0 192.0 192.6 193.4 194.4 195.4 196.4 197.4 198.0 198.4 199.0 199.0 199.0 200.0 200.1 201.0 202.0 202.9 204.1 205.1 206.0 206.1 206.7 206.8 206.5 206.6 207.0 207.0 207.6 207.7 208.0 208.0 208.4 208.5 208.0 208.4 209.0 209.0 209.1 210.0 209.9 209.4 209.0 209.1 209.6 209.7 209.7 209.9 209.8 209.3 209.3 209.3 209.3 209.1 209.4 209.7 209.7 210.0 210.2 210.5 210.7 210.8 210.8 210.8 210.7 210.7 210.3 210.2 210.2 210.2 210.2 210.2 210.2 210.3 210.1 210.1 210.2 210.1 210.2 210.2 210.3 210.4 210.5 210.8 210.8 210.7 210.7 210.7 210.7 210.7 210.9 210.9 210.9 210.8 210.8 210.8 210.9 210.9 210.9 210.9 210.8 210.8 210.8 210.8 210.7 210.7 210.5 210.5 210.6 210.4 210.4 210.4 210.4 210.1 210.1 210.1 210.1 210.1 210.1 210.1 210.2 210.2 210.2 210.6 210.6 210.6 210.6 210.6 210.6 210.6 210.6 210.5 210.5 210.2 210.1 210.1 210.2 210.6 210.8 210.9 211.3 211.4 211.4 211.0 211.5 15.0 17.0 17.0 16.4 16.4 16.7 16.6 16.6 17.0 17.2 17.2 17.0 17.0 17.0 18.0 19.1 20.0 21.0 21.5 22.4 23.2 23.7 23.7 23.3 23.6 24.3 24.9 25.7 26.8 28.0 29.0 30.0 30.7 31.4 32.5 33.4 34.4 35.4 36.4 37.4 38.4 39.4 40.2 41.2 42.2 43.2 44.2 45.3 46.4 47.4 48.4 49.4 50.4 51.4 52.5 53.5 54.5 55.5 56.7 57.7 58.7 59.7 60.6 61.5 62.4 63.5 64.5 65.5 66.5 67.7 68.7 69.7 70.7 71.7 72.7 73.7 74.7 76.0 77.0 78.0 79.0 80.0 81.0 82.0 83.0 84.0 85.2 86.2 87.2 88.3 89.3 90.3 91.3 92.3 93.3 94.3 95.5 96.5 97.5 98.7 99.7 100.7 101.7 102.7 103.7 104.7 105.7 107.0 108.0 109.0 110.0 111.0 112.0 113.0 114.2 115.2 116.2 117.2 118.3 119.3 120.3 121.3 122.3 123.5 124.5 125.5 126.5 127.5 128.5 129.5 130.5 131.5 132.5 133.5 134.5 135.7 136.7 138.0 139.0 140.2 141.2 142.2 143.2 144.1 144.7 145.7 146.7 147.6 148.6 149.6 142.0 1782153046.390963
186.0 187.0 188.0 189.0 190.0 191.0 192.0 192.6 193.4 194.4 195.4 196.4 197.4 198.0 198.4 199.0 199.0 199.0 199.9 200.1 201.0 201.9 202.9 204.1 205.1 205.9 206.1 206.7 206.8 206.5 206.6 207.0 207.0 207.6 207.7 208.0 208.0 208.4 208.5 208.0 208.4 209.0 209.0 209.1 210.0 209.9 209.4 209.0 209.1 209.6 209.8 209.8 209.9 209.8 209.4 209.3 209.2 209.2 209.1 209.4 209.7 209.8 210.0 210.2 210.5 210.8 210.8 210.8 210.8 210.7 210.7 210.3 210.2 210.2 210.2 210.2 210.2 210.2 210.2 210.1 210.1 210.1 210.1 210.2 210.2 210.3 210.4 210.5 210.8 210.8 210.8 210.7 210.7 210.8 210.8 210.9 210.9 210.9 210.9 210.9 210.9 210.9 210.9 210.9 210.9 210.8 210.8 210.8 210.8 210.7 210.7 210.6 210.5 210.5 210.4 210.4 210.4 210.3 210.1 210.1 210.1 210.1 210.1 210.1 210.1 210.2 210.1 210.2 210.5 210.6 210.7 210.6 210.6 210.6 210.6 210.7 210.5 210.5 210.2 210.1 210.1 210.2 210.6 210.8 210.9 211.3 211.4 211.4 211.0 211.6 15.0 17.0 17.0 16.4 16.4 16.7 16.6 16.6 17.0 17.3 17.3 17.0 17.0 17.0 18.0 19.1 20.0 21.0 21.5 22.4 23.2 23.7 23.7 23.3 23.6 24.2 24.9 25.7 26.8 28.0 29.0 30.0 30.7 31.4 32.5 33.4 34.4 35.4 36.4 37.4 38.4 39.4 40.2 41.2 42.2 43.2 44.2 45.3 46.4 47.4 48.4 49.4 50.4 51.4 52.5 53.5 54.5 55.5 56.7 57.7 58.7 59.7 60.5 61.5 62.4 63.5 64.5 65.5 66.5 67.7 68.7 69.7 70.7 71.7 72.7 73.7 74.7 76.0 77.0 78.0 79.0 80.0 81.0 82.0 83.0 84.0 85.2 86.2 87.2 88.3 89.3 90.3 91.3 92.3 93.3 94.3 95.5 96.5 97.5 98.7 99.7 100.7 101.7 102.7 103.7 104.7 105.7 107.0 108.0 109.0 110.0 111.0 112.0 113.0 114.2 115.2 116.2 117.2 118.3 119.3 120.3 121.3 122.3 123.5 124.5 125.5 126.5 127.5 128.5 129.5 130.5 131.5 132.5 133.5 134.5 135.7 136.7 138.0 139.0 140.2 141.2 142.2 143.2 144.1 144.7 145.6 146.6 147.6 148.6 149.6 143.0 1782153046.406261
186.0 187.0 188.0 189.0 190.0 191.0 192.0 192.6 193.4 194.4 195.4 196.4 197.4 198.0 198.4 199.0 199.0 199.0 199.9 200.1 201.0 201.9 202.8 204.0 205.1 205.9 206.1 206.7 206.8 206.5 206.6 207.0 207.0 207.6 207.7 208.0 208.0 208.4 208.5 208.0 208.4 209.0 209.0 209.2 210.0 209.8 209.3 209.0 209.1 209.6 209.8 209.8 209.9 209.8 209.4 209.3 209.2 209.2 209.1 209.4 209.7 209.8 210.0 210.2 210.6 210.8 210.8 210.8 210.8 210.7 210.6 210.3 210.2 210.2 210.3 210.3 210.3 210.3 210.3 210.2 210.2 210.2 210.2 210.3 210.3 210.3 210.4 210.4 210.7 210.8 210.7 210.7 210.7 210.7 210.7 210.8 210.8 210.8 210.8 210.8 210.8 210.8 210.8 210.8 210.8 210.8 210.8 210.8 210.8 210.7 210.7 210.6 210.5 210.6 210.4 210.4 210.4 210.4 210.1 210.1 210.2 210.2 210.2 210.2 210.1 210.2 210.1 210.2 210.5 210.6 210.6 210.6 210.6 210.6 210.6 210.7 210.6 210.5 210.2 210.1 210.1 210.2 210.6 210.8 210.9 211.4 211.4 211.4 211.0 211.6 15.0 17.0 17.0 16.4 16.4 16.7 16.6 16.6 16.9 17.2 17.2 17.0 17.0 17.0 18.0 19.1 20.0 21.0 21.5 22.4 23.3 23.7 23.7 23.3 23.6 24.3 24.9 25.7 26.8 28.0 29.0 30.0 30.7 31.4 32.5 33.4 34.4 35.4 36.4 37.4 38.4 39.4 40.2 41.2 42.2 43.2 44.2 45.3 46.4 47.4 48.4 49.4 50.4 51.4 52.5 53.5 54.5 55.5 56.7 57.7 58.7 59.7 60.6 61.5 62.4 63.5 64.5 65.5 66.5 67.7 68.7 69.7 70.7 71.7 72.7 73.7 74.7 76.0 77.0 78.0 79.0 80.0 81.0 82.0 83.0 84.0 85.2 86.2 87.2 88.3 89.3 90.3 91.3 92.3 93.3 94.3 95.5 96.5 97.5 98.7 99.7 100.7 101.7 102.7 103.7 104.7 105.7 107.0 108.0 109.0 110.0 111.0 112.0 113.0 114.1 115.1 116.1 117.1 118.3 119.3 120.3 121.3 122.3 123.5 124.5 125.5 126.5 127.5 128.5 129.5 130.5 131.5 132.5 133.5 134.5 135.7 136.7 138.0 139.0 140.1 141.1 142.1 143.1 144.1 144.6 145.6 146.6 147.6 148.6 149.6 144.0 1782153046.431920
186.0 187.0 188.0 189.0 190.0 191.0 192.0 192.6 193.4 194.4 195.4 196.4 197.4 198.0 198.4 199.0 199.0 199.0 199.9 200.1 201.0 201.9 202.8 204.0 205.1 205.9 206.1 206.7 206.8 206.5 206.6 207.0 207.0 207.7 207.7 208.0 208.0 208.4 208.5 208.0 208.4 209.0 209.0 209.2 210.0 209.9 209.3 209.0 209.1 209.6 209.8 209.8 209.9 209.8 209.3 209.3 209.2 209.2 209.1 209.4 209.7 209.8 210.0 210.3 210.6 210.8 210.7 210.7 210.7 210.7 210.7 210.3 210.3 210.3 210.3 210.3 210.3 210.3 210.3 210.2 210.2 210.2 210.2 210.3 210.3 210.3 210.3 210.4 210.7 210.7 210.7 210.7 210.7 210.7 210.7 210.8 210.8 210.8 210.8 210.8 210.8 210.8 210.8 210.9 210.9 210.8 210.8 210.8 210.8 210.8 210.8 210.6 210.6 210.6 210.4 210.4 210.4 210.4 210.1 210.1 210.1 210.1 210.1 210.1 210.1 210.2 210.1 210.2 210.5 210.6 210.6 210.6 210.6 210.6 210.6 210.7 210.5 210.5 210.2 210.1 210.1 210.2 210.6 210.9 210.9 211.4 211.5 211.4 211.0 211.6 15.0 17.0 17.0 16.4 16.4 16.7 16.6 16.6 16.9 17.2 17.2 17.0 17.0 17.0 18.0 19.1 20.0 21.0 21.5 22.4 23.2 23.7 23.7 23.3 23.6 24.3 24.9 25.6 26.8 28.0 29.0 30.0 30.6 31.4 32.5 33.4 34.4 35.4 36.4 37.4 38.4 39.4 40.2 41.2 42.2 43.2 44.2 45.3 46.4 47.4 48.4 49.4 50.4 51.4 52.5 53.5 54.5 55.5 56.6 57.6 58.6 59.6 60.5 61.5 62.4 63.5 64.5 65.5 66.5 67.6 68.6 69.6 70.6 71.6 72.6 73.6 74.6 76.0 77.0 78.0 79.0 80.0 81.0 82.0 83.0 84.0 85.2 86.2 87.2 88.3 89.3 90.3 91.3 92.3 93.3 94.3 95.4 96.4 97.4 98.6 99.6 100.6 101.6 102.6 103.6 104.6 105.6 107.0 108.0 109.0 110.0 111.0 112.0 113.0 114.1 115.1 116.1 117.1 118.3 119.3 120.3 121.3 122.3 123.4 124.4 125.4 126.4 127.4 128.4 129.4 130.4 131.4 132.4 133.4 134.4 135.6 136.6 138.0 139.0 140.1 141.1 142.1 143.1 144.0 144.6 145.6 146.6 147.5 148.6 149.5 145.0 1782153046.452497
186.0 187.0 188.0 189.0 190.0 191.0 192.0 192.5 193.4 194.4 195.4 196.4 197.4 198.0 198.4 199.0 199.0 199.0 199.9 200.1 201.0 201.9 202.9 204.0 205.1 205.9 206.1 206.7 206.8 206.5 206.6 207.0 207.0 207.7 207.6 208.0 208.0 208.5 208.5 208.0 208.4 209.0 209.0 209.2 210.0 209.9 209.3 209.0 209.1 209.6 209.8 209.8 209.9 209.8 209.3 209.3 209.2 209.2 209.1 209.5 209.7 209.8 210.0 210.3 210.6 210.8 210.7 210.7 210.7 210.6 210.6 210.3 210.3 210.3 210.3 210.3 210.3 210.3 210.4 210.2 210.2 210.2 210.2 210.2 210.2 210.3 210.3 210.4 210.6 210.7 210.6 210.6 210.6 210.6 210.6 210.8 210.8 210.8 210.8 210.8 210.8 210.8 210.8 210.9 210.9 210.8 210.8 210.8 210.8 210.8 210.8 210.6 210.6 210.6 210.4 210.4 210.4 210.3 210.1 210.1 210.1 210.1 210.1 210.1 210.1 210.2 210.1 210.2 210.6 210.6 210.7 210.6 210.6 210.6 210.6 210.7 210.5 210.5 210.2 210.2 210.1 210.3 210.7 210.9 210.9 211.4 211.4 211.4 211.1 211.6 15.0 17.0 17.0 16.4 16.4 16.7 16.6 16.6 17.0 17.3 17.3 17.0 17.0 17.0 18.0 19.1 20.0 21.0 21.4 22.4 23.2 23.7 23.7 23.3 23.6 24.3 24.9 25.6 26.8 28.0 29.0 30.0 30.6 31.4 32.5 33.4 34.4 35.4 36.4 37.4 38.4 39.4 40.2 41.2 42.2 43.2 44.2 45.3 46.4 47.4 48.4 49.4 50.4 51.4 52.5 53.5 54.5 55.5 56.6 57.6 58.6 59.6 60.5 61.5 62.4 63.5 64.5 65.5 66.5 67.6 68.6 69.6 70.6 71.6 72.6 73.6 74.6 76.0 77.0 78.0 79.0 80.0 81.0 82.0 83.0 84.0 85.2 86.2 87.2 88.3 89.3 90.3 91.3 92.3 93.3 94.3 95.4 96.4 97.4 98.6 99.6 100.6 101.6 102.6 103.6 104.6 105.6 107.0 108.0 109.0 110.0 111.0 112.0 113.0 114.1 115.1 116.1 117.1 118.3 119.3 120.3 121.3 122.3 123.4 124.4 125.4 126.4 127.4 128.4 129.4 130.4 131.4 132.4 133.4 134.4 135.6 136.6 138.0 139.0 140.1 141.1 142.1 143.1 143.9 144.6 145.5 146.5 147.5 148.6 149.6 146.0 1782153046.462932
186.0 187.0 188.0 189.0 190.0 191.0 192.0 192.5 193.3 194.3 195.3 196.3 197.3 198.0 198.3 199.0 199.0 199.0 199.9 200.1 201.0 201.9 202.9 204.0 205.0 205.9 206.1 206.7 206.8 206.5 206.6 207.0 207.0 207.7 207.6 208.0 208.0 208.5 208.5 208.0 208.3 209.0 209.0 209.2 210.0 209.9 209.3 209.0 209.1 209.7 209.8 209.8 209.9 209.8 209.3 209.2 209.2 209.2 209.1 209.5 209.8 209.8 210.0 210.3 210.6 210.8 210.7 210.7 210.7 210.6 210.6 210.4 210.3 210.3 210.4 210.4 210.4 210.4 210.4 210.2 210.2 210.2 210.2 210.2 210.2 210.3 210.3 210.4 210.6 210.7 210.6 210.6 210.6 210.6 210.6 210.8 210.8 210.8 210.8 210.8 210.8 210.9 210.8 210.9 210.9 210.8 210.8 210.8 210.8 210.8 210.8 210.6 210.6 210.6 210.4 210.4 210.4 210.3 210.1 210.1 210.1 210.1 210.1 210.1 210.1 210.2 210.1 210.1 210.6 210.7 210.7 210.6 210.6 210.7 210.7 210.7 210.5 210.4 210.2 210.1 210.1 210.3 210.7 210.9 210.9 211.4 211.5 211.4 211.1 211.6 15.0 17.0 17.0 16.3 16.3 16.7 16.7 16.7 17.0 17.3 17.3 17.0 17.0 17.0 18.0 19.1 20.0 21.0 21.4 22.3 23.2 23.7 23.8 23.3 23.5 24.2 24.9 25.6 26.7 28.0 29.0 30.0 30.6 31.4 32.4 33.4 34.3 35.3 36.3 37.3 38.3 39.3 40.1 41.1 42.1 43.1 44.1 45.3 46.3 47.3 48.3 49.3 50.3 51.3 52.4 53.4 54.4 55.4 56.6 57.6 58.6 59.6 60.5 61.4 62.4 63.4 64.4 65.4 66.4 67.6 68.6 69.6 70.6 71.6 72.6 73.6 74.6 76.0 77.0 78.0 79.0 80.0 81.0 82.0 83.0 84.0 85.1 86.1 87.1 88.3 89.3 90.3 91.3 92.3 93.3 94.3 95.4 96.4 97.4 98.6 99.6 100.6 101.6 102.6 103.6 104.6 105.6 107.0 108.0 109.0 110.0 111.0 112.0 113.0 114.1 115.1 116.1 117.1 118.3 119.3 120.3 121.3 122.3 123.4 124.4 125.4 126.4 127.4 128.4 129.4 130.4 131.4 132.4 133.4 134.4 135.6 136.6 138.0 139.0 140.1 141.1 142.1 143.1 143.9 144.5 145.5 146.5 147.5 148.5 149.5 147.0 1782153046.478204
186.0 187.0 188.0 189.0 190.0 191.0 192.0 192.5 193.3 194.3 195.3 196.3 197.3 198.0 198.3 199.0 199.0 199.0 199.9 200.1 201.0 201.9 202.9 204.0 205.0 205.9 206.1 206.7 206.9 206.4 206.5 207.0 207.0 207.7 207.6 208.0 208.0 208.5 208.6 208.0 208.3 209.0 209.0 209.2 210.0 209.9 209.3 209.0 209.1 209.7 209.8 209.8 209.9 209.8 209.3 209.2 209.2 209.2 209.1 209.5 209.8 209.8 210.0 210.4 210.6 210.8 210.6 210.6 210.6 210.6 210.6 210.4 210.4 210.4 210.4 210.4 210.4 210.4 210.4 210.2 210.3 210.3 210.1 210.2 210.2 210.3 210.3 210.4 210.6 210.6 210.6 210.6 210.6 210.6 210.6 210.8 210.7 210.7 210.7 210.7 210.8 210.9 210.9 210.9 210.9 210.8 210.8 210.8 210.8 210.8 210.8 210.7 210.6 210.6 210.5 210.5 210.4 210.3 210.1 210.1 210.1 210.1 210.1 210.1 210.1 210.2 210.1 210.1 210.6 210.7 210.7 210.7 210.7 210.7 210.7 210.6 210.5 210.4 210.2 210.2 210.2 210.3 210.7 211.0 211.0 211.4 211.4 211.3 211.1 211.6 15.0 17.0 17.0 16.3 16.3 16.7 16.7 16.7 17.0 17.4 17.4 17.0 17.0 17.0 18.0 19.1 20.0 21.0 21.4 22.3 23.2 23.8 23.8 23.3 23.5 24.2 24.9 25.6 26.7 28.0 29.0 30.0 30.6 31.3 32.4 33.3 34.3 35.3 36.3 37.3 38.3 39.3 40.1 41.1 42.1 43.1 44.1 45.3 46.3 47.3 48.3 49.3 50.3 51.3 52.4 53.4 54.4 55.4 56.6 57.6 58.6 59.6 60.5 61.4 62.4 63.4 64.4 65.4 66.4 67.6 68.6 69.6 70.6 71.6 72.6 73.6 74.6 76.0 77.0 78.0 79.0 80.0 81.0 82.0 83.0 84.0 85.1 86.1 87.1 88.2 89.2 90.2 91.2 92.2 93.2 94.2 95.4 96.4 97.4 98.6 99.6 100.6 101.6 102.6 103.6 104.6 105.6 107.0 108.0 109.0 110.0 111.0 112.0 113.0 114.1 115.1 116.1 117.1 118.2 119.2 120.2 121.2 122.2 123.4 124.4 125.4 126.4 127.4 128.4 129.4 130.4 131.4 132.4 133.4 134.4 135.6 136.6 138.0 139.0 140.1 141.1 142.0 143.0 143.9 144.5 145.5 146.5 147.5 148.5 149.6 148.0 1782153046.488554
186.0 187.0 188.0 189.0 190.0 191.0 192.0 192.5 193.4 194.4 195.4 196.4 197.4 198.0 198.4 199.0 199.0 199.0 199.9 200.1 201.0 201.9 202.8 204.0 205.0 205.9 206.1 206.7 206.9 206.5 206.6 207.0 207.0 207.7 207.6 208.0 208.0 208.5 208.5 208.0 208.4 209.0 209.0 209.1 210.0 209.9 209.3 209.0 209.1 209.7 209.8 209.8 209.9 209.8 209.3 209.2 209.2 209.2 209.1 209.5 209.8 209.8 210.0 210.4 210.7 210.8 210.6 210.6 210.6 210.6 210.6 210.4 210.4 210.4 210.4 210.4 210.4 210.4 210.4 210.2 210.2 210.2 210.1 210.2 210.3 210.3 210.3 210.4 210.6 210.6 210.6 210.6 210.6 210.6 210.6 210.8 210.8 210.8 210.8 210.8 210.8 210.9 210.9 210.9 210.9 210.8 210.8 210.8 210.8 210.8 210.8 210.6 210.6 210.6 210.4 210.4 210.3 210.3 210.1 210.1 210.1 210.1 210.1 210.1 210.1 210.2 210.2 210.2 210.6 210.7 210.7 210.7 210.7 210.7 210.7 210.7 210.4 210.4 210.2 210.2 210.2 210.4 210.7 211.0 211.0 211.4 211.5 211.3 211.1 211.6 15.0 17.0 17.0 16.4 16.4 16.7 16.6 16.6 17.0 17.3 17.3 17.0 17.0 17.0 18.0 19.1 20.0 21.0 21.4 22.4 23.3 23.8 23.8 23.3 23.5 24.3 24.9 25.6 26.8 28.0 29.0 30.0 30.6 31.4 32.5 33.4 34.4 35.4 36.4 37.4 38.4 39.4 40.1 41.1 42.1 43.1 44.1 45.2 46.4 47.4 48.4 49.4 50.4 51.4 52.5 53.5 54.5 55.5 56.6 57.6 58.6 59.6 60.5 61.4 62.4 63.5 64.5 65.5 66.5 67.6 68.6 69.6 70.6 71.6 72.6 73.6 74.6 76.0 77.0 78.0 79.0 80.0 81.0 82.0 83.0 84.0 85.1 86.1 87.1 88.2 89.2 90.2 91.2 92.2 93.2 94.2 95.4 96.4 97.4 98.6 99.6 100.6 101.6 102.6 103.6 104.6 105.6 107.0 108.0 109.0 110.0 111.0 112.0 113.0 114.1 115.1 116.1 117.1 118.2 119.2 120.2 121.2 122.2 123.4 124.4 125.4 126.4 127.4 128.4 129.4 130.4 131.4 132.4 133.4 134.4 135.6 136.6 138.0 139.0 140.1 141.1 142.0 143.0 143.8 144.5 145.5 146.5 147.4 148.5 149.5 149.0 1782153046.504116
186.0 187.0 188.0 189.0 190.0 191.0 192.0 192.5 193.3 194.3 195.3 196.3 197.3 198.0 198.3 199.0 199.0 199.0 199.9 200.1 201.0 201.9 202.8 204.0 205.0 205.9 206.1 206.7 206.9 206.4 206.5 207.0 207.0 207.7 207.6 208.0 208.0 208.5 208.6 208.0 208.3 209.0 209.0 209.1 210.0 209.9 209.2 209.0 209.1 209.7 209.8 209.8 209.9 209.8 209.3 209.2 209.2 209.2 209.1 209.5 209.8 209.8 210.0 210.4 210.7 210.8 210.6 210.6 210.6 210.6 210.6 210.4 210.4 210.4 210.4 210.4 210.4 210.4 210.4 210.2 210.2 210.2 210.1 210.2 210.2 210.3 210.3 210.4 210.6 210.6 210.6 210.6 210.6 210.6 210.6 210.8 210.8 210.8 210.8 210.8 210.9 210.9 210.9 210.9 210.9 210.8 210.8 210.8 210.8 210.8 210.8 210.6 210.6 210.6 210.4 210.4 210.3 210.3 210.1 210.1 210.1 210.1 210.1 210.1 210.1 210.1 210.2 210.2 210.6 210.7 210.7 210.7 210.7 210.7 210.7 210.7 210.4 210.4 210.2 210.2 210.2 210.4 210.7 211.0 211.0 211.4 211.5 211.3 211.1 211.6 15.0 17.0 17.0 16.3 16.3 16.7 16.7 16.7 17.0 17.3 17.3 17.0 17.0 17.0 18.0 19.1 20.0 21.0 21.4 22.3 23.2 23.8 23.8 23.3 23.5 24.3 24.9 25.6 26.7 28.0 29.0 30.0 30.6 31.4 32.4 33.4 34.3 35.3 36.3 37.3 38.3 39.3 40.1 41.1 42.1 43.1 44.1 45.2 46.3 47.3 48.3 49.3 50.3 51.3 52.4 53.4 54.4 55.4 56.6 57.6 58.6 59.6 60.5 61.4 62.4 63.4 64.4 65.4 66.4 67.6 68.6 69.6 70.6 71.6 72.6 73.6 74.6 76.0 77.0 78.0 79.0 80.0 81.0 82.0 83.0 84.0 85.1 86.1 87.1 88.2 89.2 90.2 91.2 92.2 93.2 94.2 95.3 96.3 97.3 98.6 99.6 100.6 101.6 102.6 103.6 104.6 105.6 107.0 108.0 109.0 110.0 111.0 112.0 113.0 114.1 115.1 116.1 117.1 118.2 119.2 120.2 121.2 122.2 123.3 124.3 125.3 126.3 127.3 128.3 129.3 130.3 131.3 132.3 133.3 134.3 135.6 136.6 138.0 139.0 140.1 141.1 142.0 143.0 143.8 144.5 145.4 146.4 147.4 148.5 149.5 150.0 1782153046.514268
186.0 187.0 188.0 189.0 190.0 191.0 192.0 192.5 193.4 194.4 195.4 196.4 197.4 198.0 198.4 199.0 199.0 199.0 199.9 200.1 201.0 201.9 202.8 204.0 205.1 205.9 206.1 206.7 206.8 206.4 206.5 207.0 207.0 207.7 207.6 208.0 208.0 208.5 208.5 208.0 208.4 209.0 209.0 209.1 210.0 209.8 209.2 209.0 209.1 209.7 209.8 209.8 209.9 209.8 209.3 209.2 209.2 209.2 209.1 209.5 209.8 209.8 210.0 210.4 210.6 210.8 210.6 210.6 210.6 210.6 210.6 210.4 210.4 210.4 210.4 210.4 210.4 210.4 210.4 210.2 210.2 210.2 210.1 210.2 210.3 210.3 210.4 210.4 210.6 210.6 210.6 210.6 210.6 210.6 210.6 210.8 210.8 210.8 210.8 210.8 210.9 210.9 210.9 210.9 210.9 210.8 210.8 210.7 210.7 210.7 210.7 210.6 210.6 210.6 210.4 210.4 210.3 210.3 210.1 210.1 210.1 210.1 210.1 210.1 210.1 210.2 210.2 210.2 210.7 210.7 210.7 210.7 210.7 210.7 210.7 210.7 210.5 210.4 210.2 210.2 210.1 210.4 210.7 211.0 211.0 211.5 211.5 211.3 211.1 211.6 15.0 17.0 17.0 16.4 16.4 16.7 16.6 16.6 16.9 17.3 17.3 17.0 17.0 17.0 18.0 19.1 20.0 21.0 21.4 22.4 23.2 23.8 23.8 23.3 23.5 24.2 24.9 25.6 26.7 28.0 29.0 30.0 30.6 31.4 32.5 33.4 34.4 35.4 36.4 37.4 38.4 39.4 40.1 41.1 42.1 43.1 44.1 45.3 46.4 47.4 48.4 49.4 50.4 51.4 52.5 53.5 54.5 55.5 56.6 57.6 58.6 59.6 60.5 61.5 62.4 63.5 64.5 65.5 66.5 67.6 68.6 69.6 70.6 71.6 72.6 73.6 74.6 76.0 77.0 78.0 79.0 80.0 81.0 82.0 83.0 84.0 85.1 86.1 87.1 88.2 89.2 90.2 91.2 92.2 93.2 94.2 95.3 96.3 97.3 98.6 99.6 100.6 101.6 102.6 103.6 104.6 105.6 107.0 108.0 109.0 110.0 111.0 112.0 113.0 114.1 115.1 116.1 117.1 118.2 119.2 120.2 121.2 122.2 123.3 124.3 125.3 126.3 127.3 128.3 129.3 130.3 131.3 132.3 133.3 134.3 135.6 136.6 138.0 139.0 140.1 141.1 142.0 143.0 143.8 144.4 145.4 146.4 147.4 148.4 149.5 151.0 1782153046.524826
186.0 187.0 188.0 189.0 190.0 191.0 192.0 192.5 193.4 194.4 195.4 196.4 197.4 198.0 198.4 199.0 199.0 199.0 199.9 200.2 201.0 202.0 202.8 204.1 205.1 205.9 206.2 206.7 206.8 206.4 206.6 207.0 207.0 207.7 207.6 208.0 208.0 208.5 208.5 208.0 208.4 209.0 209.0 209.1 210.0 209.8 209.2 209.0 209.2 209.7 209.8 209.8 209.9 209.8 209.2 209.2 209.2 209.2 209.1 209.6 209.8 209.8 210.0 210.3 210.6 210.8 210.7 210.7 210.7 210.6 210.5 210.4 210.3 210.3 210.4 210.4 210.4 210.4 210.4 210.2 210.2 210.2 210.1 210.3 210.3 210.4 210.4 210.4 210.6 210.7 210.6 210.6 210.6 210.6 210.6 210.8 210.8 210.8 210.8 210.8 210.9 210.9 210.9 210.9 210.9 210.7 210.7 210.7 210.7 210.7 210.7 210.6 210.6 210.6 210.4 210.4 210.3 210.2 210.1 210.1 210.1 210.1 210.1 210.1 210.1 210.2 210.2 210.3 210.7 210.7 210.7 210.7 210.7 210.7 210.7 210.7 210.5 210.3 210.1 210.2 210.1 210.4 210.7 211.0 211.0 211.5 211.5 211.4 211.1 211.6 15.0 17.0 17.0 16.4 16.4 16.6 16.6 16.6 16.9 17.2 17.2 17.0 17.0 17.0 18.0 19.1 20.0 21.0 21.5 22.4 23.2 23.8 23.7 23.3 23.6 24.2 24.9 25.6 26.7 28.0 29.0 30.0 30.6 31.4 32.5 33.4 34.4 35.4 36.4 37.4 38.4 39.4 40.1 41.1 42.1 43.1 44.1 45.3 46.4 47.4 48.4 49.4 50.4 51.4 52.5 53.5 54.5 55.5 56.6 57.6 58.6 59.6 60.5 61.5 62.4 63.5 64.5 65.5 66.5 67.6 68.6 69.6 70.6 71.6 72.6 73.6 74.6 76.0 77.0 78.0 79.0 80.0 81.0 82.0 83.0 84.0 85.1 86.1 87.1 88.2 89.2 90.2 91.2 92.2 93.2 94.2 95.3 96.3 97.3 98.6 99.6 100.6 101.6 102.6 103.6 104.6 105.6 107.0 108.0 109.0 110.0 111.0 112.0 113.0 114.1 115.1 116.1 117.1 118.2 119.2 120.2 121.2 122.2 123.3 124.3 125.3 126.3 127.3 128.3 129.3 130.3 131.3 132.3 133.3 134.3 135.6 136.6 138.0 139.0 140.1 141.1 142.0 143.0 143.8 144.4 145.4 146.4 147.4 148.4 149.5 152.0 1782153046.534914
186.0 187.0 188.0 189.0 190.0 191.0 192.0 192.5 193.4 194.4 195.4 196.4 197.4 198.0 198.4 199.0 199.0 199.0 200.0 200.2 201.0 202.0 202.8 204.1 205.1 206.0 206.2 206.7 206.8 206.4 206.6 207.0 207.0 207.7 207.6 208.0 208.0 208.4 208.5 208.0 208.4 209.0 209.0 209.1 210.0 209.8 209.2 209.0 209.2 209.7 209.9 209.9 209.9 209.8 209.2 209.2 209.1 209.1 209.1 209.5 209.8 209.9 210.0 210.3 210.6 210.9 210.7 210.7 210.7 210.6 210.5 210.3 210.3 210.3 210.3 210.3 210.3 210.3 210.4 210.2 210.2 210.2 210.1 210.3 210.3 210.4 210.4 210.5 210.6 210.7 210.6 210.6 210.6 210.6 210.6 210.8 210.8 210.8 210.8 210.8 210.9 210.9 210.9 210.9 210.9 210.8 210.8 210.7 210.7 210.7 210.7 210.6 210.5 210.5 210.4 210.4 210.3 210.2 210.1 210.1 210.1 210.1 210.1 210.1 210.1 210.2 210.2 210.2 210.7 210.7 210.8 210.7 210.7 210.8 210.8 210.7 210.5 210.4 210.1 210.1 210.1 210.3 210.8 211.0 211.0 211.5 211.6 211.4 211.1 211.7 15.0 17.0 17.0 16.4 16.4 16.6 16.6 16.6 16.8 17.1 17.1 17.0 17.0 17.0 18.0 19.1 20.0 21.0 21.5 22.4 23.3 23.8 23.7 23.3 23.6 24.3 24.9 25.6 26.8 28.0 29.0 30.0 30.6 31.5 32.5 33.4 34.4 35.4 36.4 37.4 38.4 39.4 40.1 41.1 42.1 43.1 44.1 45.3 46.4 47.4 48.4 49.4 50.4 51.4 52.5 53.5 54.5 55.5 56.6 57.6 58.6 59.6 60.5 61.5 62.5 63.5 64.5 65.5 66.5 67.6 68.6 69.6 70.6 71.6 72.6 73.6 74.6 76.0 77.0 78.0 79.0 80.0 81.0 82.0 83.0 84.0 85.1 86.1 87.1 88.2 89.2 90.2 91.2 92.2 93.2 94.2 95.3 96.3 97.3 98.6 99.6 100.6 101.6 102.6 103.6 104.6 105.6 107.0 108.0 109.0 110.0 111.0 112.0 113.0 114.1 115.1 116.1 117.1 118.2 119.2 120.2 121.2 122.2 123.3 124.3 125.3 126.3 127.3 128.3 129.3 130.3 131.3 132.3 133.3 134.3 135.6 136.6 138.0 139.0 140.1 141.1 142.0 143.0 143.8 144.4 145.4 146.4 147.4 148.4 149.4 153.0 1782153046.550438
186.0 187.0 188.0 189.0 190.0 191.0 192.0 192.6 193.5 194.5 195.5 196.5 197.5 198.0 198.5 199.0 199.0 199.1 200.0 200.2 201.0 202.0 202.8 204.1 205.2 206.0 206.2 206.7 206.7 206.4 206.6 207.0 207.0 207.6 207.6 208.0 208.0 208.5 208.5 208.0 208.5 209.0 209.0 209.2 210.0 209.8 209.2 209.0 209.1 209.8 209.9 209.9 209.9 209.7 209.2 209.2 209.1 209.1 209.1 209.6 209.8 209.9 210.0 210.3 210.6 210.9 210.7 210.7 210.7 210.6 210.5 210.3 210.3 210.3 210.3 210.3 210.3 210.3 210.3 210.2 210.2 210.2 210.2 210.3 210.3 210.4 210.4 210.5 210.7 210.7 210.7 210.7 210.7 210.7 210.7 210.8 210.8 210.8 210.8 210.8 210.8 210.8 210.8 210.9 210.9 210.7 210.7 210.7 210.7 210.7 210.7 210.5 210.5 210.5 210.3 210.3 210.3 210.3 210.1 210.1 210.1 210.1 210.1 210.1 210.1 210.3 210.3 210.3 210.7 210.8 210.8 210.7 210.7 210.7 210.7 210.7 210.5 210.4 210.1 210.1 210.1 210.4 210.8 211.0 211.0 211.5 211.5 211.4 211.1 211.6 15.0 17.0 17.0 16.5 16.5 16.6 16.5 16.5 16.8 17.1 17.1 17.0 17.0 17.0 18.0 19.1 20.0 21.0 21.5 22.5 23.2 23.8 23.7 23.3 23.6 24.3 24.9 25.6 26.8 28.0 29.0 30.0 30.6 31.5 32.5 33.5 34.5 35.5 36.5 37.5 38.5 39.5 40.1 41.1 42.1 43.1 44.1 45.3 46.5 47.5 48.5 49.5 50.5 51.5 52.5 53.5 54.5 55.5 56.6 57.6 58.6 59.6 60.6 61.5 62.5 63.5 64.5 65.5 66.5 67.6 68.6 69.6 70.6 71.6 72.6 73.6 74.6 76.0 77.0 78.0 79.0 80.0 81.0 82.0 83.0 84.0 85.1 86.1 87.1 88.2 89.2 90.2 91.2 92.2 93.2 94.2 95.3 96.3 97.3 98.6 99.6 100.6 101.6 102.6 103.6 104.6 105.6 107.0 108.0 109.0 110.0 111.0 112.0 113.0 114.1 115.1 116.1 117.1 118.2 119.2 120.2 121.2 122.2 123.3 124.3 125.3 126.3 127.3 128.3 129.3 130.3 131.3 132.3 133.3 134.3 135.6 136.6 138.0 139.0 140.1 141.1 142.0 143.0 143.8 144.4 145.4 146.4 147.3 148.4 149.5 154.0 1782153046.565776
186.0 187.0 188.0 189.0 190.0 191.0 192.0 192.6 193.5 194.5 195.5 196.5 197.5 198.0 198.5 199.0 199.0 199.1 200.0 200.2 201.0 202.0 202.8 204.1 205.2 206.0 206.2 206.7 206.8 206.4 206.6 207.0 207.0 207.7 207.7 208.0 208.0 208.4 208.4 208.0 208.5 209.0 209.0 209.2 210.0 209.8 209.2 209.0 209.1 209.8 209.9 209.9 209.9 209.7 209.2 209.2 209.1 209.1 209.1 209.6 209.8 209.9 210.0 210.4 210.6 210.9 210.7 210.7 210.7 210.7 210.5 210.3 210.3 210.3 210.3 210.3 210.3 210.3 210.3 210.2 210.2 210.2 210.2 210.3 210.3 210.4 210.5 210.5 210.7 210.7 210.7 210.7 210.7 210.7 210.7 210.8 210.8 210.8 210.8 210.8 210.8 210.9 210.8 210.9 210.9 210.7 210.7 210.7 210.7 210.7 210.7 210.5 210.5 210.5 210.3 210.3 210.2 210.3 210.1 210.1 210.1 210.1 210.1 210.1 210.1 210.2 210.2 210.3 210.7 210.8 210.8 210.7 210.7 210.7 210.7 210.7 210.5 210.4 210.1 210.1 210.1 210.4 210.8 211.0 211.0 211.5 211.6 211.5 211.1 211.6 15.0 17.0 17.0 16.5 16.5 16.6 16.5 16.5 16.8 17.0 17.0 17.0 17.0 17.0 18.0 19.2 20.0 21.0 21.6 22.5 23.3 23.8 23.7 23.3 23.6 24.3 24.9 25.7 26.8 28.0 29.0 30.0 30.7 31.5 32.6 33.5 34.5 35.5 36.5 37.5 38.5 39.5 40.2 41.2 42.2 43.2 44.2 45.4 46.5 47.5 48.5 49.5 50.5 51.5 52.6 53.6 54.6 55.6 56.7 57.7 58.7 59.7 60.6 61.6 62.5 63.6 64.6 65.6 66.6 67.7 68.7 69.7 70.7 71.7 72.7 73.7 74.7 76.0 77.0 78.0 79.1 80.1 81.1 82.1 83.1 84.1 85.2 86.2 87.2 88.2 89.2 90.2 91.2 92.2 93.2 94.2 95.3 96.3 97.3 98.7 99.7 100.7 101.7 102.7 103.7 104.7 105.7 107.0 108.0 109.1 110.1 111.1 112.1 113.1 114.1 115.1 116.1 117.1 118.2 119.2 120.2 121.2 122.2 123.3 124.3 125.3 126.3 127.3 128.3 129.3 130.3 131.3 132.3 133.3 134.4 135.7 136.7 138.0 139.1 140.1 141.1 142.1 143.1 143.9 144.5 145.4 146.4 147.4 148.4 149.5 155.0 1782153046.581276
186.0 187.0 188.0 189.0 190.0 191.0 192.0 192.6 193.5 194.5 195.5 196.5 197.5 198.0 198.5 199.0 199.0 199.0 200.0 200.2 201.0 202.0 202.8 204.1 205.2 206.0 206.2 206.6 206.8 206.5 206.7 207.0 207.0 207.6 207.7 208.0 208.0 208.5 208.4 208.0 208.5 209.0 209.0 209.3 210.0 209.8 209.2 209.0 209.1 209.7 209.9 209.9 209.9 209.8 209.2 209.1 209.1 209.1 209.1 209.6 209.9 209.9 210.0 210.3 210.6 210.9 210.7 210.7 210.7 210.7 210.4 210.3 210.3 210.3 210.3 210.3 210.3 210.3 210.3 210.2 210.2 210.2 210.1 210.3 210.4 210.4 210.5 210.5 210.7 210.7 210.7 210.7 210.7 210.7 210.7 210.8 210.8 210.8 210.8 210.8 210.8 210.9 210.9 210.9 210.8 210.7 210.7 210.7 210.7 210.6 210.6 210.5 210.4 210.5 210.3 210.3 210.2 210.2 210.1 210.1 210.1 210.1 210.1 210.1 210.2 210.3 210.3 210.3 210.7 210.8 210.8 210.7 210.7 210.7 210.7 210.7 210.5 210.4 210.1 210.1 210.1 210.3 210.7 210.9 211.0 211.4 211.5 211.5 211.2 211.6 15.0 17.0 17.0 16.5 16.5 16.6 16.5 16.5 16.7 17.0 17.0 17.0 17.0 17.0 18.0 19.2 20.0 21.0 21.6 22.5 23.3 23.8 23.7 23.4 23.6 24.3 24.9 25.7 26.8 28.0 29.0 30.0 30.7 31.5 32.6 33.5 34.5 35.5 36.5 37.5 38.5 39.5 40.2 41.2 42.2 43.2 44.2 45.4 46.5 47.5 48.5 49.5 50.5 51.5 52.6 53.6 54.6 55.6 56.7 57.7 58.7 59.7 60.6 61.6 62.5 63.6 64.6 65.6 66.6 67.7 68.7 69.7 70.7 71.7 72.7 73.7 74.7 76.0 77.0 78.1 79.1 80.1 81.1 82.1 83.1 84.1 85.2 86.2 87.2 88.3 89.3 90.3 91.3 92.3 93.3 94.3 95.4 96.4 97.4 98.7 99.7 100.7 101.7 102.7 103.7 104.7 105.7 107.0 108.1 109.1 110.1 111.1 112.1 113.1 114.2 115.2 116.2 117.2 118.3 119.3 120.3 121.3 122.3 123.4 124.4 125.4 126.4 127.4 128.4 129.4 130.4 131.4 132.4 133.4 134.4 135.7 136.7 138.0 139.1 140.2 141.2 142.1 143.1 144.0 144.6 145.5 146.5 147.4 148.5 149.6 156.0 1782153046.591517
186.0 187.0 188.0 189.0 190.0 191.0 192.0 192.6 193.5 194.5 195.5 196.5 197.5 198.0 198.5 199.0 199.0 199.0 200.0 200.2 200.9 201.9 202.8 204.1 205.1 205.9 206.2 206.6 206.8 206.4 206.6 207.0 207.0 207.6 207.6 208.0 208.0 208.5 208.4 208.0 208.5 209.0 209.0 209.2 210.0 209.8 209.2 209.0 209.1 209.7 209.8 209.8 209.9 209.8 209.2 209.2 209.2 209.2 209.1 209.5 209.8 209.8 210.0 210.3 210.6 210.8 210.7 210.7 210.7 210.7 210.5 210.3 210.3 210.3 210.3 210.3 210.3 210.3 210.3 210.1 210.2 210.2 210.1 210.3 210.3 210.4 210.5 210.6 210.7 210.7 210.7 210.7 210.7 210.7 210.7 210.9 210.8 210.8 210.8 210.8 210.9 210.9 210.9 210.9 210.8 210.7 210.7 210.7 210.7 210.7 210.6 210.4 210.4 210.4 210.3 210.3 210.2 210.2 210.1 210.1 210.1 210.1 210.1 210.1 210.2 210.3 210.3 210.3 210.7 210.8 210.8 210.7 210.7 210.8 210.8 210.7 210.6 210.5 210.2 210.1 210.1 210.3 210.7 210.9 211.0 211.4 211.5 211.5 211.2 211.6 15.0 17.0 17.0 16.5 16.5 16.6 16.5 16.5 16.8 17.0 17.0 17.0 17.0 17.0 18.0 19.2 20.0 21.0 21.6 22.5 23.3 23.8 23.7 23.4 23.7 24.3 24.9 25.7 26.8 28.0 29.0 30.0 30.7 31.5 32.6 33.6 34.5 35.5 36.5 37.5 38.5 39.5 40.2 41.2 42.2 43.2 44.2 45.4 46.5 47.5 48.5 49.5 50.5 51.5 52.6 53.6 54.6 55.6 56.7 57.7 58.7 59.7 60.6 61.6 62.6 63.6 64.6 65.6 66.6 67.7 68.7 69.7 70.7 71.7 72.7 73.7 74.7 76.0 77.0 78.1 79.1 80.1 81.1 82.1 83.1 84.1 85.2 86.2 87.2 88.3 89.3 90.3 91.3 92.3 93.3 94.3 95.4 96.4 97.4 98.7 99.7 100.7 101.7 102.7 103.7 104.7 105.7 107.0 108.1 109.1 110.1 111.1 112.1 113.1 114.2 115.2 116.2 117.2 118.3 119.3 120.3 121.3 122.3 123.4 124.4 125.4 126.4 127.4 128.4 129.4 130.4 131.4 132.4 133.4 134.4 135.7 136.7 138.0 139.1 140.2 141.2 142.2 143.2 144.0 144.6 145.6 146.6 147.5 148.5 149.7 157.0 1782153046.601857
186.0 187.0 188.0 189.0 190.0 191.0 192.0 192.6 193.5 194.5 195.6 196.5 197.5 198.0 198.5 199.0 199.0 199.0 200.0 200.2 200.9 201.9 202.8 204.1 205.1 205.9 206.2 206.6 206.8 206.5 206.6 207.0 207.0 207.7 207.7 208.0 208.0 208.5 208.4 208.0 208.5 209.0 209.0 209.3 210.0 209.9 209.2 209.0 209.1 209.6 209.8 209.8 210.0 209.8 209.3 209.2 209.2 209.2 209.1 209.5 209.8 209.8 210.0 210.4 210.6 210.8 210.8 210.8 210.8 210.7 210.5 210.3 210.2 210.2 210.3 210.3 210.3 210.3 210.3 210.1 210.1 210.2 210.1 210.3 210.3 210.4 210.5 210.5 210.7 210.7 210.7 210.7 210.7 210.7 210.7 210.9 210.9 210.9 210.9 210.9 210.9 210.9 210.9 210.9 210.8 210.7 210.7 210.7 210.7 210.7 210.6 210.5 210.5 210.4 210.3 210.3 210.2 210.2 210.1 210.1 210.1 210.1 210.1 210.1 210.2 210.3 210.3 210.3 210.7 210.8 210.8 210.8 210.8 210.8 210.8 210.7 210.6 210.5 210.2 210.1 210.1 210.3 210.7 210.8 210.9 211.4 211.5 211.4 211.2 211.6 15.0 17.0 17.0 16.5 16.5 16.6 16.5 16.5 16.7 17.0 17.0 17.0 17.0 17.0 18.0 19.3 20.0 21.0 21.6 22.5 23.3 23.9 23.8 23.4 23.8 24.4 24.9 25.7 26.8 28.0 29.0 30.0 30.7 31.5 32.6 33.6 34.5 35.5 36.5 37.5 38.5 39.5 40.2 41.2 42.2 43.2 44.2 45.4 46.5 47.5 48.5 49.5 50.5 51.5 52.6 53.6 54.6 55.6 56.7 57.7 58.7 59.7 60.7 61.6 62.6 63.6 64.6 65.6 66.6 67.7 68.7 69.7 70.7 71.7 72.7 73.7 74.7 76.0 77.0 78.1 79.2 80.2 81.2 82.2 83.2 84.2 85.2 86.2 87.2 88.3 89.3 90.3 91.3 92.3 93.3 94.3 95.4 96.4 97.4 98.7 99.7 100.7 101.7 102.7 103.7 104.7 105.7 107.0 108.1 109.2 110.2 111.2 112.2 113.2 114.3 115.3 116.3 117.3 118.3 119.3 120.3 121.3 122.3 123.4 124.4 125.4 126.4 127.4 128.4 129.4 130.4 131.4 132.4 133.4 134.5 135.7 136.7 138.0 139.2 140.3 141.3 142.2 143.2 144.1 144.7 145.7 146.6 147.6 148.5 149.7 158.0 1782153046.617348
186.0 187.0 188.0 189.0 190.0 191.0 192.0 192.6 193.5 194.5 195.6 196.5 197.5 198.0 198.5 199.0 199.0 199.1 200.0 200.2 201.0 202.0 202.9 204.1 205.1 205.9 206.2 206.6 206.8 206.5 206.7 207.0 207.0 207.6 207.7 208.0 208.0 208.5 208.4 208.0 208.5 209.0 209.0 209.3 210.0 209.8 209.2 209.0 209.2 209.7 209.8 209.8 210.0 209.7 209.3 209.2 209.2 209.2 209.1 209.5 209.8 209.8 210.0 210.4 210.6 210.8 210.8 210.8 210.8 210.7 210.5 210.3 210.2 210.2 210.2 210.2 210.2 210.2 210.3 210.1 210.1 210.2 210.1 210.3 210.3 210.4 210.5 210.5 210.6 210.7 210.7 210.7 210.7 210.7 210.7 210.9 210.9 210.9 210.9 210.9 210.9 210.9 210.9 210.9 210.8 210.7 210.7 210.7 210.7 210.7 210.7 210.5 210.5 210.4 210.3 210.2 210.2 210.2 210.1 210.1 210.1 210.1 210.1 210.1 210.1 210.2 210.2 210.3 210.6 210.8 210.8 210.8 210.8 210.8 210.8 210.8 210.6 210.5 210.3 210.1 210.1 210.3 210.6 210.8 210.9 211.4 211.4 211.4 211.3 211.6 15.0 17.0 17.0 16.5 16.5 16.6 16.5 16.5 16.7 16.9 16.9 17.0 17.0 17.0 18.0 19.3 20.0 21.0 21.6 22.5 23.3 23.9 23.7 23.4 23.8 24.3 24.9 25.7 26.8 28.0 29.0 30.0 30.7 31.6 32.7 33.6 34.5 35.5 36.5 37.5 38.5 39.5 40.3 41.3 42.3 43.3 44.3 45.5 46.5 47.5 48.5 49.5 50.5 51.5 52.7 53.7 54.7 55.7 56.7 57.7 58.7 59.7 60.7 61.7 62.6 63.7 64.7 65.7 66.7 67.7 68.7 69.7 70.7 71.7 72.7 73.7 74.7 76.0 77.0 78.1 79.2 80.2 81.2 82.2 83.2 84.2 85.3 86.3 87.3 88.4 89.4 90.4 91.4 92.4 93.4 94.4 95.5 96.5 97.5 98.7 99.7 100.7 101.7 102.7 103.7 104.7 105.7 107.0 108.1 109.2 110.2 111.2 112.2 113.2 114.3 115.3 116.3 117.3 118.4 119.4 120.4 121.4 122.4 123.5 124.5 125.5 126.5 127.5 128.5 129.5 130.5 131.5 132.5 133.5 134.5 135.7 136.7 138.0 139.2 140.3 141.3 142.3 143.3 144.1 144.8 145.8 146.7 147.6 148.5 149.8 159.0 1782153046.627608
186.0 187.0 188.0 189.0 190.0 191.0 192.0 192.6 193.5 194.5 195.6 196.5 197.5 198.0 198.5 199.0 199.0 199.1 200.0 200.2 201.0 202.0 202.9 204.1 205.1 205.9 206.2 206.6 206.8 206.5 206.6 207.0 207.0 207.6 207.6 208.0 208.0 208.5 208.4 208.0 208.5 209.0 209.0 209.3 210.0 209.8 209.2 209.0 209.2 209.7 209.9 209.9 210.0 209.7 209.2 209.2 209.1 209.1 209.2 209.5 209.8 209.9 210.0 210.4 210.6 210.8 210.7 210.7 210.7 210.7 210.5 210.3 210.3 210.3 210.3 210.3 210.3 210.2 210.2 210.1 210.1 210.2 210.1 210.3 210.3 210.4 210.4 210.5 210.6 210.7 210.7 210.8 210.8 210.8 210.8 210.9 210.9 210.9 210.9 210.9 210.9 210.8 210.8 210.8 210.8 210.7 210.7 210.7 210.7 210.7 210.6 210.5 210.5 210.4 210.3 210.3 210.2 210.3 210.1 210.2 210.2 210.2 210.2 210.2 210.1 210.2 210.2 210.2 210.6 210.8 210.8 210.7 210.7 210.8 210.8 210.8 210.6 210.5 210.3 210.2 210.1 210.3 210.6 210.7 210.9 211.3 211.4 211.4 211.3 211.6 15.0 17.0 17.0 16.5 16.5 16.6 16.5 16.5 16.8 17.0 17.0 17.0 17.0 17.0 18.0 19.3 20.0 21.0 21.6 22.5 23.3 23.9 23.7 23.4 23.8 24.3 24.9 25.7 26.8 28.0 29.0 30.0 30.7 31.5 32.7 33.6 34.5 35.5 36.5 37.5 38.5 39.5 40.3 41.3 42.3 43.3 44.3 45.4 46.5 47.5 48.5 49.5 50.5 51.5 52.7 53.7 54.7 55.7 56.7 57.7 58.7 59.7 60.6 61.6 62.6 63.7 64.7 65.7 66.7 67.7 68.7 69.7 70.7 71.7 72.7 73.7 74.7 76.0 77.0 78.1 79.2 80.2 81.2 82.2 83.2 84.2 85.3 86.3 87.3 88.4 89.4 90.4 91.4 92.4 93.4 94.4 95.5 96.5 97.5 98.7 99.7 100.7 101.7 102.7 103.7 104.7 105.7 107.0 108.1 109.2 110.2 111.2 112.2 113.2 114.4 115.4 116.4 117.4 118.4 119.4 120.4 121.4 122.4 123.5 124.5 125.5 126.5 127.5 128.5 129.5 130.5 131.5 132.5 133.5 134.5 135.7 136.7 138.0 139.2 140.4 141.4 142.3 143.3 144.2 144.8 145.8 146.8 147.7 148.6 149.8 160.0 1782153046.637971
186.0 187.0 188.0 189.0 190.0 191.0 192.0 192.6 193.5 194.5 195.5 196.5 197.5 198.0 198.5 199.0 199.0 199.1 200.0 200.2 201.0 202.0 202.9 204.1 205.1 205.9 206.2 206.6 206.8 206.5 206.6 207.0 207.0 207.7 207.7 208.0 208.0 208.4 208.4 208.0 208.5 209.0 209.0 209.3 210.0 209.8 209.2 209.0 209.1 209.7 209.9 209.9 210.0 209.7 209.3 209.2 209.1 209.1 209.1 209.5 209.8 209.9 210.0 210.4 210.6 210.8 210.7 210.7 210.7 210.7 210.5 210.3 210.3 210.3 210.3 210.3 210.3 210.2 210.2 210.1 210.1 210.2 210.2 210.3 210.3 210.4 210.5 210.5 210.6 210.7 210.7 210.8 210.8 210.8 210.8 210.9 210.9 210.9 210.8 210.8 210.8 210.8 210.8 210.8 210.8 210.7 210.7 210.6 210.6 210.6 210.6 210.4 210.4 210.4 210.3 210.3 210.3 210.3 210.2 210.2 210.2 210.2 210.2 210.2 210.1 210.2 210.2 210.2 210.6 210.7 210.7 210.7 210.7 210.8 210.8 210.8 210.7 210.6 210.3 210.2 210.1 210.3 210.6 210.7 210.8 211.3 211.4 211.4 211.3 211.6 15.0 17.0 17.0 16.5 16.5 16.6 16.5 16.5 16.8 17.0 17.0 17.0 17.0 17.0 18.0 19.3 20.0 21.0 21.6 22.5 23.3 23.9 23.7 23.4 23.7 24.3 24.9 25.8 26.8 28.0 29.0 30.0 30.8 31.5 32.7 33.5 34.5 35.5 36.5 37.5 38.5 39.5 40.3 41.3 42.3 43.3 44.3 45.4 46.5 47.5 48.5 49.5 50.5 51.5 52.7 53.7 54.7 55.7 56.8 57.8 58.8 59.8 60.7 61.6 62.6 63.7 64.7 65.7 66.7 67.8 68.8 69.8 70.8 71.8 72.8 73.8 74.8 76.0 77.0 78.1 79.2 80.2 81.2 82.2 83.2 84.2 85.3 86.3 87.3 88.5 89.5 90.5 91.5 92.5 93.5 94.5 95.5 96.5 97.5 98.8 99.8 100.8 101.8 102.8 103.8 104.8 105.8 107.0 108.0 109.2 110.2 111.2 112.2 113.2 114.4 115.4 116.4 117.4 118.5 119.5 120.5 121.5 122.5 123.5 124.5 125.5 126.5 127.5 128.5 129.5 130.5 131.5 132.5 133.5 134.6 135.8 136.8 138.0 139.2 140.4 141.4 142.3 143.3 144.2 144.9 145.9 146.9 147.8 148.6 149.8 161.0 1782153046.653426
186.0 187.0 188.0 189.0 190.0 191.0 192.0 192.6 193.5 194.5 195.5 196.5 197.5 198.0 198.5 199.0 199.0 199.1 200.0 200.2 201.0 202.0 202.9 204.1 205.1 205.9 206.2 206.7 206.8 206.4 206.6 207.0 207.0 207.7 207.6 208.0 208.0 208.4 208.4 208.0 208.5 209.0 209.0 209.3 210.0 209.8 209.2 209.0 209.1 209.7 209.9 209.9 210.0 209.7 209.3 209.1 209.1 209.1 209.2 209.5 209.9 209.9 210.0 210.4 210.7 210.8 210.7 210.7 210.7 210.7 210.5 210.4 210.3 210.3 210.3 210.3 210.3 210.2 210.2 210.1 210.1 210.2 210.2 210.3 210.3 210.4 210.5 210.5 210.6 210.7 210.7 210.8 210.8 210.8 210.8 210.9 210.9 210.9 210.8 210.8 210.8 210.7 210.7 210.8 210.7 210.6 210.6 210.6 210.6 210.6 210.6 210.4 210.4 210.4 210.4 210.4 210.3 210.3 210.2 210.2 210.2 210.2 210.2 210.2 210.1 210.2 210.2 210.2 210.5 210.7 210.7 210.7 210.7 210.8 210.8 210.8 210.7 210.6 210.4 210.2 210.1 210.2 210.5 210.7 210.8 211.3 211.4 211.4 211.3 211.6 15.0 17.0 17.0 16.5 16.5 16.6 16.5 16.5 16.9 17.1 17.1 17.0 17.0 17.0 18.0 19.3 20.0 21.0 21.5 22.5 23.3 23.9 23.8 23.3 23.7 24.3 24.9 25.8 26.9 28.0 29.0 30.0 30.8 31.5 32.7 33.5 34.5 35.5 36.5 37.5 38.5 39.5 40.2 41.2 42.2 43.2 44.2 45.4 46.5 47.5 48.5 49.5 50.5 51.5 52.7 53.7 54.7 55.7 56.8 57.8 58.8 59.8 60.6 61.6 62.5 63.7 64.7 65.7 66.7 67.8 68.8 69.8 70.8 71.8 72.8 73.8 74.8 76.0 77.0 78.1 79.2 80.2 81.2 82.2 83.2 84.2 85.2 86.2 87.2 88.5 89.5 90.5 91.5 92.5 93.5 94.5 95.5 96.5 97.5 98.8 99.8 100.8 101.8 102.8 103.8 104.8 105.8 107.0 108.0 109.2 110.2 111.2 112.2 113.2 114.4 115.4 116.4 117.4 118.5 119.5 120.5 121.5 122.5 123.5 124.5 125.5 126.5 127.5 128.5 129.5 130.5 131.5 132.5 133.5 134.6 135.8 136.8 138.0 139.2 140.4 141.4 142.4 143.4 144.3 145.0 146.0 146.9 147.8 148.6 149.8 162.0 1782153046.663705
186.0 187.0 188.0 189.0 190.0 191.0 192.0 192.6 193.4 194.4 195.5 196.4 197.4 198.0 198.4 199.0 199.0 199.1 200.0 200.2 201.0 202.0 202.9 204.1 205.1 205.9 206.2 206.7 206.8 206.4 206.6 207.0 207.0 207.7 207.6 208.0 208.0 208.4 208.4 208.0 208.4 209.0 209.0 209.3 210.0 209.8 209.2 209.0 209.1 209.6 209.9 209.9 210.0 209.7 209.3 209.1 209.1 209.1 209.2 209.5 209.9 209.9 210.0 210.4 210.7 210.8 210.7 210.7 210.7 210.7 210.5 210.3 210.3 210.3 210.3 210.3 210.3 210.2 210.2 210.1 210.1 210.2 210.2 210.3 210.3 210.4 210.5 210.5 210.6 210.7 210.7 210.8 210.8 210.8 210.8 210.9 210.9 210.9 210.8 210.8 210.8 210.7 210.7 210.7 210.7 210.6 210.6 210.6 210.6 210.6 210.5 210.4 210.4 210.4 210.4 210.4 210.4 210.4 210.3 210.3 210.3 210.3 210.3 210.3 210.1 210.2 210.2 210.2 210.5 210.7 210.7 210.6 210.6 210.8 210.8 210.8 210.7 210.6 210.4 210.3 210.1 210.2 210.5 210.6 210.8 211.3 211.4 211.3 211.3 211.7 15.0 17.0 17.0 16.4 16.4 16.7 16.6 16.6 17.0 17.1 17.1 17.0 17.0 17.0 18.0 19.2 20.0 21.0 21.5 22.4 23.3 23.9 23.8 23.3 23.6 24.3 24.9 25.8 26.9 28.0 29.0 30.0 30.8 31.5 32.7 33.5 34.4 35.4 36.4 37.4 38.4 39.4 40.2 41.2 42.2 43.2 44.2 45.4 46.4 47.4 48.4 49.4 50.4 51.4 52.7 53.7 54.7 55.7 56.8 57.8 58.8 59.8 60.6 61.5 62.5 63.7 64.7 65.7 66.7 67.8 68.8 69.8 70.8 71.8 72.8 73.8 74.8 76.0 77.0 78.1 79.2 80.2 81.2 82.2 83.2 84.2 85.2 86.2 87.2 88.5 89.5 90.5 91.5 92.5 93.5 94.5 95.6 96.6 97.6 98.8 99.8 100.8 101.8 102.8 103.8 104.8 105.8 107.0 108.0 109.2 110.2 111.2 112.2 113.2 114.5 115.5 116.5 117.5 118.5 119.5 120.5 121.5 122.5 123.6 124.6 125.6 126.6 127.6 128.6 129.6 130.6 131.6 132.6 133.6 134.6 135.8 136.8 138.0 139.2 140.5 141.5 142.4 143.4 144.3 145.0 146.0 147.0 147.9 148.6 149.8 163.0 1782153046.679169
186.0 187.0 188.0 189.0 190.0 191.0 192.0 192.6 193.4 194.4 195.5 196.4 197.4 198.0 198.4 199.0 199.0 199.1 200.0 200.2 201.0 202.0 202.9 204.1 205.1 205.9 206.2 206.7 206.8 206.4 206.6 207.0 207.0 207.7 207.7 208.0 208.0 208.4 208.4 208.0 208.4 209.0 209.0 209.3 210.0 209.9 209.2 209.0 209.1 209.7 209.9 209.9 210.0 209.7 209.3 209.1 209.1 209.1 209.2 209.5 209.9 209.9 210.0 210.4 210.7 210.8 210.7 210.7 210.7 210.7 210.5 210.3 210.3 210.3 210.3 210.3 210.3 210.2 210.2 210.1 210.1 210.2 210.2 210.3 210.3 210.4 210.5 210.5 210.6 210.7 210.8 210.8 210.8 210.8 210.8 210.9 210.9 210.9 210.8 210.8 210.8 210.7 210.7 210.7 210.7 210.6 210.6 210.6 210.6 210.6 210.5 210.4 210.4 210.4 210.4 210.4 210.4 210.4 210.3 210.3 210.3 210.3 210.3 210.3 210.1 210.2 210.2 210.2 210.5 210.6 210.6 210.6 210.6 210.8 210.8 210.8 210.7 210.6 210.4 210.3 210.1 210.2 210.5 210.6 210.8 211.3 211.3 211.3 211.3 211.6 15.0 17.0 17.0 16.4 16.4 16.7 16.6 16.6 17.0 17.2 17.2 17.0 17.0 17.0 18.0 19.2 20.0 21.0 21.5 22.4 23.3 23.8 23.7 23.3 23.7 24.3 24.9 25.8 26.9 28.0 29.0 30.0 30.8 31.4 32.7 33.5 34.4 35.4 36.4 37.4 38.4 39.4 40.2 41.2 42.2 43.2 44.2 45.3 46.4 47.4 48.4 49.4 50.4 51.4 52.7 53.7 54.7 55.7 56.8 57.8 58.8 59.8 60.6 61.5 62.5 63.7 64.7 65.7 66.7 67.8 68.8 69.8 70.8 71.8 72.8 73.8 74.8 76.0 77.0 78.1 79.2 80.2 81.2 82.2 83.2 84.2 85.2 86.2 87.2 88.5 89.5 90.5 91.5 92.5 93.5 94.5 95.6 96.6 97.6 98.8 99.8 100.8 101.8 102.8 103.8 104.8 105.8 107.0 108.0 109.2 110.2 111.2 112.2 113.2 114.4 115.4 116.4 117.4 118.5 119.5 120.5 121.5 122.5 123.6 124.6 125.6 126.6 127.6 128.6 129.6 130.6 131.6 132.6 133.6 134.6 135.8 136.8 138.0 139.2 140.4 141.4 142.4 143.4 144.3 145.0 146.0 147.0 147.9 148.6 149.8 164.0 1782153046.694560
186.0 187.0 188.0 189.0 190.0 191.0 192.0 192.6 193.4 194.4 195.4 196.4 197.4 198.0 198.4 199.0 199.0 199.1 200.0 200.2 201.0 202.0 202.9 204.1 205.1 205.9 206.2 206.7 206.8 206.5 206.7 207.0 207.0 207.6 207.7 208.0 208.0 208.4 208.4 208.0 208.4 209.0 209.0 209.2 210.0 209.9 209.2 209.0 209.1 209.7 209.9 209.9 210.0 209.7 209.3 209.1 209.1 209.1 209.2 209.5 209.9 209.9 210.0 210.4 210.7 210.8 210.7 210.7 210.7 210.7 210.6 210.3 210.3 210.3 210.3 210.3 210.3 210.2 210.2 210.1 210.1 210.2 210.2 210.3 210.3 210.4 210.4 210.5 210.6 210.7 210.8 210.8 210.8 210.8 210.8 210.9 210.9 210.9 210.8 210.8 210.8 210.7 210.7 210.7 210.7 210.6 210.6 210.6 210.6 210.6 210.6 210.5 210.4 210.5 210.5 210.5 210.4 210.4 210.2 210.3 210.3 210.3 210.3 210.3 210.1 210.2 210.2 210.2 210.5 210.6 210.6 210.6 210.6 210.8 210.8 210.7 210.6 210.6 210.4 210.3 210.1 210.2 210.5 210.7 210.8 211.3 211.3 211.3 211.3 211.6 15.0 17.0 17.0 16.4 16.4 16.7 16.6 16.6 17.1 17.2 17.2 17.0 17.0 17.0 18.0 19.2 20.0 21.0 21.5 22.4 23.2 23.8 23.7 23.3 23.7 24.2 24.9 25.8 26.9 28.0 29.0 30.0 30.8 31.4 32.7 33.4 34.4 35.4 36.4 37.4 38.4 39.4 40.2 41.2 42.2 43.2 44.2 45.3 46.4 47.4 48.4 49.4 50.4 51.4 52.7 53.7 54.7 55.7 56.8 57.8 58.8 59.8 60.6 61.5 62.5 63.7 64.7 65.7 66.7 67.8 68.8 69.8 70.8 71.8 72.8 73.8 74.8 76.0 77.0 78.1 79.2 80.2 81.2 82.2 83.2 84.2 85.2 86.2 87.2 88.5 89.5 90.5 91.5 92.5 93.5 94.5 95.6 96.6 97.6 98.8 99.8 100.8 101.8 102.8 103.8 104.8 105.8 107.0 108.0 109.2 110.2 111.2 112.2 113.2 114.4 115.4 116.4 117.4 118.5 119.5 120.5 121.5 122.5 123.6 124.6 125.6 126.6 127.6 128.6 129.6 130.6 131.6 132.6 133.6 134.6 135.8 136.8 138.0 139.2 140.4 141.4 142.4 143.4 144.3 145.0 146.0 147.0 147.9 148.7 149.8 165.0 1782153046.699908
186.0 187.0 188.0 189.0 190.0 191.0 192.0 192.6 193.4 194.4 195.5 196.4 197.4 198.0 198.4 199.0 199.0 199.1 200.0 200.2 201.0 202.0 203.0 204.1 205.1 205.9 206.2 206.7 206.8 206.5 206.7 207.0 207.0 207.6 207.7 208.0 208.0 208.3 208.4 208.0 208.4 209.0 209.0 209.3 210.0 209.8 209.2 209.0 209.2 209.7 209.9 209.9 210.0 209.7 209.3 209.1 209.1 209.1 209.2 209.5 209.9 209.9 210.0 210.4 210.7 210.8 210.8 210.8 210.8 210.7 210.5 210.3 210.2 210.2 210.3 210.3 210.3 210.2 210.2 210.1 210.1 210.2 210.2 210.3 210.3 210.4 210.4 210.4 210.7 210.8 210.8 210.8 210.8 210.8 210.8 210.9 210.9 210.9 210.8 210.8 210.8 210.7 210.7 210.8 210.7 210.6 210.6 210.6 210.6 210.6 210.6 210.5 210.5 210.5 210.5 210.5 210.4 210.5 210.2 210.2 210.2 210.2 210.2 210.2 210.1 210.2 210.2 210.2 210.4 210.6 210.6 210.5 210.5 210.7 210.7 210.7 210.6 210.5 210.3 210.2 210.1 210.2 210.4 210.7 210.8 211.3 211.3 211.3 211.3 211.6 15.0 17.0 17.0 16.4 16.4 16.7 16.6 16.6 17.0 17.1 17.1 17.0 17.0 17.0 18.0 19.2 20.0 21.0 21.5 22.4 23.2 23.8 23.7 23.3 23.7 24.2 24.9 25.8 26.9 28.0 29.0 30.0 30.8 31.4 32.7 33.5 34.4 35.4 36.4 37.4 38.4 39.4 40.2 41.2 42.2 43.2 44.2 45.4 46.4 47.4 48.4 49.4 50.4 51.4 52.7 53.7 54.7 55.7 56.8 57.8 58.8 59.8 60.6 61.5 62.5 63.7 64.7 65.7 66.7 67.8 68.8 69.8 70.8 71.8 72.8 73.8 74.8 76.0 77.0 78.1 79.1 80.1 81.1 82.1 83.1 84.1 85.2 86.2 87.2 88.5 89.5 90.5 91.5 92.5 93.5 94.5 95.6 96.6 97.6 98.8 99.8 100.8 101.8 102.8 103.8 104.8 105.8 107.0 108.0 109.1 110.1 111.1 112.1 113.1 114.4 115.4 116.4 117.4 118.5 119.5 120.5 121.5 122.5 123.6 124.6 125.6 126.6 127.6 128.6 129.6 130.6 131.6 132.6 133.6 134.7 135.8 136.8 138.0 139.1 140.4 141.4 142.4 143.4 144.3 145.0 146.0 147.0 147.9 148.7 149.8 166.0 1782153046.721184
186.0 187.0 188.0 189.0 190.0 191.0 192.0 192.5 193.4 194.4 195.4 196.4 197.4 198.0 198.4 199.0 199.0 199.1 200.0 200.2 201.0 202.0 203.0 204.1 205.1 205.9 206.2 206.7 206.8 206.5 206.7 207.0 207.0 207.6 207.7 208.0 208.0 208.3 208.3 208.0 208.4 209.0 209.0 209.3 210.0 209.8 209.3 209.0 209.2 209.7 209.9 209.9 210.0 209.7 209.3 209.1 209.1 209.1 209.2 209.5 209.9 209.9 210.0 210.4 210.7 210.8 210.8 210.8 210.8 210.7 210.6 210.3 210.2 210.2 210.2 210.2 210.2 210.2 210.2 210.1 210.1 210.2 210.2 210.3 210.3 210.3 210.4 210.4 210.7 210.8 210.8 210.8 210.8 210.8 210.8 210.9 210.9 210.9 210.8 210.8 210.8 210.8 210.8 210.8 210.7 210.7 210.7 210.6 210.6 210.6 210.6 210.5 210.5 210.5 210.5 210.5 210.5 210.5 210.2 210.2 210.2 210.2 210.2 210.2 210.1 210.2 210.2 210.2 210.4 210.5 210.5 210.5 210.5 210.7 210.7 210.7 210.6 210.5 210.3 210.2 210.1 210.2 210.4 210.7 210.8 211.2 211.3 211.3 211.3 211.5 15.0 17.0 17.0 16.4 16.4 16.7 16.6 16.6 17.0 17.2 17.2 17.0 17.0 17.0 18.0 19.2 20.0 21.0 21.5 22.4 23.2 23.8 23.6 23.3 23.7 24.2 24.9 25.8 26.9 28.0 29.0 30.0 30.8 31.4 32.6 33.4 34.4 35.4 36.4 37.4 38.4 39.4 40.2 41.2 42.2 43.2 44.2 45.3 46.4 47.4 48.4 49.4 50.4 51.4 52.6 53.6 54.6 55.6 56.8 57.8 58.8 59.8 60.6 61.5 62.5 63.6 64.6 65.6 66.6 67.8 68.8 69.8 70.8 71.8 72.8 73.8 74.8 76.0 77.0 78.1 79.1 80.1 81.1 82.1 83.1 84.1 85.2 86.2 87.2 88.5 89.5 90.5 91.5 92.5 93.5 94.5 95.6 96.6 97.6 98.8 99.8 100.8 101.8 102.8 103.8 104.8 105.8 107.0 108.0 109.1 110.1 111.1 112.1 113.1 114.4 115.4 116.4 117.4 118.5 119.5 120.5 121.5 122.5 123.6 124.6 125.6 126.6 127.6 128.6 129.6 130.6 131.6 132.6 133.6 134.7 135.8 136.8 138.0 139.1 140.4 141.4 142.3 143.3 144.2 145.0 146.0 147.0 147.9 148.7 149.8 167.0 1782153046.736139
186.0 187.0 188.0 189.0 190.0 191.0 192.0 192.6 193.4 194.4 195.5 196.4 197.4 198.0 198.4 199.0 199.0 199.1 200.0 200.2 201.1 202.0 203.0 204.2 205.2 205.9 206.2 206.7 206.7 206.5 206.7 207.0 207.0 207.5 207.7 208.0 208.0 208.3 208.3 208.0 208.4 209.0 209.0 209.3 210.0 209.8 209.3 209.1 209.1 209.7 209.8 209.8 209.9 209.7 209.3 209.2 209.2 209.2 209.2 209.4 209.8 209.8 210.0 210.4 210.7 210.8 210.8 210.8 210.8 210.7 210.5 210.3 210.2 210.2 210.3 210.3 210.3 210.2 210.2 210.1 210.1 210.2 210.2 210.3 210.3 210.4 210.4 210.5 210.7 210.8 210.7 210.8 210.8 210.8 210.8 210.9 210.9 210.9 210.8 210.8 210.8 210.7 210.7 210.7 210.7 210.6 210.6 210.6 210.6 210.6 210.6 210.5 210.5 210.5 210.5 210.5 210.4 210.4 210.2 210.3 210.3 210.3 210.3 210.3 210.1 210.2 210.2 210.2 210.4 210.6 210.6 210.5 210.5 210.7 210.7 210.7 210.6 210.5 210.4 210.3 210.1 210.2 210.4 210.6 210.8 211.2 211.2 211.2 211.2 211.4 15.0 17.0 17.0 16.4 16.4 16.6 16.6 16.6 17.0 17.1 17.1 17.0 17.0 17.0 18.0 19.2 20.0 21.0 21.5 22.4 23.2 23.7 23.6 23.3 23.7 24.2 24.9 25.8 26.9 28.0 29.0 30.0 30.8 31.5 32.7 33.5 34.4 35.4 36.4 37.4 38.4 39.4 40.3 41.3 42.3 43.3 44.3 45.4 46.4 47.4 48.4 49.4 50.4 51.4 52.7 53.7 54.7 55.7 56.8 57.8 58.8 59.8 60.6 61.5 62.5 63.7 64.7 65.7 66.7 67.8 68.8 69.8 70.8 71.8 72.8 73.8 74.8 76.0 77.0 78.1 79.1 80.1 81.1 82.1 83.1 84.1 85.3 86.3 87.3 88.5 89.5 90.5 91.5 92.5 93.5 94.5 95.7 96.7 97.7 98.8 99.8 100.8 101.8 102.8 103.8 104.8 105.8 107.0 108.0 109.1 110.1 111.1 112.1 113.1 114.4 115.4 116.4 117.4 118.5 119.5 120.5 121.5 122.5 123.7 124.7 125.7 126.7 127.7 128.7 129.7 130.7 131.7 132.7 133.7 134.7 135.8 136.8 138.0 139.1 140.4 141.4 142.3 143.3 144.2 145.0 146.0 147.0 147.9 148.7 149.9 168.0 1782153046.756507
186.0 187.0 188.0 189.0 190.0 191.0 192.0 192.5 193.4 194.4 195.5 196.4 197.4 198.0 198.4 199.0 199.0 199.1 200.0 200.2 201.1 202.0 203.0 204.2 205.2 206.0 206.2 206.8 206.8 206.6 206.7 207.0 207.0 207.5 207.7 208.0 208.0 208.3 208.3 208.0 208.4 209.0 209.0 209.2 210.0 209.8 209.3 209.1 209.1 209.7 209.8 209.8 209.9 209.7 209.3 209.2 209.2 209.2 209.2 209.4 209.8 209.8 210.0 210.3 210.7 210.8 210.8 210.8 210.8 210.7 210.5 210.3 210.2 210.2 210.3 210.3 210.3 210.2 210.2 210.1 210.1 210.2 210.2 210.3 210.3 210.4 210.4 210.4 210.7 210.8 210.8 210.8 210.8 210.8 210.8 210.9 210.9 210.9 210.8 210.8 210.8 210.7 210.7 210.7 210.7 210.6 210.6 210.6 210.6 210.6 210.6 210.5 210.5 210.5 210.5 210.5 210.5 210.5 210.2 210.3 210.3 210.3 210.3 210.3 210.1 210.2 210.2 210.2 210.4 210.5 210.5 210.5 210.5 210.7 210.7 210.7 210.6 210.5 210.4 210.3 210.1 210.2 210.4 210.7 210.8 211.2 211.2 211.2 211.2 211.4 15.0 17.0 17.0 16.4 16.4 16.6 16.6 16.6 17.0 17.1 17.1 17.0 17.0 17.0 18.0 19.2 20.0 21.0 21.5 22.4 23.2 23.7 23.6 23.2 23.7 24.2 25.0 25.8 26.9 28.0 29.0 30.0 30.8 31.4 32.6 33.5 34.4 35.4 36.4 37.4 38.4 39.4 40.3 41.3 42.3 43.3 44.3 45.4 46.4 47.4 48.4 49.4 50.4 51.4 52.6 53.6 54.6 55.6 56.8 57.8 58.8 59.8 60.6 61.5 62.5 63.6 64.6 65.6 66.6 67.8 68.8 69.8 70.8 71.8 72.8 73.8 74.8 76.0 77.0 78.1 79.1 80.1 81.1 82.1 83.1 84.1 85.3 86.3 87.3 88.5 89.5 90.5 91.5 92.5 93.5 94.5 95.7 96.7 97.7 98.8 99.8 100.8 101.8 102.8 103.8 104.8 105.8 107.0 108.0 109.1 110.1 111.1 112.1 113.1 114.3 115.3 116.3 117.3 118.5 119.5 120.5 121.5 122.5 123.7 124.7 125.7 126.7 127.7 128.7 129.7 130.7 131.7 132.7 133.7 134.7 135.8 136.8 138.0 139.1 140.3 141.3 142.3 143.3 144.2 145.0 146.0 147.0 147.9 148.7 149.9 169.0 1782153046.771854
186.0 187.0 188.0 189.0 190.0 191.0 192.0 192.6 193.4 194.4 195.4 196.4 197.4 198.0 198.4 199.0 199.0 199.1 200.0 200.2 201.1 202.0 203.0 204.2 205.2 206.0 206.2 206.8 206.8 206.5 206.7 207.0 207.0 207.5 207.7 208.0 208.0 208.3 208.3 208.0 208.4 209.0 209.0 209.2 210.0 209.9 209.4 209.1 209.1 209.6 209.8 209.8 209.9 209.7 209.3 209.2 209.2 209.2 209.2 209.4 209.8 209.8 210.0 210.3 210.7 210.7 210.8 210.8 210.8 210.7 210.6 210.3 210.2 210.2 210.3 210.3 210.3 210.2 210.2 210.1 210.1 210.2 210.2 210.3 210.3 210.3 210.4 210.4 210.7 210.8 210.8 210.8 210.8 210.8 210.8 210.9 210.9 210.9 210.8 210.8 210.8 210.7 210.7 210.7 210.7 210.7 210.7 210.6 210.6 210.6 210.6 210.5 210.5 210.5 210.5 210.5 210.5 210.5 210.2 210.3 210.3 210.3 210.3 210.3 210.1 210.2 210.2 210.2 210.4 210.5 210.5 210.5 210.5 210.6 210.6 210.6 210.5 210.5 210.3 210.3 210.1 210.2 210.4 210.7 210.8 211.2 211.2 211.2 211.2 211.4 15.0 17.0 17.0 16.4 16.4 16.7 16.6 16.6 17.1 17.2 17.2 17.0 17.0 17.0 18.0 19.2 20.0 21.0 21.5 22.4 23.2 23.7 23.5 23.2 23.8 24.2 25.0 25.8 26.9 28.0 29.0 30.0 30.8 31.4 32.6 33.4 34.4 35.4 36.4 37.4 38.4 39.4 40.3 41.3 42.3 43.3 44.3 45.4 46.4 47.4 48.4 49.4 50.4 51.4 52.6 53.6 54.6 55.6 56.8 57.8 58.8 59.8 60.6 61.5 62.4 63.6 64.6 65.6 66.6 67.8 68.8 69.8 70.8 71.8 72.8 73.8 74.8 76.0 77.0 78.1 79.1 80.1 81.1 82.1 83.1 84.1 85.3 86.3 87.3 88.5 89.5 90.5 91.5 92.5 93.5 94.5 95.7 96.7 97.7 98.8 99.8 100.8 101.8 102.8 103.8 104.8 105.8 107.0 108.0 109.1 110.1 111.1 112.1 113.1 114.3 115.3 116.3 117.3 118.5 119.5 120.5 121.5 122.5 123.7 124.7 125.7 126.7 127.7 128.7 129.7 130.7 131.7 132.7 133.7 134.7 135.8 136.8 138.0 139.1 140.3 141.3 142.3 143.3 144.2 145.0 146.0 147.0 147.9 148.7 149.9 170.0 1782153046.787392
186.0 187.0 188.0 189.0 190.0 191.0 192.0 192.5 193.4 194.4 195.4 196.4 197.4 198.0 198.4 199.0 199.0 199.1 200.0 200.2 201.1 202.0 203.0 204.2 205.2 206.0 206.2 206.8 206.8 206.6 206.7 207.0 207.0 207.5 207.7 208.0 208.0 208.3 208.3 208.0 208.4 209.0 209.0 209.2 210.0 209.9 209.4 209.1 209.1 209.7 209.8 209.8 209.9 209.8 209.3 209.2 209.2 209.2 209.2 209.4 209.8 209.8 210.0 210.3 210.7 210.8 210.8 210.8 210.8 210.7 210.6 210.3 210.2 210.2 210.3 210.3 210.3 210.2 210.2 210.1 210.1 210.2 210.2 210.3 210.3 210.3 210.4 210.4 210.7 210.8 210.8 210.8 210.8 210.8 210.8 210.9 210.9 210.9 210.8 210.8 210.8 210.8 210.7 210.8 210.7 210.7 210.7 210.7 210.7 210.7 210.6 210.5 210.5 210.5 210.5 210.5 210.5 210.5 210.2 210.2 210.2 210.2 210.2 210.2 210.1 210.2 210.2 210.2 210.4 210.5 210.5 210.5 210.5 210.6 210.6 210.6 210.5 210.5 210.3 210.2 210.1 210.2 210.4 210.7 210.8 211.1 211.2 211.2 211.2 211.4 15.0 17.0 17.0 16.4 16.4 16.7 16.6 16.6 17.1 17.2 17.2 17.0 17.0 17.0 18.0 19.2 20.0 21.0 21.5 22.4 23.2 23.6 23.5 23.2 23.8 24.2 25.0 25.9 26.9 28.0 29.0 30.0 30.9 31.4 32.6 33.4 34.4 35.4 36.4 37.4 38.4 39.4 40.2 41.2 42.2 43.2 44.2 45.3 46.4 47.4 48.4 49.4 50.4 51.4 52.6 53.6 54.6 55.6 56.9 57.9 58.9 59.9 60.6 61.5 62.4 63.6 64.6 65.6 66.6 67.9 68.9 69.9 70.9 71.9 72.9 73.9 74.9 76.0 77.0 78.1 79.1 80.1 81.1 82.1 83.1 84.1 85.2 86.2 87.2 88.4 89.4 90.4 91.4 92.4 93.4 94.4 95.7 96.7 97.7 98.9 99.9 100.9 101.9 102.9 103.9 104.9 105.9 107.0 108.0 109.1 110.1 111.1 112.1 113.1 114.3 115.3 116.3 117.3 118.4 119.4 120.4 121.4 122.4 123.7 124.7 125.7 126.7 127.7 128.7 129.7 130.7 131.7 132.7 133.7 134.7 135.9 136.9 138.0 139.1 140.3 141.3 142.3 143.3 144.2 145.0 146.0 147.0 147.9 148.8 149.9 171.0 1782153046.803117
186.0 187.0 188.0 189.0 190.0 191.0 192.0 192.5 193.4 194.4 195.4 196.4 197.4 198.0 198.4 199.0 199.0 199.1 200.0 200.2 201.1 202.0 203.0 204.1 205.2 206.0 206.2 206.8 206.8 206.6 206.7 207.0 207.0 207.5 207.7 208.0 208.0 208.3 208.3 208.0 208.4 209.0 209.0 209.2 210.0 209.9 209.4 209.1 209.1 209.7 209.8 209.8 209.9 209.8 209.3 209.2 209.2 209.2 209.2 209.4 209.8 209.8 210.0 210.3 210.7 210.8 210.8 210.8 210.8 210.8 210.6 210.3 210.2 210.2 210.2 210.2 210.2 210.2 210.2 210.1 210.1 210.2 210.2 210.3 210.3 210.3 210.4 210.4 210.7 210.8 210.8 210.8 210.8 210.8 210.8 210.9 210.9 210.9 210.8 210.8 210.8 210.8 210.8 210.8 210.7 210.7 210.7 210.7 210.7 210.7 210.6 210.6 210.6 210.6 210.6 210.6 210.5 210.5 210.2 210.2 210.2 210.2 210.2 210.2 210.1 210.2 210.2 210.2 210.4 210.5 210.5 210.5 210.5 210.6 210.6 210.6 210.5 210.4 210.3 210.2 210.1 210.2 210.4 210.7 210.8 211.1 211.2 211.2 211.1 211.4 15.0 17.0 17.0 16.4 16.4 16.7 16.6 16.6 17.1 17.3 17.3 17.0 17.0 17.0 18.0 19.2 20.0 21.0 21.5 22.4 23.2 23.6 23.5 23.2 23.8 24.2 25.0 25.9 26.9 28.0 29.0 30.0 30.9 31.4 32.6 33.4 34.4 35.4 36.4 37.4 38.4 39.4 40.2 41.2 42.2 43.2 44.2 45.3 46.4 47.4 48.4 49.4 50.4 51.4 52.6 53.6 54.6 55.6 56.9 57.9 58.9 59.9 60.5 61.5 62.4 63.6 64.6 65.6 66.6 67.9 68.9 69.9 70.9 71.9 72.9 73.9 74.9 76.0 77.0 78.1 79.1 80.1 81.1 82.1 83.1 84.1 85.2 86.2 87.2 88.4 89.4 90.4 91.4 92.4 93.4 94.4 95.7 96.7 97.7 98.9 99.9 100.9 101.9 102.9 103.9 104.9 105.9 107.0 108.0 109.1 110.1 111.1 112.1 113.1 114.3 115.3 116.3 117.3 118.4 119.4 120.4 121.4 122.4 123.7 124.7 125.7 126.7 127.7 128.7 129.7 130.7 131.7 132.7 133.7 134.7 135.9 136.9 138.0 139.1 140.3 141.3 142.3 143.3 144.2 145.0 146.0 147.0 147.9 148.8 149.9 172.0 1782153046.813125
186.0 187.0 188.0 189.0 190.0 191.0 192.0 192.5 193.4 194.4 195.4 196.4 197.4 198.0 198.4 199.0 199.0 199.1 200.0 200.2 201.1 202.0 203.0 204.1 205.2 206.0 206.2 206.8 206.8 206.5 206.7 207.0 207.0 207.5 207.7 208.0 208.0 208.2 208.3 208.0 208.4 209.0 209.0 209.2 210.0 209.9 209.4 209.1 209.1 209.6 209.8 209.8 209.8 209.8 209.3 209.2 209.2 209.2 209.2 209.4 209.8 209.8 210.0 210.3 210.7 210.7 210.8 210.8 210.8 210.8 210.6 210.3 210.2 210.2 210.2 210.2 210.2 210.2 210.2 210.1 210.1 210.2 210.2 210.2 210.3 210.3 210.3 210.4 210.8 210.8 210.8 210.8 210.8 210.8 210.8 210.9 210.9 210.9 210.8 210.8 210.8 210.8 210.8 210.8 210.8 210.7 210.7 210.7 210.7 210.7 210.7 210.6 210.6 210.6 210.6 210.6 210.6 210.6 210.2 210.2 210.2 210.2 210.2 210.2 210.1 210.2 210.2 210.2 210.4 210.5 210.5 210.4 210.4 210.6 210.6 210.5 210.5 210.4 210.3 210.2 210.1 210.2 210.4 210.7 210.8 211.1 211.2 211.2 211.1 211.4 15.0 17.0 17.0 16.4 16.4 16.7 16.6 16.6 17.2 17.3 17.3 17.0 17.0 17.0 18.0 19.1 20.0 21.0 21.5 22.4 23.2 23.6 23.5 23.2 23.8 24.2 25.0 25.9 26.9 28.0 29.0 30.0 30.9 31.4 32.5 33.4 34.4 35.4 36.4 37.4 38.4 39.4 40.2 41.2 42.2 43.2 44.2 45.3 46.4 47.4 48.4 49.4 50.4 51.4 52.5 53.5 54.5 55.5 56.9 57.9 58.9 59.9 60.6 61.5 62.4 63.5 64.5 65.5 66.5 67.9 68.9 69.9 70.9 71.9 72.9 73.9 74.9 76.0 77.0 78.1 79.1 80.1 81.1 82.1 83.1 84.1 85.2 86.2 87.2 88.4 89.4 90.4 91.4 92.4 93.4 94.4 95.7 96.7 97.7 98.9 99.9 100.9 101.9 102.9 103.9 104.9 105.9 107.0 108.0 109.1 110.1 111.1 112.1 113.1 114.3 115.3 116.3 117.3 118.4 119.4 120.4 121.4 122.4 123.7 124.7 125.7 126.7 127.7 128.7 129.7 130.7 131.7 132.7 133.7 134.8 135.9 136.9 138.0 139.1 140.3 141.3 142.3 143.3 144.2 145.0 146.0 147.0 147.9 148.8 149.9 173.0 1782153046.828679
186.0 187.0 188.0 189.0 190.0 191.0 192.0 192.6 193.3 194.3 195.4 196.3 197.3 198.0 198.3 199.0 199.0 199.1 200.0 200.2 201.1 202.0 203.0 204.1 205.1 206.0 206.2 206.8 206.8 206.5 206.7 207.0 207.0 207.5 207.7 208.0 208.0 208.2 208.4 208.0 208.3 209.0 209.0 209.2 210.0 209.9 209.5 209.1 209.1 209.6 209.8 209.8 209.8 209.8 209.4 209.3 209.2 209.2 209.1 209.3 209.7 209.8 210.0 210.3 210.6 210.7 210.8 210.8 210.8 210.8 210.6 210.3 210.2 210.2 210.2 210.2 210.2 210.2 210.2 210.1 210.1 210.2 210.2 210.2 210.3 210.3 210.3 210.3 210.8 210.8 210.8 210.8 210.8 210.8 210.8 210.9 210.9 210.9 210.8 210.8 210.8 210.8 210.8 210.8 210.8 210.7 210.7 210.7 210.7 210.7 210.7 210.6 210.6 210.6 210.6 210.6 210.6 210.6 210.2 210.2 210.2 210.2 210.2 210.2 210.1 210.2 210.2 210.2 210.3 210.4 210.4 210.4 210.4 210.5 210.5 210.5 210.5 210.4 210.3 210.2 210.1 210.2 210.3 210.7 210.8 211.1 211.2 211.2 211.1 211.3 15.0 17.0 17.0 16.3 16.3 16.7 16.7 16.7 17.2 17.3 17.3 17.0 17.0 17.0 18.0 19.1 20.0 21.0 21.5 22.3 23.2 23.6 23.5 23.2 23.8 24.2 25.0 25.9 26.9 28.0 29.0 30.0 30.9 31.3 32.5 33.4 34.3 35.3 36.3 37.3 38.3 39.3 40.2 41.2 42.2 43.2 44.2 45.3 46.3 47.3 48.3 49.3 50.3 51.3 52.5 53.5 54.5 55.5 56.9 57.9 58.9 59.9 60.6 61.5 62.4 63.5 64.5 65.5 66.5 67.9 68.9 69.9 70.9 71.9 72.9 73.9 74.9 76.0 77.0 78.1 79.1 80.1 81.1 82.1 83.1 84.1 85.2 86.2 87.2 88.4 89.4 90.4 91.4 92.4 93.4 94.4 95.7 96.7 97.7 98.9 99.9 100.9 101.9 102.9 103.9 104.9 105.9 107.0 108.0 109.1 110.1 111.1 112.1 113.1 114.3 115.3 116.3 117.3 118.4 119.4 120.4 121.4 122.4 123.7 124.7 125.7 126.7 127.7 128.7 129.7 130.7 131.7 132.7 133.7 134.8 135.9 136.9 138.0 139.1 140.3 141.3 142.2 143.2 144.2 145.0 146.0 147.0 147.9 148.8 149.9 174.0 1782153046.844059
186.0 187.0 188.0 189.0 190.0 191.0 192.0 192.6 193.3 194.3 195.4 196.3 197.3 198.0 198.3 199.0 199.0 199.1 200.0 200.2 201.1 202.0 203.0 204.1 205.1 206.0 206.2 206.8 206.8 206.5 206.6 207.0 207.0 207.6 207.6 208.0 208.0 208.2 208.4 208.0 208.3 209.0 209.0 209.2 210.0 209.9 209.5 209.1 209.1 209.6 209.7 209.7 209.8 209.8 209.4 209.3 209.3 209.3 209.1 209.3 209.7 209.7 210.0 210.3 210.6 210.7 210.8 210.8 210.8 210.8 210.6 210.4 210.2 210.2 210.2 210.2 210.2 210.2 210.2 210.1 210.1 210.2 210.2 210.2 210.2 210.3 210.3 210.3 210.8 210.8 210.8 210.8 210.8 210.8 210.8 210.9 210.9 210.9 210.8 210.8 210.8 210.8 210.8 210.8 210.8 210.7 210.7 210.7 210.7 210.7 210.7 210.6 210.6 210.6 210.6 210.6 210.6 210.6 210.2 210.2 210.2 210.2 210.2 210.2 210.1 210.2 210.2 210.2 210.3 210.4 210.4 210.4 210.4 210.5 210.5 210.5 210.4 210.4 210.3 210.2 210.1 210.2 210.3 210.7 210.8 211.1 211.2 211.1 211.1 211.3 15.0 17.0 17.0 16.3 16.3 16.7 16.7 16.7 17.3 17.3 17.3 17.0 17.0 17.0 18.0 19.1 20.0 21.0 21.5 22.3 23.1 23.5 23.4 23.2 23.8 24.2 25.0 25.9 26.9 28.0 29.0 30.0 30.9 31.3 32.5 33.4 34.3 35.3 36.3 37.3 38.3 39.3 40.2 41.2 42.2 43.2 44.2 45.3 46.3 47.3 48.3 49.3 50.3 51.3 52.5 53.5 54.5 55.5 56.9 57.9 58.9 59.9 60.6 61.5 62.4 63.5 64.5 65.5 66.5 67.9 68.9 69.9 70.9 71.9 72.9 73.9 74.9 76.0 77.0 78.1 79.1 80.1 81.1 82.1 83.1 84.1 85.2 86.2 87.2 88.4 89.4 90.4 91.4 92.4 93.4 94.4 95.8 96.8 97.8 98.9 99.9 100.9 101.9 102.9 103.9 104.9 105.9 107.0 108.0 109.1 110.1 111.1 112.1 113.1 114.3 115.3 116.3 117.3 118.4 119.4 120.4 121.4 122.4 123.8 124.8 125.8 126.8 127.8 128.8 129.8 130.8 131.8 132.8 133.8 134.8 135.9 136.9 138.0 139.1 140.3 141.3 142.2 143.2 144.2 145.0 146.0 147.0 147.9 148.8 149.9 175.0 1782153046.854329
186.0 187.0 188.0 189.0 190.0 191.0 192.0 192.6 193.3 194.3 195.3 196.3 197.3 198.0 198.3 199.0 199.0 199.1 200.0 200.2 201.1 202.0 203.0 204.1 205.1 206.0 206.2 206.8 206.8 206.5 206.6 207.0 207.0 207.6 207.6 208.0 208.0 208.2 208.4 208.0 208.3 209.0 209.0 209.2 210.0 209.9 209.5 209.0 209.1 209.6 209.7 209.7 209.7 209.8 209.4 209.3 209.3 209.3 209.1 209.3 209.7 209.7 210.0 210.3 210.6 210.6 210.8 210.8 210.8 210.8 210.7 210.4 210.2 210.2 210.2 210.2 210.2 210.2 210.2 210.1 210.1 210.2 210.1 210.2 210.2 210.3 210.3 210.3 210.8 210.8 210.8 210.8 210.8 210.8 210.8 210.9 210.9 210.9 210.8 210.8 210.8 210.8 210.8 210.8 210.8 210.7 210.7 210.7 210.7 210.7 210.7 210.6 210.6 210.6 210.6 210.6 210.6 210.6 210.1 210.2 210.2 210.2 210.2 210.2 210.1 210.2 210.2 210.2 210.3 210.4 210.4 210.4 210.4 210.5 210.5 210.5 210.4 210.4 210.3 210.2 210.1 210.2 210.3 210.8 210.8 211.1 211.2 211.1 211.1 211.3 15.0 17.0 17.0 16.3 16.3 16.7 16.7 16.7 17.3 17.4 17.4 17.0 17.0 17.0 18.0 19.1 20.0 21.0 21.6 22.3 23.1 23.5 23.4 23.2 23.8 24.1 25.0 25.9 26.9 28.0 29.0 30.0 30.9 31.3 32.5 33.3 34.3 35.3 36.3 37.3 38.3 39.3 40.2 41.2 42.2 43.2 44.2 45.3 46.3 47.3 48.3 49.3 50.3 51.3 52.5 53.5 54.5 55.5 56.9 57.9 58.9 59.9 60.6 61.6 62.3 63.5 64.5 65.5 66.5 67.9 68.9 69.9 70.9 71.9 72.9 73.9 74.9 76.0 77.0 78.0 79.1 80.1 81.1 82.1 83.1 84.1 85.2 86.2 87.2 88.3 89.3 90.3 91.3 92.3 93.3 94.3 95.8 96.8 97.8 98.9 99.9 100.9 101.9 102.9 103.9 104.9 105.9 107.0 108.0 109.1 110.1 111.1 112.1 113.1 114.2 115.2 116.2 117.2 118.3 119.3 120.3 121.3 122.3 123.8 124.8 125.8 126.8 127.8 128.8 129.8 130.8 131.8 132.8 133.8 134.8 135.9 136.9 138.0 139.1 140.2 141.2 142.2 143.2 144.2 145.0 146.0 147.0 147.9 148.8 149.9 176.0 1782153046.869973
186.0 187.0 188.0 189.0 190.0 191.0 192.0 192.6 193.3 194.3 195.3 196.3 197.3 198.0 198.3 199.0 199.0 199.1 200.0 200.2 201.1 202.0 203.0 204.1 205.1 206.0 206.2 206.8 206.8 206.5 206.6 207.0 207.0 207.6 207.6 208.0 208.0 208.2 208.4 208.0 208.3 209.0 209.0 209.2 210.0 209.9 209.5 209.0 209.1 209.5 209.7 209.7 209.7 209.8 209.4 209.3 209.3 209.3 209.1 209.3 209.7 209.7 210.0 210.2 210.6 210.6 210.9 210.9 210.9 210.8 210.7 210.4 210.1 210.1 210.2 210.2 210.2 210.1 210.2 210.1 210.1 210.2 210.1 210.2 210.2 210.3 210.3 210.3 210.8 210.9 210.8 210.8 210.8 210.8 210.8 210.9 210.9 210.9 210.8 210.8 210.9 210.8 210.8 210.8 210.8 210.7 210.7 210.7 210.7 210.7 210.7 210.6 210.6 210.7 210.6 210.6 210.6 210.6 210.1 210.2 210.2 210.2 210.2 210.2 210.1 210.1 210.1 210.2 210.3 210.4 210.4 210.4 210.4 210.5 210.5 210.5 210.4 210.4 210.3 210.2 210.1 210.2 210.3 210.8 210.8 211.1 211.1 211.1 211.1 211.3 15.0 17.0 17.0 16.3 16.3 16.8 16.7 16.7 17.3 17.4 17.4 17.0 17.0 17.0 18.0 19.1 20.0 21.0 21.6 22.3 23.1 23.5 23.4 23.2 23.8 24.1 25.0 25.9 26.9 28.0 29.0 30.0 30.9 31.3 32.4 33.3 34.3 35.3 36.3 37.3 38.3 39.3 40.2 41.2 42.2 43.2 44.2 45.3 46.3 47.3 48.3 49.3 50.3 51.3 52.4 53.4 54.4 55.4 56.9 57.9 58.9 59.9 60.6 61.6 62.3 63.4 64.4 65.4 66.4 67.9 68.9 69.9 70.9 71.9 72.9 73.9 74.9 76.0 77.0 78.0 79.1 80.1 81.1 82.1 83.1 84.1 85.2 86.2 87.2 88.3 89.3 90.3 91.3 92.3 93.3 94.3 95.8 96.8 97.8 98.9 99.9 100.9 101.9 102.9 103.9 104.9 105.9 107.0 108.0 109.1 110.1 111.1 112.1 113.1 114.2 115.2 116.2 117.2 118.3 119.3 120.3 121.3 122.3 123.8 124.8 125.8 126.8 127.8 128.8 129.8 130.8 131.8 132.8 133.8 134.8 135.9 136.9 138.0 139.1 140.2 141.2 142.2 143.2 144.2 145.0 146.0 147.0 147.9 148.8 149.9 177.0 1782153046.880126
186.0 187.0 188.0 189.0 190.0 191.0 192.0 192.6 193.3 194.3 195.3 196.3 197.3 198.0 198.3 199.0 199.0 199.1 199.9 200.2 201.0 201.9 203.0 204.1 205.1 205.9 206.2 206.8 206.8 206.4 206.6 207.0 207.0 207.6 207.6 208.0 208.0 208.2 208.5 208.0 208.3 209.0 209.0 209.2 210.0 209.9 209.6 209.0 209.1 209.5 209.6 209.6 209.7 209.8 209.5 209.4 209.4 209.4 209.1 209.3 209.6 209.6 210.0 210.2 210.5 210.6 210.9 210.9 210.9 210.8 210.7 210.4 210.1 210.1 210.2 210.2 210.2 210.1 210.1 210.1 210.1 210.2 210.1 210.2 210.2 210.2 210.3 210.3 210.8 210.9 210.8 210.9 210.9 210.9 210.9 210.9 210.9 210.9 210.9 210.9 210.9 210.8 210.8 210.8 210.8 210.8 210.8 210.7 210.7 210.7 210.7 210.7 210.7 210.7 210.7 210.7 210.6 210.6 210.1 210.2 210.2 210.2 210.2 210.2 210.1 210.1 210.1 210.1 210.3 210.4 210.4 210.4 210.4 210.5 210.5 210.4 210.4 210.3 210.2 210.2 210.1 210.2 210.3 210.8 210.8 211.1 211.1 211.1 211.1 211.3 15.0 17.0 17.0 16.3 16.3 16.8 16.7 16.7 17.3 17.4 17.4 17.0 17.0 17.0 18.0 19.1 20.0 21.0 21.6 22.3 23.1 23.5 23.4 23.2 23.8 24.2 25.0 25.9 26.9 28.0 29.0 30.0 30.9 31.3 32.4 33.3 34.3 35.3 36.3 37.3 38.3 39.3 40.2 41.2 42.2 43.2 44.2 45.3 46.3 47.3 48.3 49.3 50.3 51.3 52.4 53.4 54.4 55.4 56.9 57.9 58.9 59.9 60.6 61.6 62.3 63.4 64.4 65.4 66.4 67.9 68.9 69.9 70.9 71.9 72.9 73.9 74.9 76.0 77.0 78.0 79.1 80.1 81.1 82.1 83.1 84.1 85.2 86.2 87.2 88.3 89.3 90.3 91.3 92.3 93.3 94.3 95.8 96.8 97.8 98.9 99.9 100.9 101.9 102.9 103.9 104.9 105.9 107.0 108.0 109.1 110.1 111.1 112.1 113.1 114.2 115.2 116.2 117.2 118.3 119.3 120.3 121.3 122.3 123.8 124.8 125.8 126.8 127.8 128.8 129.8 130.8 131.8 132.8 133.8 134.8 135.9 136.9 138.0 139.1 140.2 141.2 142.2 143.2 144.1 145.0 146.0 147.0 147.9 148.8 149.9 178.0 1782153046.895583
186.0 187.0 188.0 189.0 190.0 191.0 192.0 192.6 193.3 194.3 195.3 196.3 197.3 198.0 198.3 199.0 199.0 199.1 199.9 200.2 201.0 201.9 203.0 204.1 205.1 205.9 206.2 206.8 206.8 206.4 206.6 207.0 207.0 207.6 207.5 208.0 208.0 208.2 208.5 208.0 208.3 209.0 209.0 209.2 210.0 209.9 209.6 209.0 209.1 209.5 209.6 209.6 209.7 209.8 209.5 209.4 209.4 209.4 209.1 209.3 209.6 209.6 210.0 210.2 210.5 210.6 210.9 210.9 210.9 210.8 210.7 210.5 210.1 210.1 210.2 210.2 210.2 210.1 210.1 210.1 210.1 210.2 210.1 210.2 210.2 210.2 210.3 210.3 210.8 210.9 210.8 210.9 210.9 210.9 210.9 210.9 210.9 210.9 210.9 210.9 210.9 210.8 210.8 210.8 210.8 210.8 210.8 210.8 210.8 210.8 210.7 210.7 210.7 210.7 210.7 210.7 210.7 210.7 210.1 210.2 210.2 210.2 210.2 210.2 210.1 210.1 210.1 210.1 210.3 210.4 210.4 210.3 210.3 210.4 210.4 210.4 210.4 210.3 210.2 210.2 210.1 210.1 210.3 210.8 210.8 211.1 211.1 211.1 211.1 211.3 15.0 17.0 17.0 16.3 16.3 16.8 16.7 16.7 17.4 17.4 17.4 17.0 17.0 17.0 18.0 19.1 20.0 21.0 21.6 22.3 23.1 23.5 23.4 23.2 23.8 24.2 25.0 25.9 26.9 28.0 29.0 30.0 30.9 31.3 32.4 33.3 34.3 35.3 36.3 37.3 38.3 39.3 40.2 41.2 42.2 43.2 44.2 45.2 46.3 47.3 48.3 49.3 50.3 51.3 52.4 53.4 54.4 55.4 56.9 57.9 58.9 59.9 60.7 61.6 62.3 63.4 64.4 65.4 66.4 67.9 68.9 69.9 70.9 71.9 72.9 73.9 74.9 76.0 77.0 78.0 79.1 80.1 81.1 82.1 83.1 84.1 85.2 86.2 87.2 88.3 89.3 90.3 91.3 92.3 93.3 94.3 95.8 96.8 97.8 98.9 99.9 100.9 101.9 102.9 103.9 104.9 105.9 107.0 108.0 109.1 110.1 111.1 112.1 113.1 114.2 115.2 116.2 117.2 118.3 119.3 120.3 121.3 122.3 123.8 124.8 125.8 126.8 127.8 128.8 129.8 130.8 131.8 132.8 133.8 134.8 135.9 136.9 138.0 139.1 140.2 141.2 142.2 143.2 144.1 145.0 146.0 147.0 147.9 148.8 149.9 179.0 1782153046.905844
186.0 187.0 188.0 189.0 190.0 191.0 192.0 192.7 193.3 194.3 195.3 196.3 197.3 198.0 198.3 199.0 199.0 199.1 199.9 200.1 201.0 202.0 203.0 204.1 205.1 205.9 206.1 206.8 206.8 206.5 206.6 207.0 207.0 207.6 207.6 208.0 208.0 208.2 208.5 208.0 208.3 209.0 209.0 209.2 210.0 209.9 209.5 209.0 209.1 209.5 209.6 209.6 209.7 209.8 209.5 209.4 209.4 209.4 209.1 209.3 209.6 209.6 210.0 210.2 210.5 210.5 210.9 210.9 210.9 210.8 210.7 210.4 210.1 210.1 210.2 210.2 210.2 210.1 210.1 210.1 210.1 210.1 210.1 210.2 210.2 210.2 210.3 210.3 210.8 210.9 210.8 210.9 210.9 210.9 210.9 210.9 210.9 210.9 210.9 210.9 210.9 210.8 210.8 210.8 210.8 210.8 210.8 210.8 210.8 210.8 210.7 210.7 210.7 210.7 210.7 210.7 210.7 210.7 210.1 210.2 210.2 210.2 210.2 210.2 210.1 210.1 210.1 210.1 210.3 210.3 210.3 210.3 210.3 210.4 210.4 210.4 210.4 210.3 210.2 210.2 210.1 210.1 210.3 210.8 210.9 211.1 211.1 211.1 211.1 211.3 15.0 17.0 17.0 16.3 16.3 16.8 16.7 16.7 17.3 17.4 17.4 17.0 17.0 17.0 18.0 19.2 20.0 21.0 21.6 22.3 23.2 23.5 23.4 23.2 23.8 24.2 25.0 25.9 26.9 28.0 29.0 30.0 30.9 31.3 32.4 33.3 34.3 35.3 36.3 37.3 38.3 39.3 40.2 41.2 42.2 43.2 44.2 45.3 46.3 47.3 48.3 49.3 50.3 51.3 52.4 53.4 54.4 55.4 56.9 57.9 58.9 59.9 60.7 61.6 62.3 63.4 64.4 65.4 66.4 67.9 68.9 69.9 70.9 71.9 72.9 73.9 74.9 76.0 77.0 78.0 79.1 80.1 81.1 82.1 83.1 84.1 85.2 86.2 87.2 88.3 89.3 90.3 91.3 92.3 93.3 94.3 95.8 96.8 97.8 98.9 99.9 100.9 101.9 102.9 103.9 104.9 105.9 107.0 108.0 109.1 110.1 111.1 112.1 113.1 114.2 115.2 116.2 117.2 118.3 119.3 120.3 121.3 122.3 123.8 124.8 125.8 126.8 127.8 128.8 129.8 130.8 131.8 132.8 133.8 134.8 135.9 136.9 138.0 139.1 140.2 141.2 142.2 143.2 144.1 145.0 146.0 147.0 147.9 148.8 149.9 180.0 1782153046.916196
186.0 187.0 188.0 189.0 190.0 191.0 192.0 192.7 193.3 194.3 195.3 196.3 197.3 198.0 198.3 199.0 199.0 199.1 200.0 200.1 201.0 202.0 203.0 204.1 205.1 205.9 206.1 206.8 206.9 206.4 206.6 207.0 207.0 207.7 207.5 208.0 208.0 208.2 208.5 208.0 208.3 209.0 209.0 209.2 210.0 209.9 209.6 209.0 209.1 209.5 209.6 209.6 209.7 209.8 209.5 209.4 209.4 209.4 209.1 209.3 209.6 209.6 210.0 210.2 210.5 210.5 210.9 210.9 210.9 210.8 210.7 210.5 210.1 210.1 210.2 210.2 210.2 210.1 210.1 210.1 210.1 210.1 210.1 210.2 210.2 210.2 210.2 210.3 210.8 210.9 210.9 210.9 210.9 210.9 210.9 210.9 210.9 210.9 210.9 210.9 210.9 210.8 210.8 210.8 210.8 210.8 210.8 210.8 210.8 210.8 210.8 210.7 210.7 210.7 210.7 210.7 210.7 210.7 210.1 210.2 210.2 210.2 210.2 210.2 210.1 210.1 210.1 210.1 210.3 210.3 210.3 210.3 210.3 210.4 210.4 210.4 210.3 210.3 210.2 210.2 210.1 210.1 210.3 210.8 210.9 211.1 211.1 211.1 211.1 211.3 15.0 17.0 17.0 16.3 16.3 16.8 16.7 16.7 17.3 17.4 17.4 17.0 17.0 17.0 18.0 19.2 20.0 21.0 21.6 22.3 23.2 23.5 23.4 23.2 23.8 24.2 25.0 25.9 26.9 28.0 29.0 30.0 30.9 31.3 32.4 33.3 34.3 35.3 36.3 37.3 38.3 39.3 40.2 41.2 42.2 43.2 44.2 45.3 46.3 47.3 48.3 49.3 50.3 51.3 52.4 53.4 54.4 55.4 56.9 57.9 58.9 59.9 60.7 61.6 62.3 63.4 64.4 65.4 66.4 67.9 68.9 69.9 70.9 71.9 72.9 73.9 74.9 76.0 77.0 78.0 79.1 80.1 81.1 82.1 83.1 84.1 85.2 86.2 87.2 88.3 89.3 90.3 91.3 92.3 93.3 94.3 95.8 96.8 97.8 98.9 99.9 100.9 101.9 102.9 103.9 104.9 105.9 107.0 108.0 109.1 110.1 111.1 112.1 113.1 114.2 115.2 116.2 117.2 118.3 119.3 120.3 121.3 122.3 123.8 124.8 125.8 126.8 127.8 128.8 129.8 130.8 131.8 132.8 133.8 134.8 135.9 136.9 138.0 139.1 140.2 141.2 142.2 143.2 144.1 145.0 146.0 147.0 147.9 148.8 149.9 181.0 1782153046.931678
186.0 187.0 188.0 189.0 190.0 191.0 192.0 192.7 193.3 194.3 195.3 196.3 197.3 198.0 198.3 199.0 199.0 199.1 200.0 200.1 201.0 202.0 203.0 204.1 205.1 205.9 206.1 206.8 206.9 206.4 206.6 207.0 207.0 207.7 207.5 208.0 208.0 208.2 208.5 208.0 208.3 209.0 209.0 209.2 210.0 209.9 209.6 209.0 209.1 209.4 209.5 209.5 209.7 209.8 209.5 209.5 209.5 209.5 209.1 209.2 209.5 209.5 210.0 210.2 210.5 210.5 210.9 210.9 210.9 210.8 210.7 210.5 210.1 210.1 210.2 210.2 210.2 210.1 210.1 210.1 210.1 210.1 210.1 210.2 210.2 210.2 210.2 210.2 210.8 210.9 210.9 210.9 210.9 210.9 210.9 210.9 210.9 210.9 210.9 210.9 210.9 210.8 210.8 210.8 210.8 210.8 210.8 210.8 210.8 210.8 210.8 210.7 210.7 210.7 210.7 210.7 210.7 210.7 210.1 210.2 210.2 210.2 210.2 210.2 210.1 210.1 210.1 210.1 210.2 210.3 210.3 210.3 210.3 210.4 210.4 210.4 210.3 210.3 210.2 210.2 210.1 210.1 210.2 210.8 210.9 211.1 211.1 211.1 211.1 211.2 15.0 17.0 17.0 16.3 16.3 16.8 16.7 16.7 17.4 17.4 17.4 17.0 17.0 17.0 18.0 19.1 20.0 21.0 21.6 22.3 23.2 23.5 23.4 23.2 23.9 24.2 25.0 25.9 26.9 28.0 29.0 30.0 30.9 31.3 32.4 33.3 34.3 35.3 36.3 37.3 38.3 39.3 40.2 41.2 42.2 43.2 44.2 45.3 46.3 47.3 48.3 49.3 50.3 51.3 52.4 53.4 54.4 55.4 56.9 57.9 58.9 59.9 60.7 61.7 62.3 63.4 64.4 65.4 66.4 67.9 68.9 69.9 70.9 71.9 72.9 73.9 74.9 76.0 77.0 78.0 79.1 80.1 81.1 82.1 83.1 84.1 85.2 86.2 87.2 88.3 89.3 90.3 91.3 92.3 93.3 94.3 95.8 96.8 97.8 98.9 99.9 100.9 101.9 102.9 103.9 104.9 105.9 107.0 108.0 109.1 110.1 111.1 112.1 113.1 114.2 115.2 116.2 117.2 118.3 119.3 120.3 121.3 122.3 123.8 124.8 125.8 126.8 127.8 128.8 129.8 130.8 131.8 132.8 133.8 134.8 135.9 136.9 138.0 139.1 140.2 141.2 142.2 143.2 144.1 145.0 146.0 147.0 147.9 148.8 149.9 182.0 1782153046.947119
186.0 187.0 188.0 189.0 190.0 191.0 192.0 192.7 193.3 194.3 195.3 196.3 197.3 198.0 198.3 199.0 199.0 199.1 200.0 200.1 201.0 202.0 203.0 204.1 205.1 205.9 206.1 206.7 206.9 206.4 206.6 207.0 207.0 207.7 207.5 208.0 208.0 208.2 208.6 208.0 208.3 209.0 209.0 209.2 210.0 209.9 209.5 209.0 209.1 209.4 209.5 209.5 209.7 209.9 209.6 209.5 209.5 209.5 209.1 209.2 209.5 209.5 210.0 210.2 210.4 210.5 210.9 210.9 210.9 210.8 210.7 210.4 210.1 210.1 210.2 210.2 210.2 210.1 210.1 210.1 210.1 210.1 210.1 210.2 210.2 210.2 210.2 210.2 210.8 210.9 210.9 210.9 210.9 210.9 210.9 210.9 210.9 210.9 210.9 210.9 210.9 210.9 210.8 210.9 210.8 210.8 210.8 210.8 210.8 210.8 210.8 210.7 210.7 210.7 210.7 210.7 210.7 210.7 210.1 210.1 210.1 210.1 210.1 210.1 210.1 210.1 210.1 210.1 210.2 210.3 210.3 210.3 210.3 210.4 210.4 210.4 210.3 210.3 210.2 210.1 210.1 210.1 210.2 210.8 210.9 211.1 211.1 211.1 211.1 211.2 15.0 17.0 17.0 16.3 16.3 16.8 16.7 16.7 17.3 17.4 17.4 17.0 17.0 17.0 18.0 19.2 20.0 21.0 21.7 22.3 23.2 23.5 23.4 23.3 23.9 24.2 25.0 25.9 26.9 28.0 29.0 30.0 30.9 31.3 32.4 33.3 34.3 35.3 36.3 37.3 38.3 39.3 40.2 41.2 42.2 43.2 44.2 45.3 46.3 47.3 48.3 49.3 50.3 51.3 52.4 53.4 54.4 55.4 56.9 57.9 58.9 59.9 60.7 61.7 62.3 63.4 64.4 65.4 66.4 67.9 68.9 69.9 70.9 71.9 72.9 73.9 74.9 76.0 77.0 78.0 79.1 80.1 81.1 82.1 83.1 84.1 85.2 86.2 87.2 88.3 89.3 90.3 91.3 92.3 93.3 94.3 95.8 96.8 97.8 98.9 99.9 100.9 101.9 102.9 103.9 104.9 105.9 107.0 108.0 109.1 110.1 111.1 112.1 113.1 114.2 115.2 116.2 117.2 118.3 119.3 120.3 121.3 122.3 123.8 124.8 125.8 126.8 127.8 128.8 129.8 130.8 131.8 132.8 133.8 134.8 135.9 136.9 138.0 139.1 140.2 141.2 142.2 143.2 144.1 145.0 146.0 147.0 148.0 148.9 150.0 183.0 1782153046.962598
186.0 187.0 188.0 189.0 190.0 191.0 192.0 192.7 193.3 194.3 195.3 196.3 197.3 198.0 198.3 199.0 199.0 199.1 200.0 200.1 201.0 202.0 203.0 204.1 205.1 205.9 206.1 206.8 206.9 206.5 206.6 207.0 207.0 207.7 207.6 208.0 208.0 208.2 208.5 208.0 208.3 209.0 209.0 209.2 210.0 209.9 209.6 209.0 209.1 209.4 209.5 209.5 209.7 209.9 209.5 209.5 209.5 209.5 209.1 209.2 209.5 209.5 210.0 210.2 210.5 210.5 210.9 210.9 210.9 210.8 210.8 210.4 210.1 210.1 210.1 210.1 210.1 210.1 210.1 210.1 210.1 210.1 210.1 210.2 210.2 210.2 210.2 210.2 210.8 210.9 210.9 210.9 210.9 210.9 210.9 210.9 210.9 210.9 210.9 210.9 210.9 210.9 210.9 210.9 210.8 210.8 210.8 210.8 210.8 210.8 210.8 210.7 210.7 210.7 210.7 210.7 210.7 210.7 210.1 210.1 210.1 210.1 210.1 210.1 210.1 210.1 210.1 210.1 210.2 210.3 210.3 210.3 210.3 210.4 210.4 210.3 210.3 210.3 210.2 210.1 210.1 210.1 210.2 210.8 210.9 211.1 211.1 211.1 211.1 211.2 15.0 17.0 17.0 16.3 16.3 16.8 16.7 16.7 17.3 17.4 17.4 17.0 17.0 17.0 18.0 19.2 20.0 21.0 21.6 22.3 23.2 23.5 23.4 23.2 23.9 24.2 25.0 25.9 26.9 28.0 29.0 30.0 30.9 31.3 32.4 33.3 34.3 35.3 36.3 37.3 38.3 39.3 40.2 41.2 42.2 43.2 44.2 45.3 46.3 47.3 48.3 49.3 50.3 51.3 52.4 53.4 54.4 55.4 56.9 57.9 58.9 59.9 60.7 61.6 62.3 63.4 64.4 65.4 66.4 67.9 68.9 69.9 70.9 71.9 72.9 73.9 74.9 76.0 77.0 78.0 79.1 80.1 81.1 82.1 83.1 84.1 85.2 86.2 87.2 88.3 89.3 90.3 91.3 92.3 93.3 94.3 95.8 96.8 97.8 98.9 99.9 100.9 101.9 102.9 103.9 104.9 105.9 107.0 108.0 109.1 110.1 111.1 112.1 113.1 114.2 115.2 116.2 117.2 118.3 119.3 120.3 121.3 122.3 123.8 124.8 125.8 126.8 127.8 128.8 129.8 130.8 131.8 132.8 133.8 134.8 135.9 136.9 138.0 139.1 140.2 141.2 142.2 143.2 144.1 145.0 146.0 147.0 148.0 148.9 150.0 184.0 1782153046.972779
186.0 187.0 188.0 189.0 190.0 191.0 192.0 192.7 193.3 194.3 195.4 196.3 197.3 198.0 198.3 199.0 199.0 199.1 200.0 200.1 201.0 202.0 203.0 204.1 205.1 205.9 206.1 206.7 206.9 206.5 206.6 207.0 207.0 207.7 207.6 208.0 208.0 208.3 208.6 208.0 208.3 209.0 209.0 209.2 210.0 209.9 209.5 209.0 209.1 209.4 209.5 209.5 209.7 209.9 209.6 209.5 209.5 209.5 209.1 209.2 209.5 209.5 210.0 210.2 210.4 210.5 210.9 210.9 210.9 210.9 210.8 210.4 210.1 210.1 210.1 210.1 210.1 210.1 210.1 210.1 210.1 210.1 210.1 210.1 210.2 210.2 210.2 210.2 210.9 210.9 210.9 210.9 210.9 210.9 210.9 210.9 210.9 210.9 210.9 210.9 210.9 210.9 210.9 210.9 210.9 210.8 210.8 210.8 210.8 210.8 210.8 210.7 210.7 210.8 210.7 210.7 210.7 210.7 210.1 210.1 210.1 210.1 210.1 210.1 210.1 210.1 210.1 210.1 210.2 210.3 210.3 210.3 210.3 210.3 210.3 210.3 210.3 210.3 210.2 210.1 210.1 210.1 210.2 210.8 210.9 211.1 211.1 211.1 211.1 211.2 15.0 17.0 17.0 16.3 16.3 16.8 16.7 16.7 17.3 17.3 17.3 17.0 17.0 17.0 18.0 19.2 20.0 21.0 21.7 22.3 23.2 23.5 23.4 23.3 23.9 24.3 25.0 25.9 26.9 28.0 29.0 30.0 30.9 31.3 32.4 33.4 34.3 35.3 36.3 37.3 38.3 39.3 40.3 41.3 42.3 43.3 44.3 45.3 46.3 47.3 48.3 49.3 50.3 51.3 52.4 53.4 54.4 55.4 56.9 57.9 58.9 59.9 60.7 61.7 62.4 63.4 64.4 65.4 66.4 67.9 68.9 69.9 70.9 71.9 72.9 73.9 74.9 76.0 77.0 78.0 79.1 80.1 81.1 82.1 83.1 84.1 85.3 86.3 87.3 88.4 89.4 90.4 91.4 92.4 93.4 94.4 95.8 96.8 97.8 98.9 99.9 100.9 101.9 102.9 103.9 104.9 105.9 107.0 108.0 109.1 110.1 111.1 112.1 113.1 114.2 115.2 116.2 117.2 118.4 119.4 120.4 121.4 122.4 123.8 124.8 125.8 126.8 127.8 128.8 129.8 130.8 131.8 132.8 133.8 134.9 135.9 136.9 138.0 139.1 140.2 141.2 142.2 143.2 144.1 145.0 146.0 147.0 148.0 148.9 150.0 185.0 1782153046.988399
186.0 187.0 188.0 189.0 190.0 191.0 192.0 192.7 193.4 194.4 195.4 196.4 197.4 198.0 198.4 199.0 199.0 199.0 200.0 200.2 201.1 202.0 203.0 204.1 205.1 205.9 206.2 206.7 206.8 206.5 206.6 207.0 207.0 207.6 207.6 208.0 208.0 208.3 208.5 208.0 208.4 209.0 209.0 209.2 210.0 209.9 209.6 209.1 209.1 209.4 209.5 209.5 209.7 209.9 209.6 209.5 209.5 209.5 209.1 209.2 209.5 209.5 210.0 210.2 210.4 210.4 210.9 210.9 210.9 210.8 210.7 210.4 210.1 210.1 210.2 210.2 210.2 210.2 210.2 210.1 210.1 210.2 210.2 210.2 210.2 210.2 210.3 210.3 210.9 210.9 210.8 210.8 210.8 210.8 210.8 210.9 210.9 210.9 210.8 210.8 210.8 210.8 210.8 210.8 210.8 210.8 210.8 210.8 210.8 210.8 210.7 210.7 210.7 210.7 210.7 210.7 210.7 210.7 210.1 210.2 210.2 210.2 210.2 210.2 210.1 210.2 210.2 210.2 210.3 210.3 210.3 210.3 210.3 210.4 210.4 210.4 210.3 210.3 210.2 210.2 210.1 210.2 210.3 210.8 210.8 211.0 211.0 211.0 211.0 211.1 15.0 17.0 17.0 16.4 16.4 16.8 16.6 16.6 17.2 17.2 17.2 17.0 17.0 17.0 18.0 19.2 20.0 21.0 21.7 22.4 23.2 23.5 23.4 23.3 23.9 24.2 25.0 25.9 27.0 28.0 29.0 30.0 30.9 31.4 32.5 33.4 34.4 35.4 36.4 37.4 38.4 39.4 40.3 41.3 42.3 43.3 44.3 45.4 46.4 47.4 48.4 49.4 50.4 51.4 52.5 53.5 54.5 55.5 56.9 57.9 58.9 59.9 60.7 61.7 62.4 63.5 64.5 65.5 66.5 67.9 68.9 69.9 70.9 71.9 72.9 73.9 74.9 76.0 77.0 78.0 79.1 80.1 81.1 82.1 83.1 84.1 85.3 86.3 87.3 88.4 89.4 90.4 91.4 92.4 93.4 94.4 95.8 96.8 97.8 98.9 99.9 100.9 101.9 102.9 103.9 104.9 105.9 107.0 108.0 109.1 110.1 111.1 112.1 113.1 114.2 115.2 116.2 117.2 118.4 119.4 120.4 121.4 122.4 123.8 124.8 125.8 126.8 127.8 128.8 129.8 130.8 131.8 132.8 133.8 134.9 135.9 136.9 138.0 139.1 140.2 141.2 142.1 143.1 144.1 145.0 146.0 147.0 148.0 148.9 150.0 186.0 1782153047.003940
186.0 187.0 188.0 189.0 190.0 191.0 192.0 192.7 193.4 194.4 195.4 196.4 197.4 198.0 198.4 199.0 199.0 199.0 200.0 200.2 201.1 202.0 203.0 204.1 205.1 206.0 206.2 206.8 206.8 206.5 206.7 207.0 207.0 207.6 207.6 208.0 208.0 208.2 208.6 208.0 208.4 209.0 209.0 209.2 210.0 209.9 209.5 209.1 209.1 209.4 209.5 209.5 209.7 209.9 209.6 209.5 209.5 209.5 209.1 209.2 209.5 209.5 210.0 210.2 210.4 210.5 210.9 210.9 210.9 210.8 210.7 210.4 210.1 210.1 210.2 210.2 210.2 210.2 210.2 210.1 210.1 210.2 210.2 210.2 210.3 210.3 210.3 210.3 210.9 210.9 210.8 210.8 210.8 210.8 210.8 210.9 210.9 210.9 210.8 210.8 210.8 210.8 210.8 210.8 210.8 210.7 210.7 210.7 210.7 210.7 210.7 210.7 210.7 210.7 210.7 210.7 210.6 210.7 210.1 210.2 210.2 210.2 210.2 210.2 210.2 210.2 210.2 210.2 210.3 210.4 210.3 210.3 210.3 210.4 210.4 210.4 210.3 210.3 210.3 210.2 210.2 210.2 210.3 210.7 210.8 211.0 211.0 211.0 211.0 211.2 15.0 17.0 17.0 16.4 16.4 16.8 16.6 16.6 17.2 17.3 17.3 17.0 17.0 17.0 18.0 19.2 20.0 21.0 21.7 22.4 23.2 23.5 23.4 23.2 23.9 24.2 25.0 25.9 27.0 28.0 29.0 30.0 30.9 31.4 32.5 33.4 34.4 35.4 36.4 37.4 38.4 39.4 40.3 41.3 42.3 43.3 44.3 45.3 46.4 47.4 48.4 49.4 50.4 51.4 52.5 53.5 54.5 55.5 56.9 57.9 58.9 59.9 60.7 61.6 62.4 63.5 64.5 65.5 66.5 67.9 68.9 69.9 70.9 71.9 72.9 73.9 74.9 76.0 77.0 78.0 79.1 80.1 81.1 82.1 83.1 84.1 85.3 86.3 87.3 88.4 89.4 90.4 91.4 92.4 93.4 94.4 95.9 96.9 97.9 98.9 99.9 100.9 101.9 102.9 103.9 104.9 105.9 107.0 108.0 109.1 110.1 111.1 112.1 113.1 114.2 115.2 116.2 117.2 118.4 119.4 120.4 121.4 122.4 123.9 124.9 125.9 126.9 127.9 128.9 129.9 130.9 131.9 132.9 133.9 134.9 135.9 136.9 138.0 139.1 140.2 141.2 142.2 143.2 144.1 145.1 146.1 147.0 148.0 148.9 150.0 187.0 1782153047.014196
186.0 187.0 188.0 189.0 190.0 191.0 192.0 192.7 193.3 194.3 195.4 196.3 197.3 198.0 198.3 199.0 199.0 199.0 200.0 200.2 201.1 202.0 203.0 204.1 205.1 206.0 206.2 206.8 206.8 206.5 206.7 207.0 207.0 207.7 207.6 208.0 208.0 208.2 208.6 208.0 208.3 209.0 209.0 209.2 210.0 209.9 209.5 209.1 209.1 209.4 209.5 209.5 209.7 209.9 209.6 209.5 209.5 209.5 209.1 209.2 209.5 209.5 210.0 210.1 210.5 210.5 210.9 210.9 210.9 210.8 210.7 210.3 210.1 210.1 210.2 210.2 210.2 210.1 210.1 210.1 210.1 210.2 210.2 210.3 210.3 210.3 210.3 210.3 210.9 210.9 210.8 210.9 210.9 210.9 210.9 210.9 210.9 210.9 210.8 210.8 210.8 210.7 210.7 210.7 210.7 210.7 210.7 210.7 210.7 210.7 210.7 210.6 210.6 210.7 210.7 210.7 210.7 210.7 210.2 210.3 210.3 210.3 210.3 210.3 210.2 210.2 210.2 210.2 210.3 210.3 210.3 210.3 210.3 210.4 210.4 210.4 210.3 210.3 210.3 210.3 210.2 210.2 210.3 210.7 210.7 211.0 211.0 211.0 211.0 211.2 15.0 17.0 17.0 16.3 16.3 16.8 16.7 16.7 17.3 17.3 17.3 17.0 17.0 17.0 18.0 19.2 20.0 21.0 21.7 22.3 23.2 23.5 23.4 23.2 23.8 24.2 25.0 25.9 27.0 28.0 29.0 30.0 30.9 31.3 32.5 33.4 34.3 35.3 36.3 37.3 38.3 39.3 40.3 41.3 42.3 43.3 44.3 45.3 46.3 47.3 48.3 49.3 50.3 51.3 52.5 53.5 54.5 55.5 56.9 57.9 58.9 59.9 60.7 61.6 62.4 63.5 64.5 65.5 66.5 67.9 68.9 69.9 70.9 71.9 72.9 73.9 74.9 76.0 77.0 78.0 79.1 80.1 81.1 82.1 83.1 84.1 85.3 86.3 87.3 88.5 89.5 90.5 91.5 92.5 93.5 94.5 95.9 96.9 97.9 98.9 99.9 100.9 101.9 102.9 103.9 104.9 105.9 107.0 108.0 109.1 110.1 111.1 112.1 113.1 114.2 115.2 116.2 117.2 118.5 119.5 120.5 121.5 122.5 123.9 124.9 125.9 126.9 127.9 128.9 129.9 130.9 131.9 132.9 133.9 134.9 135.9 136.9 138.0 139.1 140.2 141.2 142.2 143.2 144.2 145.1 146.1 147.1 148.1 148.9 150.0 188.0 1782153047.029520
